cookie_id,score
ck_315fb710a0e371e7,0.001820398081982338
ck_a76ee3b3e3e522fd,0.126142444912047
ck_94c9a4d382689e82,0.042385723587271634
ck_8eaf9509ad9462a0,0.001962122478696531
ck_9a88a5a989cb5bc6,0.010367787396041094
ck_15239ef0689c1a35,0.01262269887712293
ck_8de69cd219d3b87f,0.19104675888715866
ck_f92cd37022b0ce21,0.022951815586782366
ck_1a3ff7620580a514,0.004567877777662811
ck_397c03aa33a57310,0.2545302975606513
ck_a7cf6c3b322f6b7a,0.008862671259869129
ck_c39a9e75760e3201,0.0038634647955307693
ck_88ab6d245228c38e,0.001112556933627988
ck_17733f75ebdea93e,0.003548304024451586
ck_58eb871e8d7bed52,0.02048958840870605
ck_e55b7fa67db1ec27,0.0026257065920967165
ck_62f5cfe22c952694,0.004029265788128127
ck_7fbb709a0fe95759,0.005212582242901686
ck_87abe9cd066a20fb,0.019728549670763186
ck_d58e058b5c553dd5,0.011141584321942833
ck_d27b872648b71202,0.010134783235052607
ck_4b4a3c5b95c55b43,0.0018304007041210696
ck_66dd4f4b4127256d,0.0018658738616530472
ck_93cc12703b500613,0.0454097254406134
ck_d28806a2179092eb,0.9662235812693867
ck_0595c2a0c7881e05,0.015910089210148574
ck_50087d8666191144,0.38856583211519724
ck_b08b3f089138c901,0.010959543901039343
ck_fe3b67041dad2dd1,0.002299925914865026
ck_8449a28f7d475d93,0.025095186563487304
ck_8642e3b6d84f49d3,0.02454464431756824
ck_e49b5e4f2f2e79db,0.6659244982423842
ck_437afe412ea4259c,0.09249986791319663
ck_569b83668d74042d,0.9413829211690172
ck_233a487d31c3e631,0.9765572465820389
ck_1fca72e03143a645,0.9024941174109661
ck_79205e31223df2ad,0.05806872315233612
ck_9625a64406ea16e3,0.003614529416243483
ck_079bd18dacb704a8,0.14177925380792705
ck_4db6d4fd2b49aa81,0.024276741031791692
ck_0dbefdac0a1868fb,0.0017800067569963014
ck_24ff97ad90bdd69a,0.08824847338120592
ck_77f8c5042065d506,0.0054753466504629325
ck_f11be8ce05382cec,0.0053820330288259334
ck_c9d72140b0389216,0.02838858290822462
ck_69eda24e931fb36a,0.002878629621157655
ck_ed471e496916ee15,0.002271193196988789
ck_ff090498c4b17ac3,0.004635160641831115
ck_c3c19d6a0720915c,0.0014830340731323485
ck_af02e1817cfa40b5,0.02045791397641327
ck_2df5a9fc87553eb1,0.007219936921858646
ck_4ac918e884cff336,0.041492091397998414
ck_ca149244b54ef3ad,0.001195032633500131
ck_6babe5b8674ff51f,0.01462989002864937
ck_1573878386886290,0.0050904910527800615
ck_3925f8565abb7fe4,0.004445420181689682
ck_c4de808ae69c771f,0.0018740480317948937
ck_a777c813551281fe,0.005708956700595126
ck_df4424f6dd85080d,0.0630938409021656
ck_85e5494ec20383ae,0.014962935530912283
ck_f71a4094e889c3af,0.005490263453847325
ck_f2f3cf9cd23b2809,0.014380501758444544
ck_18e2076397bcc211,0.07288638918671195
ck_c9f9fddef39bc664,0.020341353442498402
ck_7e826e233d6ea028,0.0059053848816843935
ck_62fd7eb46bee9210,0.017569114213336123
ck_206f8e3cd72768f3,0.020850761463849406
ck_aa295a11b0a6ab36,0.008718097305866679
ck_9a56739d81f84a53,0.0037189282259994256
ck_aa075c418ed9fe5a,0.006334514064637503
ck_62b9fb3db284941b,0.007379430450641851
ck_f4f83b1403ebea46,0.024931090083100328
ck_16b66bd803288bc3,0.42371911536350193
ck_c4ca1434f3778f1d,0.9857247440702952
ck_1b823610371a29c0,0.005705651220183849
ck_c2bd5a722aa637d9,0.0064529226623995795
ck_7890208951df34f0,0.018449388589379043
ck_020eb0e454524ecd,0.0028022812043217212
ck_3b66196ccf436c35,0.011032472787994019
ck_109fc467ec0a4af5,0.07363703010727043
ck_f3dcd818db92de7b,0.01820581051573094
ck_31e7742f160980ef,0.010743412733509556
ck_77fce5f86f00b8f4,0.22037605948400663
ck_46bc797b4d07d607,0.0027912127210270423
ck_37899b1b571b1c6b,0.016770449568833782
ck_ef8a6af43fedd464,0.005247502347949023
ck_bcc8519fe8521038,0.040333651613718616
ck_90696b7182dd9129,0.006207539563535879
ck_4a24ad61d017e1ba,0.029099058855033694
ck_0acc3d8c67218b9d,0.00315701936810936
ck_05c97fc9de11aba6,0.18623779452790562
ck_f8ac3a0500c0ec62,0.008104140741681731
ck_617b65141f546a1c,0.004811361096660673
ck_9d00823bf60388d7,0.03281101826189463
ck_123c15d93f1840f2,0.06161724319457561
ck_573feefba6bf78bb,0.09638057782635502
ck_b25657bd16739036,0.007485592818983917
ck_bd26d2bef14a8597,0.013106322606588389
ck_a553418f2fba1440,0.011769521478143344
ck_89f3e380b0686963,0.0082453399827026
ck_b359192aa659bdce,0.10148123757459959
ck_02241f3dc301bebf,0.010093227991812491
ck_5ccc1a1c78cb33ee,0.02229329104707553
ck_349cc5edda1b8853,0.02631820602940644
ck_e9f228845bf6e28b,0.1183398738836541
ck_0a45d033d4e280ea,0.019831013637471966
ck_7e63168dda612235,0.003707709209424194
ck_676fa5f6aae5475b,0.00273430760233617
ck_74b502b20690ccfe,0.009876934665983841
ck_073509af21dd7f5f,0.39585686217889987
ck_498a0acd450944d8,0.001520321933275536
ck_7f15b50b29dead01,0.005246700479021874
ck_8089fe7403c5f537,0.010616353302585108
ck_05b2b04e11d9ae9c,0.01790288756569354
ck_31e70f2f04b48b88,0.002503321138834702
ck_994316fa5a02b319,0.003445875331303183
ck_b76510998b9a2260,0.02463994430057511
ck_4db95c310e105d30,0.0034207741084054766
ck_6f730b77dc6cdb84,0.0033323352195465403
ck_2493ee8e7b91d304,0.025632699914394565
ck_92d679d6ac7dcdcb,0.13001804689731639
ck_3a0e0200cbb185cb,0.012287447834611477
ck_0b2eeb4e00ff7955,0.07493718226713587
ck_9843d0e61c37ebe8,0.9852977743125915
ck_e61c8721e3ef1921,0.005007460254804342
ck_2e0eedaaf2980c2c,0.00545351513364784
ck_9036b2e5e9298a34,0.0025285100556709152
ck_3265442528d51728,0.025603881681234137
ck_f2ddae2eb1cb29b4,0.004533514144715705
ck_6cfa71d27fc27f92,0.007988822523358464
ck_f3199fbe84a28b9a,0.048879113246592505
ck_b78d785ca3ef773a,0.006453546082350789
ck_374865697f1480eb,0.02486898031292065
ck_06d0e4a9189302a9,0.02818973891242422
ck_9c9884b9bcaa552e,0.15068468183018913
ck_fd4cf578e87703ff,0.017835745823056227
ck_1917ef3e6e345549,0.09050134950537364
ck_e70418b00cbbbac9,0.06535202096267129
ck_a60388296a47062c,0.016548780223366442
ck_d598fe8d2c779ab9,0.008041610362044654
ck_646dc03de4c31803,0.7829872649247684
ck_e4fd8cbd842b6993,0.0022321282263384297
ck_2225b555aa2a42ed,0.031222878445030113
ck_6be8ae9d78148882,0.01350660276043697
ck_4199342d3aca74e8,0.043100929895237394
ck_779581adb573261f,0.004928403953394159
ck_bb303568b6915205,0.12023270066257637
ck_17c4296276448afe,0.004591786352980174
ck_a60a61ac829252a0,0.005716353669338992
ck_6ea70950c1cae00b,0.8739508397071849
ck_1abb93f6924645e1,0.032038530683290274
ck_faab769cce19879a,0.02577210528207642
ck_d5b8e74e7ca6355a,0.020904850714405933
ck_f11f7691af16ad07,0.0022264542867757387
ck_188fdf2be7c92e9d,0.9871955844805015
ck_4a103f8254b366f7,0.00603678145968122
ck_bfa17a0b1760e616,0.001894051709460456
ck_a4d7f6a5869d440a,0.8873646269184314
ck_58e20f5a3e7f11b8,0.7384589738745302
ck_4becdd3d2696c7ba,0.0071247776347128765
ck_dad5cf32ab9f243f,0.0038945445657723116
ck_7d9f73dc7c4f90c3,0.0485286414871187
ck_c19371047a2d011d,0.0023727408731909643
ck_247589ff532f7aa8,0.005703937943007291
ck_7a9f241d5f082567,0.0026745021718124094
ck_0a2b7078736b4dda,0.005147981191370728
ck_687b412e2aac7eb6,0.017144701822622944
ck_fce0b6855886a0b8,0.009897995879524061
ck_e291cc60920456d0,0.27877075732710654
ck_04219a7ea798db51,0.02371340512974332
ck_286bfd719836e9f3,0.1531120827346589
ck_55efc92394fee232,0.011943229595201447
ck_e36c8da1bd359960,0.0366220194353993
ck_34b0988a97d96902,0.005216628869271775
ck_e0fb11fc9dcb34e6,0.010233714850234622
ck_bcc9cbc9ed8b7c31,0.0052741936055685605
ck_3df8da6f60a89a5b,0.02816046284845601
ck_b1495ee5c59a6b28,0.011808620244709599
ck_58f4c3ac61fda129,0.08935980464751042
ck_735f244b99e3aa8d,0.008752469214758658
ck_6b93bd8abf87b1d6,0.8639408175164706
ck_12107dacc6d05bd1,0.0016321373751886355
ck_f96db2a1f3448d1f,0.03020449301463044
ck_8fd91a3c99e19097,0.011662153550420256
ck_910205d25388a0ae,0.0018139991441434582
ck_d229dfa0e4442628,0.0015804026675183525
ck_7cdec61e1c488798,0.045187382444291484
ck_f66f06e24ff32671,0.034421539659125804
ck_350bf14e90b503f5,0.01812107423974925
ck_61fff5fdaadd394b,0.005871392872234543
ck_e934f984bad2ff91,0.5181796918630316
ck_ff6a6d3547dd2d37,0.01300443204239771
ck_65ad9b15979e3247,0.014562058583694056
ck_bbe1a2ea5a403ad8,0.7037966189510667
ck_6f3a28eecd2c4031,0.011593707609299609
ck_a89b66665714058f,0.005728748257815901
ck_918c92182b6817cd,0.0169040363106189
ck_64f5eb4be9e7b8fa,0.5260035152154455
ck_d021fd497ea35fb2,0.006593665892274813
ck_004de16f7d8a42ae,0.02410443043871724
ck_a33d2325f86ab12d,0.0050173192622893666
ck_89790ff26c844bc6,0.014506994135412395
ck_e6e7257377c37b28,0.05563105400563742
ck_a2cc3910a641a808,0.653957043642762
ck_646e270e0195bf05,0.007308261110009829
ck_baba5d66def0d770,0.10126037053920665
ck_67cdcdda3033842d,0.012092617913695779
ck_b5c3075c811a2216,0.02881584933819111
ck_515379973a8044b8,0.0038678769465662656
ck_c0ce85fb4109567d,0.03659612884839114
ck_fef850553862aaca,0.0027449769897503326
ck_55d7217b0aff9fa2,0.003093074468045527
ck_8e139f8925ef7968,0.008490579839931192
ck_9e35b908fca1e4d7,0.0024120198013978054
ck_59735f4ab2ad3da5,0.01954511369921194
ck_dc569c1167ccec0d,0.7972579947492777
ck_1dade5592f90a15c,0.02051928416496833
ck_793048d11fb8b328,0.265989429481056
ck_545b71eb4fa594b5,0.00485124507115966
ck_bd30853e9a57b544,0.01622778522185351
ck_59f46321ecf6d306,0.0077797223576400055
ck_260cfe9141d249f1,0.09147203678390267
ck_3365a0ad1a8aa83c,0.004460056840172153
ck_b0ef193195a2138b,0.01299228326704901
ck_0f909705e2e60f2f,0.0027101539478935777
ck_5a540b75c866166a,0.03146884905174063
ck_87c26b2f41025109,0.9493700565247953
ck_27acc9f320cda104,0.08957702736791001
ck_a27bc31eecd9cb9a,0.009951125066040418
ck_115d86fabde77b65,0.0033385766658782672
ck_eeca179341d56f8a,0.7947101900648331
ck_8e5999c436cf037e,0.001747026989664292
ck_510e7c5df1f95d90,0.9831580088880741
ck_f1acf73363925958,0.010502797719347768
ck_3c177f5970b68bd3,0.01840220043672387
ck_9cdfaa1c30cc9d32,0.002116483123251073
ck_c8efa1538b37c359,0.005634923482969765
ck_a8a2e296f9804bd7,0.021958486921592274
ck_91a0ca45f429568d,0.006079446850023188
ck_5fdf8a0bdbd3ed62,0.014569918747787979
ck_0f4e2ec66d50da5f,0.006770954075350168
ck_28c53b214b2ee882,0.3616496080401381
ck_003148504557f720,0.08524789836948293
ck_01d840cffb870615,0.29132563821212276
ck_555848d51f4b5f35,0.015587814963766693
ck_df20cc23b8fb8e22,0.008739678599986433
ck_f9604adde929beff,0.003216034097983058
ck_d66952b03591bdec,0.0038918061189999777
ck_ddcac1ab765ff61a,0.007496410957815547
ck_347386629d96c664,0.012099894382436792
ck_ab01db9117acfe3d,0.004450551081230269
ck_58e5359efc52e0ad,0.0040701725084354105
ck_1a524b5cc8da71b3,0.031005688634238363
ck_e9287b6d909d731f,0.008595141119882497
ck_bb41a66e3d90263b,0.1632294144441689
ck_e95c8cc1864bd584,0.0023669141257291735
ck_7a3f2961e9a8b6dc,0.0035857305244987496
ck_378a9df82b1e0bee,0.27781821463920475
ck_42633573639a3f02,0.9608579711865421
ck_2a5a4c18c2c7274b,0.0073839388617138076
ck_77549c1a41f837c3,0.010993311777297232
ck_a26704b5b26258b7,0.008018945422666467
ck_9874ad160efddf50,0.0057793045612683815
ck_9111e3a04b14dfba,0.01644773927751892
ck_651e076ee43aea85,0.003116801160144894
ck_391639c0f13932f3,0.0024070130964735344
ck_02dbabda93c8c13d,0.03397171761551658
ck_0adcb1fffcb0a34b,0.017247349449411607
ck_7a43ef9c7b1c67b5,0.008179671219944335
ck_4b9dd69946438d0b,0.006649716613218865
ck_90bf017cdd37b66e,0.05784448587997912
ck_61c74163eb36556e,0.011698850647154018
ck_13376c59b5bd6943,0.003684677416638414
ck_62337eccb1672737,0.01825020751898892
ck_16077934338472bf,0.00213450164429793
ck_0d4dfd93086e7330,0.005755635537507435
ck_3865b7525b910893,0.015615315323925318
ck_7e2ae8b69ebd5675,0.012324665739261241
ck_b4384b6c11766ce7,0.004465119655356677
ck_3d7fa32dfb9fc692,0.03337754384136998
ck_f4a6a7cadd6e0603,0.12182433034131718
ck_212525e2828a6c45,0.004294660256238589
ck_33ad8d53394ba77a,0.5287659824146264
ck_a5051eafe8b51224,0.008535230502778525
ck_f65e5ff7da565f91,0.004752171314221993
ck_5c37f7563fa7591d,0.009682461253369586
ck_f1e0a006068aff29,0.012460849519770804
ck_c646cdead6fb79d0,0.0033928603516768835
ck_f8b3cdffef535330,0.03239495363618629
ck_e5cdbe3aa12c97f6,0.007489147969452134
ck_986e4e61440506d0,0.048272773225754864
ck_6da9c5912e15d9a8,0.006326768284474798
ck_51d842e6dae74c71,0.012117615117699838
ck_5fc65c24e0736d5d,0.9344461421657368
ck_babb95a76c69509d,0.017389673112100146
ck_86a2d852a9715432,0.028564990564702342
ck_db4083a0d043def8,0.03600868068793023
ck_96953b8945b7d403,0.01529564390505262
ck_7831ca5c31fb3859,0.1252684676710264
ck_60ac5e5f375daa38,0.024999448564485428
ck_05d44eb1f5f085ce,0.023710870214446768
ck_432cc19c7eeaa46e,0.016580335818980302
ck_7fc513033af061af,0.09283842273302848
ck_ada6ede84c111719,0.011105142288128346
ck_6343e0d3b1c2962b,0.04300823755105075
ck_010264ae04f2e902,0.13019377085585004
ck_e9dcf535f8c289eb,0.11567826093409206
ck_37143d9cc296e6fa,0.012635025061458326
ck_61fa051192f3e810,0.011269919923582596
ck_f9f93d1d41be1468,0.8014726371288414
ck_c4f4f28457be8a74,0.003071783019323173
ck_323a71f9452d21cb,0.5259442940231935
ck_170f4688e0acd875,0.07301621010259637
ck_869b1878d09d230d,0.21832434581024357
ck_2f6b33bf46976229,0.0024390414909406955
ck_b11e22e75d9b99de,0.0017356525031906826
ck_123d75ffb75b606d,0.0046509576890313275
ck_94295287a04c85d2,0.16569996408110582
ck_1b0434f096795328,0.0024801711241442476
ck_0a4e191cd0a57ce1,0.002991413034481088
ck_d2fbd0df99634676,0.015428389964245198
ck_d51df5e9fbbbcc94,0.016314527798390096
ck_2d3d7d64a6f443f8,0.006069032519231875
ck_731943c682c9394e,0.01081591997155967
ck_5ccc0c94e5e1f849,0.01269526279985423
ck_c3476080516db25d,0.014718914164209305
ck_5010ffb1c94187b5,0.0024358388903695676
ck_7ef666d67bc70223,0.02255469443104655
ck_c1b493527224a27a,0.004220322924139304
ck_5d1e25d7acc5af9a,0.0135381526588612
ck_ec30b61cbf517db8,0.0017445544201139971
ck_79323eb5d2e5efae,0.005317903576298357
ck_4085cd3bf2661518,0.006509695286991288
ck_2ca91214c357c072,0.1947682899347981
ck_7f3132d6be389657,0.10548040090273997
ck_e7a6b925c8f39a85,0.013102851611612756
ck_c886adec7bac250a,0.011901037196636287
ck_c3f360c2d0ea0a37,0.010353819569148054
ck_a7acd5b015823793,0.01453351317157934
ck_9d64187c0800f84e,0.013540082452558631
ck_5d4ed73b9efd7d11,0.006917102259881937
ck_874eca6776b34dec,0.0028082814768762717
ck_96a9221a87be93c3,0.06629356693972147
ck_68dd79a51eabf5e6,0.0531300806691703
ck_8311cb6755b2016c,0.002717915853556108
ck_16fc77b2bcf5ec03,0.9093551710963923
ck_ad9e2088a33c8c72,0.0018276377277428018
ck_7176bbc97b1e42a1,0.0023270604525298085
ck_80dfa54b30f65fff,0.7748426664490649
ck_31c54d540b128843,0.002898943057448062
ck_43ea894480567274,0.008422923073444317
ck_9c9e8a38bd5a6c88,0.029049621390047624
ck_1c2dcae19539e148,0.06889944373111448
ck_b0fa8b84e94d8ae0,0.01646692626818819
ck_4ceb43ccd0a81c2f,0.008863009441293115
ck_ba845332b730b596,0.00440961772722695
ck_73d3e8c6077f61e6,0.14437142906205483
ck_b5d0d223ef56473f,0.011834834566452502
ck_949f08f8e80e93ea,0.0042182204742181395
ck_73de0b49709e5f8c,0.0036177617888525715
ck_b5935e9722a39819,0.02820393995278995
ck_96247fee0eb44420,0.00290010278084329
ck_a6def1e4b2d57e0d,0.024717026517080413
ck_aecdc5a96321a2d8,0.011614670797423527
ck_bc61c59970f8de49,0.03821983414630707
ck_c43b4175fc9ac5bd,0.7468803111648247
ck_8ff7a9b23a55fd62,0.00919806681711861
ck_20c99b645f462449,0.005285467239071243
ck_a5ce2ae36fb410d9,0.0015357487017054379
ck_96fb9bf556842bbc,0.01263950365623292
ck_b5e4c6dbbed1b773,0.022696430099397858
ck_2085433978e72ea9,0.07112792042935788
ck_2c6b174b063ec637,0.013811584327544611
ck_b20b81b88dabe28d,0.0023292955029968164
ck_243c18dbf150831c,0.0027635708089735556
ck_2bb6a17e8eee35cc,0.04527967194106747
ck_66147fb994495396,0.10246687496347126
ck_73f124f075ede0fc,0.01629971048395667
ck_2e315f1b1e533dab,0.0034270184133396797
ck_16c7bf94ed3e7a6f,0.0028189739850682403
ck_4a0eae220a762ac5,0.026643133415896445
ck_dc16f939c2f44ad8,0.054296935221373493
ck_817926b449754917,0.013844233715078804
ck_0c0dde42ab64ef87,0.011923845697219417
ck_cb3a40594da6a2ee,0.033582341405160934
ck_d0dc156441fcfdcb,0.023402691070122467
ck_66f0945add423e9e,0.02304564068936209
ck_a74f6a3030f5d495,0.03849898851491125
ck_1ae460f331e49ae2,0.015319721715748223
ck_2d177b2f4f0b40c9,0.14830383020338483
ck_92e474e4368c4791,0.00937339791376256
ck_3dee83fa2d109484,0.0024808026212195513
ck_80e5ea27848069fe,0.0057884179236190195
ck_ed0c4a83701ca230,0.016608004935462516
ck_0b8b7c5c581fd161,0.0015227234941123922
ck_60bf8a2870956fb1,0.012063755453302114
ck_73a54b56a2bf35fe,0.8247235431998352
ck_2296d7a563424883,0.006759061825445164
ck_bc19c383560c7477,0.01575465430773805
ck_861d8e3d88f1079e,0.06388216750852392
ck_3f090fc96c24eb28,0.003996583539383322
ck_9a6a1f8102febfca,0.08178983535481599
ck_541b6ad5d2fa5a39,0.01359060682861175
ck_a760d38d1bc4de97,0.006647429254204652
ck_7dca4d7ee10b4eeb,0.0027139374860527385
ck_15220e78d1545e40,0.019966652876323314
ck_ca24bb0de508efb0,0.003183362100297746
ck_56b389627d8f02c5,0.8170860857072196
ck_48a6754977a44db0,0.004703116893555572
ck_333a43ec339a04cb,0.03950296284365314
ck_f22aacaf86a65d7e,0.06118912533109934
ck_04bd8a1ffaf3ffd8,0.002870940027802163
ck_2737a72de6b700f3,0.05989189194425827
ck_c35e03b0dd0c3454,0.014246580732312254
ck_e0571312f395cd94,0.008916494818012136
ck_09fab6b9825001b2,0.0025959836866670423
ck_18c3a095606209e8,0.017829353563080862
ck_2a97db9377d01e36,0.005897478715805701
ck_f29dbbfdd2786bd1,0.010012021522592408
ck_35d6c510ad29362e,0.2815544062090315
ck_5468fa99c945d785,0.02197900935614952
ck_6f8102f62c876cc9,0.034654064760376385
ck_91955aab3424ad16,0.004527443354125553
ck_9a43c0c73a39d759,0.026541225731081516
ck_60b023af6d1e30bf,0.7126836325723551
ck_9704c5cf8659cedc,0.015140483626749914
ck_7e5f02b51b9f78bf,0.08508997575532712
ck_7d3a88d1aa649708,0.8209411219402547
ck_8250eddc1ecb07a0,0.07751096267575015
ck_d979ef95ee44023d,0.013553591882866122
ck_5e5461dac83531ac,0.026072667617503285
ck_d1bb8890081e0a31,0.03263254589591914
ck_32246c62640648d9,0.006661979743709721
ck_77a40c7d2f862a32,0.013639760580843818
ck_1c8b94efe9238f5b,0.005595039313243303
ck_eaf3b6d11bc3cb11,0.005539953434451338
ck_a4a7ef3ad799c380,0.009050885361592449
ck_d5bd8f68da073cd8,0.002266362971690897
ck_6e6258227fc8db7f,0.003581393422371781
ck_c35d444e05799db6,0.01562855481632982
ck_74665e1209140ae8,0.01056072434227064
ck_353a272478f7e903,0.00377181597725299
ck_a2c9796ea229a4e2,0.0027736240684399244
ck_e0171f91cb3411fe,0.016193081675783018
ck_703499f5410280f7,0.002551402446647797
ck_ae3a763997f8f385,0.0278150108077722
ck_f7ff94c3df5ac874,0.012139736419150815
ck_f3c16d8f747db046,0.06615440036169448
ck_7ef019ed77276496,0.002701144458114155
ck_d6a4faadab58a3de,0.004750363582163257
ck_ba7b78d31d74c794,0.017554552602429815
ck_36287d063350ce9d,0.0038806943732821145
ck_5177fc7137ff26ce,0.003262576352299316
ck_dfd4e79aaa967b63,0.013314501705025123
ck_fb44d15fb93a7157,0.01538703733677235
ck_fca478361870a4ca,0.009674428194584596
ck_e57b94fe57341058,0.024315215887771212
ck_5448c946cc4758fe,0.008304364394027017
ck_c5ece5ffb8800ad4,0.008118429778480343
ck_11cb98211b2ed134,0.9232791274813035
ck_f655399ac75c4450,0.01394935757961244
ck_c817259019588d30,0.009159706809748062
ck_8740a14d8096c6e1,0.02950582400367717
ck_0c5ba86f4e05b38d,0.010823895517501157
ck_ccc917533d4b73d4,0.017398456916923787
ck_9eb80edfa43203de,0.009121265432103292
ck_d1a1cf4cf61d6801,0.02393162760915281
ck_b17c239f160e6017,0.009132804168766969
ck_410c3e13b48e0415,0.0038792504261854744
ck_ab553954435e8854,0.8735415706827372
ck_bdbb4230c91e1604,0.020139223852811892
ck_8fd4937eadd64fb6,0.003294558734263426
ck_e0e90b196bef3c11,0.00167393005488146
ck_3dc4d464386f0eb2,0.12426603590569157
ck_51bbbf8f8e8ad005,0.9885788777215971
ck_c05737ab74cf03c6,0.08785406211542962
ck_dceabbe04d99afc2,0.004062052341295451
ck_5b86fd14e85bc9c7,0.6350888728680633
ck_d4febf0083800424,0.023901996020384408
ck_77d9f86dcf251739,0.007572674670966927
ck_b4dcebc543deaafb,0.03437689826161507
ck_cb856e75c949b0cc,0.0019774495873572983
ck_61b067de8ffc1ca1,0.02352415677289657
ck_c0e8560ccfd9dd9d,0.006649289433966232
ck_173e1198c341087b,0.003234857031190601
ck_b4d55bc809000276,0.022377793053787693
ck_839bf139296b5cea,0.012601148722880488
ck_78cd402a2a4f2e35,0.0020681446994756467
ck_c2925c50ebacbdba,0.007815440630116396
ck_5e3bc76eddbdb0a6,0.0024250488369604688
ck_b7793edca26fc512,0.00661596031154436
ck_d79bdf04d6f31cd5,0.007841577370138587
ck_4b97d19ed946f503,0.022708258890771476
ck_37139b41c5370523,0.06018867809531023
ck_8c346eeefa9ce692,0.009954162889141405
ck_2ab7eddee2d8c49e,0.013131718672947537
ck_29da59ea3bffb9d8,0.05891740368016966
ck_c1d05ef0ec6e4be7,0.005635898313854508
ck_3882423b449f6291,0.9060768144657032
ck_5647030283171ed5,0.5126526588173095
ck_efbdcd9c181e72ca,0.010744985072800965
ck_192fdad892782daf,0.10395424123076082
ck_0bf2e13b9f2601ac,0.05263284215869221
ck_3d6046a533057795,0.008733936673281038
ck_279a1d3a3836e5cc,0.012042970812372145
ck_c375e929becde422,0.009975791179878641
ck_a59e90219939a1f0,0.005381825109116783
ck_4e9fba1ec54c3ff8,0.029290698307393972
ck_bcbd8588a13f5eef,0.0024491632916640547
ck_5f9a7ff990341bdd,0.0029700922347173776
ck_e0403d507519b7d2,0.014075745650013833
ck_c9490cb61aff5112,0.02134414424267947
ck_41dd44308e6a665a,0.21991381234072283
ck_76c23726cd7ca947,0.00818894706697495
ck_9be551300209fa83,0.05038705740172334
ck_a98848eec6c9581e,0.06115293088363765
ck_61176dafb33b2d8a,0.9032958304764056
ck_92de019e05971ce3,0.005861193312405914
ck_5d644224135d7c65,0.011183716741635052
ck_c767fc454fa215d0,0.003683489978763142
ck_5df85a8924e11f27,0.04721427617571189
ck_da2729307af06ed5,0.047998810995356175
ck_7c6b577174af7a78,0.008960869537289164
ck_893b8afbe11301e1,0.008339913297728822
ck_e06f6fed020ae014,0.006922704587135704
ck_386680372fb54857,0.0037269238366081274
ck_7a7f3c4fe0c9d2ca,0.003935246038301676
ck_f908b527c4db422d,0.026723767513312735
ck_ec2eee6a133e9a6f,0.06342260040455326
ck_d98934f9fe0b02b3,0.0019652008361522822
ck_398a1ed77b0130e5,0.008997050240400626
ck_d960af7a55b892b1,0.0068776293342778004
ck_4637e54a9f79e2e7,0.0034791541497495274
ck_02b9f418524f6650,0.009884657379507255
ck_d4b23804cebb045d,0.01525353708339563
ck_35b1939c48182a9a,0.022970192889453026
ck_2dcbb71e39d64305,0.019264591770426113
ck_47a884dec960ff2d,0.004817588740242851
ck_71fd8c346fde5cca,0.12413446569784173
ck_98e1992ac8e7d2de,0.041267875570083934
ck_ae7780327e210522,0.011503221603343182
ck_e6c584b4b1ad6d9d,0.009384660069503668
ck_344b2e326a6c3dcc,0.002698638727934603
ck_9aa899a5230b0963,0.01872722513637972
ck_e48d14d5b70ef5aa,0.025297713396986332
ck_59d380a0973b3951,0.011201252492365976
ck_11318f7c041a5ba9,0.007429967806967261
ck_7061786fe2f22f5a,0.018709491367060987
ck_e77529651c416cf7,0.01835425576280257
ck_7f79878197340435,0.005698541781159068
ck_b0a0fb0ee9ebf106,0.008469719646999874
ck_70c7679199776a90,0.012005242759625537
ck_b9facd2210daca5c,0.07165792989863141
ck_9949f53c155b8dde,0.012631832289011224
ck_1c607e24f2c4397a,0.03259360243336679
ck_aefd1ce3ce093cbd,0.007114916655850756
ck_5a29b7018e43280c,0.0019192671131817727
ck_69eb0b2ccfbe5f95,0.012842917586737081
ck_fe037765aa465c58,0.010412225176203153
ck_5e512ef5362a3dd6,0.0034793017873546916
ck_544a9e80b7fdc279,0.004643790982269189
ck_7825494e654d5695,0.018225037567805684
ck_f1f2c3c623553f0d,0.00256009636924719
ck_52730906e5b461eb,0.6997452598517679
ck_01e0689157fe9617,0.6681978351124257
ck_9da82e567074da9d,0.03436868381585121
ck_6a17384072f904c0,0.007486939686735976
ck_8d84d771a21942a7,0.0029674022550669416
ck_39638880292782a7,0.010617656240170527
ck_7d51c86e0eec72ac,0.008596757251081609
ck_45f4c821c70d134f,0.5941319979352495
ck_0af3c13ba56ce57c,0.002624544929976766
ck_0789a05e061b2784,0.1835087242416217
ck_6ba091eb42ffa9fb,0.047831597953843105
ck_265accb3c5c32620,0.1036094838195888
ck_179039559ff7566c,0.029966790518597113
ck_17c0a6a92b5765cf,0.01651174057547003
ck_59371c9140239fd7,0.020048584880472085
ck_f9c4f8b4ce2691f0,0.01014587643766886
ck_a2637e4872cf4811,0.1719262574704743
ck_1de43fd6c6c22a5f,0.3219455134433711
ck_6e4f31bd108571f0,0.0016725693432008118
ck_da06d97db0b18851,0.002568879970875379
ck_e0346d5081e640e8,0.04424031988468585
ck_c1c7d4e62c9fcded,0.10289105779068769
ck_2595669e421299f6,0.02223927041585566
ck_3b6057d51fd4c7d6,0.0035780014850435395
ck_c5f8ab515840a0fe,0.019353606655941623
ck_435cb24538c6f77c,0.06159583379543514
ck_d84b5403da4cea7b,0.014020575823999924
ck_c2b61a98d1c8f6dd,0.7281467937720891
ck_c9dcd92b2f836b61,0.23744524881475051
ck_9eb5b3f5f672c2b1,0.003612317368352583
ck_e4cf189a8d31649a,0.00439975709555732
ck_6b114f2a48152b96,0.0025248367771953406
ck_3fb95862b70f505c,0.03245044544585313
ck_7f780f465c29398e,0.005503262858102837
ck_ee387f9da79e67ea,0.023208956947574275
ck_fa3b1e85d27af2ee,0.02289373137968581
ck_e739eaaa7a1822f2,0.04518521979897891
ck_dfa0ac11fcb1dabd,0.002426473313265823
ck_6e8751b571ea54d1,0.01052133642211369
ck_2d695f8358383092,0.016333681446084
ck_e7dce27edb700f27,0.00900247082996761
ck_e322da8b213eab52,0.006555374722964826
ck_d0b32e039abb8200,0.0061283715008152275
ck_b354003302b272ca,0.0077731093617045026
ck_f7485cba392bc294,0.33140345379651404
ck_d6a290ff8362c7b9,0.1595926003112938
ck_c56a44fe315c0389,0.007958085798831897
ck_f77dfe6512eae322,0.022015483481667528
ck_35fe969c58b9e70b,0.052200153023301304
ck_4c518637db2322d5,0.09349570020018994
ck_cb61902798ecc4fd,0.13135774655762814
ck_56e6cfa32156a916,0.0074237331070807705
ck_343e6ed2b9d35c01,0.004037352248741945
ck_51440f64f7250ad7,0.04348602677889325
ck_295bca29c34cfe2e,0.05943000787752432
ck_dd30558576b45e7b,0.01346487597211993
ck_3a30132a57181fe3,0.03197835098756732
ck_4a733aeb833406f4,0.01045181421305393
ck_1b0b7c3d35ab1259,0.06669455281343661
ck_962c3bbf27cd4b80,0.05580292999625154
ck_9528e1d6b1707870,0.006641685340339737
ck_b3263e7f31aab45f,0.018383618938440562
ck_e69195a3c885053d,0.002592932498230216
ck_a907fa8795cd4baf,0.002019800435871956
ck_205c3405045bd835,0.005596037926807667
ck_e81fc223bed3c46a,0.08829171263074831
ck_363751deae40edfb,0.07420048550914077
ck_6176baea8cbebbb6,0.005955281466937341
ck_633e6579f5c74a5c,0.8662535972173726
ck_ddc11fc481eef58d,0.00901568385912864
ck_e975002c979e12c7,0.06427697722948593
ck_8e039b23acaaac00,0.026865209466458505
ck_1d6990d94a4d2ad6,0.021737713867843466
ck_e7b583acaa3171a2,0.04957486121654183
ck_c0133f60d39b2fb5,0.012510172663874549
ck_7d6bff85e7a694bc,0.0023211109253773645
ck_d305b4d82f63f647,0.0029432895275375154
ck_22bd0fc71f95e048,0.04888726871714533
ck_9a65fcfc7916f93f,0.003474120419635965
ck_d61c837b0106085a,0.016503155125969268
ck_be86a1db08dea456,0.011355614196923759
ck_90489c405e6886d8,0.0050410573167901825
ck_0add2c321d579d75,0.02466984794732655
ck_482dea6eed92cbbc,0.015236896435727112
ck_c24b47184534cc2c,0.979126217372378
ck_fa04ac31e596e7d6,0.011824440150671939
ck_084322dc5a3a86f0,0.009646610604809518
ck_ccb72a33cc1877b7,0.019965084671153446
ck_afaf374009d3b248,0.007459312339789822
ck_b53084ffede19a8e,0.001465312065714289
ck_4760216154c8cac2,0.6424497724991116
ck_37ad3a65db673e70,0.003284084318285335
ck_0c2932cc0d553694,0.010396769474928895
ck_86b853c52f20fef5,0.006891491271551732
ck_38703b7546d35a80,0.021009024799040692
ck_218b7e6e6dbd2da0,0.009214894948237065
ck_402db4184982fdf5,0.02747560199653539
ck_f917c82af80e4a79,0.09486042203553446
ck_3c6417a233c68c73,0.05810207412135503
ck_98068c397d70dd3a,0.022095684590777986
ck_b1cbd6679c0f8d95,0.005380512183546385
ck_9e962f9bb0e7bac2,0.009881994826218588
ck_b08247c3ad567d92,0.2673421628376137
ck_3ef7a03ebb81cfe3,0.0014931169235626123
ck_5d7ae0e3562e99bf,0.10749573456832887
ck_c91a628236baf91b,0.13946851452318632
ck_7f8e816ca51755e3,0.34842342565864476
ck_5aadd286d188f5c3,0.009473421447848851
ck_a037aff5f8128c73,0.004797642255272376
ck_5df6529ce8290906,0.016087800530826396
ck_5f3609511443e5a8,0.002850104087203267
ck_a6f61864fac3c8fb,0.00845792220735532
ck_2733fc6ba23ae46e,0.026965494941832993
ck_22bfb9246646eb41,0.6874421045769982
ck_bfc2a57d8fd1610c,0.41166219365123047
ck_49839e761d0e74e9,0.009890961333108999
ck_aa4ba931dd37481d,0.0029914258731581463
ck_2f9fa0d61829f815,0.006041897080043456
ck_5b82c774df10d49b,0.002400284236243247
ck_411219470d0a195c,0.019927591389690982
ck_d07485ba10514a2d,0.33069842363131347
ck_219bef979ee21bdf,0.0028913837725773935
ck_eb1006e7285184a6,0.02121743264239658
ck_fd242b18575e3063,0.086010754500529
ck_95188150ff059c70,0.06110923097451752
ck_a9ca2f447b984a6a,0.01864708577477758
ck_2dd39723c4088b64,0.0201303429903867
ck_aa2b4c662ff213b6,0.012518884320017472
ck_1867b1199c864db5,0.02969396124083537
ck_850ec97a5a0dab9a,0.009940563144090355
ck_562320295fa35875,0.0032619693661891597
ck_bab5759b07fe2bea,0.006506711067509461
ck_b9f1465d803e57b2,0.12082309748058906
ck_8f21f2690c32c691,0.06148388181373525
ck_df87d6f61a63eb21,0.006107003237283349
ck_770475876d0e7e6a,0.003259410060035931
ck_b4c014d5c0cc9eb2,0.0038848752813641415
ck_3add4d23124c9290,0.002776447587146514
ck_bce5b7fecfb6264d,0.035530575240985476
ck_604c17cb97dc89be,0.01667886238990032
ck_e52cbcd9aafd26b2,0.003768107065789567
ck_0ac9114076f5bf3d,0.004268191988175532
ck_dcc125b178b79566,0.0020510480054291742
ck_4e333c09f0c37dee,0.004997200420845539
ck_ff7e31ff8ba731e5,0.007062913574142243
ck_8d0532d24f1070d1,0.0014588385362556144
ck_3689fa41748a6f6b,0.08858579750249888
ck_7509eb97c1948b16,0.011062155592456616
ck_a9161cf1ca22a6bf,0.011971509963599771
ck_bed3e3db135b782e,0.029995976204124336
ck_9040edd974ef8e3f,0.5040387884946138
ck_fac32d76ed40f683,0.02003252268720774
ck_3d7b1078e2d57c69,0.0049993760328199
ck_dae09c4e074af5dd,0.01073207219573765
ck_fd84507228467b40,0.06652180754901899
ck_e2a2ce9b8cf44c63,0.007684931620258288
ck_cbe716f351d660d4,0.018676322378853576
ck_cba4162ef29a6d27,0.011564251203364543
ck_4f1e962ff8a29732,0.00423231185710447
ck_39a81899dded61e4,0.007224938236412419
ck_25382331551d22a5,0.030030154655646606
ck_6d64e1c07b19856e,0.014624243636440616
ck_165a868bdef28ad3,0.04760648160535892
ck_88774ae52e30e877,0.010069547709947207
ck_fc7a9d0643570053,0.0017277936541925751
ck_c2017120b3b88a46,0.003659361347837087
ck_d115ac6b9fd62a7e,0.007304255800788494
ck_439cf7d51ec7de0f,0.005158706970148221
ck_2468a7e9e68a0927,0.005906022021408712
ck_7c418947124dee8f,0.05864958701781202
ck_fb0cf32c4a56f740,0.025458509785338597
ck_694eb6c43193afd4,0.015023620265926293
ck_993beb188dd4abb6,0.005118166148193404
ck_77fa39d3b733c226,0.10586702872547582
ck_49969a9abc47cb69,0.012590493234931178
ck_d3f44bbe2f7e9b2d,0.021568628493245024
ck_fcf5b8216d0c18ef,0.0016065994293232876
ck_daefe1e2d2bc362d,0.004264122260438898
ck_9c9287cb28950eb6,0.031090636016834636
ck_c1d1a625b885a975,0.03242625954236822
ck_71b37fe47490b4ba,0.0053450081862253225
ck_5d16e257c0635f7e,0.29704536428883066
ck_15918075563eb074,0.0024623227026265163
ck_9a15fdefc47e8d11,0.010959205943073678
ck_6f04d047d1dde75e,0.0023069185838035158
ck_1af2c0b3b8d202c1,0.005996997819566254
ck_174be2231c5fd2b6,0.0057057100073887295
ck_bb0713a2a1d65982,0.015052133404088725
ck_0daec63bd5b0729d,0.03211164986354381
ck_c0b5cc3e8ad2ff44,0.035901254123406875
ck_35bee1fc12664644,0.1402409132914572
ck_a1c7cf63467df4c2,0.0027827334823937915
ck_ecb1e15f0b185ceb,0.05679299501648502
ck_f280d31f54a4710a,0.012303954171931326
ck_30f4b2ee8abe1342,0.04536354667058829
ck_66bed631354de5b7,0.0050445469347802216
ck_c2d3ecd7278eba2c,0.003625884295490022
ck_e901dec0e09eccbb,0.003827785030613285
ck_5d038ecb3c8748a3,0.005546218678117644
ck_283c5bea94b21e80,0.003987058658886635
ck_7956c251b85f009e,0.5649648960110296
ck_9f5f81d771146aa1,0.002107274484898853
ck_9323e6fc1e168eda,0.7080542510668713
ck_10495d3a635b8d69,0.019002161757037582
ck_1982d571cd36eb0c,0.007773769372667197
ck_4f5d7985bcc2eda4,0.0032834064761016824
ck_7df526b2b4410bb4,0.025393321433601814
ck_dbb498b1a346a402,0.0028324131689835726
ck_ef059997563e3330,0.006600577512808143
ck_02ec4e06709e6b82,0.0038786232205736976
ck_9782c86ba6485f88,0.003792568747069387
ck_d69de468b44143ca,0.007016247262861238
ck_6430a8792f400e0a,0.0024871733627401067
ck_8285bd3c90af94f6,0.0074828448624081785
ck_985c9ca112000e9a,0.030592711100150043
ck_e679fbf4f4f4aa07,0.003171978683076765
ck_016e8c8eaf9d511b,0.08116959490724787
ck_bc996c523944644b,0.027839474814098677
ck_5b8315726f6204e0,0.013882678998436634
ck_78181f8e998e442f,0.002655435900617776
ck_71c68dfd011dbbbe,0.6410216863869126
ck_db32c95ce2b6f502,0.8321941301799057
ck_755010362a9b1bc4,0.0028191496009311056
ck_114141d85256c9ff,0.0018024859509814866
ck_9d1a5cf5a3b87e48,0.016407102286942685
ck_ab640420858ab5c4,0.21032572920584774
ck_97a8dac48dd62488,0.29028044516592033
ck_879cc3166fe1bada,0.003096270449306137
ck_b0ed11080076e381,0.016257672680993002
ck_7334a9ec656263b2,0.005559215950446648
ck_6494f0ef13ce44d9,0.010639721260380224
ck_724e459b9ece38f4,0.04802853190305297
ck_7fd8b1470401695f,0.6492556720740965
ck_292f81186358b0fa,0.0064953648298137325
ck_fa7de64d37287615,0.020030797877897768
ck_d00e09e66ed6458b,0.3141794357709793
ck_b8d210e741be186e,0.003887690832706371
ck_3db59982cbae4410,0.044941922892447604
ck_69887d0a9aaca6df,0.0027644864559413247
ck_4feb21e2fb0b3977,0.013555889689566794
ck_08c6cc1e143475e3,0.003033644434333704
ck_fe6e168cdbb46b9a,0.07042539646178156
ck_07f1734be7fac56a,0.023050269558673488
ck_d66d59981307db93,0.04571547615687413
ck_f928dba0d587d7c1,0.0035488041582262785
ck_786448fe3004cbd0,0.0029756373389704287
ck_29ea329fa40ace62,0.007146474990009818
ck_7ea52b6f27edcb73,0.017131597416387964
ck_18bc51bbf3ef198e,0.03659191939812501
ck_44950df09ff14ded,0.0016828843494319625
ck_c1466b52c0a10b93,0.01087940232902047
ck_6cdac067cc4db5c5,0.05717371724128541
ck_53f55c6e8cf2d432,0.0027039318051520493
ck_95945f48453ca532,0.022910292926890855
ck_87cce4126e215153,0.007517779272614499
ck_1ecd5516c92caa4f,0.004311304279749506
ck_819b482bca14c068,0.18734963683392653
ck_a61a879dd46fc9f2,0.013722947966330636
ck_af70aa32c009c3c9,0.014746638295610022
ck_f4fe78e249092ab1,0.02369320737154245
ck_12c46bc52bf45b36,0.010112738623126189
ck_f05f5e4b40afa52f,0.11701003391104714
ck_0f8cb09d3f4fc980,0.04015154584969034
ck_80a64a7f0275a71d,0.009189333272844337
ck_683af7b1540a0b22,0.023157959069585676
ck_51fe0b613c076cbe,0.011944050893836152
ck_da1a2450219dcf19,0.020681045751012466
ck_2a7eba01ceba6c2c,0.144848020872821
ck_4e329e29dfa743ea,0.25587029730928534
ck_0274d881d6db82c8,0.006656332675228991
ck_0af5b7d128035b35,0.01305283519196665
ck_ae0a7be6b0a0ea68,0.008725615710985006
ck_de5bb7a4d091386d,0.18824338423612064
ck_2bb7c17168a9d17d,0.004971948854004812
ck_0ffdff7b2f5fdfe4,0.014723913987594765
ck_718a8390b3d42d7d,0.007787637211543741
ck_7c4f12d70f184533,0.0027419682602563226
ck_d3e2c26b8adff099,0.009282711209158068
ck_ac9d3d9754104cf0,0.0019156308361815166
ck_3b1766a1d51f8f0e,0.18033530611719611
ck_a9bf75bea912027b,0.049430317390846405
ck_687eab3ffe1f8cfa,0.027690841500757776
ck_25dd0b02af5b2f37,0.029953258757723644
ck_1747fcc466f0ae38,0.0020592299818581695
ck_f6e9d14dfb6f3c28,0.018376320562136592
ck_c6a7bbd0adc4d5f3,0.039715136857154554
ck_46656a23f4456d22,0.7267850222874317
ck_7519260415c2998e,0.021933537355135826
ck_754f30ea19df857c,0.02202593635790098
ck_ba88a244d5f7380f,0.012367068227489415
ck_f268416945316815,0.00853918255802919
ck_21860dd2159dff28,0.004121081822846527
ck_7a86ef4e2beaec38,0.0032701698296231938
ck_0414507baeea936a,0.008146745247793446
ck_60796eb60fc3043e,0.005958393270926659
ck_1e0841ed17fe0562,0.010821486281246951
ck_0d641d32658d6e0f,0.0029884012522578907
ck_b36086ae6d87eec1,0.012651413821474198
ck_962e65ab33b5c311,0.8618822910877804
ck_b046a42684468e63,0.00613528450824035
ck_ab3426435b0017d6,0.024816857466102595
ck_fcfe06e44d09a344,0.03286017781822896
ck_0f6d916c92189516,0.02300564041160355
ck_d4c8f0d957c3965d,0.02335084076916411
ck_2ca83dbd728af019,0.0037255911773151555
ck_2857a4ce9f72fbfa,0.005359369814083646
ck_a60e6edc48e3d0ac,0.4572305555963396
ck_0cbd3b27063d4415,0.13923317434574753
ck_612089ec90c37219,0.012046454045743202
ck_ec4e597f17f473c6,0.0033869629780154866
ck_1c93cc58f314bf71,0.03484001904289689
ck_2b359a979520276e,0.005731591405786609
ck_1496568ddc3b2d56,0.01787965332664071
ck_41d91dc9f5063566,0.02048442943216601
ck_4c5ff58afe3d7a67,0.001962014966840279
ck_81709736281fa3eb,0.0018390094970080063
ck_d89abbab3d4957aa,0.005334662776640012
ck_52453401f88935da,0.02058625453151193
ck_a477654d34783e06,0.003834093950041383
ck_72dd0dbdf808cb00,0.021011720436926673
ck_c183dff3781746cb,0.07468251446045601
ck_c8b7f241810b45e5,0.0016183632337039848
ck_f88028c3f306bc70,0.013225897466817906
ck_91d48d69e4f5d9c2,0.005394739318770611
ck_b74b9ba6d7c9aab7,0.36291329802010913
ck_03e904682dc73bba,0.007956501657776317
ck_fc6fed6ea96a004a,0.010604957297676736
ck_51efdd240e34c642,0.058334480723132756
ck_e78ab4ff52b5fd2d,0.0063691538986979275
ck_4af7b97c24d89a45,0.0165436511985399
ck_295c0072eca7f7a2,0.008901944184185471
ck_8abd1a50a9227463,0.025585326725196395
ck_ecaa6f13304e3dc5,0.0013745435773909122
ck_de436e7b319be1fa,0.9803586226454974
ck_c802cf8f61466027,0.0023170247319564833
ck_3d83e0a3c1cfbf8b,0.010291702736597158
ck_28d2003c2d16e4b6,0.0016702597099473296
ck_8ddaf745bbb9cd62,0.0017326537397476265
ck_493b6256091014cd,0.011248347349599775
ck_a2245822cfea997d,0.0038930992335117253
ck_f7305b3c64cf8a03,0.05902818302568928
ck_9937dad93a0ed3c1,0.0029805816159383814
ck_d654449f9231ad76,0.0055089373048625035
ck_850e2b59bc535490,0.03822728255817323
ck_e55e5bdfc0242aef,0.014204686685543666
ck_d35c51e981b98c5c,0.011914987567927974
ck_27cdf9c5e6f0915b,0.012066865863983537
ck_d328db1e1052d820,0.024560619700333984
ck_0ea30eff5f361cba,0.004272569122696125
ck_9994323f97109f4b,0.9716730306196399
ck_09054e97bdf9624e,0.001875393993399026
ck_723b4afc388113c8,0.0036120068352168975
ck_588f6e6a6a6d93e8,0.00644693399758952
ck_e1d563fab4d6116a,0.003972776840064318
ck_53aca610e20598bc,0.008385728771060134
ck_c8131ddc7ed33448,0.003573895625404654
ck_899f88464305824a,0.01770947025113079
ck_1c17c65804f8889e,0.011933199776265105
ck_45a16ce12893cf9b,0.015901926049830234
ck_f9d481aa4f9b2808,0.4872322085942371
ck_1d5d74169cf892ef,0.020417742511422435
ck_aba32acb61c1aaca,0.019963660890786224
ck_ec4dd3675a8d28cc,0.005043136974384208
ck_5dcd443fe0bbdeac,0.00361352596657857
ck_3a47e3f54475e854,0.0039630001065175426
ck_a9aa5c344c315532,0.015492327386667261
ck_9652283c9f61fcec,0.0018957256054803837
ck_752dd3d2487f78ea,0.010750942115523377
ck_a821980ac4db9943,0.322507026202865
ck_93e0d6befb67f7a1,0.017147436863436696
ck_e7a3881c3e36bd51,0.19036632601071057
ck_12631b78f8a03df2,0.004203560439555114
ck_57b8226610b48854,0.011281861836261408
ck_352657008983fd4b,0.04245296882104404
ck_0841a5c24fd3dd28,0.01826031046693847
ck_db9b9d5d30f74070,0.04407591057125923
ck_a9dded7f6294e44f,0.03119666927131024
ck_91a16336ce3217dc,0.01741682170998321
ck_371bd9388b287677,0.00206765188550733
ck_f285e5e1912a7c62,0.002416830440153267
ck_368b65fca69fc415,0.014829889256664664
ck_d27a73596b6500c2,0.012097286484465349
ck_2d963f9b2c4d11e1,0.04392620547332125
ck_7c500e219af39486,0.008125845524905664
ck_7d025dea5951cba7,0.013655042508055056
ck_32f632706608859e,0.025573297064711238
ck_53816231f3ffb48d,0.004535823327559392
ck_9dbe184e81c1ca8d,0.36484697068483696
ck_d74123617f22a21e,0.0044431373946114475
ck_275386782b1606f8,0.0027275779714643453
ck_0b0e79d33e50cba5,0.0035726184895669873
ck_ba93cb604f792915,0.030488177348284937
ck_a86cd653472eccbc,0.011011242612127438
ck_87771861e0447210,0.05213727352170489
ck_212380e0371d8a6d,0.009785401139611155
ck_ef0d702d7b0ed745,0.0036538122954530446
ck_2b8f33e22f939372,0.7047278745428712
ck_480347ad92037105,0.014324940441380215
ck_20124c3a16c53ce4,0.008225307550412089
ck_c9e1e3229baae708,0.011039092690282448
ck_b1befe967f7a5ebf,0.04285303653055243
ck_4672167d7c989bbf,0.11604434182120058
ck_f0c44ee5e3a42e3d,0.0327566608480022
ck_c416357d20238a4e,0.007580331446018762
ck_d0f470f8078c91df,0.005521681340926809
ck_3a70b4ee59084715,0.005038511011758012
ck_179ed66cdfc1ce27,0.004541459055160034
ck_387e5a7f163c7837,0.010655808984280573
ck_08fb463e69f647c8,0.9794109036682697
ck_732f725747393ec8,0.048492620247189325
ck_7cc5e0fa3ca5a713,0.0029507939684739804
ck_ad4a4daa826ac68b,0.2525770046521658
ck_472e0be7a3b533bb,0.01923457601254017
ck_7190177963eafdd9,0.006915221161430316
ck_647ac26c5900f082,0.004380208972280724
ck_272ae2179bbd8e58,0.005678365251138705
ck_09b0d8af304646bd,0.0019275561913456255
ck_ca0cc8ea9f344408,0.004970676572124594
ck_332ad134fb909869,0.015439935821616716
ck_fca2798914627dc8,0.11836857896791626
ck_4450b55f462ae134,0.010274712472635793
ck_d67d9dfb60b286b9,0.00219746949607682
ck_a9d2bb4f2bde7052,0.005283959386982569
ck_929bcae878a3ecb3,0.5412022054442116
ck_59a9e000fa275e1f,0.025837675444201055
ck_57f17254e2688637,0.01444312229818459
ck_0508908697f60ce3,0.09495661683366396
ck_946afc2943298d26,0.004090250516945362
ck_7176d12b18f2cc0e,0.015771570171086317
ck_5c47b49c26cce286,0.0275051585005214
ck_b6a2bdb2d335e1d0,0.9802715976525938
ck_1d58f6caaa4d012c,0.017065093260737213
ck_71c917295020ccc7,0.005811605391631506
ck_bc89644ae3688995,0.03631862027992619
ck_e7c212f16d6df272,0.01742534997253567
ck_c6d2e11a368184e6,0.009302623889029304
ck_eed7f1f7548df15b,0.00951394200506207
ck_75b69034000ca7bb,0.021577444855387762
ck_38da3bf629458682,0.007481194354213986
ck_90114c891239d821,0.0030494814608627765
ck_8ee08f6777cc155b,0.01662274443397345
ck_bd86132499defcd0,0.015390142585230682
ck_b95fbf2b5640aa82,0.015857642257539266
ck_c530235393360e3b,0.012220481544273281
ck_be52a7ec43241ba4,0.033071586573458725
ck_d96eb3cc55f2772f,0.018096005752591012
ck_dd34f0a844fb115d,0.0902878102668171
ck_17cc7b411f448e66,0.0702324755879735
ck_856ea65fa27d06dd,0.027151339642643248
ck_056d5f0301c30902,0.0518517480583931
ck_e662b14b2bab23a2,0.2853967552765664
ck_209f574c8d92274e,0.030212424562479117
ck_62720b81617896cc,0.014631094132585242
ck_041614694b77e599,0.006093220178939892
ck_461e3f7b97db8d16,0.024297984262185802
ck_1b74b798eebeabdc,0.013238081248644697
ck_0ed2739384f1d644,0.007055269467464783
ck_5a4d19f1b83feeb8,0.00405918634633636
ck_463937167965a1f8,0.014639046912117596
ck_9d7151dbdf100e0e,0.04256195376445374
ck_20a7d1ce6cc27312,0.008268177419651301
ck_6031211ff118cf0f,0.001658377865658595
ck_a6fc92aa91e99b77,0.7976009358774152
ck_0aaaa9d2f75a0518,0.011283356241359878
ck_ec26e327cc1848b2,0.005046704034094169
ck_0e6bebf8ae9b9b03,0.015040862317499022
ck_e107537a4cb738f4,0.018585641873348338
ck_e8ea56e122a5a487,0.025104602314128838
ck_98149ed45d38c4d3,0.03385184080648179
ck_0e719b3a6906b8f1,0.001657693200488512
ck_0c6e7bd357e4a348,0.0025056448677151116
ck_d3b2b250da61db19,0.8654396751894302
ck_8bb6b0a292754576,0.14053548183128245
ck_87d70f5fe48a6128,0.0356457093430335
ck_ea9edf9c107d429f,0.010257769281987045
ck_059806c52cebe4f1,0.21017707697507895
ck_a72d6df666e1c21c,0.005604045510622077
ck_1d2b80ab6c4944b9,0.006112374022910914
ck_60557f077abc42ca,0.2515965336364555
ck_e5f5cb7dd6ce4a37,0.01774677799836634
ck_4c4a939154446053,0.003379864566750655
ck_50ede3eb561a202c,0.01041355132273259
ck_6d03a542922b2ae8,0.01909712298159963
ck_d6fe761ed0db3270,0.01569037066601882
ck_7f0cd6ea3096f985,0.0033417221570834262
ck_23edb6d938a3b87b,0.002828269203057524
ck_799aaf9f2b9ef621,0.01420475701569687
ck_f8f6a03613b6dda8,0.009815991662498417
ck_7cffb189f4f514ec,0.9685643172750005
ck_c081e1967dcd811f,0.017559596939841056
ck_583d6ca78c97d91e,0.5959583770213548
ck_9332bbc7125219a7,0.006885299490096249
ck_956b5af6d7d86c65,0.8032808933371944
ck_2d634e3f24681c0f,0.015034520195231557
ck_7b35d218ed0c5a60,0.010748498194274501
ck_ca5b1057f8248f73,0.02525629575812139
ck_ec5ea81cf813597c,0.00998147720408319
ck_eaebaf4d28400fb8,0.011460934631222854
ck_ae2ab6be219219aa,0.0032386984104634513
ck_d99a8b4c820eb46b,0.002211701718369764
ck_bcfb7ffb7cd428bd,0.006166425279572909
ck_3dd542c2d31be2c0,0.009113185166638695
ck_c7dd84401e29a7fc,0.003671205741625872
ck_c4bcc7cefd40f8e2,0.0018347490851555698
ck_c251898b5d51e3b0,0.005510244922644724
ck_36d37be780c1291c,0.01024647952822461
ck_99b4f266b61ae7ee,0.015202213790435595
ck_c37f03995f0f0169,0.001875600180600264
ck_65a23ac8e44eb901,0.0037814678458185456
ck_644b1c1149eea9e0,0.011478701685515489
ck_9cf44eb0237c2429,0.0071777417174998135
ck_20541686a94fb71c,0.01670653629535945
ck_c18245be844680f3,0.005593404248494131
ck_56de216eda6b7fa6,0.002238806750369634
ck_406c4442dee45cd1,0.0021863463575185435
ck_df1585c7d72a96e0,0.0023285196772047613
ck_b8e8dba20676d87b,0.016299364286207776
ck_0ee6965e68efc177,0.01660764609836679
ck_c2a5c54ad8d0d297,0.03738171378357334
ck_bf6fb7e6470e95cb,0.0016827202913479134
ck_27fa694569140345,0.001581830676670996
ck_e04166b0ce66393a,0.019853997372394527
ck_8742114f4f0cb22c,0.10249670557331453
ck_6eceeafd56b42576,0.02071224856996487
ck_34f9951b0eca1965,0.01935587754109283
ck_384ccecd342a24ad,0.002376365312326154
ck_49c98bebd1338879,0.0024110429143370574
ck_6c26c12071c91ff6,0.0035961722436844814
ck_01e5986ebb9a78f1,0.042062155439065524
ck_121db7ba3be29ee8,0.023055458647383002
ck_039e6d5a330cea1a,0.11690396227437971
ck_ae8c9163cf957d7e,0.010975231323678216
ck_3f5e8f3f1df0c8c7,0.05093938647779288
ck_b1c51fdafcd80122,0.029393201565866948
ck_12e2b5ebfe8986b2,0.010539207805654434
ck_d55eb81a4d543c59,0.011853476189515055
ck_f85155ca5c312c7b,0.03799362736695105
ck_133d8a1ac7c0e301,0.9668914447722715
ck_04212a9bb9b28696,0.9853814937103029
ck_4cc11c7d3ca61f73,0.0043937939215477435
ck_2df4854186ec515b,0.01877471903696034
ck_aa9b28e7fc43af79,0.7512576637274964
ck_47cad6c3def4c9e4,0.0033536454889616743
ck_fbff7b5da8111567,0.00812751173287309
ck_bd25ea782e375b22,0.01980055591092509
ck_7989376f8cf64a9d,0.015372484081490969
ck_675c0ca1ebb1051c,0.00412500181295483
ck_1436f6e11d4008f9,0.012728203944429278
ck_812cb3a4482cc618,0.00947177371750406
ck_6e606f73a1094afd,0.010764786152208581
ck_1b708e2a4a0584dd,0.014034005239702035
ck_a60d6b324bae0330,0.019910556242428972
ck_706a4f673a9fda3b,0.33178118805103524
ck_a75ece9a9044eed0,0.0031545386811074345
ck_9aa45c4e03c8c57a,0.030796637021162622
ck_9fe9bdce982b312c,0.0230841457847746
ck_c6fbdc5ba68a8466,0.028433490154453754
ck_ed0cc1b1c28f9511,0.10881434223059464
ck_a4e2607b4c8021e8,0.001493222238306865
ck_e02f93f51cc8caf3,0.015839599689531227
ck_7084ed3cf20781b7,0.036698219590143986
ck_cd4c63155570d6ea,0.004007755175299778
ck_d1b9e5d32d2d789f,0.003684531903071647
ck_68f56f6560a7a933,0.01349804178479096
ck_8bedacc6233c6269,0.007318063626636305
ck_ab7cb50407d6b13e,0.02591669318227873
ck_f17ed7e0fd687742,0.050715224556891626
ck_b0fe4b92fc70f72c,0.0036473791385164983
ck_84d62b8196da2452,0.015883067856410256
ck_9e298cae167f4693,0.003617774036208915
ck_405b20ef9ad0ba5f,0.15095452372195706
ck_813e02e1ababd177,0.01791551720230156
ck_f234ab47061ba7c0,0.0013244728599567106
ck_22b587c18363899a,0.010393941522956725
ck_4e862c2f48c38aeb,0.0034832722830178443
ck_b89cb90a420c9075,0.011042161083853315
ck_be2251640f27a3c9,0.1513735660149984
ck_46bec0bff167ed3f,0.01710156210277588
ck_c0032232c2868328,0.00916309798208783
ck_030cf09525dba4ba,0.001985699426632518
ck_6ecf56236789fc09,0.8744656136322866
ck_38d4ed52cbe6d123,0.013674273479749626
ck_2d923d957ffd4d53,0.011756322506760002
ck_3af1eb88728ed8c7,0.03473361914531284
ck_2f8120ca80a1592c,0.022048417983045895
ck_6cabb1a133f0b151,0.018819674892870782
ck_bb6cf7e7b707731d,0.7512418965422167
ck_c8307fecafa90140,0.02099170844252364
ck_75f968be67f46d24,0.009447815968209363
ck_df6fe4ec5a233213,0.004069682683912582
ck_b53e88c0e927d896,0.0023950816417120666
ck_f0093064aa28f4d0,0.02215268073060941
ck_ec9976cabc63ff92,0.0031543776421811194
ck_30dac0a58c5590cb,0.3006211620087871
ck_348a525791ae6475,0.04515216044916491
ck_b898d912d1181ef9,0.0195315549302841
ck_f5b1200dc6f95760,0.020848533662796105
ck_54978a073e7a0b1a,0.00488898371978841
ck_55933936536a4071,0.004222214602527484
ck_d6ba7ffd2ae08863,0.008680657859909655
ck_404e2217fd87fdd2,0.0023077846532639666
ck_dfaafdaefa5716b6,0.0526643547381708
ck_556c62e92d4e7e5b,0.14086390365097357
ck_7ce44f4e06d58111,0.0798797522595619
ck_465cb8ce232c7670,0.004576438875659418
ck_237508ca4fb37268,0.06320984656779284
ck_ba4a6b9aa63964ef,0.034102122729396764
ck_4802a0a7a1882c88,0.3286232603903524
ck_9478dfe4114c30f6,0.008787634354816096
ck_5138f6c575dec64c,0.01636660417095549
ck_aebb42afe430e2e9,0.0028610735133218377
ck_004efa95555437e9,0.008544048137717261
ck_11af112667c98394,0.014289661197097474
ck_44e9a18a8645c9d3,0.001803097005785328
ck_2605fd571219e28d,0.002234253113466635
ck_dfc933493561d84f,0.008891926630398386
ck_67674348e68d1f25,0.009241892785631922
ck_dd97429277a2fa00,0.020524419591426254
ck_d3eab7a06eb48348,0.03845670551839325
ck_0b9fcff9667ec05a,0.007776991514932234
ck_fc4bfd6e739bddea,0.004179270512558881
ck_43292f70a03ddf2b,0.020861418711961153
ck_5ff6108056a3fef5,0.004822267719933323
ck_767e0be086b5f601,0.03962035941151967
ck_b8465b1a5666155b,0.040558251633927324
ck_ab2e3fc56f5b3aae,0.06406741107782989
ck_1833c81d693c1e07,0.8366024276512787
ck_0308e0602b856445,0.0029281687269042695
ck_ccbdfe744acff8bb,0.01582979941383009
ck_b294aa27a0b586d7,0.0023718848497466475
ck_a3747201f377626d,0.9506673610501104
ck_edde1d7d1db24725,0.046479551012969286
ck_ae3b47d6e1063704,0.011018708530028225
ck_3aabf5e0f4defb41,0.010644503864463549
ck_f034adb57391f3d7,0.04549038029098343
ck_533672fb40531607,0.03567998818693982
ck_2a244f1ae08ef83c,0.03241441722233763
ck_a35d81bcc54ece2f,0.004462640318935065
ck_78a61215675b38f0,0.018815968797186822
ck_e013d88ea7939616,0.012440833996052806
ck_e5018f9418e0102e,0.01648562253624393
ck_d4e024fcda401a31,0.011551596973984423
ck_f736cffbdb82db34,0.002096442900226052
ck_1507f5aa50cdf3a0,0.009699037699409815
ck_18270fee7c8fcee8,0.009793391350474443
ck_95ffa1a805a1c9d1,0.002948066241618375
ck_11132d245b94d045,0.005117023998446076
ck_7b93a622e40d8b14,0.0458733819493399
ck_3854c08d17704347,0.06150744765890274
ck_7717fcb100dc4b5f,0.02292677599397131
ck_ba54e0a1c328119b,0.5686601041364767
ck_a7afdac4ecbf2de4,0.6795462270591894
ck_ecfb771ed2352085,0.008224378857674271
ck_68be4fefc85a6b64,0.23629600719711885
ck_dac7c50bd6d0148f,0.002955615567231535
ck_87cf36a03bd63c24,0.1357556320564508
ck_8adb40b168b59d7c,0.03274536324808131
ck_8d2f62930777416b,0.02835494838529152
ck_9958b58da9e3c21c,0.02616721305047597
ck_9440335375701f44,0.011690648294898461
ck_e2f88e202b6f700a,0.03982716138242409
ck_4c7c50684827a2cf,0.003672477441158567
ck_8a6ea4a79b1c7a8e,0.00652987643099537
ck_186dbff4b24a3bbf,0.19117896444940158
ck_220fda3c11c59b6c,0.07130553022526954
ck_3acccc69f8b1fd14,0.03611074879316758
ck_9de191bf79afd676,0.006003759470084403
ck_6de6b1663f9457f4,0.001862804690898662
ck_062754f8b79b86e5,0.0021468712960791784
ck_aa153a89a52f7eb5,0.022474615000391555
ck_34a6bd3be642f15c,0.017569424567256103
ck_9371c700d9830326,0.0106222059247696
ck_a99e0c258ad7576b,0.007029878598298803
ck_0a7ba51d626e932a,0.04087590563648466
ck_852c50bbba1ead13,0.024080078780582923
ck_43dc13b6b6d31297,0.08437826331534459
ck_7d81b59d615a6649,0.06423554717471067
ck_39a3f1da060e88bf,0.01647941742097086
ck_6fb2d142c09ed3ed,0.015564049911254138
ck_6e5752b87324b58c,0.007497432139868823
ck_9441d48a12e8a4bf,0.0977927095918262
ck_09e9c51eb538b255,0.0028209873086863565
ck_8d0cd981ed3a183a,0.017693121535189718
ck_57c07c45269ca8c0,0.004165169007939798
ck_ccfc9ab888ba933d,0.004562280699168598
ck_9658a6ef471053f0,0.004318966465353118
ck_dac3852758f4ea89,0.0022531122026144754
ck_b1ed2278f5f14d82,0.02255327724661152
ck_333544d173524f70,0.1922127711289795
ck_fd4582e3853ef23f,0.01306696291468375
ck_614d936cef98db04,0.0030485341070421567
ck_6bc351a3d57aac54,0.013500021066900878
ck_af5842fa7202ff25,0.009557249773337783
ck_81307759252571be,0.0061572647971609926
ck_b4d2f02d2cd45720,0.2107443722272327
ck_1bd753a4681946c8,0.9441844297123557
ck_46d8c029d46867b2,0.0050582954006947855
ck_b7da6640fa2f49cf,0.16254732275412254
ck_9ea3d5a5a91fef9f,0.0871001069337187
ck_7b922518f667f76a,0.001573754472367094
ck_2a5b31594206eb30,0.7183446718442783
ck_d9506476ad3f9e08,0.00870328267399165
ck_c8791f7ebd4d93c7,0.01451269524598931
ck_b5a3e20fd210017d,0.011820214969519929
ck_8e54386f4fe22cad,0.012213942454147496
ck_75296704f5806f56,0.009753662832206179
ck_0fbbc7a6af300368,0.00549300693004014
ck_d19bf4dc0627113d,0.002515583038835678
ck_7951bd4eb99a0175,0.003677376854957398
ck_059e4fac6b7f704e,0.006351444792213692
ck_2ce8931af02a2ce3,0.008660055750695507
ck_9e665618a4860306,0.0034139543837479087
ck_6fce5a893613fd2c,0.0017479991735015752
ck_9e3fbd04e3532f32,0.3190031980236099
ck_55f2ef0de3420e3e,0.01620651619600333
ck_8d87658a6f5d204c,0.5071772848832935
ck_6d6ac1f5dd882aa5,0.002654426709409714
ck_55d0c7012d7ef236,0.017762981998527626
ck_7738eb085e5753d6,0.01094560187995175
ck_0e6e05c3cc8c8242,0.020330963945557556
ck_8d27ff8383d48132,0.004246165785512625
ck_9afc3bb849f3a64d,0.014044029677152233
ck_27eb86a9898cdfe3,0.005181410044633921
ck_1d40e4fc541abe93,0.18711187277917762
ck_4fd9dc00e1913587,0.9651546096630537
ck_b26cdb2b7b165d2e,0.02301901496040767
ck_a79a27767a02e31f,0.02330203616063487
ck_f0c18cb9f951a71e,0.017133363856442034
ck_50460e0189de6274,0.9166304512790777
ck_5e5280539257c986,0.005632763098534736
ck_eeb854318b3a6f0a,0.004986957020319402
ck_943f66f28dd24750,0.0014915134932802169
ck_984dd7452aee372d,0.0387801332198957
ck_ecaa6de0aca5e9a0,0.013538953014320662
ck_8f1cbc432e2774f8,0.04918353115240127
ck_d91d9f8445b9769a,0.5632934862388644
ck_73c18e03e3c7612e,0.0024003337108026634
ck_aded05ada490da20,0.006281282954926779
ck_f744e208183971f8,0.0020022348278617634
ck_02d4cef6358ad3b7,0.002889825893736794
ck_08ff5bd467226a5f,0.00149834220792393
ck_f824b326d5089885,0.14061270867355086
ck_3420f2fd520890f3,0.0034935225938506334
ck_1838cf8d00f5b1e1,0.011010737848621027
ck_a85182ad90b6f1e1,0.0013976158426210702
ck_fecb39c82c43e76d,0.0060425197085251445
ck_162513e73782929f,0.023871137619858235
ck_2c27b77c59d8f23b,0.1631460193280358
ck_4221e07b17388fd3,0.029076295457783598
ck_adfb8472d5c3d669,0.05445245746400759
ck_0742fe64055d686f,0.0026170115851600283
ck_5060aefcc8b6f958,0.011217936883342449
ck_643f549b4ac78a26,0.25440801528616036
ck_dba767885bd6ad69,0.01683275047455777
ck_0dda35c0c64c7073,0.9494455599802964
ck_38ea56d43afa5660,0.011751079832075646
ck_d813e15ac91f487c,0.06301933069132963
ck_4c840e5585a7b167,0.21302713005728974
ck_cb8551453a7bb929,0.004405559147572595
ck_05a00b1dd5a03359,0.004249887837528938
ck_837cc7fd48453a01,0.0070271381906642
ck_49dd816b31fba6b6,0.3091853543521979
ck_86a61d9a39768e87,0.03383614835556731
ck_cd0e76f0e7bb38cc,0.024192452897794085
ck_dbe58392635133ca,0.03822168322829608
ck_3caec7dd6f8d02c9,0.07212676506728595
ck_bfd9bfc5b6ab4a54,0.16791984126425785
ck_2103399bdb2898a6,0.012066220408596118
ck_329f7de7279e74c5,0.017925087446416042
ck_9bf0d28119fc42c8,0.038017801418461866
ck_f781539b1042dc83,0.0037606278997640115
ck_9986c7d781ac6b4e,0.00884786597219229
ck_a627734880aca848,0.001992988105832495
ck_2106e509d77fdb4a,0.5244198585586894
ck_420d1a9c604293ce,0.010003232274070711
ck_fce0610c527e2b56,0.030612040787909415
ck_073da541ec3f9d3d,0.03370202965586646
ck_aa5f3ab48c17fed8,0.18707913001062704
ck_0fc1086e1c9e04b6,0.009268641087131883
ck_5c33bb46c1a5945b,0.0862270656302262
ck_500948a8d4bd8e13,0.012872285198391759
ck_19becd44f2c3d2b5,0.014331719967588233
ck_7d0fe77dd5ddb656,0.020793407307198433
ck_f158d9e5f101bb35,0.030789839378981294
ck_cdd7c77823c2257f,0.1002503851107216
ck_6c7b41374f9b2e55,0.007637284768476562
ck_417090dbffb1a63c,0.022936076132661746
ck_dd0e17605f970319,0.018115330856989128
ck_3646515079e6be55,0.022008806268983508
ck_89c8b06aa8c84b2d,0.0718480549153642
ck_e4d6dedd97233c07,0.011257916107343786
ck_bc82fb1895fddde5,0.004822758705875429
ck_88a8b1d442ca3686,0.019634610604991
ck_5791f8f76a629a4f,0.04879993978023882
ck_9cf5e88e97c8c7ea,0.023663011812218866
ck_58fd684aa5a6f289,0.002540609492851051
ck_9800c21dfbd8e811,0.006025767353229811
ck_8ae64df60ab6ccda,0.012833541736368081
ck_e535fb0f0c00418d,0.023026764229720074
ck_48011996d54855ac,0.35720716908935335
ck_ac79c72a8fe3fdef,0.07700287681421522
ck_b8cc2df5192bc49b,0.02620897014026541
ck_e96a5e1f08f8a867,0.0031046109120620967
ck_84df6770549e43fa,0.004582293744362613
ck_e5f7b99ba6ec5767,0.01255751935919544
ck_8347455ab53ff620,0.004820092527405387
ck_a84f2cdf695a71d6,0.007004248219306566
ck_90456160115f9ef4,0.003210208775800627
ck_ebd178b3f3a9c50c,0.013155128893283501
ck_e1140be6157bacbe,0.0020908798953504113
ck_744ffc11d32b96bc,0.009062217328403383
ck_e12a9f7d027e3387,0.004498417989614639
ck_cbe525da0b69f18a,0.01590790000349179
ck_aa59702537557ff1,0.010691761775785383
ck_0348cc6908f7f3af,0.0018506080425341374
ck_120e995d50956bee,0.03966630695234481
ck_9fcde1ff46cbbea5,0.0013766266090397138
ck_54b0b070689c50d6,0.0019615475641405955
ck_966a167758fddfd4,0.048466061948899394
ck_d5194f2e92fd6427,0.01111191141994037
ck_2ee84f3fa27f2cb8,0.00501129348933807
ck_57d0a7eb7eae2eaf,0.06578971869493291
ck_6a2c4edd82e10969,0.001977109717460626
ck_96e4d38ef670eaff,0.008350604817720684
ck_52cc2fd5095b169d,0.01456981976064255
ck_4b088920f3a844c1,0.05495393056042784
ck_8f3ccbd20d59f1f4,0.0033556941132589627
ck_e5e5dc431bed6f9d,0.008629006571441621
ck_e8b5bfa6838e28d1,0.011984671423594773
ck_4bfeb78b47b7c6a1,0.04684731717270542
ck_a705c61bd679496f,0.0061402441211530386
ck_731869a0c39cb2fe,0.02439976896520975
ck_259eb102342057ea,0.003850377729150602
ck_47a6005fabc33551,0.0033452623177251273
ck_682262b455a9edd4,0.002377894527125916
ck_e839d104854945f0,0.005097461745739376
ck_761989aa4c47d746,0.009888754108206005
ck_44211dc210139ed3,0.0052203791647575624
ck_9915ceedf63a5289,0.07904158357658649
ck_da59ab47cb6284ad,0.0022047139700693144
ck_e5cdbfcca2456652,0.004106654426396499
ck_13f2560c6a1ec62f,0.010646632258932733
ck_a0543e9b3abe1001,0.07467061119673926
ck_11c7a58e09e6547b,0.08770909454762958
ck_69587a134d43a4ad,0.01852398583504781
ck_28dc0de0ae291f37,0.02474712421009674
ck_298922703c5bbe05,0.03187565193133988
ck_fa5ba9ed9ed6a343,0.05533348976040421
ck_c08e64d424e56c05,0.026211956372924797
ck_598e036a28262aeb,0.023177854599630617
ck_3f7c870510083a51,0.01100777983017381
ck_364f8203a3e98d36,0.7546424288969702
ck_7333cedb61506ead,0.006073831194403187
ck_1d96d7fd65f208b2,0.02060268283575114
ck_63133a79f23e2627,0.1422827775959804
ck_901d820e0b72abae,0.0016277509184971124
ck_5dd80b3c01457bd8,0.01302509889811004
ck_c0b8067c144ed6c1,0.019737342286737902
ck_cebb8aa8c8f62c60,0.003280357991157435
ck_79749eca42ff1f5f,0.02059972776803544
ck_2cc1d9b587f6da31,0.10086343526427456
ck_ccc7916b56d42195,0.004889442898390875
ck_e43e53cc7b8b8e41,0.02378021660117325
ck_4ab74a6e7450416c,0.0036317540523018088
ck_6e44024e9de301c6,0.001474411749192133
ck_dd78cb6ae2866cc6,0.01556405845461968
ck_c363d3b050baf3b8,0.018759563135973004
ck_2d46291975f0dd08,0.005611132069099349
ck_76ebeb5aee42f041,0.05411179714679246
ck_8395f004cf4d4c08,0.0050233672398995914
ck_de7259c3741db179,0.012837458485335861
ck_3938e92585df2b34,0.011978622775796754
ck_af69bfcf4f07d932,0.004143172178604089
ck_1723900ab9afe374,0.09352704029129338
ck_3d58628d1c853c8a,0.006237734044262095
ck_12a074db100481cf,0.06862410901070862
ck_8716cbf892c50e29,0.010166056726871951
ck_fbf7351958ad9615,0.007041706616964881
ck_a50370907e6b397c,0.06360468056915713
ck_937402a60df0821c,0.001964946151728863
ck_8ce9c5807acbef48,0.004682750597879043
ck_acf7d65eaaa4c31c,0.003591346658267316
ck_ec3eb6dd0967cac5,0.04409219058494808
ck_fc832b0c90c9bdb9,0.8019857604298326
ck_8129e81cde280131,0.007437622286701978
ck_52c0ef68aa2fb8cf,0.010747303543148479
ck_06f042e9b1b662fd,0.027404485182342963
ck_0bf35dcf7b38f650,0.001915415493122124
ck_615763afc2e17a7f,0.0022828991700539897
ck_e72db9d4b2fc9997,0.9732517468662959
ck_13757bf0eeb353e2,0.005344548287605688
ck_abaf371ec8249c4a,0.04342478825958005
ck_9b7167da0920c37b,0.13877768659310552
ck_2e824b0b27494a17,0.04746811057557157
ck_9a0b605e9c3220c4,0.015198475252471685
ck_a5276af466b681de,0.004051310843518226
ck_9e0383e1fb6e214d,0.07338805008852271
ck_6a27c44b691dbfac,0.0028368454067169892
ck_af39767cf583905b,0.015851218902708467
ck_243b1b9fdd3f9a74,0.0037060313241625434
ck_c0422e638a9c6046,0.013939514683200791
ck_e0f3ea3373dfc4aa,0.015410651695843769
ck_d56ee1654378ffc7,0.016629710728730682
ck_20cd2f5666719baa,0.002819634410783994
ck_4dfa1c1e9b69fcc8,0.01067176594082396
ck_5d22e9ca1d15180b,0.6899357859312814
ck_f4a7ac178fd55f0e,0.003145845989952176
ck_fd5609bd23a1eaf8,0.004436946627660294
ck_49c3bf13dc9471ce,0.011949348175330702
ck_724085c3452d4693,0.21139135714926013
ck_e5d1462846154a75,0.0528927495899206
ck_c69ef0f3e7d6acf9,0.0312613132543223
ck_a2d0417791d4132d,0.006673688479037468
ck_00a07fc2a9183c3a,0.002025801165836374
ck_781b8288e54ba8f8,0.08810826333936098
ck_d74a62ab3804a81b,0.008753074859842322
ck_abcbde211b6267f8,0.07766009867573176
ck_16dbafc035574654,0.010122869795358126
ck_018f780215ecaf38,0.005204042375387272
ck_0b259620eac51618,0.00615677469644468
ck_4f875342394c110f,0.0764177502860002
ck_399e45e5fe9beaee,0.007996592555060647
ck_36224a2d394ebfe4,0.0964677152921104
ck_c189b551bd111332,0.003119085062527612
ck_125c5a720ecb177a,0.15128732208678197
ck_76d010aa02eb477a,0.0016218710126808947
ck_1071d14c46c92379,0.4347002589477013
ck_61d244b2cde483af,0.011304640629797282
ck_2ff1860da2004c84,0.0022037276653624266
ck_c5b583490198672d,0.007661786919681167
ck_1294f7af22fade11,0.07483059157337973
ck_e3a22799716df39d,0.005472846471474872
ck_c77e22834ef97005,0.6082831328785392
ck_73d3689728270a2b,0.0035093820282057807
ck_295565fbf77ef885,0.0028150371225466463
ck_80c0a7f54ff4895d,0.0044017341368990815
ck_f1ef5cf7f10b16c8,0.035333222449187275
ck_a958b2461ffc21a2,0.03322967784059631
ck_0e7899a57cd617d6,0.0019137428824092485
ck_9d4fed252718f58a,0.032890808017954846
ck_83c2c34add971d76,0.002211246117193602
ck_9ccc030ba2de9fb2,0.02529828065332189
ck_cd691e3466fb3742,0.005015981939893109
ck_49df70f908dfd069,0.032374375081633
ck_362ce13eec1e33a0,0.0029358786236649993
ck_2452a30397dfc54c,0.014498349251737735
ck_a443d49c2b4863b0,0.00777753073764729
ck_c8b2e2cb349dd0ff,0.0035865135022518286
ck_354909fecf5da8cf,0.008050600641061424
ck_841f598bbd54c83f,0.020049056740896992
ck_cd6fbd4e8724f994,0.014545887455927355
ck_e0b3158111370118,0.013112726217194726
ck_4c2f2eb657c2c60e,0.004035682025494505
ck_ef346071f0b7654b,0.008030186285845585
ck_f3bc10e3decefce4,0.00365067168385067
ck_189b6fbe9b9192e7,0.005182523598132687
ck_5245cbc5ff4d4fa6,0.013094966923118507
ck_cb42e3be6fe87f60,0.00546482363047055
ck_966d4d713cbc7792,0.004017058811612521
ck_1c8c969667cbaab2,0.8782414254725398
ck_d35e3aa9ef5d405e,0.12744158322180713
ck_a1c39df50a5873b3,0.024081893570486946
ck_a152165caf295b51,0.014317025003267297
ck_891eaedae139828e,0.005386731030729073
ck_1a46b56f4734d52e,0.00814153933125799
ck_5e36042cfad96c99,0.11407495859943192
ck_02a8582c2603e675,0.009770411228346237
ck_6def9d0429e4ed4b,0.009611891478949613
ck_e137400825a1e3e6,0.012646026160704323
ck_d91ab840848a54fc,0.002584159039148097
ck_becb6e1c608e0078,0.00242177533308331
ck_6fd8c86ac719d7eb,0.06483462108670063
ck_3ed4d13f12fd9d0e,0.06637221551935103
ck_007337aa99a4891e,0.002011750014091421
ck_60c3d8306527a08d,0.0019893579806576785
ck_95458880a54df0b1,0.23245972292741124
ck_b48cd8593533fc1d,0.5715257338789661
ck_021c6a4a7e3f1f0e,0.0017421361876973004
ck_764d40f865e710af,0.013209671678356308
ck_4b84357ae8ec7777,0.006503256566357006
ck_3397c7856b4669a5,0.0016035991164038933
ck_920bb003b42e6310,0.003419799114801708
ck_8f59f11b512d5b7c,0.04413275598532419
ck_a3acf4b986afa98b,0.07988056339900997
ck_e89d25ed7bdeeaea,0.0045996893241981255
ck_70e6bca473bf6902,0.005634950390008723
ck_186161ce152836f5,0.011756391888987264
ck_9191579254663f5d,0.00955996935199608
ck_1e6628879e9d653c,0.009125618549000146
ck_b498fa91a0776ff6,0.009011220700465502
ck_cfc2384f22954830,0.04155170317659514
ck_17673a1c2867888a,0.0018002933828262734
ck_523dce06515b072d,0.014533016293528767
ck_c20638a325ead2e4,0.002520623652923498
ck_d3877e1f907cc148,0.12523612350789629
ck_e9a2495dea8675e2,0.00824480693788374
ck_7e561caa5fa1f3f1,0.024531516800097027
ck_455672e652fe1abc,0.8920653394502799
ck_7f8f864fcc90ca82,0.06041956746817437
ck_1ad36046aaeb816c,0.007964917984097711
ck_de056e37c82e8e00,0.008999830997080353
ck_7484c214c889fe7f,0.04099060493239163
ck_32430e678c4f9f53,0.004729195536242814
ck_6276ece8f80ea799,0.024076538501529382
ck_ae8e5dc4b725bc25,0.030931591810998395
ck_f01be92dc78a2dc7,0.01325015896092098
ck_233397a8bd40d38d,0.008137868421512581
ck_f8124911450fdf31,0.6984164367904955
ck_aa0a3179f1111674,0.005351672411179634
ck_2366b29ed9887a5e,0.0018501909380999266
ck_1f22f04dfc08cf27,0.004585717824996367
ck_b62276c3426d680c,0.04149103102857694
ck_d099fca88691f66f,0.031897221839399546
ck_166bd1dcbaf4d6fa,0.001861050610119355
ck_7b1660e942436e12,0.020477340689925218
ck_4a9a791a1d409a3d,0.049720778355149556
ck_b003e5b54df65db4,0.010744979067850333
ck_64b4dcbf436f0b75,0.005722658897572052
ck_26e9a7bb2061a58e,0.06188553960342555
ck_08b77ad5f8f73007,0.00847734894849166
ck_366616a725afc6bd,0.0148610193122179
ck_934fb5064b6eefe2,0.002647595938565744
ck_c6abd5d57b1009d2,0.001837674218846759
ck_edcfa9e1cf29d813,0.01534272838298114
ck_c30201ebd003fdc7,0.004993655285745298
ck_c54643d94d3ce355,0.045130162769332405
ck_02adda6e91e49650,0.029607884143020992
ck_5b73d7c5255e58a3,0.0988848239995857
ck_129ffae92dc01408,0.001561843404013238
ck_fa321945ebedb916,0.03564818379343904
ck_8da980cb2e1e2bfb,0.006324343072557755
ck_0576b00d728bdf19,0.04249335761355241
ck_c543d82e22b3c8a5,0.0020902304926350484
ck_0027ba644f9ae2cd,0.20228260863282754
ck_8dbf61df902a6bbc,0.0028176453049595703
ck_90eeca1cda79fd41,0.004151098510918359
ck_86d7127391d4e01f,0.0022739594145669883
ck_73762038c7ff2f6f,0.0037969636507810614
ck_a1484e6215fac651,0.5537239111728312
ck_cb83b9f806e90dc6,0.15885902035608473
ck_8c6f059c95872126,0.0032996855453401985
ck_3174419a81e7caf2,0.006747759897910512
ck_6a0f8f8fa4a3c2bc,0.037038117175157204
ck_b5777605668bfca1,0.0022545669749860077
ck_27e4de495abb4d15,0.005342082366347681
ck_7f6fa79c7a107161,0.012018056804739372
ck_c36ed9f8e6792ea4,0.01294785362572861
ck_67a1aa88d2ea554a,0.06867540538801074
ck_09748dfe4df3d540,0.0018924205679278047
ck_27fd85b1e38b675a,0.0012661224053734444
ck_2369689bd795ee10,0.004322706901376396
ck_4eb1c12f7d092bac,0.0037545550730141
ck_01fbafc42c8e33f5,0.00609753980890732
ck_93c4e05699b3b7d0,0.0072887969471318835
ck_afc484d1b6907983,0.010138703554971106
ck_1b2d9cae92a1aab1,0.02852881527769156
ck_73b729cb161487f2,0.004444194160144136
ck_fe3c1d0ac090d960,0.3042503260400779
ck_408efac1d3885ff8,0.03753243960999408
ck_ccb4dd9d0a48a76e,0.0037804940069440488
ck_2987eab34ca7805d,0.047975714175051414
ck_1dbf1f15193197db,0.04245360517654802
ck_4ed711fe4053e74d,0.08119116632196682
ck_6c54adce174f45f4,0.008680913883431847
ck_a6c740041faf0bd5,0.008672749398170577
ck_b05c4d33c4f43639,0.01931625883239564
ck_032880f1114dd51c,0.02979184997124671
ck_22311b037456a76e,0.0016509775278043162
ck_5866b413549765bf,0.0038179450978091745
ck_0e808afe2570ecac,0.00724353496952652
ck_634276b05f4381f8,0.013481368138329472
ck_5d8773badd0d4740,0.015065707754130683
ck_82b5b79ce3517102,0.783282545170775
ck_b378b8d8100ee4b1,0.0072315767370712495
ck_54e581f71be5430d,0.002266619573168837
ck_798ba4b8aa544fea,0.0028218035661975215
ck_3fe86b6331ff95e3,0.10313369870052863
ck_81275d9d4c559e6f,0.00803869051283156
ck_99a4e5ef02d89493,0.01809868618331125
ck_54e2eb018d947790,0.009380585631303255
ck_966901ea9c77cc02,0.004751747388191901
ck_27d69ff4e0cb428c,0.10259859849577155
ck_2cee2dd7bbfc09a0,0.8266860334174744
ck_4136b00924695ab4,0.0010405371734083617
ck_59a164c40c03a45f,0.013848510458158964
ck_3e24b026bc66789b,0.001820343108470856
ck_8105bcf69a75ee47,0.0031419299836483276
ck_7a1782cefe26a456,0.025434706910441272
ck_970c7dc195161272,0.0016688242033005697
ck_a48ec0c00ae20e82,0.03554932262104078
ck_54b374ade34e1dc1,0.004550189193251923
ck_74e5dec189761d14,0.004506016494223449
ck_4717f24f2c6f40e1,0.06479537569929
ck_fc8cd8a8209e802d,0.012508633034372347
ck_71db4131d7efe218,0.004260673413774023
ck_45424ea6f0bc4650,0.11656286767064389
ck_3716c6181a5035bc,0.024303598211178883
ck_26de14b96bdad4f6,0.004463197421517025
ck_99c0a41ac9c73857,0.0029421806167130487
ck_645f15bbbcff3b4f,0.977416126612905
ck_b7e25ddd41514d4c,0.002354652375900051
ck_d5c14e877ca7b755,0.0020539003491387925
ck_05ea4440dac6cfad,0.023820437504745842
ck_c58bafff7b1955cc,0.0156784056531832
ck_f0cf85b67a9b840f,0.01870076033258727
ck_ce1500a7f0d03fba,0.00766895924834929
ck_d4972a775aadbbc8,0.008377177136114152
ck_3eb6146c262e0fc3,0.0018684101415596592
ck_afb23858a4ef42ed,0.9751852795776035
ck_2c1def5c91c52a5b,0.12058982718606508
ck_72e550559487b919,0.008541275855138298
ck_0284dc2b4f856b3a,0.4203564075758731
ck_03be334935e999a2,0.004245628239036679
ck_e35a4b4a3cb4cedf,0.008148057591001642
ck_5abe57dfff4b735c,0.005729495924308124
ck_f5f87f772388efa0,0.015404873419896277
ck_5a22cb36d612236e,0.0048256943206304885
ck_8ff1e6028e764472,0.5417970252626865
ck_2ab28149b0986642,0.03928176479381157
ck_c88fc1bac79fa6d3,0.04551785178706537
ck_5b137d74bba6b1b4,0.001557324001088183
ck_11f362dca2dfaf5a,0.01741805146195173
ck_7f960541e5174565,0.0030365460886454744
ck_d5458ba39ae94498,0.01551880154277552
ck_0a921a73a90c2e39,0.04006447092452449
ck_6ad56ef40086dbe4,0.017241332756842843
ck_b68199ecccf2350c,0.0016870325616788568
ck_6dac66c8198c07d8,0.01350805537464131
ck_9b9ce7bebc235fe8,0.002655424786851458
ck_6b817117d87063a8,0.013623921598631385
ck_900d62b3184378c7,0.00211832258613962
ck_eafe9b89857149b5,0.009323136904143173
ck_e74716a525ee5b24,0.0021363925754891238
ck_4e9a6f06ab134102,0.0130839264405268
ck_b0d33b5a3716661d,0.011204590240364777
ck_8703543bf3134306,0.012260649770726391
ck_923d6a0f83accef1,0.006355290746004351
ck_52e37e2170532e2a,0.45938174837622
ck_c1c5ea839c58958a,0.05152806348708654
ck_660f0006780e87e7,0.0040652513826759575
ck_830b2c5d1818ac07,0.05036987193092399
ck_b080ff636932d1f1,0.0018104226410825138
ck_38730aace405f2ae,0.9808142606304802
ck_9790138467a06223,0.001287572150253998
ck_10de0b0d86b17839,0.003010982621405773
ck_c3e37a4d3382c32e,0.0013768761221298316
ck_dd8edfefa1eba531,0.00216140116517105
ck_8153cdadd300d234,0.002828039884470039
ck_74d0e7c2c6b63d36,0.9218262619975629
ck_c478aae3031bb328,0.0034684654864020554
ck_cf301f2194975866,0.007390294163370708
ck_f4de03f44e3a5bd5,0.004441507292219965
ck_b06ce826e593b210,0.046429103655067076
ck_2fc70b6baf6a0e26,0.0032401092747844167
ck_d208494cf5c90047,0.06591669276318592
ck_086d29ccae565e5d,0.003334003500742191
ck_d5ef6dc116dee408,0.010898847362867137
ck_fdf0c5b722d83464,0.0056471410091728435
ck_de8494b13adeffb5,0.002943444853159908
ck_556786868599143b,0.031157543729800345
ck_4940e78cbdcfecf3,0.01928076656122862
ck_d32fbbfe32c00416,0.010304101731573647
ck_bc7710f7e9fae649,0.00445887577775636
ck_416f7ac57da081a3,0.01740417802077076
ck_6fb39b60c67d5475,0.00333572361877172
ck_e40a156511345d6a,0.003011735807450735
ck_49ab879b5aa7fccd,0.12534639067661407
ck_bb643194d1cbc47c,0.9777039934188977
ck_b3ce8f1bcedfa043,0.009041588701419783
ck_558ebde8c29132a4,0.005639155202826892
ck_e6222925762273b8,0.12143056028850367
ck_bd80546b4807dd59,0.009763738215152211
ck_bd21164bd2bbb635,0.009314485586618227
ck_ea835557d7043667,0.018152713069604524
ck_1411a80a157ff39c,0.007038778635281588
ck_ab973888c20c9120,0.2040405309116623
ck_95b48972061abe82,0.007723335244423906
ck_fc4a43f8876bf10f,0.5847431004013464
ck_f34fb7ccf82f41e5,0.005358331236986855
ck_5af9934a56801ac0,0.005287499870715007
ck_fc7445ec76389a58,0.39168149844801836
ck_1eeacc26f02fbba4,0.04001067873546399
ck_4f325dd15c9bd45c,0.020851979202896817
ck_5009a6c8bbaf15ba,0.04481747675411159
ck_0f3de7f074bb33af,0.005351078431566729
ck_2cbc2f93a32eede8,0.038393850195913036
ck_4bb90a61c21a303b,0.018908033412896565
ck_3ade9eac7d7b0dbf,0.10712768936218381
ck_4859a58629622915,0.007389524228615833
ck_5fed957287ebca03,0.0036226334964756116
ck_ec01ae5351500355,0.0024477808377315353
ck_703b41624ae6a5b6,0.004696240312677445
ck_97c38e7f61c27e47,0.007099656437174674
ck_db2c0908150cb2cc,0.008519767986060606
ck_64ac5e6fed86ab60,0.8757835069071356
ck_da1c853b0a061e83,0.01318503180828457
ck_9a36916b60178ded,0.7878542138437137
ck_3715bfa7fed2c675,0.005282193809058495
ck_dd3feb77d7d4f6d3,0.025896249730960427
ck_982ebb24174a4ade,0.008598781159106393
ck_f6b7a10d47dd9a1f,0.00886631947354928
ck_1f56fe99f250cdf4,0.011693579872366362
ck_deb3ac0606d6f6db,0.012464338011629623
ck_e666629e5a41b39b,0.00752297415509616
ck_756d2c13d02b3e09,0.011948846875783105
ck_7bc752ae7cf5d55f,0.029124759928768673
ck_fc0cc4b25e6a8194,0.0065945875348733096
ck_9b2b0e286de78a1b,0.013269156795027742
ck_24b0803447211bf3,0.017740884517672997
ck_82eed68d05a42128,0.01836156335501834
ck_c8a03c516ed5b05c,0.1608635228335079
ck_e914974cee1bccb1,0.004059179545881286
ck_0c533ff2d0f9962a,0.01933475283297246
ck_c12805fa5d970a83,0.04345590574846525
ck_fc2cb29918631f10,0.054814193143493874
ck_c20e89afe575549b,0.002802876715216269
ck_e1ff9e31becc27ae,0.11870029519060582
ck_18116d0ac08f1996,0.9580800358113145
ck_885a83975cea5e64,0.004391934721878508
ck_a0c3059a959ba5d1,0.01428912544925413
ck_75257ca7d7da2861,0.02346735508563532
ck_2210f7a0d13bdbef,0.02770270248377922
ck_9cbd9ecf8374f65f,0.005031603104176769
ck_18f67c00ba21fbde,0.009935268084184757
ck_2d28f14d3973d8fb,0.004477671423227844
ck_8b3401b44aaae728,0.004321634450782659
ck_9d8e9ef37797d3af,0.6511099357726939
ck_9f50920c894f64e1,0.015157961517310733
ck_4737e0d56c6fa0a1,0.0073138494148968225
ck_52c311f29ca3aca9,0.0014533374262090102
ck_6a4981bc721df37a,0.016627017828099486
ck_823539d936c55fc6,0.007071390968839885
ck_df5aedb4118020bf,0.9195918774048061
ck_a911a066ff0f7b56,0.05502813908016811
ck_684609767df4a14b,0.03026533583276398
ck_f2350bf355dc919e,0.011412455796870322
ck_8452b6cf97c65a5e,0.011159460620867024
ck_084cd84501012218,0.747310952270394
ck_ace6b72e5bf3e93b,0.2613282921868184
ck_2afdd69094c955c5,0.016743787434315413
ck_fa7d5be26bf7b31c,0.09637510388086165
ck_4b041217690fca2f,0.0296495503915711
ck_9fb8e3d38cdf276d,0.9064994804442377
ck_c1ee56d65a42f59f,0.01232332552484643
ck_fdeaa1cd085691f0,0.02261128919532899
ck_5de33a7a87e9aa62,0.014962514872802753
ck_7476e7fe1ff45545,0.03692017025140824
ck_b0a947b498e47018,0.005222065944098343
ck_e3894ed88a7977e4,0.0031732423082563906
ck_c7e07ebfb0bc15f6,0.04056545029316014
ck_3a3daa8b376f2a18,0.0023930802584362534
ck_87809324c2675b0a,0.015297575246747512
ck_7eb4f33260f1dcd4,0.00939210033527305
ck_ab9f0e08af030060,0.015995592749444783
ck_5b8fc4a76f340797,0.0173799356252222
ck_0e7bf10ef49aa818,0.016496092674840944
ck_a44462a3853ac67e,0.9595562828522493
ck_2d14bcd2e0fc043d,0.003639401311935372
ck_df1f2dba802296be,0.8524594848211917
ck_466a7316eaf149b1,0.01278212577508886
ck_50df50af592b0c06,0.01397496012089036
ck_5f9e34c849704b95,0.0022937594146942995
ck_7836bf6def26aa87,0.011892929472584319
ck_ba175b1bd8efaabf,0.010631023395583531
ck_1a0aac7f7b94b1be,0.3093062009878863
ck_6768c4b2aa8ce586,0.010573020152205542
ck_eefcf0ed15897898,0.014473429026116088
ck_7a6cb27e390b6ceb,0.011087847368319258
ck_5275be4e1577c1c7,0.0034833035255456384
ck_6bc0e5b8c0b7d2bd,0.014253085472332942
ck_4874bdec79f9106c,0.028402769070985392
ck_a678731156ad7bd2,0.12358842830167592
ck_db906debc36a5d1e,0.022077223450332036
ck_e87897767c612942,0.010641186114750881
ck_45ed5ee496ef8a67,0.011220901201804924
ck_ae20e28f9854f3ee,0.017972226622982812
ck_9ee044b73943a90b,0.00833689371290854
ck_dab34cf6f0626c9b,0.047083174141970496
ck_64a02b7b96149810,0.0037916358521142652
ck_c417d06f3e94685d,0.006089319576882314
ck_3e0149cdee4cb294,0.025083870475517068
ck_0e6046fc30f81705,0.012067116553549445
ck_c383aeabd53e9c89,0.015563777359767907
ck_2ef76f1f36e8b869,0.21600479064233968
ck_43948784650bb9ac,0.005121441201907172
ck_bdb966f43ac350ee,0.022026320839471904
ck_5bea0e0ee0b094cd,0.005975734101404532
ck_dff090f03ca5529e,0.004926998301659931
ck_a4691b57f837d88e,0.015084440701195382
ck_99ee90946395d74d,0.6500327126029264
ck_cc81dbc83a8879fd,0.0063706164248898255
ck_f3dc0725621b3a35,0.0044618746149265994
ck_1bb212d1288b9689,0.012548676623658907
ck_9e7278fc7679f002,0.025252689386075996
ck_3ded7a8720d7e311,0.004062028042078739
ck_798157bcdb9453e1,0.0043818779499790635
ck_9fba80f56f357fe1,0.004612534008279306
ck_f1e1c8491f16f912,0.0046264357385957106
ck_7b1319a5ca2f63c6,0.9474702350800625
ck_124432fd5c92af7e,0.7102655540824594
ck_148cb0c723284dc0,0.009319895964893202
ck_b56c62c950eda009,0.0030988679418539303
ck_a0498755cd8d7188,0.002384011504817229
ck_5379452a9d74efae,0.0027470411615717607
ck_6c2453229d608183,0.014490888529240919
ck_f9d8b4813a88c1e6,0.010037875818852094
ck_c2c7d1e45a521857,0.06232250967191209
ck_4364a83a11743888,0.0073582977374739645
ck_2cdf5fd97ba75e06,0.05936913952650134
ck_71bc01291e0533a0,0.0033805069802117426
ck_a725d7aed2a0bdc2,0.002861712175868214
ck_a9b0c4dbd7db6a91,0.03203078032795661
ck_a4258806a533efa9,0.011058830935117118
ck_905e460591d9a278,0.13045266209285808
ck_20de8abfd8960ee3,0.00906786456434976
ck_252b0a0f1119b220,0.001627981735473451
ck_95e4bef65c36af1a,0.0018145366432145496
ck_5ab68b434ad53fea,0.005393571386205373
ck_13677a1957078827,0.0017810547102083997
ck_d251e9fa09e542dd,0.9825953753482375
ck_700cb620f300dd47,0.011765741076614671
ck_39a68c55a1bd3ace,0.5504995263333063
ck_61a59a7944d6c53e,0.09677029454065236
ck_db6d1c6d31da967a,0.003437034622675875
ck_650020c500b1b50d,0.014446217334280934
ck_d812eb6930192793,0.002690970799330981
ck_92f6ebc11ebca89b,0.04928680254511349
ck_d87e26eb5bc84b01,0.002775617394005181
ck_66439e697695224c,0.0040065823330367335
ck_f21efd504faa654c,0.0022246843981136777
ck_15eed0f5652f0352,0.022079414169570065
ck_bcdbf57d98dc0d27,0.03741275971328638
ck_873ceb8004d3a9f7,0.024308521252420813
ck_70bef9ddd4bab005,0.007702499306280013
ck_7560f1891d66f294,0.0027914726022745208
ck_f439f16f8693883f,0.02108978214302091
ck_14f9535e53f9c7a6,0.019774707308876947
ck_5984be472d2bc267,0.12929625330145308
ck_ed01be7504dc4187,0.04874652503938787
ck_dc3d8b5c17b67ae9,0.005262567197066293
ck_9dc23031b6b494af,0.05258585200029452
ck_fbdac0221bc03f66,0.013820829634064662
ck_863708a99b92ef0d,0.024757268975650303
ck_22b52654776a1ea8,0.7930893771845079
ck_a0714f98001efa0c,0.0077415825094085304
ck_9c56114f84e9a541,0.007464239994486831
ck_e155cf506b2fb699,0.002703565884665248
ck_65ed7e72f24731e7,0.004117209588066326
ck_822d6e8e43befc72,0.8734449443741734
ck_b1182471d9ac6b26,0.0026989693986451836
ck_821446adc95e6da5,0.007609026483538602
ck_ff182f033134dbb8,0.018686160278824436
ck_9c5feef7647b0588,0.04966830089676515
ck_df935d8bdd44883e,0.009668392014286618
ck_01eb24c18ad11fca,0.16366625274380175
ck_00d6730134a1eb51,0.004777295991796231
ck_79ba8e85678d0224,0.010961036676103219
ck_97e3b04a1350f6e4,0.017838767728445934
ck_74e9747954a46eaa,0.0073289201274905555
ck_397d5fcc9972f909,0.05245000894429973
ck_9ede89e8a43c3f53,0.04952921157124081
ck_303b33910d67f306,0.0035943384931197767
ck_3c17841636f6f7dc,0.01022556788560397
ck_78730527f8ba1438,0.15658496691361293
ck_5ee32bc6bb5d1d4c,0.07815429279997406
ck_a13fee8cd925d0dc,0.010957296355024723
ck_6f847263379f2e43,0.02558688601252427
ck_9b9d9e579e7b55b2,0.04629157644822657
ck_87c1d0a79e79c84b,0.044366051303096454
ck_bfc453eabb472f91,0.004438871240794619
ck_978c21bb5fe3171e,0.032700518246681326
ck_dd882323474431d4,0.1365685327044195
ck_533c4f7400d5ab22,0.21721165764021072
ck_5f217bfe28954e75,0.9673869678988458
ck_ae96d35465b3b4bd,0.00924077023828534
ck_512ebe97c0af94dd,0.021640693451262773
ck_f558fe02bb0219b8,0.014925604523702927
ck_84092e23d5ef4d51,0.03771594834767914
ck_17d3022ca12eacd7,0.007316896684561173
ck_8a8f81bf3558fd9c,0.004480992881696268
ck_0ada6fed1864e7c4,0.009910316319827625
ck_21fe7bc59dcd78fb,0.00477720638689505
ck_e136e20c1c74fe38,0.009812429880397367
ck_e7a530e09d113dd7,0.3022359396042438
ck_7cb0c9ded4d63027,0.02228931831492721
ck_102db9615e722c9e,0.03477619387432507
ck_129e39ddfde92eeb,0.0024270911176046328
ck_d730ff21bfd7769d,0.010583516078363175
ck_54459b45d2be8459,0.0035721098201267976
ck_7f1c20319eb60aa6,0.964502663953944
ck_939fede90473e412,0.007310469904168535
ck_e0f9506a6d5f4a1a,0.0033106228576437026
ck_9a4967cdf49265cd,0.11907911739051286
ck_b9eaf03453ac7d5f,0.006353293138044757
ck_522477be6376b450,0.003905726253961561
ck_9b6282e3bad50710,0.01018520100014094
ck_a0e3a2facd508e49,0.021032285121747287
ck_97ffae702f7c3d08,0.0024087675847327666
ck_344a95cb7115ec67,0.007416992592550341
ck_1f2760764afa45e8,0.002332121221762098
ck_720cd658d11ea428,0.021028828565400753
ck_04e32ee9834c088d,0.6820240744313484
ck_2bb1389e5e72c8f4,0.03910109247947864
ck_961e7dbc217cfbbc,0.003734791536812507
ck_f3bce4eccfa6d6bb,0.00425582570293776
ck_e0ccfa0d689339be,0.007492539973345818
ck_98217aeafa0bfefd,0.0265922289350387
ck_a02aeec1914c158a,0.024857730904516893
ck_20a17e8f206a14c8,0.05028896569671239
ck_114c32aad4b6183f,0.04694558154898086
ck_79f5198f0decef20,0.002886999327061604
ck_2209de229b4c71c5,0.016645804838685198
ck_6ee939b7f396975f,0.006855727530057369
ck_202f0c14b07ace01,0.06726835945042407
ck_fa24db9d416ab904,0.005556330626142157
ck_cf6aa24b92c4d33c,0.1620715521248861
ck_45f57fb8194cefc8,0.008572917963068867
ck_d5eb179dc45394c6,0.017414901535970556
ck_efb24be983342f75,0.013551983229480374
ck_245f5d62ead5ef28,0.008612788635409761
ck_15fe2a47fa7e92ea,0.0032835572509804286
ck_b6527a85fd682554,0.037928273901929085
ck_11f9390a11ce9ff5,0.016305573834012467
ck_ffb4d892c5158201,0.002299101672414439
ck_d4c1da5a1427fd6a,0.015353018836638282
ck_2c041b1efb1c5063,0.008516900017050404
ck_ecc18f40b33be769,0.05006260494538427
ck_0525349f3945375b,0.04269617343697925
ck_0bfe62e0c7eab9c9,0.015325717905372186
ck_b7c37d410b1646c2,0.00928112719206307
ck_4b15b0746318cf42,0.039781891981415844
ck_e5ee006ecd8ff661,0.053546482035765064
ck_ccc83cf66365357b,0.03539034708176081
ck_34a33ffe8339f66d,0.920681204050454
ck_4e39e3b165edab58,0.7949787853965216
ck_1a71f8081ae00190,0.8650679327757347
ck_ed8f1200fc049c40,0.953235608597611
ck_8a5a57858e8c77f3,0.027914774050033852
ck_fff9fdc2adf5100b,0.8023499097990963
ck_c76f1bf40f3b787b,0.0018380567923993096
ck_1a6ddfeef82b1b1a,0.006344549107837471
ck_478d2667aa9896d9,0.004852959559635743
ck_641c8e7694b21f3b,0.005877139968897122
ck_293581d879f6663b,0.7957763221884575
ck_1bfa8abdb22be8f0,0.012586371830551045
ck_05ab5b03d0bf9ce4,0.4111017726401217
ck_35694db37f0cde7a,0.002867547058304862
ck_fe33eb743d714c03,0.00904802398804323
ck_abd10fbcbaf2b038,0.005695689060596787
ck_46d51648c1bf80e5,0.27497559859725507
ck_5c8390017fabfaef,0.022463122293341714
ck_87d55ca333f22072,0.0020431396947311027
ck_c39c6a1453e2b92c,0.0016044564611360206
ck_69ff1b0aa143a168,0.0016637402701269143
ck_e57c79eaab35ded7,0.003625488149112794
ck_463ae759e2b6ad1d,0.010220365603409071
ck_0dae4a7eb587f3ba,0.014624104124498891
ck_9b12fb56529ebc4e,0.021522408247595617
ck_1af547077ba2dd03,0.25963836257298967
ck_de13de941bebc7cf,0.0016663608056014397
ck_83dde7da2bf647ac,0.002008603356557691
ck_c80a94d4660041fe,0.03439192494272067
ck_f39cfeb277ef6528,0.0017628224925102486
ck_1cec1ed1512a2d3d,0.002259897842689848
ck_7955a359b6448799,0.0021642876236806904
ck_8c0955dad13c3ca1,0.005355939229165682
ck_6d4cd2de601a2308,0.010567605673765454
ck_f4536ba8dd2d551d,0.007670836195705346
ck_b379c198d6db2d62,0.007445791113259796
ck_76ea90ebc74bcdc7,0.012669382135876098
ck_734f06bd4aa92781,0.025891233537666994
ck_677e1d0c14cbf569,0.0036069443731946934
ck_259271c70f3fbcbe,0.03494066420985277
ck_c0b744eb9e7d4eb7,0.011447207554703985
ck_3d41faeb96802f68,0.0036366648397997943
ck_8f604fa70fc3c8e3,0.006972307159020169
ck_0b3c3bea0e0ed339,0.006802288445491548
ck_be5df076b8a86409,0.0035998613687615866
ck_6a475fe324d7d790,0.02827101865180367
ck_3ba3fa5387bacee8,0.0013818059818993668
ck_324b9939d9c1c31e,0.01150299585683099
ck_a7fcf7b592f68ca1,0.02575760755055342
ck_5b2728f7cca414ae,0.0015220307272191258
ck_5f4a25ffd0b85a47,0.013500897294377166
ck_63d4f5076fe4406e,0.006202487218990472
ck_af528d66c86f0cb8,0.039521131177735466
ck_ac7cdb9b8da7b5dd,0.013968475144453645
ck_3bece63711407e25,0.021893923988373837
ck_d4e0b2a12fcfc35e,0.0072412190681490985
ck_ee3e7c9d3a9c74b4,0.08648444284546142
ck_50d7c4dab837bf66,0.00845814062598654
ck_ebcb93a2990fc914,0.052487034723482054
ck_2329cc9702cdf7a0,0.03180184483121522
ck_db1fa53d588bf99e,0.008432631672023969
ck_44e57a0bad5a0745,0.005826886645355496
ck_472c81a144f4631b,0.0018281547928373386
ck_1658429acd5306ba,0.00585151595953498
ck_466103ec5bd9444b,0.014723355623459828
ck_9757163e25262b74,0.01748566608496892
ck_34ed59bc2c9b0186,0.0041241528702312905
ck_b7bd3a7f263f4f29,0.028169899052799006
ck_149662b09d632e41,0.005341047175453437
ck_a9ffd6b3957bd41e,0.0031157906932661955
ck_ab80466ef615e85c,0.0020004339456252546
ck_f2c824d3473db24c,0.008654132133794703
ck_a4a01fd45936b078,0.02617192215444436
ck_8f6ce158c2902877,0.003192335309621573
ck_5189a302cfa7cefd,0.0023662102344249466
ck_430a3d03be588201,0.005188736293005826
ck_b5f9dd00914b4db4,0.0036155458537557215
ck_52dec82e9cf6135a,0.004574900613271307
ck_95e444a01e2ab4a5,0.015463653404394212
ck_e37cee7b123692af,0.02218063969287403
ck_d68d42858a55adff,0.03544593291442422
ck_3abfc010091d679d,0.036961322960377324
ck_cee4e4e1b62bf82f,0.015174320023944962
ck_9ccb17c35e636c5e,0.005783837923047432
ck_f72a5a3b0d6c1177,0.004164606642507214
ck_7508aa554fae6afb,0.15614093260028916
ck_003aa842b7ca1d77,0.4352152026030057
ck_83b2b192f41ee2bc,0.1616129408883033
ck_64796b6b2c3c7f06,0.011224382747198645
ck_6438ae81d43cb196,0.008094999653834638
ck_2bd73d9098504760,0.04328884781196567
ck_aa8b9b36a099e4c8,0.025991779084280995
ck_e5ece47d0dd10526,0.015405511342013489
ck_16077ac345472e6a,0.007153092612086194
ck_a4d6e152b0076964,0.006593138739132365
ck_d90b1d03ae151f62,0.0300776607014494
ck_18b36d342b530af4,0.011634596040198647
ck_2a01e610348b84f8,0.026777500114271678
ck_0a93ed76bf36c8b6,0.012078819817533532
ck_3d56b477fe2370b6,0.032590704297044776
ck_17ab3068fa303682,0.0018585007591825757
ck_592a3520d841d11b,0.012802885007949152
ck_84d07028b5fca2f6,0.03513619692867059
ck_f4a2bb10afa85743,0.007929233769773971
ck_4fe4b072f03f2c1e,0.005242096300817031
ck_9ad08fcc183ea1e7,0.002104592949695543
ck_130d3848b9dcdb05,0.005092966895840994
ck_bb399ed6bf28c230,0.015963026919141386
ck_a31a64a39a2c4941,0.006464853684952863
ck_c49f25dfb39909cf,0.039543718453298786
ck_55f50a9ae2db8ff7,0.003698063888589071
ck_09faa4e771cf876b,0.003163321422239212
ck_df520a7a6e405889,0.01817665538294594
ck_8c8c98cc694ac900,0.06557036478430106
ck_7f0c4f609673ef62,0.014950046699174283
ck_f51fe59cd445d2cb,0.008075340709715537
ck_b3fb83f0d772a831,0.014031660233509826
ck_d6e7e257751c299b,0.002097637082971412
ck_0d362ddb4a1cb6d4,0.011097672296112006
ck_a574a08edaf81781,0.0078069736910645355
ck_a823f5bcb0e4b9df,0.0023009067908636243
ck_f792586ad0381eac,0.024443499208571157
ck_54bfd70022c66983,0.007058797187563207
ck_fe0a9372c9372de9,0.005340369799421003
ck_5691cd6fdb6d8147,0.010585671344395937
ck_a95f212a02433d23,0.01410225057800671
ck_f5adad75e1c06731,0.15867491697557684
ck_e09c97520eb0533c,0.005817512381523044
ck_a1e13c0d58560340,0.001814750567846994
ck_cacc2ca410cbe80b,0.012163468173201615
ck_c0dde2a6ef1e08c5,0.003672619891576101
ck_a04403073c90ce38,0.0018809828599945792
ck_03d3026107175dae,0.009648064735662328
ck_50176dae5b1b716d,0.0042285200895428995
ck_6c084bfcb38e96c3,0.035971564866544896
ck_36d2be9012f7909e,0.09720303969507124
ck_958acf84c6137a22,0.01859068647709885
ck_114722e12db90a73,0.00925060288275616
ck_203c2a22c0c165ac,0.017975848796687132
ck_2c44ca550e5cfa82,0.018692533224249117
ck_df0a8f20ab8f14f4,0.014935354267101682
ck_826a27ff7555192e,0.01989294651683483
ck_09a988ebcf062297,0.018107741432363975
ck_5c82444b3b9160ae,0.010612220890061173
ck_f6a4a7ed27fe76fc,0.04058332554921948
ck_17de46314b5c6a92,0.007770112347091619
ck_335e63101b1e6c4c,0.11838977261363881
ck_c5eefc0697451de9,0.05507181047524255
ck_49a0efb5d4067b6f,0.09403110007612678
ck_c1f4509c8f5dac5c,0.0036306217794311226
ck_57658eda1c59bc52,0.003355153451942112
ck_0d5c0736ec76385a,0.001906628099787946
ck_e0239e6ae30795a7,0.023240345474060786
ck_e4459115cd8e5e4f,0.007805622389924986
ck_bb4aec09d4968dda,0.07347356782594014
ck_a1b4c96faed3e0db,0.02006794015642262
ck_8247b79ac67aae7d,0.03233890412803531
ck_fe2fc7d6e5d83f09,0.008558854624800534
ck_f6aea576cde8d592,0.001507694197564326
ck_b7e7f7d0cd886412,0.07075899134373581
ck_ca7b993e8286af7f,0.044242461937411756
ck_47de038381a9cd65,0.034499672419708145
ck_d38f941d09eec820,0.05077027809300002
ck_d9ba2a6c0d926b4d,0.004528329159495936
ck_cda72f597330d0f3,0.004390094282293328
ck_16d2d27fadeeacf7,0.010507943269468092
ck_be05447853d423a9,0.0021877264573414348
ck_cd92852d7376a4a8,0.0021155725278445173
ck_2faf7ecccc9fec58,0.0016727988375292886
ck_db8733fd92f20cd7,0.010361096052529087
ck_a9989a3a94c26634,0.012253240778118759
ck_957fb25437c75e41,0.03983622429471109
ck_e6a6caf6e7de17c2,0.007623081242070576
ck_f7bc569b37e8bdda,0.010990129629673549
ck_703b375dd86a6124,0.0178041917342003
ck_d3cfb3603f2c6ca3,0.04321068738484444
ck_07cb2b6f2a4303e1,0.007730433812650494
ck_31631e2028d4f855,0.01890154232525961
ck_1631bab0ba1256db,0.022529746801047697
ck_5fdafeaec036f016,0.017558799874884273
ck_6eda4c36aecad602,0.0030451209727192516
ck_bd1bf9e3e29de281,0.02801403495870965
ck_bf378ea558a4125f,0.6322473618832108
ck_7aa2deeda0e57412,0.9818571327744503
ck_d229cf7f5a3f38ca,0.009349382592298434
ck_9e109edd124492a5,0.0026147957517254836
ck_779491819995625d,0.47709930564959224
ck_b89c6fa2ad0a12f5,0.013839228860329837
ck_1d01b4a609918c4e,0.9310972844623993
ck_714c5d7cb17bc9f2,0.013798421023525388
ck_269f1746f2609ed4,0.005362646978784004
ck_4be03a2aa62b93c7,0.001599456011030837
ck_cf920313f6dd28fa,0.020380214247097055
ck_fb00aae4e17740c5,0.0030556417929260616
ck_085d8c42739e2b10,0.9818826447112361
ck_c72a7d0d03cf3e17,0.05985914703066256
ck_8f6ca5d3b17eac6e,0.0024306260793971928
ck_d9573100bbff4014,0.2343135047097164
ck_79d6793d1d0cf43c,0.001665922705610427
ck_91fa5032f7aff0f1,0.20516775297880147
ck_87110d84872c0fed,0.023998778566372118
ck_8220da627e9992a5,0.003576155599945728
ck_2ae44938847f3852,0.007302311427427835
ck_b0f191e44f9b6f35,0.058663999337662476
ck_3049d744b527f4d0,0.00572208627128672
ck_47d3e8d1dd3fbcef,0.01586194532971147
ck_ddf787359d2b5deb,0.001961918001667151
ck_b27a9e39726b26d9,0.0019274379823421158
ck_80c4e9274cf976b6,0.9685940016270398
ck_c6afa913168ce8fa,0.005293035954077537
ck_52427b3f8478db19,0.020645619694595448
ck_3b810f15ca0eaa55,0.0052997291810545554
ck_0c9e420f97baaa06,0.786091162569196
ck_f8540cf3a8b2f8c9,0.046179209612443636
ck_1402d24dd623df72,0.005819306126009797
ck_eb4f4267e24d042c,0.002930882599684445
ck_6f661b428d6fb8e4,0.029038712596153038
ck_519a26ecf3d29c90,0.0023726466361649115
ck_e886ba71d4a6fd73,0.015608470255580742
ck_437f9ecd2016a1a8,0.003032828826122866
ck_f01af1b0c977cc06,0.00854847912551131
ck_614f777c2eb5d537,0.0036525648523085055
ck_b804e784cde9af8b,0.015764846576595815
ck_c2dccbc1b24b137b,0.0771537286727374
ck_1df4a1781a0f6999,0.015364253988328806
ck_bd2cdd53fca26171,0.007280945199850142
ck_424c254249a109f0,0.022097134790537973
ck_cf2ca4f286e289ba,0.04154721712376659
ck_6c33cb15b0d8af54,0.01777836766388845
ck_311d395fa9b8550a,0.005042444562783635
ck_9f792e7e721ff7f1,0.0027732059360627247
ck_4c37586080edb7fd,0.001946092143909129
ck_7c4f42c5397113b0,0.005580493295448229
ck_fc418f53ce4aa579,0.900750297537674
ck_1ba28fb7ef726ce2,0.008922326621302774
ck_d932f98bf6b83956,0.012542133316333144
ck_248b3659a9239240,0.029359126741097138
ck_6a92cf5f4cf5de38,0.0194538780524839
ck_65519d0fb137e0c5,0.00261473044977519
ck_ddc3fc99eaba2064,0.018624494270369142
ck_7310cda3bc65a73f,0.004064779927284266
ck_c01c85bd631d4054,0.005902473767533616
ck_b4954d16b9749829,0.006281267171780312
ck_f301f6758e170d66,0.02462045555100332
ck_9bf95f8c47e7c7b4,0.008736131022430867
ck_c91b7fccf6aeb4a5,0.03646260777720841
ck_785fa45e86bc5e95,0.006551603071667386
ck_2a65f1cc23f1180e,0.0024854049909716854
ck_a49a2c1f881a3560,0.00609949080568672
ck_def344d68f06d749,0.013352915370903795
ck_abbd1465fc730d78,0.004477514795987523
ck_07a5610ed28162fb,0.007784185382675935
ck_7ecdee2d7127be8b,0.00803418452170665
ck_67858bc00e81490d,0.0015922974753319339
ck_b4ad165ace910222,0.013000819997823192
ck_30753ffe481a1b8c,0.6692946576945782
ck_c401a26725b17177,0.002811917849029145
ck_819988d8a7f26415,0.0038447853545506777
ck_3364a1d9261b3638,0.008533957039270934
ck_c484c5bda389bf20,0.0023408070037025997
ck_ae416325fef92c9d,0.9562510666094695
ck_5517b9a865960542,0.004742156214567551
ck_a0e96fed380440b2,0.00677977779396184
ck_e83409471d2b0b44,0.013868163087230337
ck_127273af97d7827d,0.005576667735403178
ck_aaa9861c91bd14dd,0.008284174689584157
ck_a378c58294001a36,0.8337066899819948
ck_abb9d65ff1f95b64,0.16906457233257377
ck_a5ecbefa849ae569,0.014322230293654075
ck_aa9953c0ca2bed7b,0.0021394216823428765
ck_40bc6de252865f32,0.003726990687151691
ck_9fb11688dcfe1513,0.005520838618133892
ck_ba68841ca2ba073d,0.02288145994764465
ck_1d3e561a7d20be0a,0.9670696839582745
ck_99a92d710a29c1d0,0.005845614420608686
ck_ede2e887697ffac0,0.0030708668814272474
ck_e6de67c0d82a7b83,0.03169787784740728
ck_6b38763bf5ddbcef,0.022574994925091393
ck_8dd44eead7d765a5,0.014940184129606994
ck_30bf5b0056eea9e9,0.1573356582305146
ck_2981d16f8a51a8ed,0.025970875545874433
ck_fc60f42c68c7024f,0.048999146937904706
ck_8e2b2251ee224aa4,0.01253173627327242
ck_1906f0dfaf6e9bad,0.555965431371567
ck_dcbe6814fc4ca0b4,0.038580118633710206
ck_f7e958a286ae3b57,0.0036061548817438675
ck_713649668a7ca824,0.012782698288712646
ck_6f73cdbf9305e2ea,0.014331486069995396
ck_dd1c490050cd9051,0.02079443006249035
ck_e30db36e376606f7,0.11640475332051631
ck_740d8fe8028b5a2e,0.0025181157522228175
ck_ebbc9418cd41f692,0.002302127492084429
ck_7b3cc6cc3f250f39,0.03536135696390183
ck_1d30eef7110809e5,0.3828207538265047
ck_77e0589ab339ca66,0.011140010183757935
ck_15ccbf8ff7d14086,0.017630896562213186
ck_246989b0c288664f,0.010760461149038907
ck_fc2a6e27b10b10e9,0.002523606948270332
ck_8afc1112c12f5402,0.003955494935823335
ck_a76e8d83b9141364,0.016655414393899535
ck_51d3e8dd7465c015,0.005169503605983827
ck_e7b4016909405981,0.0037664652481609116
ck_e7a3cfb9bf908e80,0.018170409833072797
ck_2bb49dc2388cdc1e,0.0033781699509378782
ck_94f4266ee7871345,0.016407585016756106
ck_b2c896beec146477,0.008226531592598785
ck_fcf5d4a4748cdd53,0.004726414898494342
ck_fd0483639811f62e,0.21774118543631024
ck_9a21d183524734aa,0.03444841490614225
ck_1df4b46c0a4c317d,0.019291705463559662
ck_638df9e8a22dfe0b,0.008431018836675864
ck_65acc43a6dc3e65d,0.003992727909431062
ck_7c67b73196e3d0d9,0.008283447822574843
ck_b0ee3a98175b462d,0.001994991445318277
ck_20fad010969f1abf,0.0025378696056133298
ck_54b087bd873af8b8,0.010520371264663788
ck_8007824431fa803b,0.003818149280339839
ck_23aab322810b9fec,0.013813216300198269
ck_c8001bdb9aafc8a6,0.003553478771819299
ck_3a34c3ac83cf84b3,0.0034676398017187684
ck_60187ac2c473a662,0.9710013306663322
ck_6a0ccd7357979f0f,0.08433406462279999
ck_27f20337bef5ffe0,0.016433924318502286
ck_f9fc468915afe49c,0.014104453004803728
ck_1eabc15a94bd9009,0.00995897229495794
ck_26896c494b2768ef,0.008130854043016021
ck_348c874eaf0354f4,0.014041912022288203
ck_be9c46acd216b45d,0.0158169730670868
ck_a3cce46d15cc20a2,0.08724484012834319
ck_70804f60d9704128,0.038337206599281616
ck_a019151ca8e7527a,0.025716551251433246
ck_571133b2aa8ead51,0.024082089232952374
ck_0afa4449f20d5196,0.005442842230331515
ck_4d503c41cf4e5034,0.01887929929472552
ck_d6fb9cc5171e3e9b,0.6387740342107715
ck_05ed92a7c3e10e5d,0.023289961878722686
ck_bfb067986660afe3,0.062192329750812084
ck_c1a31690c8573226,0.004703185861241604
ck_cb88ef3dc1f42225,0.0029910674571468785
ck_21e3b3bd998745e5,0.0316336007257584
ck_cf52e46fa54e4540,0.0020225806924606023
ck_b72c7ac4208052ab,0.006471673520177656
ck_e6465c56b337e6c2,0.018102704974916117
ck_5f87eb05d18186c0,0.020811561696506664
ck_263f6c5ff26b5e98,0.004482102862615887
ck_e0b7e2c0bbe228d9,0.005549307417551023
ck_b657ae3c146cb7bd,0.0032955854970089524
ck_abac514d8167ea58,0.026871605646924836
ck_024dcab126876002,0.02245576085441551
ck_5d8481e2b38bd99d,0.01801938444525528
ck_edf229c17d25dac1,0.11760214505536057
ck_6cb7c97b72d6b5d3,0.0205819715462639
ck_c96ae2c28086a059,0.03332770243923541
ck_2f241b97c0f8389e,0.012861382819540721
ck_9158bdbb63ee8987,0.005104496074736337
ck_e7b40b60786c1530,0.00674028704498345
ck_66d38518f68e6194,0.0019664073512791276
ck_8c9b57ad2a991416,0.005267557521216157
ck_cc91bd7152d3e9ba,0.018357551622361072
ck_0d846660c7957a88,0.0033910808502241674
ck_60896cdac2212bea,0.06788203495805863
ck_dc4db8b932df49de,0.10006050495855295
ck_2dc31db181150e20,0.005571424612441141
ck_2f138fce1171e277,0.02730036393662867
ck_68b8b859a6ef505b,0.027085103216845118
ck_c3fe0c6c5e1f40f6,0.004284192966771678
ck_15886fe84866de92,0.04120227179951677
ck_ea269b35406473e8,0.0024063105541395325
ck_3ce7cad1f69b71d6,0.008783272729193591
ck_054ed4288ee58d6e,0.04363293867228486
ck_3d4913a86f207fee,0.049495804858552775
ck_23ff85f9d2355e8d,0.015055413254138674
ck_d87ab3261322216a,0.00441024686209082
ck_fac046ce336fe39d,0.007445583430207051
ck_beb97e498e6cf8e8,0.03695815350808666
ck_1f517e0ebf397b51,0.005088544361887496
ck_0af57ebaa45877a1,0.0036929261696067033
ck_f99bc1732ce5e999,0.018193738886067862
ck_abb056a9deab275a,0.04480740174537714
ck_0bfc394c5faa65cb,0.024965977540557217
ck_ddc865af1dd5670e,0.01682810089662884
ck_68b5542459638b56,0.04267455265942918
ck_0b1d84252c0b46c2,0.007173895525819091
ck_520ec32c4f253604,0.021006937339466892
ck_79ffcfee599d77c7,0.0059116025955744415
ck_eb224c0fd146253f,0.04814324322259117
ck_0e477084434da450,0.008189513800393365
ck_07840bba5570785b,0.018453154132253312
ck_6b67fe8e310ab865,0.02565958575608822
ck_e2a1068c2fa22525,0.01189103170760325
ck_b9c6b32f6bd92a3c,0.002602020386275621
ck_c1e7d1021ae58f00,0.0016865104366672072
ck_5d7801201749ffde,0.015833480148108054
ck_c8806749e263f70b,0.001587784618489695
ck_c9eeab826781dc91,0.010535100388779462
ck_309a432c160a17b3,0.007252519835848964
ck_b22e3337b8e3dbb2,0.00561938827939895
ck_79c30169c71b8033,0.9272719629359727
ck_5a6593d954085775,0.003865734019986158
ck_70b9b79ea1aacba8,0.011960160180204652
ck_63743141ffa11f45,0.008990743084344843
ck_dfd3dbd0d97a642b,0.009011914733066728
ck_635646a661f05b4a,0.010228919775921606
ck_4b123d6931b6d0d7,0.09206144816484274
ck_f2b0e7a47f442557,0.8827508292740256
ck_1b1df006b81d38ba,0.00960017067798403
ck_360237c1bd30f4bd,0.009561392862643084
ck_5e84bca0e362da20,0.024689331036184172
ck_142dba210ed2f3b5,0.049672371873712325
ck_a3564236069e3524,0.05409282964371637
ck_cf36d8b070ded782,0.01619863136427764
ck_ddd6625c5eddad70,0.002375590099607284
ck_ad54292a0b2f44ef,0.013913397790221473
ck_45cd5ef6b359e9b4,0.006306352927854971
ck_982c2392238b7be3,0.3140430975731424
ck_083e4ac78685c3bb,0.012567976235954709
ck_729cc0b46cc2e546,0.22928370052396718
ck_f2b8995fe5402759,0.006113346113960574
ck_73e24f5a8da289b3,0.07734393437102102
ck_bd85f30c36f5998d,0.05594890136218095
ck_ee4ff3aeadf912c1,0.002769522509041956
ck_63d2978706e193d2,0.03591857539422549
ck_6a0684436a1e66c3,0.5930929366098912
ck_182dc4a2f5a366da,0.0017030641594670277
ck_e6fecb82fc2a82de,0.007915183051024705
ck_cfb06f07394dfe64,0.0012886079138130974
ck_7bbe1dc8add17ef0,0.03268626904541905
ck_5cacad76e02c8e3d,0.9379505022329613
ck_ca68dec0c7df5a12,0.0047056217161477315
ck_e4c0fc52c82065d3,0.010658252053627222
ck_f9197b070416f443,0.006077478858914609
ck_2a07c7021b71cf65,0.012779168335004705
ck_4fa85cebf707de2c,0.001538652177021959
ck_0063d2a9507467e5,0.005093509016637438
ck_ec986285fff05b7d,0.0021949318748504245
ck_279d43303708109b,0.007024943276635278
ck_a406bf11e48cf8c5,0.056831510632118734
ck_064b2aa3f0bfdb6e,0.008132925795365885
ck_95790440bc4bd2d0,0.02182294249592765
ck_70066eea13b4c34f,0.0046758652025200315
ck_19468fe07e26f992,0.9597317736287192
ck_86bfe328e0a533b9,0.7576120950699361
ck_ace3b96c977a7560,0.09592821363160065
ck_642344e5c652d8df,0.013850262187180759
ck_074be35c951ae10a,0.012964639055788402
ck_f14dce41036486a3,0.978772475224154
ck_5cf67a3a747e684d,0.11024610691717532
ck_f7285b92648c1c81,0.0033663996303517026
ck_bef3193f124fca5c,0.12697782147180914
ck_05c4dcbb45de1f8d,0.001920174851907145
ck_d7c28eaa05bb7144,0.010814959054014845
ck_320df984791a1b99,0.0033860495483277546
ck_f45bad1606fa00a7,0.006154628837091279
ck_6f81c199e986d9fc,0.009405800110851289
ck_d0c9633fed57c344,0.017181303399367496
ck_a3c25d6cc7478068,0.023314962509310873
ck_4185506d12cf9fa0,0.0013915866090230997
ck_7a02ee1bfba7353b,0.01653379080446562
ck_1b52590757c0fbeb,0.008045633548614522
ck_a0e5656e1cf9cbf5,0.004259170067221994
ck_ace21f6daef94f6e,0.00357923335703672
ck_646d8d0834782d6a,0.42167613415394606
ck_1f136a4476b5e775,0.023198597851497933
ck_325c7643cce02da3,0.0851309779098879
ck_9b5e7fe28208f5d1,0.007190629231625287
ck_05d81b1a150f31c5,0.003810617008841042
ck_0e9ec486bff403c5,0.011036757090707186
ck_ee13c091bc379188,0.008594926259482133
ck_f7a7f8f5903617c5,0.012765834322856297
ck_96c3a3517153390e,0.011114487442326338
ck_538dad7f096458ad,0.004446891397356449
ck_8758fc6622bbb7df,0.05535558803741954
ck_f7e53af3c91fec64,0.014020744083409933
ck_80b50fad7f255e1d,0.0022766515139899415
ck_9645e7adc08631b5,0.02600971594615908
ck_e007aedbf37d6ec7,0.02226362584479228
ck_2951d76c41de2569,0.05539524954726474
ck_9439bff87e616d4a,0.0066984045379482
ck_a73045e96af0e4fe,0.012420674318557607
ck_7b382e533e2e925a,0.021244383251740745
ck_730226c2d216cacc,0.007408721772033545
ck_bdf837d761a7cec2,0.28893525032383305
ck_0b34197335ba3341,0.018755656027941735
ck_49170c4b31a20f5c,0.001937984831429086
ck_cd553ba6589d8bfd,0.020055022894374247
ck_56b992c6f136fa5e,0.04939181836458317
ck_8beae3d7328fa41a,0.0254198715980598
ck_1a065ea906ae3d6a,0.005122758804642309
ck_e9e3381d5e0e5051,0.0027135345079768863
ck_a6d4f998dadc90c2,0.9475159389909871
ck_d36733da917115a6,0.019879377133744734
ck_e738e920bbd74a7d,0.007073920975423855
ck_af65eb885a51048d,0.0022540412265545937
ck_73f4eb09af29b1c0,0.030748481670274514
ck_8fc641b1750a2542,0.03685688019457824
ck_41b954c7a948c060,0.003179640335847843
ck_25fc3010e8a0f6d7,0.0043392936803184875
ck_a2624e0387974e0e,0.03913388419703961
ck_5cb9d7b2329d5ab6,0.06261574743149331
ck_6c83aa1d100a7cd8,0.021529214510441756
ck_67025c64588abd1e,0.002354940126741846
ck_f5dde68f6f0468e1,0.0018109823309993792
ck_46bfb2cfc29a6d2e,0.007866976644986668
ck_49dddb894d33f6db,0.024787955989079978
ck_f738b633b8862d18,0.002623781901168862
ck_3d6c3c00d854f5a4,0.1208323650071549
ck_cdb8061d8d1a6c5f,0.0031843614551633433
ck_5e1b81848718bdc3,0.010098774839733772
ck_8def763034187436,0.010778022642569697
ck_8f8e4fb9c6190272,0.005523779769103432
ck_368b968b5f33431e,0.001484479182158813
ck_ba7e347251ea399b,0.019702589198912615
ck_9075432001a64e75,0.009417824993504218
ck_73c5371635aca173,0.8603180428327198
ck_81793387b38047cc,0.00475234579967875
ck_0cf220816e320ac5,0.0037557169162810667
ck_820219bb9c761b52,0.28788090492269425
ck_70a932ab39d86a24,0.0019405684787300085
ck_2c4be237a7ed79c7,0.0019786449643059327
ck_acc764b49ef02826,0.36744422736961396
ck_74c3c3452e4e7cce,0.0039310472581894525
ck_34dfb57e5bf31d2f,0.013188839091898507
ck_6ec39903f765956d,0.022971020526203617
ck_5986119e7d81e831,0.019334021366221386
ck_2ddfc948b8eac752,0.37742439919865156
ck_921ff5ceaf40a968,0.025682492509687946
ck_fb3b68b4424b5f92,0.08518647592815276
ck_c3db1b3ad4f16679,0.0129657657537669
ck_124a197be41687f5,0.024768862119126316
ck_c58d9151834f5bad,0.01255199471162166
ck_389607982eb6b701,0.7434154219149772
ck_fb0c138c003e933a,0.0022375973452306262
ck_50d0bb7edd8c69c0,0.0577512260900518
ck_c6cb651149dc9a8a,0.003673093142600105
ck_81e21354e477eceb,0.023365833816579168
ck_7696e38b3e4197b0,0.020964657387744848
ck_586001d3ed9e7fbc,0.004651898015500272
ck_bba413492dc46f2a,0.011839981386392615
ck_95b894380ad2702a,0.030346508140432778
ck_277621473369614f,0.9796701456932848
ck_a50621b5eeca84b4,0.002212927219990201
ck_bfa7ba218b988cde,0.06974463497389244
ck_5ea89567dfe78e4b,0.0129205713385984
ck_6c679602a6476ab2,0.00564976588448861
ck_d3885e286b3b11d2,0.09364760969312658
ck_cdcf6671b37c9c92,0.010614518041308005
ck_b5c93e6d34f8d366,0.0044918377329609014
ck_c24f61925dc158d5,0.07586691899480963
ck_cd09375e6c81d2c4,0.02591384280710715
ck_a95afc7a00303a26,0.01569422596711228
ck_8e89ca8b39f3f8ad,0.002694913434927362
ck_9a84b396aada3fa8,0.07989937704506171
ck_5124a2e415384945,0.07117853191748662
ck_d66bb1f063357f99,0.00558096631098157
ck_0fd9312411b0ac55,0.016951755592486406
ck_ad8cbe6e27e47ede,0.022721856339781934
ck_8398adeaf41f9cae,0.01455322398185596
ck_dcf851e7bb5855d0,0.003681961612426184
ck_9affb0f26776b642,0.004714499011544958
ck_f0424b3b36bdbef0,0.042301703733747587
ck_66746d1090d6d9e9,0.0017703912550065632
ck_e5f8c8a5824db594,0.009640378697276932
ck_3e91dcc209431984,0.027184161839846153
ck_126a82e8d42e5ce6,0.0033237481505522435
ck_38e4a74ab256e2eb,0.01047395420033657
ck_1225a97fc413a419,0.05516004110955321
ck_9b5ec0f78e160e65,0.003002221033861074
ck_7c5529bcc079600b,0.018922215281703035
ck_29640fc2fe81c251,0.17850124465039435
ck_160e9ba0a3f7c1fd,0.0028237392961671702
ck_bff090cb4ab76b9f,0.0042901601662399735
ck_aa06ed358e43db69,0.06031510256435314
ck_7264486eb512d84a,0.003459624060703741
ck_f5a32e6160b28379,0.0028079031614093525
ck_4ba8bec14c2217e1,0.007138451644298159
ck_610815786d729d2f,0.0038986323963698024
ck_e267999226b6321b,0.0015896866083374274
ck_f3996a3c8eea1ea0,0.01175793880834567
ck_e9b75ed7567a3f23,0.027384394590242507
ck_d21612d48bb4f7b8,0.011913186148368993
ck_1f871df76c6a995b,0.06099387973373943
ck_953bd5de48ccd70f,0.7015396151966095
ck_02a9104419a6dbaf,0.005706687403300844
ck_1eeeee651e05d535,0.05123080925302406
ck_e2ab04136a442a98,0.008823591005815269
ck_f0d806624ef3d359,0.010191083172591358
ck_4b68b38c1b3326a3,0.006196353159879327
ck_74e60495f8861156,0.009346624942080795
ck_398f3f4cf05c721b,0.0033141059169478422
ck_f761b7650a0c1a85,0.011987559744560505
ck_7dadef33f5e2d94f,0.961694506852553
ck_6ff6883633b8c7ba,0.0019508130471275731
ck_4d2159603045109e,0.00919092874054312
ck_a38bd07a5fac5c9a,0.002385771092813
ck_f517f06551e69507,0.0032898528674129273
ck_a7ea00a1760ad561,0.9718401105066888
ck_31fc51d5a3dfe16a,0.008943876981952054
ck_bac5233623b25ca4,0.007168284013563857
ck_385188ab27784fe3,0.07117890798425226
ck_9947a323bab5cacd,0.16487489256078364
ck_7973edc9f22ee7b6,0.017239142285849406
ck_f97c477986043755,0.002723147955253976
ck_1a3fd2cc4b4de196,0.004242994497435783
ck_e18ac29ea62cb435,0.04105940194202764
ck_9720a472a3e0140c,0.003487495540449735
ck_668c7fc7d7e47c0e,0.028159795404802325
ck_214af0806470ef48,0.007337865524680654
ck_a46c1773f01f0be7,0.20644038406532728
ck_f2bdcfb4203ffdee,0.039768907769231476
ck_40e84e6ffe788a4c,0.014150039719100387
ck_dfc6f5712d8d6678,0.10378374164168691
ck_01ef1036b2e66a4b,0.004384584337882613
ck_3acfec10eec32f9c,0.018846125519114944
ck_084a85145c15ed77,0.005602082688540186
ck_fcdb4fe2f095fba1,0.05312063032923347
ck_023908db0a193076,0.13405948446636426
ck_fec0ff92fd622253,0.009001152844409981
ck_c009c97d5fafbced,0.15633195097071467
ck_eb9f0c06ee017ee5,0.011401468512957437
ck_d7792b429620fc24,0.005799755953390105
ck_5e9e149a3b69c726,0.020118014383738496
ck_ce927322ef8f651c,0.010896684112348835
ck_b8fd61a8e82bce32,0.9484813118805979
ck_9aafc33fba1474cb,0.006018454401060429
ck_ce81ff9b8b35562f,0.006503944832937057
ck_25bfca1d8eaa152d,0.01469728710963768
ck_170c65860e2a7e23,0.005427271404435597
ck_952da7ca9f33decb,0.007356708750198783
ck_1ebd574406235957,0.01421319420831987
ck_589109a188adc2c1,0.0020765681081712714
ck_f0cbd5383bb07778,0.020756412953617583
ck_242521e261148fba,0.0076345459081151226
ck_509cece86a558de4,0.0026454209258710607
ck_0dd7c5925d28755c,0.003524597208915817
ck_a7e669cf1c3985aa,0.01513279359179985
ck_acb84dc2351eeb76,0.0017754069854497897
ck_b837c7dac2a9b931,0.009532252339556891
ck_18eb1f9181f95df4,0.005004476660369256
ck_b0b9047dddb1ec84,0.7941156285362285
ck_43aa136bdb0a2832,0.21498717465525835
ck_3e47f8c56c811700,0.005901461518580288
ck_77c587d24695ea15,0.019504545985444842
ck_20578ac693ea4e93,0.02227510334591605
ck_b9f6040eebd1605f,0.042160935265231674
ck_ca9d86f65cfdf018,0.009115705847017656
ck_a4fa8833995c716a,0.002580675977977688
ck_f589f1e29301b5fd,0.018976010707401677
ck_961ddb8ff55d868e,0.0027644104279382275
ck_5662492a54e6688b,0.029248594342278986
ck_ad48826c1c26eb78,0.7782588386638978
ck_621c9ddde6bf2eca,0.0442275711614802
ck_417a3500b2c717b3,0.046799510160058774
ck_c7e129058beb3ac1,0.010705455341996819
ck_ec1c902b9b9b9c5f,0.20483816307421798
ck_317360ec0a67d27e,0.037492998622785594
ck_3e3ea5d8c4a229dc,0.10222452629610132
ck_d11d27de7bf0b973,0.4315745766865356
ck_d37d56e931105db0,0.0039167406505184015
ck_4863077723cd6ce1,0.002159247016512262
ck_479a065d5903e9c3,0.005713286215213173
ck_e66ae4fd586fedea,0.006657564418291523
ck_192bbfd0d5720134,0.0025041984361003546
ck_3b436cb29af99f3d,0.012480131850516338
ck_7c7ca54969eed187,0.05308480531328072
ck_826ee896c9f1144d,0.19615002442211713
ck_ba1f6dd43fc8a0b1,0.0050347389443091105
ck_49685deb63e4e8f8,0.012086597374614157
ck_687ab5d5554bfa79,0.01263671319990063
ck_41346ccd9242cc8f,0.004040472778121528
ck_8f8e5e2b9dfec3d1,0.03199026995022848
ck_94d5ce61a0c50465,0.008837531662067338
ck_6b954c75aad8c012,0.023956056478442886
ck_748af92828c9d288,0.005091508717621914
ck_dddd14091ce812c2,0.019923097517767715
ck_723323f6870fab59,0.059208343809842356
ck_dbdf8d0708cc6718,0.005299031298173459
ck_f04938570a154de3,0.008921474946669502
ck_58afa1550b3b5294,0.008452295279418789
ck_3b150afde386ecff,0.023336873697101933
ck_666b95e75d99ec4e,0.8613576506901344
ck_e00332597cf1eb24,0.01071614531231943
ck_9a9e3dac79280d7f,0.13393257694040195
ck_e8d37262e859d9a1,0.011166710613603477
ck_895bb39d24bc1c4c,0.002572751790124008
ck_b367449195e36499,0.010708642777983907
ck_d23f9a50d1135ce1,0.08154775533080165
ck_670dc4910cf476c2,0.0014452517318440533
ck_3ecd8a5ce65e21ca,0.004000370990545966
ck_8584fea2df4c6317,0.04244428308233433
ck_0789ff4562202b20,0.02143527014457896
ck_749e0e50c3907be8,0.0037490933540788554
ck_c3ff6790cc6d7e34,0.008128825305316577
ck_75fb7e56432ee4b2,0.00860156705894729
ck_529fc3170fd11abd,0.038571323944281734
ck_34a69b3b4a681796,0.49602709035934867
ck_255f0e5888ae9e23,0.03917394746434566
ck_65be698386474170,0.0022401801846388078
ck_5eec9ed855c26000,0.006366280827755401
ck_5ab39bdc9610f6f3,0.7461262840280278
ck_1b5b75762f033462,0.010663975137468812
ck_d3e208671cf37f91,0.8788269409877457
ck_5068ee554ceff971,0.016751773883158034
ck_d7d50fb57fcb2d0e,0.0029514553345408624
ck_ba6e1115fceaa067,0.03880737456616393
ck_d07bfb16a4a7dac0,0.9436732573487003
ck_ead68310311690c8,0.826420186879268
ck_ee53ce862bc9c111,0.03645732519687869
ck_97e56e6037024dff,0.0024609824564939386
ck_80b04344c98ec072,0.054686885792659894
ck_5954f45a2ab45f43,0.00990606110042506
ck_18ddf7e836256e3b,0.018402563467437547
ck_89a1a780144d808b,0.00947350575066515
ck_a7331e8b808c39aa,0.027107975310697405
ck_a1fd0ad03ff9b776,0.035139461004755394
ck_c0cf50eef030b401,0.0014491317644380695
ck_074f20921189e7d6,0.005365209873065067
ck_e2aa7be60794593d,0.08647924872050168
ck_72771757dfb7f7a8,0.018421115530344433
ck_a9cd84a6dddfe584,0.015328578301009265
ck_142c00f9f8557504,0.0289427565688792
ck_221b5d40358230f4,0.015547730343485156
ck_a2d7a563f520b7ea,0.011822217400444666
ck_66cd34bc568d95e0,0.026820970774476423
ck_a17128972d3e507d,0.014787377279991062
ck_bda299466bb2136e,0.021964995499187803
ck_2b699066665abe8a,0.008883117509376724
ck_0ac9848bd4ba0c14,0.0038518361312130257
ck_98d2f9a6ba3a3077,0.6364504059831606
ck_a872df31b28a5f7f,0.10295728609490838
ck_7e73e1d44ce82ed9,0.011515798201261945
ck_1a415416f620d49d,0.007227587690571309
ck_c95c786d2f8b8edc,0.011477506322954242
ck_e45012f22b7f91d5,0.0040299915641885675
ck_aa0b083e2a6813eb,0.057199670844853834
ck_4666232ddbf77756,0.005173622898278725
ck_e08e9c8ec5f23d8b,0.0135555303273426
ck_31d4c0518e5f52c6,0.002349714592168657
ck_c1ab40638f04cb02,0.011925468108286697
ck_4c1fdd1669c7cf51,0.0015975947596280785
ck_11662cc7940ffc82,0.06089224798038052
ck_2e679af24adedac8,0.002688209086964975
ck_454b9e21b7f25a4c,0.003274403880825479
ck_355c4f29089731e8,0.859134497842489
ck_507e40760a24d2d5,0.013657876476024185
ck_0943e0f305078e34,0.9628103338158616
ck_abc54ed7111e9ed1,0.0034828412105976777
ck_a60fe02fc04407a9,0.0374659205549682
ck_244b897bb4d57c1f,0.012061692783262043
ck_8c84fcde93a04334,0.19553018085508625
ck_9eea37d2de633b27,0.005028223812869749
ck_b2cb9e6610eca967,0.006092429311233556
ck_09aadb4c41b166f1,0.2247529905118147
ck_8d94fbb4828ef326,0.004914780225497293
ck_089e3a07abbe3b8f,0.0048316587135451465
ck_dfee9de05e3971cf,0.0053064801019606
ck_6abf8302ce052451,0.04105697341363751
ck_6ffa90143838a4a2,0.002341765158008901
ck_325caeab5c7a9c3a,0.010472077179666387
ck_1964ee9db929a173,0.9208602138052442
ck_942b95988a6245a6,0.08304797193272806
ck_913ecdeeb8e21a9c,0.01877791128717131
ck_ecf9794349eb4b3b,0.03227327769233898
ck_b6cb8d6ae828eed1,0.06506749274873976
ck_2f82ea66c4f53b33,0.13011953378906224
ck_6e676daa4855b58f,0.0597586500760261
ck_2a37fef48b44e9c8,0.019571154864553374
ck_3bd12d468fdc2450,0.009792181732679513
ck_1a28b6a40a6bd3b4,0.03999039176244619
ck_61b79dec96d15713,0.0019317965204923497
ck_31d5e3daced93d3c,0.009936631477639124
ck_e6c8611c0cf233d7,0.002372247111759309
ck_f04761b4a937ac3b,0.0046048506212532
ck_38c1c75cf055031b,0.038429156425760946
ck_59a561f3df01441a,0.012583428502726401
ck_04e40f556a5062ef,0.011323920676086372
ck_8409716d174635b6,0.007680213370335171
ck_3019afee83342701,0.02087633382845626
ck_b51a58e7f032c9a8,0.07729296385552654
ck_5043e474f848346d,0.018335365950868102
ck_4388abce33ecd01b,0.32226672716949756
ck_c93def7392f0aff5,0.03684036875804156
ck_72e7b1acc19df820,0.005215032607660083
ck_f253130dc3ca5b3c,0.006902667023258687
ck_eb264d1b180d4b4c,0.052634131502401274
ck_c2504f5a113433ee,0.0032725113460952155
ck_c16ab1e4dafb4910,0.23219693888202697
ck_4bc42878fa180991,0.027355463722508064
ck_1c771a7c78f6622c,0.03205895050027935
ck_d523f0e50a2747ad,0.00442431961123849
ck_9060f4e7ab7a1b0c,0.01995115331759189
ck_6b55ec4e87a5e22c,0.07185024985415557
ck_55fc62a5f89a7251,0.010479649845742255
ck_bd2545c62f258231,0.027212789970802377
ck_1ccdc69d0bb712b4,0.009575217707905882
ck_710f867a3bd5898c,0.0025970710623710236
ck_f91d48c40337d375,0.00499165719315486
ck_f76d929541ed41dd,0.0362745620160949
ck_e26a6659c237b650,0.025214335141302398
ck_184983177b73dea5,0.007022690772543914
ck_6d0d081bfa8a0022,0.03309246699914177
ck_2f6e64f638da0f97,0.0031315835960663637
ck_15b93103ccd38609,0.010141415225234068
ck_094d10439b7b4eac,0.004166696823307807
ck_d2ca47180a926ba2,0.009846576503273526
ck_a69ca7b9d70972bb,0.002863418635449287
ck_68914e67343a7d32,0.0076594167498727946
ck_8176616132458c0f,0.02247264001766413
ck_eee99af3598311b8,0.08288719925722285
ck_94410eedfca91304,0.027725534970947638
ck_cfb11a0a2325bff5,0.009185980472810159
ck_75217ee144b715f8,0.07536168230170921
ck_d56fc799542299b8,0.0031786961714133804
ck_4c352dd3e7c81269,0.018799040576842514
ck_e23e50e02cb3904d,0.028797959495864275
ck_b921af37d500e139,0.010561767562380643
ck_82181b935360dcbc,0.9593163503272251
ck_22a7cf3b99c5e5fd,0.010457562998883849
ck_f67ee7910d532216,0.02653975912866039
ck_5f48762a14a0326f,0.0029314157633405676
ck_1757fcb0e6e3f88e,0.08544017911911134
ck_2c2f080ba185016e,0.020108536666521154
ck_4c25570eb72711b8,0.003497577638847538
ck_a3be871ca22ac416,0.028821695261359324
ck_ab70961e7c6695b2,0.008653144966667352
ck_a1cdebfc42a52448,0.0013916743018560402
ck_f1b80b821a20186d,0.031255813811605665
ck_ae668e4564cd2aa1,0.003517546197766936
ck_0e2bc3a5afa439d8,0.018312823268918386
ck_3dc378f37d0b74b8,0.009960760883535072
ck_9f9555197480d1cd,0.002176810685319349
ck_bf4e7d48770a4a8b,0.09010711127691609
ck_614ef655f0685060,0.02261463625833538
ck_04d2ea38ee27770f,0.002752323200642409
ck_e03a9d8ac94161d5,0.005095405975626938
ck_d4007b5b26d9d854,0.002029902865031889
ck_2dd147ce6d61749f,0.02069188717882367
ck_ff45764ea7d6619f,0.02118423988095161
ck_dbc487cb0a6c18da,0.8707499021188108
ck_791d5392bbd80447,0.007328810309559323
ck_b4068439c413b150,0.007033746381862093
ck_85df7b7de9700aba,0.002949405685180764
ck_001e42551cd06e40,0.007444166274578056
ck_a6c02ae50932cd9d,0.005906008123152937
ck_9fd0be2c018ff5e4,0.005307557729059135
ck_32a495128395fde5,0.0026372266966747833
ck_b6f2a2fd232c141b,0.010915960848853849
ck_28dde633692904b0,0.11217953065839854
ck_a1a93c5f375f6021,0.002880437044399389
ck_e3982142336782df,0.026468577079474295
ck_a9812ff3c111ea94,0.014022621573002736
ck_f04062216f95fa00,0.015902941253707482
ck_7c560467daca735f,0.001179940092554679
ck_76ee10d6e2dba70f,0.021482027287862034
ck_3521243bdac61178,0.021734266931683614
ck_28588fb03b320520,0.04877247174557032
ck_580dcec33ec232b8,0.012907443067277556
ck_7109923fd7dab20a,0.03107692164726293
ck_7c872c99481c1e9e,0.008013568280674812
ck_46f4e1f5026f4d1b,0.0015537442304914975
ck_00d1ebc31ec4653c,0.02347879123452999
ck_aac70764dde15168,0.05161779806428654
ck_648c03f9aa4e45f1,0.012052921714611895
ck_5478eb69ef912785,0.226861001565034
ck_79b8523137bb2603,0.09040271897918353
ck_795c49f312640019,0.0016715177578837032
ck_89184bf7b7fe41cd,0.16697763602793703
ck_97d4bd922996fa10,0.006788743709985543
ck_1cef30d08f3a598d,0.0023597815128972993
ck_2f9fd36a4a40a6a8,0.0024273098200897902
ck_40780fc0f8d6f309,0.03294879810511239
ck_9083ca9fec2a7f4c,0.010730081583478431
ck_62081bc35aa59931,0.005263487174298582
ck_2e1b46c5fc56b863,0.05663193907970535
ck_3d139692c51b604a,0.0695446890055969
ck_b5e54e22e3d6960a,0.003344927591187646
ck_c0c4be3f44311b04,0.0036814553920729736
ck_82a8bdd2692c2a5e,0.001991858703354025
ck_bdd2da300b530c5a,0.013010710664114281
ck_ee40498cd97183d3,0.0091298516136099
ck_70b9274473bd6dfe,0.0038316025125192544
ck_473d6314ea614b29,0.0036234875248167247
ck_7443d6dca8cd1352,0.0030221519319888414
ck_3b49768b448b071e,0.02223296777199496
ck_b43f04431c267dea,0.0038911122042473763
ck_4424a5223ba2fe00,0.010159867354559237
ck_819bf3e8231f4081,0.041224561145707224
ck_91d417507a8c58cb,0.4092728854270561
ck_e88e86b19cada4aa,0.012239099508885694
ck_59684167f9c6bf4c,0.05180607322812171
ck_d5f5b0dc97b9dc27,0.004718145292978804
ck_13d1b192bbff8f32,0.011664036335488164
ck_b21d8630387cabce,0.003783336879659621
ck_e4ac22046699b99f,0.005654441638307582
ck_74b848064f2ff45d,0.0041795636567976266
ck_166aa980cc87fa77,0.07310645280925407
ck_98e337806104dd88,0.0028682359115219597
ck_66eb09be007f0755,0.006014356503509453
ck_3ec9b9d8dd7be11c,0.018778432971029373
ck_8b8b9de339d75d0b,0.016738270308434673
ck_6715139e240007d9,0.0037033535290807236
ck_a0255ab46e122d2f,0.0022615846791852546
ck_66e81a4190c33510,0.012176639476874227
ck_5d75ea4f5c9080bc,0.3356825104702512
ck_df69858b8a8b3165,0.006612740073086086
ck_e15252ebd7553422,0.0029043198023243908
ck_34d6d74bb3ed11e5,0.0033277739267180305
ck_c2608f78f6851d10,0.3113206000427374
ck_bb99071e8f58c8a4,0.7589560531241002
ck_06010f0df5b7cef8,0.022643923446115807
ck_8c582eb0f6c0148c,0.018497618825680254
ck_0034d010d28aea78,0.00865972744194791
ck_01c1f06692566ca1,0.00789476979260799
ck_4807726e797fb893,0.009708232979528955
ck_edc9668282e3c8cb,0.020029994508829058
ck_5486768475af7bb5,0.8452362428703799
ck_3fb9813849e51837,0.008468433706027834
ck_861af5a9a9a6d619,0.0028766138598231347
ck_da39653add0f1109,0.002399389281322158
ck_74a4244eb1f162e4,0.002741477543716019
ck_9a930faade55b8ea,0.0027892798493955916
ck_fb6e06ca88519dcd,0.00833830795869744
ck_9776cd8263a9f415,0.0028641642229237634
ck_b3dd1198ac5aea73,0.02685294805024581
ck_b6675a04df1a4276,0.00580162190105895
ck_5c7ad6e731b69333,0.39113839564370967
ck_28dc0fdbaec00580,0.09806852346034983
ck_8e7a32f7e3905f4e,0.021920884841747527
ck_8563fed6674afc77,0.013877317106606418
ck_9a2fcccb82da663e,0.00886336514942784
ck_6a519bdac0d94527,0.002711240069757455
ck_a0dab7aa9c4a39a9,0.004148202927124632
ck_a3ce05e9e5e32142,0.009805562434980968
ck_7a7e40ee3f97c035,0.0476404137700059
ck_9e9a830785112a73,0.020247552351632406
ck_ab1bb02f6b189304,0.3948672343272757
ck_7b8cb0f90fbdc8c6,0.005799851985141616
ck_b138fc249e659e60,0.0071173150424631
ck_e73caa3771ec5e0f,0.002831135970522345
ck_18a55b06ccccd88b,0.024528924763271426
ck_fdcb1d9265d8fec1,0.07908516841222904
ck_e21a900556b382ad,0.035807777196132415
ck_c6bf67470f526771,0.016475239142187063
ck_b568ba3837afb39a,0.0019340137276009162
ck_a2858979dd5645ef,0.003740617025630222
ck_1da9d40837ebaa57,0.02051499759717728
ck_9341c7959543c542,0.002311783605290312
ck_c8ad86806b9a2369,0.04418002663850309
ck_5c85d93ecfed4b0e,0.0029438838066695996
ck_f07b09879d697b82,0.010670467555764722
ck_fe43da07608b1749,0.006740838642818438
ck_4bca22b5926b9c28,0.003966687730933576
ck_aba573aa942b1d41,0.004519421491677592
ck_57c14e32fa4683bf,0.0018402596007302636
ck_891530b489ce402b,0.006620557099367582
ck_5e74fdadb93ff293,0.03220163861118637
ck_14436a409ebcc90f,0.009447940761366461
ck_00013fdfa0bd37dd,0.005528364679970104
ck_7dbe24ba01316775,0.0298873358715269
ck_0e3f80c1553c591b,0.014533810062736383
ck_3edc45db58760d76,0.010025119561405827
ck_29076a13f539187a,0.4980502525575309
ck_b1e81b58b9a545ce,0.03280926787549314
ck_3f8571d4f7420b2a,0.047439550353587406
ck_7dff6abe4bd644dd,0.411958347721988
ck_2884bab237af16b7,0.009158200631259706
ck_231e6dd1fe708000,0.006515182214052251
ck_33ecaa7b892e73df,0.013430011973588294
ck_b109ec4c63503030,0.004280284329480397
ck_a7f522382509cef1,0.0033096956631095435
ck_748b3ea941d8b3b9,0.0028363051508362735
ck_29f3a1737a2d9634,0.00814371306414641
ck_cee8d42475a0f020,0.010119732611288183
ck_c6b6ebe145a8ffab,0.007467534218029403
ck_21c99e1d6b881894,0.0023379343783978285
ck_5ad798286384484e,0.018620452031321795
ck_b621b6ffcc7f4848,0.003353366097347439
ck_ea819e337233475c,0.30939537223610847
ck_9e3896c2668ce06b,0.03178759916640633
ck_501dcf1ead036d2b,0.005499396157927217
ck_8d5eda29a2cffa3c,0.007632273075739025
ck_4d3aa36ff83f1132,0.5516079576495444
ck_8e9faf94e3e6c757,0.002438941468751972
ck_ce0ec41f96951048,0.019352996713973426
ck_f09165d73ee903b1,0.007640460536554866
ck_a432b1bf1d3b3d5e,0.3331114585908029
ck_ea618f720ff0b4b0,0.0036306361945186447
ck_7584e7bd755cb28a,0.011506632999335293
ck_e14681aad43e1a72,0.017560561065878284
ck_5e18870d8e30e379,0.022940930030053895
ck_ff7c26a62bda8089,0.0034070424846532592
ck_cc5a35175d381d5a,0.004215566707630602
ck_3c25029e40aa8a84,0.006927559512006837
ck_771247b5bc16c12a,0.004779963103374096
ck_664b5e02759f985a,0.005538114226813218
ck_692a9e8f504b9762,0.0019347138643518876
ck_df8ad2deb0a4ffed,0.025984521423321617
ck_eb48c0bcd12ea654,0.014847891317930108
ck_7c77e597c951cdad,0.010750849580784963
ck_4f75144c6f3b13ad,0.0101344339513318
ck_1bcff399166d7c43,0.015214268833642098
ck_975c2aa3d4a8c51a,0.00407526680240055
ck_bc6f07b06aaa4ce3,0.18859766192530952
ck_80b072b7f3c7e8e5,0.008702333044226592
ck_471e4018a23b4e56,0.006193848987598042
ck_53cddfba570b4a3b,0.01896800792613038
ck_630530e50764f229,0.010944126012070975
ck_dcef7887a4f1e435,0.036063647063019455
ck_2795921a055643f6,0.009170746957223475
ck_7456df89f3792235,0.0023385910262074343
ck_5014a3b07e1f049f,0.578805002847939
ck_d4ec44760cbe03f4,0.01103779530396582
ck_96810ad39d4cb7b0,0.06231051288390167
ck_3222ea25aa29bfa6,0.0021265565491241077
ck_f6c42001b84a10cb,0.06270363411426065
ck_5ac86682385c86b8,0.013989280293445776
ck_4280c33af57eb4f4,0.001553103941370273
ck_05f79ddd8eefaa56,0.010077722860643599
ck_3a57a13ce032a6fe,0.009102252897498192
ck_a721f0d635fad68a,0.004389691396263704
ck_a3f821bdf408c326,0.005130451900583897
ck_0ada63008be5685a,0.015036503070533114
ck_8c949bdc6e8720fa,0.09390148579127935
ck_c0d2c56f9c722e99,0.9636022906409526
ck_5d2b9e6e087b8dfc,0.9684946674480897
ck_5217b55593a332ca,0.09503179163112105
ck_7a7bb9be5a7e48ad,0.013379320080475094
ck_24cd0d779e866287,0.004019553882488312
ck_7367917891a63771,0.0333811020723973
ck_4b31a8862a857e6e,0.9166022999145249
ck_81429c4910ca46cd,0.004510682738054748
ck_b35d803568f82d9a,0.01183988533145178
ck_4b00e75c2d2d0522,0.002923088260378551
ck_77fced07f6dff42b,0.008647821933100893
ck_3c9a06eb07c300e4,0.0017020388239662365
ck_b3867f7f494db64c,0.0023354307898901475
ck_0c45e54897ab34e2,0.03396159231413503
ck_507a6a580ab55c76,0.005134497334322503
ck_291bffc7809f896a,0.0027871444974561363
ck_3753cc5b9d02e2fd,0.005040176296288757
ck_4f63d5245b3ac1dd,0.012738328314425194
ck_9dfb2ae78659240a,0.011849763795762525
ck_90f6f5ced708aa75,0.0023445038651356857
ck_8b5b5a6b5539e39b,0.9125368057218312
ck_4719112b55d20161,0.008708447711515162
ck_fec888a7108ca52d,0.9702132717895493
ck_4f5d022c99f118b7,0.06587574752792227
ck_e967ff05514b697b,0.02519190825452771
ck_839ce35819bfa4fc,0.0021461323276671194
ck_bdee1221b9addff8,0.013306658505483685
ck_9cde4036d0914427,0.015609868234296118
ck_5ac959cbcc5e98f3,0.0026324426948615026
ck_619842688294dabc,0.009559645601308887
ck_7373d7b04c7799bd,0.012865972903886198
ck_c1dd3feb9a0b6471,0.019391610308730253
ck_0324a4812ec319c6,0.010833300718680477
ck_7f3685aa2933b251,0.06680013372641576
ck_06aee5a62a67a84c,0.07179637537807368
ck_3428910b44b9d08f,0.022404434665339534
ck_c3ba7534cefc1de8,0.01324690622495359
ck_1f1273a67cbad5e5,0.4513345587236214
ck_124565a11b2f8bb8,0.0037341870387965284
ck_38e46bc861e0165b,0.023505028064064334
ck_c8ad3f01319c065e,0.08557483648883871
ck_3f94a34f5038f7c1,0.8565386679580972
ck_cee56be5a502fbd1,0.16646617392915847
ck_2b90b76cf4d162f9,0.016998860608590956
ck_884b2e463ff1d54f,0.0032443019628637156
ck_fab4f2f8531b4827,0.009967004354137346
ck_4fc6256e0e60a926,0.007427926116881157
ck_0a2f8b2f8a5b6f02,0.004395426081021846
ck_9c0deab8a8367c5e,0.0014193552829927375
ck_d3a2a4c011fa2554,0.0035677595850911936
ck_4108b4038f762817,0.37048839707604053
ck_4df036e2aa7e1056,0.0076577830404659895
ck_ec094eb1cbb3efc5,0.002280827980051382
ck_09f8f51bfd2492c6,0.010929605630340487
ck_b60fb9a10d6f4489,0.023696250183414043
ck_3638bc3388dbc1bc,0.1870090933859584
ck_7a58e0cc9943c39a,0.0046401550505458765
ck_37dab6a0a536ed49,0.03760055955731573
ck_adc576690df5b33b,0.018622771154285952
ck_1383b2b1875000f2,0.021592381978574528
ck_43c1248db37a2eb0,0.0038340278967812086
ck_29c11bd68858e923,0.0018763245688199581
ck_9401f9e11f65337d,0.030913629086807986
ck_ce5ed372b1a2ed6b,0.04215367940991975
ck_08b4619490e751a8,0.6428046626579622
ck_44b9125526acb05d,0.01536266615477289
ck_ef1a1de20d2124cb,0.023691560208650736
ck_e5e2624b7fc89774,0.03517820187978549
ck_f5100511609b92c0,0.0012652210162084573
ck_64f3bb17101b7c42,0.0047073471195550635
ck_ea1e5b5128ecba2c,0.001785349275968005
ck_516163fcf04d5e77,0.016141830734703898
ck_7f9a748110d70005,0.008978220892904076
ck_d263b55f0a681cce,0.018633015736776858
ck_0e962eacf98a813e,0.004316525035721308
ck_0406931800e0e2e6,0.005366621838144492
ck_0e9b982afc88a3a9,0.978653513237191
ck_8bbb625384edebd7,0.0037786643695235933
ck_5eaeb87bf6207406,0.8892641462452431
ck_cc3318839c4b0745,0.0042643420173255064
ck_08a0355d1f1890ef,0.012949287823471213
ck_af7ffd1a822460d3,0.20189088095554636
ck_2a09c7aa870edb6b,0.002298503378653962
ck_bc04f51c23290bcc,0.007045674078082113
ck_d3a8333cb389f4c6,0.015286149474532544
ck_88e3dd3039508332,0.021394548005702833
ck_b8c7771de9b57705,0.004650187613117524
ck_585ababa02383b50,0.004525634296802432
ck_e988c108754cee9c,0.016394114127994276
ck_4a691892d9d6cf89,0.010008659374915723
ck_7cdce37d895eefb8,0.008019793039822318
ck_483fb981a1fb4317,0.0037730231276859073
ck_c1e5182bd99e0e35,0.09145838791822178
ck_9a1e3ec9a1839939,0.006362054288644827
ck_5c3f13de0dbd5086,0.009456696335398406
ck_f4f6f0caaab70040,0.00259266169068207
ck_791be3378dd7d64c,0.010024415665567565
ck_956dd784525f5886,0.01374744961255368
ck_098167eaf124c279,0.043316442251046486
ck_33ecff7914349ebc,0.011925844362058227
ck_e05d44e46c7174e6,0.013581521554519731
ck_1b2ce474fa6582b4,0.0726694029188661
ck_ab581082e8f72e3d,0.005150574474422447
ck_e63256667aa19070,0.052085135240324834
ck_f568772b6cb3febe,0.012949431014551354
ck_dd89a282375bbab6,0.042870480687837734
ck_a39d0bca345b492d,0.003251781098242093
ck_d12d2924d0f7a64a,0.020411766423431746
ck_6a548da1728b5823,0.972685167873006
ck_6d64193681d2a94f,0.04350053928463375
ck_ced6b6dcdc7c201a,0.007572291216249831
ck_d1b0699d26282871,0.05962437778915285
ck_58f757e40a9b8877,0.027383582229938166
ck_3272c2c4a37d5220,0.3340652776847205
ck_d94dfde9e03c9d1a,0.014870506021391847
ck_08a6d4903a7fbaca,0.013527655383785
ck_6c72a36b05fa0f4c,0.043033019540331424
ck_dbb4bd4eda97255d,0.014233005775385478
ck_94b59bbc824b307a,0.0055200949151112694
ck_0229a07185f15469,0.007115315068802486
ck_11bf1039f8b3025b,0.008627461923602928
ck_36789ca11459131e,0.05070942857862838
ck_8572c5f5c1447c62,0.009841199470389528
ck_9e75c6641939f4fc,0.06798270611936046
ck_b45e47c39d4dc7bf,0.012730613527582205
ck_02903c48b6cfd65d,0.005953258971407567
ck_b153386f1729de81,0.004071298681624884
ck_36979996f33498f7,0.44675544766078706
ck_3c02d4dbbf6716b6,0.00990628813474383
ck_66c9a19963957531,0.03867918154319082
ck_bae8dae7cfd8baba,0.0019295132238103135
ck_bba0ccc6cd968680,0.03833320813224873
ck_3267fe3aac05c71e,0.0032263392296667244
ck_40052cac10562cde,0.012748460701526642
ck_d973444855403e2a,0.005939183667942249
ck_012519bb095ad36b,0.9720411058421516
ck_ad7c256ea10c4a00,0.078751380588099
ck_70a60e095e9b706f,0.00548243302816305
ck_f2734417c0db4ee3,0.0024743965876809024
ck_9cb89cc3178e0172,0.00918564342382593
ck_779cc0f2de4d5488,0.19334111922088848
ck_35f8656bf93e3b3d,0.01664203426291985
ck_bdd8eba728800e29,0.02968489681822733
ck_002cf760d173f0f8,0.019810563408162472
ck_b046067c6ca3831e,0.0038122108121030223
ck_a4a42d4bff8af645,0.005981385602992671
ck_bce253d2396681a1,0.01424940608642922
ck_00dafc060c8de32a,0.014107689272589199
ck_968a99e097ee78c9,0.17190607112406658
ck_66949171b387bb93,0.04006484211062997
ck_ad305286702b1958,0.0026250247208107974
ck_4732da7e0d2dfc7c,0.005638460763749379
ck_17a95bba77217d85,0.030457044123097278
ck_3e2516a3e35067e0,0.007730587840533336
ck_0b615ed566da1f58,0.01852042099686929
ck_d2b3ce1ebabe9f93,0.019533863450791777
ck_a892252e4e0c2828,0.004925630657126487
ck_cf606fd6ebfdf9bc,0.00842598705119265
ck_718865237134ebe8,0.002585217396410419
ck_878522cb775b904c,0.06961103645911965
ck_9ed53de6ef779ae0,0.0022918852472596993
ck_3f16e2cd7e6874cc,0.014145110338708314
ck_3c59df37895ead2d,0.010811275332523594
ck_6821459b626d492c,0.0033745194631824875
ck_11c7667920541587,0.006941519998674388
ck_23a016cf6b98d89c,0.05634878512782816
ck_7137eeb394d200f1,0.06422445892661421
ck_9c4886c5c90ddbdc,0.002036397470110703
ck_1422a7bf7756294d,0.9043330806703018
ck_7ebc5fa7f0d3b8f2,0.01322616302429443
ck_fcc2059a8d5c41fa,0.116990819398778
ck_00ff7389d6a83e29,0.040893552397426314
ck_03129b41457795d2,0.009608591877381823
ck_38ba64efa7c38250,0.03578081926396391
ck_57a6b56b09bff24e,0.007163742503043797
ck_e3b3c5a80a567418,0.0022645579445665746
ck_fc40a16adfced018,0.0038923075935375076
ck_9d4b5e6b43bad4d8,0.006154047185371984
ck_61129937ee466b49,0.016207632947196172
ck_74112e47b8629c2a,0.0972791320609176
ck_b4703ee97f94d7fb,0.0030435917001776433
ck_e560f720a988d8a2,0.8333967668638198
ck_708fea345f68037e,0.002454497403971249
ck_25394c1b83e0b803,0.06462627945815973
ck_17ab24fe914ae44b,0.0026268715452190702
ck_16c501470d9bb006,0.0023818783570615544
ck_628f449e248c19b7,0.027445152487697275
ck_6d64190623dea714,0.005952477676709993
ck_504a45ee08db72b6,0.0047148080469725205
ck_6cbb011e0c70bc7c,0.0037843443002951397
ck_b3225a98acd04f83,0.006289370785669076
ck_aa37993f1c17cd1e,0.036316875556604206
ck_558cfe5f77a55a9d,0.004449954206406749
ck_0d0a1a021efea5b6,0.013458217357494851
ck_daf7aea023b7a8f6,0.028326287292817713
ck_d75f25184ece2b51,0.005765191019916183
ck_466d4b5366c50b98,0.0035168310410776723
ck_88f27ab479063852,0.052506723959699644
ck_66779098e78c1760,0.002604438602566407
ck_b150fe4efb449b05,0.0038940817038281414
ck_9c3aa9f23d01fa1c,0.0035377479372220725
ck_6a01c375fc26705a,0.0016233693659352285
ck_002eb6552b504ea1,0.013401679513530804
ck_affa5aa0bff9bb0c,0.010580725563603602
ck_027614eeba8b1a4b,0.013911097326735313
ck_67e075c982add719,0.011144558878981081
ck_399b0d510be98bd2,0.009104126031836943
ck_e9b0bca7368555ef,0.0026194605463420294
ck_59c29d9c57b4f994,0.0021722710272804513
ck_37176850ed68831e,0.008142953779185034
ck_a0db4ccca08030c3,0.9271774043330165
ck_aa188e5c25f7f42a,0.029735343104866255
ck_7de6997178207800,0.001941127511666833
ck_c729d19053387be9,0.027881512958739363
ck_f2d3e3d90608596d,0.3993086988271036
ck_2db3fb565e0211ee,0.002274986014729959
ck_bed8a480e27e911e,0.014684081556665153
ck_d7ad9921a4d25926,0.014769766078015183
ck_2a59f23fc5194699,0.06724961904724233
ck_63601a58a6120d8a,0.05757845002148196
ck_efd7b9e22c6317d6,0.008857250122263315
ck_9ab42875a0f95b43,0.025471579017420923
ck_85cb5033fca7c846,0.04295011962356245
ck_5249b223000915ec,0.010979079904924598
ck_3efb0e9bf25612c7,0.0034913340264889512
ck_678e74532ac19700,0.00838975863495223
ck_a980b296c95153f9,0.018610405871172082
ck_01ac687ce0d696a7,0.01376106597269177
ck_52e1418cf1aa9871,0.011266327101669443
ck_7d28da4f1dab09ee,0.03199553696844703
ck_010d0c2e6c1657fd,0.04327699700961575
ck_b524f7a2e752b9d0,0.009151147555661446
ck_cc447fcc24a0772b,0.5550505354820408
ck_2cb3c99845e572da,0.0024786498402416647
ck_604c710141327a81,0.004074680375623461
ck_8d5fa65717d2e0c6,0.017612172243437793
ck_31199510b40602a1,0.012030672892601221
ck_49e253ea12f4e922,0.020378467061700795
ck_780738e0d71e7e43,0.0026064823692763008
ck_2cd21137a07fdd7d,0.004811068665237676
ck_5e021f2a3b66e256,0.046282518306629106
ck_efbc79246e32c66a,0.015269835832830045
ck_9951bd806c13c7fd,0.03295760803618683
ck_7a52674e2806d8f5,0.10663931643319216
ck_1a319e509f1efa1a,0.0017493076790693505
ck_c920901b9a4ba993,0.7842482247847853
ck_b71279e807d0b3a7,0.011842516003860108
ck_47e1032f490bb018,0.007654684665575553
ck_192579ecdca7ff83,0.014233007202983292
ck_b1496c474c4a3239,0.0031903854955990228
ck_5e68ea2c5e893cf0,0.05027090546149435
ck_f2ecab85d4693b4e,0.0032766006139667526
ck_89d7bfc81c3df597,0.014946645387410612
ck_7929284327667791,0.06107542314971025
ck_494ec63c5ce8e150,0.013608768659974856
ck_319b059bb2145586,0.03439023736167331
ck_ccb3767c239018c1,0.003362514519405286
ck_a1c7adfe26e09a8c,0.030057412019957763
ck_0e13c4f73818149b,0.02147630840247823
ck_c285a51ed6214f52,0.04342887330441955
ck_916784595f028226,0.084362483301225
ck_6cd8e0196365c474,0.019746523845592806
ck_57b657aba4daffde,0.08019633905306273
ck_562c76a3753fc7da,0.5315642217864087
ck_66cfc1ebc9a513c8,0.0034089518394043164
ck_0f38d4aed68d7d24,0.014747298043375292
ck_d8ddf5e99f7859e4,0.012671415873669992
ck_41bc3efa0fca700e,0.04428497998424984
ck_40799e129fcf42c5,0.14148377530381417
ck_786f079389126e44,0.05110560582310394
ck_bb4c6b713eb0b978,0.01973824456334132
ck_4f01f7eac0efaba5,0.012434546243862104
ck_47d29c01b20cf69f,0.0067102040219745186
ck_bf15a1f8d67a30d3,0.019354767988972645
ck_bfecad7586f65e4d,0.012462740375525815
ck_fc9f16df35190eb4,0.19525367564093132
ck_c09c914e416edd08,0.010065368796507481
ck_c54c5d8e4433b0f2,0.0041360551413944634
ck_1694c28f44480e98,0.004404644208975619
ck_1dcaa3078dbb7571,0.002226256037467347
ck_af559f990c640e41,0.02123158095447074
ck_9b436162039a77d0,0.016691105475689215
ck_79d62ef181bd0cd8,0.021460532618889715
ck_23caafc2cd34242c,0.00959336035958189
ck_ffe2aa26f597e552,0.011279247815258138
ck_e6ffd0754ac08661,0.0018226508666923762
ck_beaacb4a783db21f,0.0024980223668251244
ck_9863bff41d24ce9b,0.008963101337396286
ck_323b9cc5c49f8ea0,0.8252282290325392
ck_ab3de3d3e41c2082,0.004038927673369607
ck_35c93b2924900376,0.003171459432338557
ck_5a9d5f9901e37e31,0.013017702122110408
ck_782b0be796164335,0.005598070476073084
ck_11960b5f1c7a5e2c,0.00398320622981072
ck_9a66cb13a9884cc2,0.00480486757692921
ck_ba666a425930615a,0.002373167391224204
ck_40140bef4db73741,0.00963668616889254
ck_e05e91cc180063d4,0.11567008753547821
ck_c7f6f45710bc050f,0.00453322925769642
ck_055fb9f2e1c8c934,0.042419159435200054
ck_58bb02d98e2b9cd5,0.0325919122805786
ck_d9f8efa6a7800f76,0.0030418500398536274
ck_69691226c68fd50b,0.20764233059880716
ck_6f2f0396e5b1c538,0.9500982209010811
ck_78bc3f1d0f35ea6c,0.00781333155618039
ck_2d5a6b6636a2596b,0.004224524239905478
ck_7878545739af0a73,0.003408176970606998
ck_03c4fa4f3ed3512e,0.003398743122333083
ck_1a9e51d092d62c84,0.5443939814765858
ck_9f3861940d8d873c,0.017857286392213016
ck_4684fdd61c6a0fac,0.01800599203400452
ck_715966f86d5c913d,0.0033062304879369155
ck_77f293d44b4a3d2e,0.05318446257809984
ck_24dae044dc05f849,0.017819042597793044
ck_00b9818e2064405e,0.09974630435640175
ck_c1c2cb49c3c1b0f5,0.14820055483411515
ck_bed50fc64fbbf8ec,0.013739279880832216
ck_4f6ed5ea5ab7c429,0.014096227875841489
ck_458531c22ec2f9b3,0.005794620278960036
ck_51c50c4c443df31a,0.6902059457886859
ck_732d45bd578dc39d,0.005832353896942366
ck_783fe5bc20cd02db,0.04797347075389366
ck_7f188aaa63d1d442,0.005842667875199047
ck_ef307a6aee38d1fe,0.6562567911017845
ck_e37196b20968b73c,0.021781864254722297
ck_4ef9de711c3d93b1,0.01744989358666605
ck_17946516d5df71d7,0.005885501436469856
ck_3534be0f4efd313c,0.017820195209581193
ck_29fbabf855cabdff,0.0024720744361662393
ck_191673540d8486af,0.022221818792503564
ck_5f52728d777ff2c5,0.018491402180055235
ck_a045a19369016818,0.9828483655572531
ck_4eadbe7298b15e96,0.009199290045161174
ck_a3a0bd59729fe619,0.01693449061648684
ck_a1e77090b1c6ccf4,0.003616028191427944
ck_69ab9d4784eb77bd,0.007212989390866065
ck_baa47383ffd50f04,0.00797605603889746
ck_e35b2ed08b9e55a7,0.008457818678714313
ck_b6e3af0a5119d9a0,0.024990997560317245
ck_a7c1dabf3869772f,0.03366185574397717
ck_80b8fca67a14e0be,0.6063398963533033
ck_dd9c5f0c42878e67,0.003082020400664625
ck_41ef7967faf5ce82,0.00388904181141588
ck_a93560aa348d6225,0.022997821099174733
ck_ffe91d6f0bd93fc6,0.046058040141066015
ck_fbf630c960194033,0.005769131313035838
ck_497ed60723283c0b,0.009745871560400795
ck_2a46b7ca55239413,0.0070179001009594965
ck_1a4e5ace078dd782,0.01135239205111803
ck_616cc31910f5de50,0.006434033561269524
ck_0d65bc749eb42710,0.030704521896083158
ck_2408db62e4395ccd,0.016012912753798944
ck_5d7721930106dce8,0.013288891144622155
ck_e8a6acea22b20312,0.2337242104429171
ck_e2f792fae128b18e,0.03648638165722248
ck_e6d3ce445b86003f,0.0028190910123187356
ck_263334d722ecbc97,0.3153182452407589
ck_8c5b29f6666d4874,0.03545833301586267
ck_7ea0bf310fc20c7b,0.916575445703603
ck_54d463f7fd89ec3d,0.021601982375353865
ck_79e45040dbdd6447,0.042088015851490024
ck_60b4d59953505682,0.8079436573430545
ck_fb00dd5021642507,0.015499978902068468
ck_f409ff994a210601,0.024200718371355432
ck_2ca0020038bfec58,0.23088194545256216
ck_adf84b9df54c3d80,0.03247615509895662
ck_942dbf632591b65d,0.027657731764582173
ck_454a7e4d859a3409,0.0019331989682827085
ck_2139062d4569aa07,0.003815718304608801
ck_e949a0f4df0b3902,0.11234378605241882
ck_bb113e3e6716ed65,0.006808040195609572
ck_6a28ea6ce69cb869,0.06983276295786738
ck_7df9910af2bba21b,0.015847438554851875
ck_78aa4b731cbfe251,0.005760247811833094
ck_5839f5cbd8165b1e,0.015212810632295124
ck_7158ad9e58769ffa,0.07019748184225698
ck_acee218cbe61df69,0.04090158435153188
ck_f8dc8473c2772729,0.15678917952909696
ck_f34c93a8173555b1,0.024922871888888094
ck_7cf301d075e4e709,0.012478225698929302
ck_b87e88ee5512ea17,0.0026332704657037274
ck_bed0c020b10afa3b,0.010529979459500027
ck_ca10102961f99eb4,0.003926936396838714
ck_393287947b5c8d79,0.006661051755111054
ck_2fe6cac002142f67,0.03689770513367013
ck_79c7f0d29b1db1cd,0.03313309125904481
ck_c735b643d3cbf67b,0.007127106673228044
ck_ea4332c8fe48e2a3,0.007023330042360983
ck_d39864119cdd460f,0.003760932240658519
ck_3b963d6be2773861,0.004869563817888117
ck_df39e3b8a9fd0bfd,0.8464373826890859
ck_6236a461dc0d11a3,0.0031995380393219095
ck_475ebccca25e30d1,0.011725510851858457
ck_c10c8bcf5bcd516e,0.05805366017864708
ck_49ccc3716a564256,0.008069129636765041
ck_4e4f99102f6938cf,0.0049676720368870605
ck_a97b481ade6f7972,0.04275761813914236
ck_3fa559c679751b3a,0.012873779804490922
ck_3eba1fd2c7acc4c0,0.5005839805181733
ck_18c179b4afc4fccc,0.023544653830455863
ck_cc1c0b93d05b7d20,0.05667860651405765
ck_742f7c28ddd019e8,0.03707497625874028
ck_04470bc93b8a0d71,0.006196975408795607
ck_6e8f8ef7a03cc6bf,0.023825196080154994
ck_eb1ddfc353b4da83,0.005489708390274046
ck_98831b57c7ca2e4f,0.0022804218067599066
ck_a6c7b8d6e8596d4f,0.04099491735666252
ck_cd7d24e3b095e96e,0.07789574170621716
ck_3f5ae4673a9f858e,0.006156044129544765
ck_05f375fc8ae0afb0,0.007455218507356462
ck_1fc98436281ee39e,0.00308729781959836
ck_6c48c58678f64bae,0.0014654870515215146
ck_8c95aeec6a4c75b0,0.0033571988289303385
ck_364cde38958b7af3,0.42090461716458616
ck_85bf21aa1a00452f,0.00712034983093832
ck_796d3eaabc667c23,0.9827762263615802
ck_ac449ee0c315edde,0.00521930211574223
ck_6f9fd15ac6b163de,0.0031277001404134332
ck_4087065be2a45ad7,0.3789953436513891
ck_ecf006bbc78ee3eb,0.3188746266899429
ck_8ca808cc5a49cb5c,0.010708691084028743
ck_94b90ab8b2dfb50f,0.019765476792871304
ck_59fd11b3232de9dc,0.6972387537482293
ck_67f3794d93e2dd67,0.0949209645185454
ck_b7f5acf5df1bb13e,0.008617127453107984
ck_fb04ecbaebb774bd,0.004181065851707862
ck_68ef3e7301c621b7,0.017231011933011117
ck_41406cfa209b6bda,0.0025658301811629395
ck_b0f8f5408662337b,0.00899031330118877
ck_0d2901bfe585c391,0.12662937119783244
ck_3398551e81dbf3db,0.04750879113101508
ck_61c3e3e277629646,0.00849741437280634
ck_2825e34dd3e7ea2a,0.00477289786640757
ck_20d7571ba830009d,0.004281087399516293
ck_c98b16f9a72a6568,0.0021652437243240277
ck_e7c8a9e4641eb9ed,0.001490507077168581
ck_254a7c97c36dab8d,0.021602980578374696
ck_e98429675b46272b,0.005442120518490307
ck_c2fc0ac460786d02,0.03815054815082704
ck_fba15647b3a140d9,0.006071450897493879
ck_15ce50f2704227be,0.01511044070704987
ck_8c748aaa4a4554f9,0.009426405829028863
ck_e00e82a9419ff086,0.0409973520653071
ck_832341c98254bd84,0.029713525194641585
ck_27466468d06db4eb,0.04058942566443556
ck_9d7b9e3ff1f3e71e,0.011833446833729585
ck_42c6973d3a6fe983,0.0014175012832408564
ck_877c85bad118bc62,0.04593412308335008
ck_75d2a2715259c4d7,0.02813033848163067
ck_37d3e5c681a2214d,0.3147805867863317
ck_bf285dd49f372de4,0.011521391758665532
ck_a5bdd026fa9c50fd,0.013110027716645831
ck_88d9244a9cf7a77e,0.5480858859599509
ck_5881b174e49b04ee,0.0021768258678377824
ck_5b16d67c5ea89930,0.008525833955069471
ck_b75b936aafac56b9,0.015428889473983068
ck_aed2681e1646a0df,0.02851032140266713
ck_f63cb5e8cc702bad,0.010852109226101397
ck_1805fcfc4a9e4ffa,0.888679037216237
ck_25c355da356c730d,0.019643509678821294
ck_70396398e4a96449,0.004033185315506298
ck_0f743bd13373748e,0.019914832618278238
ck_4b387765f0e916cd,0.0038518456094402886
ck_e971faae8a10a260,0.002567679794041422
ck_9eb08369e983abfa,0.003192122870333077
ck_c30c5844512e429f,0.059802650074565256
ck_59e77e3a81f1fa0d,0.007226340717510946
ck_ca4465f2b5c1a52e,0.9786140963039791
ck_c89b9ca398402f1e,0.003807307241055575
ck_36e72ef9273e7a95,0.007303002377771349
ck_2bdd8616870e5e1c,0.002113288894198197
ck_216e87a41de22b5d,0.06042832588419258
ck_60f4fb44f5efe3a0,0.002492223860501073
ck_05652e8ace6ce6cb,0.002673852499609984
ck_8c136dc691e65695,0.0017910806707568817
ck_a08f8dfadbdca112,0.003230059839646697
ck_bda4041a3e90d860,0.006138551849644597
ck_15dd3ecaa8ce0245,0.649413489739579
ck_3e3c64b3b7876ce6,0.04364585042587522
ck_46225858a38b2e57,0.008032804066973657
ck_0cb9f54928f4feee,0.015777398133822885
ck_152671fbf8a9a78e,0.09233588137844986
ck_ee7a515e87d17d4e,0.018879932311036136
ck_f7276091bf513d22,0.0034342972116172075
ck_4f05daf1cf0d5755,0.002637018403303555
ck_83a69c4a5d55ef19,0.03404100818301903
ck_c50fed2a7c9198c0,0.009333446704304067
ck_70d19d5650ddc8f5,0.015947301300274296
ck_4b4d99e443618904,0.01094768989195867
ck_dca0b6ca93311ca2,0.006335367288057584
ck_b7431d4706461ec6,0.009161685552757311
ck_7b59d22cadef3b05,0.08311871736125725
ck_53428573abcd606f,0.019125018855976998
ck_f538ab6aecf2adfd,0.0030555108005774667
ck_d321249fb065d2fa,0.04279234284373238
ck_72fdfc7e6d8e1436,0.001673703169758628
ck_b52b99dad89ecdfb,0.005745745852803348
ck_d2d4282f9d256b3e,0.004416011993113119
ck_c8f2a1dd8a6141a4,0.0034891244353439073
ck_8d38747058d0aeea,0.42950321268312786
ck_3ac528caac74f563,0.025637716084746007
ck_8dbaaa00ad829ca9,0.013254068433577975
ck_7c38ec898f0fc21d,0.002899504549742649
ck_8171ef803f5ff604,0.025646338568702402
ck_01a750db6fc1168a,0.15021760060956907
ck_ceb017baa26e98c8,0.03438764658695486
ck_e2c66c72cc0b0f78,0.012840686028661197
ck_8d9518f64b222416,0.006289365391318391
ck_804c5a1fa5753617,0.0067934600045402764
ck_fca7cc9c42695453,0.0032278369432144033
ck_3a632cdf2c19051b,0.00538508447951778
ck_b2b63ea65edf1dde,0.04714122827603387
ck_27b07021500ee841,0.010587269236812108
ck_9724718fe64c6557,0.9200052995525658
ck_2786cbc3e75ec034,0.37062898605772876
ck_d9c2622cb6df380b,0.01437293732808044
ck_ae1da8ee98e402a4,0.010491659658961525
ck_62967b91504149f9,0.002174538459522234
ck_6b255bf68709109a,0.0026457441508990834
ck_c55afc68421d85e2,0.031161139833223134
ck_7c7266f6ef2a8466,0.06590633249068861
ck_885cf685a9541190,0.8046229257625455
ck_1a4bb7d3d2ee3227,0.009008505104943259
ck_b4911c42f3bff740,0.0011603272074751764
ck_66f9f78d4c6a3edb,0.019309306147187365
ck_49bdba9ee1899dfe,0.016526497970278733
ck_79b235d51718435d,0.01102098292805374
ck_d840db8cfe2ef6f1,0.002430034294388434
ck_610c7bcc1cd7ecb0,0.017441430767255788
ck_cf49b6544aff6c50,0.5627234766004141
ck_de05f97c3d40dd1b,0.07241726147819161
ck_0302f67d75973dce,0.006740802272014477
ck_54c2604c9ca6256b,0.008751742972808283
ck_a1c88c0568f142d0,0.13247646584802789
ck_5d72ff6cc2963d1a,0.0022038972096209896
ck_0446920a1004c596,0.002327351796550848
ck_71044c29ef071570,0.00644038311728515
ck_2122e9bb1afffef7,0.0051738707451980705
ck_d1e3de178601d3c2,0.02727170293333068
ck_bec8324a3587ef04,0.0016069386320740821
ck_b616b6f45225f319,0.11823062161458725
ck_ce1e695884511479,0.05978057902432958
ck_a662b4bf900781e4,0.0017123468003618024
ck_b5a84c5547378c10,0.0022206257283891697
ck_f80af368cfc6cb7e,0.0083932506211674
ck_da3526ab6c5c884a,0.009216100133925657
ck_bd20be9a3392d79b,0.005576381355941462
ck_b8266dcd90cbfa62,0.005372697035918571
ck_ac84b33304362c06,0.018244838885527255
ck_794d8935a895e33f,0.06463376388768691
ck_8fea7d915259f1be,0.0031850608719840873
ck_7a1519ad5ff45312,0.0019125940440255502
ck_9bf3ce30b65f75c7,0.0396690650763597
ck_5f864d72d1eead99,0.03734275438558429
ck_3c48e0cfc2a58041,0.31954170042911867
ck_d902183f80cc81fa,0.040342521187334765
ck_539cb0d117db8cd3,0.2599366012240357
ck_28f530aec8e77130,0.031550161113357386
ck_e7d903c50d353361,0.07458030996195861
ck_d288b77d1e227970,0.012921243080371046
ck_017208fcc01b5d40,0.005084085421884349
ck_7e3923d278a5106e,0.014483963670436258
ck_9700a00ff9e66216,0.07456394656549883
ck_5c36c78b7a4d138c,0.0368315541957631
ck_c457e9c9224b773d,0.01819424928159283
ck_1dfa91405d7e66bc,0.002130913970388175
ck_f1d8a2695a575e56,0.006302075452657149
ck_3b92a46daf8d00d2,0.022317323297266205
ck_aab23b5470469649,0.013514654316847424
ck_ecdd01a391610d99,0.006049740788782881
ck_abd3aa292f8edb4d,0.0731343406943723
ck_7fc9a0776e1339e3,0.003196239724044312
ck_c0389ebeb0e65cb8,0.0018891348000339466
ck_48d0fc4f6a2109fa,0.9506385045956354
ck_571dee4f3336c7ce,0.014787561988295
ck_4cedf26628c84f26,0.022009909423334903
ck_63356762d24aab81,0.02654411293457374
ck_2c5bc11bb7ae5d2c,0.9478336061352503
ck_6d26a152f900fee8,0.0037396085274625642
ck_c972b0e781efed3b,0.0026050661629043364
ck_fa0ecbcf9a33d6ce,0.0020796243027684236
ck_fa3a766e49dc77ae,0.007128062624680869
ck_7baf1e55db0dc558,0.019639315087623937
ck_e8bc49e6494c1f37,0.004574302662619845
ck_8ef1d05cc1e53e7e,0.030490276153130377
ck_cef2a485a77e0723,0.004052700799828087
ck_228a583f23abff48,0.008357879580489835
ck_ac32c6e374782b27,0.04126321889635361
ck_b9485218cef413f0,0.007578118609081816
ck_7f15503048915d6f,0.004723782531065909
ck_b62f5144db15ad34,0.0684054872607033
ck_917d82c552f95a23,0.019385988487328896
ck_fb4797045077bc6d,0.0018671829055835277
ck_2cf8a44e041217de,0.013936582295259148
ck_b7dd681eb3d2ee38,0.0015937466669002313
ck_e9e8cacd2fa35e79,0.014356994869130703
ck_342a79f91de5d1fa,0.023512812847824284
ck_2c91f62c05685ed7,0.002902311149953845
ck_e30cb64302939f38,0.017601381032014505
ck_d0e95b90ba86da10,0.003770970137421379
ck_1774faf414a5d49d,0.9012079923326194
ck_2401e8ff89e574fd,0.6524561218965583
ck_0cd8802264e0a1ef,0.01761922167419899
ck_da84a0dfe947fd3c,0.007116923375808996
ck_c8affb27ba7fb5db,0.055008423479925454
ck_bc7ece8787ca7200,0.0036347150604780737
ck_469a0578d05990c2,0.006768215253623907
ck_eef67f8dea702338,0.047381424514266746
ck_4f490e379e9ded9a,0.0036853127325092317
ck_354379de065a8ff8,0.004561792045209997
ck_5db1cb368bc41ac3,0.008701619290732123
ck_9b1c3742dd6fcb8b,0.016006093662652474
ck_63ce4f44c92d7143,0.03592632786523213
ck_e15e3390f5ed45f3,0.0113191137692236
ck_da645ea91d66aa6f,0.3795418236639614
ck_834ca727df855f07,0.11330430714781134
ck_e1d5ad20c737c745,0.009303589066143269
ck_ff8059ae5fa5f1ee,0.0011895973532946341
ck_8bb9e75393954a1f,0.002868849390092303
ck_4e1757d1347ab387,0.9734519084321452
ck_af3f74b1d75a5d95,0.012548351968607641
ck_6b1ab0742ff04c3e,0.036844378068020066
ck_f56073911c9f1ab7,0.002958695434265425
ck_51bd5f69b4fe0b92,0.5165604193686224
ck_fc3d95030b81f416,0.00130903725444373
ck_cf78169633a1600f,0.0020775601064070702
ck_ad7269eaa65c67f9,0.012103063470271508
ck_cc6d33890d47a6cf,0.011836580349901647
ck_bc8f31f4a2ffa1ae,0.0023091451400940252
ck_720776a46e56dfa8,0.008439620676212928
ck_e2d1f212f259539b,0.00840515650313273
ck_eaf6f7082c3db2bf,0.030829222863711276
ck_773efe58c6278c3c,0.03481175037124229
ck_c4a72c09f2fdacc4,0.012302099703389035
ck_8982888dd6611143,0.0023914804971001758
ck_9d5049e195eda029,0.005775927349692001
ck_de58ef6f9fe2b546,0.010330889376988384
ck_c0b50c11e4f5adf7,0.02440920972702943
ck_ddaf228487858bb8,0.03893157014221084
ck_eb2323215ff70362,0.03069767072603065
ck_168c96a1a636ea15,0.021155223974429056
ck_9c46711b14d9eebc,0.0034914147666073618
ck_de8af660806b97b5,0.001922820397493307
ck_6ab83f45bf16eaa6,0.0032840854683474437
ck_bf2228a052815840,0.0034858656612605354
ck_3f943f20a9da9bff,0.013147269505078309
ck_3baae40454c00938,0.008744201812405901
ck_bc2e771a1d8d2dee,0.11952913027523115
ck_e55f5ca37f30ce8c,0.007398244492334477
ck_4ad5937bef176d89,0.0027874963346589546
ck_126531a9126c17c4,0.0021837550089864235
ck_7ec423cb56257516,0.020636973190875943
ck_54748ae0f2daaf10,0.0200769569632515
ck_ff24776280ceeeed,0.0031846140437178927
ck_3c3a1a1365741bba,0.002748216140741338
ck_615277c8a4e2b18b,0.007087506269460855
ck_a96aaef34173aee6,0.04287701300973954
ck_bea56db7f3e930e8,0.004190125440051007
ck_ca491debd3b32a59,0.026326297160532756
ck_d9ea77f4114a389c,0.005640001987173341
ck_322ffda3332d08a2,0.020190147236051396
ck_c40ffefe4e30b001,0.03261306194197873
ck_3b1d7648d4580bef,0.0047103653329752
ck_23981a3261674131,0.007082553880819541
ck_11667f5b9fac7bc7,0.0018246382486526397
ck_646bb3c7be5f0817,0.024717601212658497
ck_ebd0a45712dcf07a,0.013814777505947656
ck_baf43bf1bd963f9f,0.041517120082383924
ck_e0ca2c819658f6b6,0.9724948716254495
ck_f0d6633d0834fff5,0.024343450325038526
ck_91081be0254878a5,0.027910069432794744
ck_1325000bc7f35b5e,0.0026564912704437086
ck_c624b9063400fa3a,0.06881364681364982
ck_0ad6fa0e23c3bd0a,0.08535617610843912
ck_6ddb55b1f23c6cb1,0.014320227446366558
ck_dce1fb3acd65562f,0.004823515775734841
ck_a9aa389688ee5aea,0.005401790020944498
ck_5c5284c45d9ad8bf,0.035993128964971234
ck_9ce743dd3e92549c,0.013228840228769238
ck_8342e08cc2f9bcb7,0.006337791797794072
ck_25e551a0a8d2fcc2,0.04158025186304183
ck_d4fd0e438c97e0c7,0.07147116570015596
ck_ac7fe1c344190c50,0.005018541756335761
ck_ddd65711b5651f89,0.001783282144151006
ck_ec7406cb5cbc8f10,0.0032696635602035367
ck_1c65e8d5be3b9c60,0.18425136032551287
ck_38ee42f15a573e81,0.020688546080311728
ck_0e5385c70c6de025,0.003784949539272838
ck_d3137f0f7629040b,0.009039968804976805
ck_9129c92c12e0c8b4,0.0020041770885128644
ck_c86520a00e50a926,0.026293146376281062
ck_87f82b2b5fee757a,0.020221325250637762
ck_643abfbd7548d0c9,0.027013074257185594
ck_be51f4e5e6b85768,0.02896627583862212
ck_132c16312f37810f,0.002353842015928643
ck_c78c096ca8cb33ac,0.0021246118506947215
ck_2ce5afbc014763b8,0.03553783405607136
ck_50ed8f4e7ae6710f,0.013189124894826851
ck_5a4eb535c9a11993,0.006907687883393411
ck_9b665ef46d785324,0.0065054882045616205
ck_e066f71f8b296b7a,0.002781043410192633
ck_560bc6017870ab06,0.005295814139731164
ck_fd78f8a8663646d7,0.003561571997354499
ck_4af5ec61ddbde1a4,0.02906164470466882
ck_c2ed04a9d218410b,0.01977409488345922
ck_2455d43bbdd2bb69,0.015669278437906914
ck_56eed7041add49a1,0.33997137778608433
ck_5f0be7b468a72333,0.005777951595225464
ck_19660cec756632ca,0.004852494091112296
ck_fb90408f4892a21f,0.010921588225033786
ck_833a65b86a5d9bda,0.003659848590218137
ck_2ac36e1dff211d38,0.015473975731362914
ck_c00e70606904539a,0.004923731302146343
ck_ba8affe4b9505a95,0.4538131073338453
ck_0c3dd22587b08018,0.017322034997752797
ck_618c4e5cfae99dcd,0.14390324620968525
ck_c9690baddfc4177e,0.0018424822514364193
ck_59fae092fb0c4aa3,0.018896571089342257
ck_e03b7d0fa0b28f4b,0.004591107389437493
ck_d451d24c780b5884,0.007145534616489304
ck_e980d325b8dbb8dd,0.001820829925945429
ck_cff18e2d8c520272,0.0029884271113335076
ck_a0e46b67e986ab56,0.025074781410528692
ck_3a469039a5b9d963,0.008203596319757929
ck_12cbb211ebd2b437,0.055561674781157186
ck_b8cdd6d6dccc4554,0.0036275762125535585
ck_794ba5921cef50c9,0.06903688910892843
ck_2c7667f64edec2b5,0.007847409259553554
ck_7262b4e0c29c942d,0.011052229811744146
ck_5d818522cbfe2a54,0.03080394397492062
ck_de39c1947fb675ee,0.0495509377803052
ck_c021495606b4735e,0.006189261225823237
ck_1fc03ba33edd9e67,0.020146391882476574
ck_a6fe344bbf67f14b,0.005474410850208691
ck_963762210edc5694,0.027592350978674747
ck_d064428b7e7dc409,0.0022990830287765267
ck_59be61b53d971611,0.012344546421405426
ck_ec8738ec663cd2eb,0.012772963134621684
ck_59d086fab5998646,0.015870139766371312
ck_bd32dd3b2cbb7888,0.9690925339973486
ck_ce0166addb93bbad,0.0025060712699009778
ck_7c0fdfbb447cdc04,0.008059891504639663
ck_cb1bd7635968ed8c,0.16855227957542118
ck_66f94903177f20eb,0.006996150231836624
ck_1d7cd5dcbcdafd7b,0.42295583624664235
ck_5e418a7c04437b4a,0.047763088372876995
ck_631ea1ae91ab333e,0.04844757948251
ck_0a8029e79a5ae7ce,0.014948908250792703
ck_c4cca8278bdad9b9,0.0023438336362004695
ck_4dec3df58077a257,0.06887397547394898
ck_609c249edd88c565,0.007553199427404645
ck_02e5f9cbbbf2f078,0.01288670588366638
ck_32e486859130458f,0.6077011306858433
ck_21ed2ea6386c5a07,0.0013907386180128495
ck_1242aa4496576a99,0.004766919213738081
ck_475ea9aa6d3898b7,0.05564597862539365
ck_fe1b1adae3be70a6,0.7877816416286634
ck_c5414d7a8031d4f5,0.002517698127715225
ck_ca1f6f01868e978f,0.01836711634392906
ck_5eff0208c74ec714,0.012880541252163067
ck_a315c9619a317609,0.021519128913422746
ck_2b87683c90acb852,0.013775460578007534
ck_7cd9f39c50748ed0,0.00852764694727565
ck_16a06d58d71935bc,0.04292183364633066
ck_d116e0e7c19b878e,0.8621904640653286
ck_931510e384b1d0cb,0.008162725814945463
ck_e7651fb87bb24132,0.00827752950461785
ck_88ef9f85948e1a01,0.0024939185204809625
ck_17bf38d51115a8f3,0.007780688755721328
ck_2659d1d3762a2825,0.013112982728888549
ck_a7285955e2852686,0.01689957651020092
ck_f2c33d5b65b321db,0.017717654719627444
ck_83e5979334345622,0.020022533477992488
ck_629537d8b4d0f395,0.008323551622889952
ck_72022008a92c9386,0.021659311277035576
ck_2973b8274f0bf69b,0.03009111540889807
ck_565e3418d2f4061c,0.008349515091858547
ck_54bb53b8f8ea32ae,0.9808821326129471
ck_af0a6540ea7a36b2,0.012496389194757547
ck_888651bfc2c8cf70,0.0069278882241125914
ck_1dedcb48ac381a1c,0.1680426613182673
ck_f73273e220296be8,0.03021713362640384
ck_8424bf65223a5a9e,0.005716268538506523
ck_337b930fd149a696,0.017904558744166278
ck_8a4952de8a123ef8,0.006721587032271135
ck_884168153c9c0c81,0.002529129992859503
ck_fdda581aec411010,0.0033156051552590197
ck_2b7cadbc8b180d32,0.6802124730997278
ck_8aa8b9968233a1ab,0.006272440864987322
ck_0af18b3ce015d294,0.0022830223232271187
ck_8dde670a735d1e90,0.08991095238559663
ck_62f46226f244139f,0.017750024707752627
ck_f948e8a8fdd79b4e,0.02267441625647742
ck_fa00aa0f3e859904,0.0234510324851126
ck_fc7935f784a4f249,0.00544603967276704
ck_e7501307c0698e5b,0.008033957328784943
ck_549ed417f2834cee,0.024444946928677935
ck_fb2a35571ec719d4,0.055735980358900566
ck_25822068c86c856f,0.0019402698255767032
ck_8f35d229b62c8f23,0.003616079792295605
ck_bdcf049c1e7d0c95,0.005181035435556982
ck_0aa9db36eb16422a,0.0023419430885770697
ck_42dcf92e9e016922,0.04786884329184644
ck_42341cf31c08c981,0.004339283454873843
ck_0b20bfc515ba42a2,0.008133648058315204
ck_0ec820b670d48098,0.0024682907062101547
ck_1f0bafec397da8e4,0.033592415027422697
ck_82f07504ab59ed33,0.053696156452501156
ck_337b24a474010abb,0.9780344812635279
ck_703703bda38fdcf8,0.014635365714784857
ck_01e7960c63dca3a4,0.8652273129740657
ck_be5bd81e3715cb8f,0.8104829675981811
ck_197f8058cea1fbea,0.002156251542719401
ck_eb3fb1106f2f1b21,0.051508271409915124
ck_658b4b54be09a4bc,0.9669639294675498
ck_266ce7ccf41ccc50,0.010594665554041285
ck_110608c3b03d4038,0.5721934883085316
ck_1be8cb95d6d9bbf8,0.004190028804614799
ck_8e16a64a776afa82,0.28226729187973015
ck_34bd190d37eda534,0.02416409365175261
ck_4f521611ae14ae66,0.0028890571797521494
ck_d839798f9520363e,0.2661594739470863
ck_d1bbfd246c0ac9d5,0.012044966029225456
ck_f19030e6e85a6776,0.12327161906258371
ck_cdabe60ab59f9d5a,0.02184840759569409
ck_bb84b2b30293f566,0.6299018958446242
ck_427b91925952cb40,0.01572575893358346
ck_1078b1e155b5b640,0.008739856965798943
ck_95fdc264eac72fa0,0.0034453146544764536
ck_e35eb857c61548b2,0.7577567708621707
ck_69bd0b1abea7e1f0,0.23152347958796468
ck_59de511b20c842ba,0.020952653157189832
ck_168e7ea341a36b80,0.0027401823985149214
ck_4937cfa6526ea138,0.04347141728243964
ck_bb1a981306b750ac,0.06785209722484828
ck_f42a43e4c3f34ccd,0.0024722632387764436
ck_c7ae1d4b3ab38185,0.008163000161498336
ck_bd23cf9bba1dd33f,0.058830482217963026
ck_0fd826fad7ec7cd6,0.052455820128727904
ck_f143641bf3dd0414,0.048202253835585795
ck_ad6d48c20a3688a7,0.006849472946199257
ck_7bda5b5b927b2905,0.02318708971605868
ck_a337eb38eefdcc88,0.04095996246094317
ck_403da2a2d800df9f,0.16307251984941465
ck_aa01d5aafde73d0a,0.003766217262055358
ck_494954023f0eb309,0.03573448649617083
ck_1c6820fc38135ad9,0.012660164256684701
ck_0e0bab173622db9b,0.07588980386552832
ck_547090bf35a3b243,0.006162640299015524
ck_d69455220b21dc9b,0.0029283625065460923
ck_90b4ac695b9c6bf7,0.004937998684317542
ck_8d2afe17c0082e6a,0.07862589873895892
ck_926b81c0ba528eee,0.015003835765009028
ck_ce36b0c287bd198e,0.042975196392985075
ck_8026e017909aaa6c,0.0018624204649395422
ck_dfba788f35d4c372,0.004138753701403059
ck_f09f9d0e0886e0c6,0.013710792460863224
ck_4ffe0366df388604,0.013103076405303702
ck_75bb521de55644c7,0.006200690105835219
ck_81a960fddf79ecf1,0.7600069548474175
ck_8f43459991ea511f,0.006561100718949765
ck_f878b68d66fbfd4b,0.0017899971842652903
ck_e84abfc0c747c9dd,0.9256191555236728
ck_3ad3fd3cceb56b66,0.9147773252360263
ck_7cf562578c7f158a,0.005454513438298688
ck_f81a97d350397306,0.03223081669864084
ck_255d87b7fb40caa5,0.005917936946129888
ck_b3905153b9eee924,0.007851073367616954
ck_2c80a592fb4cd6a3,0.0030114530351130053
ck_57deb202d4188a29,0.010257567318129117
ck_e3cb5f31d8e94448,0.9594720774205352
ck_0db62d5f7f75f80f,0.024782823725574016
ck_ced9163ea85589ea,0.038270087375469206
ck_e16528edc694fb33,0.9148246560972356
ck_78cc5ec4940fec3b,0.005578570916237249
ck_31742076e9a998f8,0.02596608508711372
ck_5ac335f02280271e,0.012793008952080064
ck_7cc2e091806cfa5b,0.028644670769665342
ck_3152c7115257f084,0.006872638883873255
ck_ab1b9d019921bca7,0.009958356934792576
ck_c33a762d98f9b290,0.003203563003441685
ck_b16a7c51b6f7a6b1,0.03854542358545737
ck_97402a153348e68f,0.007356067650978549
ck_95391029a21caa24,0.025068440672023528
ck_c2015a1200971fe9,0.026137964724716075
ck_ed4427962c68918c,0.966159325877618
ck_c5e4a17d3efb19a4,0.6505095206666109
ck_8aec3d3dd51517c2,0.0018560186848206174
ck_f5178a658225d8e4,0.002568762398874848
ck_8594f165e95316d2,0.003452673930228049
ck_f0c4aac04076a6dc,0.030058733973573955
ck_ac2f7397801036ef,0.017703680045140096
ck_d1ea4bcc407c7d5e,0.010531546160484016
ck_cce8b6657a538fe0,0.023799203452855563
ck_66d0c6d6b67a8d58,0.0033302636893006274
ck_1a6b30320835e57e,0.04680063954493107
ck_8cd274cc85aa35d1,0.016666826591913327
ck_ada46085a78280e4,0.006540708019343274
ck_ce1b06623e4a815e,0.0020711754075330964
ck_45e70c8a9686580c,0.06113304790032279
ck_0084d8ab6b1044f3,0.003432485880003224
ck_a5f7b6fed6df2aba,0.06441214809520693
ck_94940d783e7988e6,0.0029144838227022803
ck_00f9ca84d1d8ae7a,0.0027729839922565397
ck_0deb56f3f6452818,0.003704479661508398
ck_a58e900469dfc3f0,0.006107504740860106
ck_028c41b195280980,0.017105449546062718
ck_7661d7ceaeb19f97,0.016930917681479876
ck_6957905a65c47879,0.01801312785730455
ck_f7c6c26ef3c4ae06,0.02289681907423596
ck_8777beb11aabd66d,0.009798410201788597
ck_7db098a17374bbf8,0.873576915402534
ck_66aeb00e44486cda,0.1433723487960491
ck_838c52cc1d315ec3,0.017532341905039276
ck_1745847cd4e5dc83,0.026038419298247968
ck_201687857ec8b3cc,0.01752475290914751
ck_81818169208a8cda,0.01632979499661874
ck_3303fd3f64632c7c,0.05979986801275862
ck_edf1096809e83ef8,0.0023078027412829667
ck_235ce9603c7dccbf,0.05627834704720934
ck_9df7e153868bca13,0.003952967795323676
ck_3cfeade2cf270fee,0.014107317746804668
ck_982b0bf2e2b6c4f7,0.0015559164443506284
ck_faeb0da678bb86c0,0.005726949774652268
ck_e86ad2fe815b6ed9,0.011648328919924025
ck_70d69e5d1bb99e85,0.007258919878639277
ck_7e9a8924eab779e6,0.966429505713752
ck_019d5891103e7da3,0.0046164856963328595
ck_14f0484b3817eda5,0.007942499879781368
ck_85de63d278f0fbae,0.0017522098001447495
ck_ae91b4cff57fb3bf,0.014237867293327662
ck_2a6d43b9f883b78e,0.5425690075221821
ck_7a4e3d553e8ab5b7,0.1840065549019288
ck_fdf89dc69f700f84,0.25257627751738154
ck_f92e04024bf13558,0.0014985202389277558
ck_4a522ca2dc4831a0,0.001435852254328156
ck_68ba25dc3385fea1,0.0348296711662005
ck_22128a4f0d033422,0.01966076571809562
ck_5b52ee0a13c71590,0.003267190026210615
ck_59472d17debedafc,0.027420695422030756
ck_9dde2c63acda3ba3,0.00981887378563014
ck_7510b1023cd08531,0.005129315214871516
ck_071ddaaf2e4e3671,0.007711174157503782
ck_1355db6f4010232a,0.0050460417259189354
ck_0a7adc2f27f98510,0.056004985956057476
ck_68250033717cd59e,0.00771896069880223
ck_7c12de74de30b788,0.388503499044512
ck_65491367584c730c,0.014586323459576235
ck_e9047964952bee70,0.026209088673090786
ck_5567779d6ba184eb,0.01761656414098734
ck_d6ea026357ec6477,0.008816860079327133
ck_cd7dcc884e283746,0.08037551355225864
ck_0bd77fea8ed75a15,0.007611070066599496
ck_e80883208e8d0453,0.007903681653045704
ck_2ad0ecbacd5acf8e,0.6738502305285946
ck_6c1dbee7e8fdd5c8,0.008157092923155083
ck_ee4d9a7449515908,0.001929562119101682
ck_636111f7f030496c,0.0025784207441393618
ck_2c629c657f73941f,0.01034009867078909
ck_c1c9d3842d758420,0.03458340871333024
ck_e4df7faacdfe8c40,0.05306470427447833
ck_94e8142728e44380,0.02101253027081044
ck_765aaf42c5088545,0.0043240469353563165
ck_e0f845159b6e6a4a,0.011310156118270551
ck_5bc07deb82edbad7,0.002282748878772242
ck_713159c5c6a7a4d0,0.9811889164736339
ck_b08afc91d9ca55db,0.020897531370882287
ck_a7bc323ffed2ea97,0.5560782096894512
ck_85ca825f905a34a1,0.01424497376418624
ck_33160c443d4b3f19,0.009733845666494836
ck_832d39c590a3ca75,0.8526407265462821
ck_7d1661a34164406e,0.9448150893179563
ck_c2466fc40fc9d5ed,0.9669849340527887
ck_ed0e776c0926ce67,0.022139162577819935
ck_cdd2ebeec75bfa69,0.08009287878763927
ck_d7877684c7923ec3,0.004778371378598198
ck_7384d4d2406aabf4,0.015055884763054105
ck_b8e5244e650aa81b,0.011424960743757297
ck_25a1ea40b2d59254,0.003933122383202493
ck_b9e5b318ee4de68d,0.0060137982241996665
ck_620d7ae27af83cea,0.007285104531970117
ck_40b4e264d1a12b83,0.8619932981453633
ck_b694c803b62862b3,0.0051355904765189465
ck_cbeca201dbade3e5,0.02361660623398909
ck_f9b439c9161c3e52,0.0025631712089945738
ck_9880410fcd10a28e,0.0030039384465033593
ck_74928f5f91aa12b2,0.10252090178836146
ck_b6673bbe61d2680d,0.015213146364030476
ck_53c8315b5c30acb4,0.010505613681566012
ck_78f01d78ea79642f,0.009588920178691632
ck_8582490d6e365a63,0.0068674785364666955
ck_af25c72d16299258,0.003806807528020533
ck_7905fe8e257b0449,0.20762305650922158
ck_0d16d9349e4a9e08,0.0080573013566743
ck_31b16b8848584e98,0.024080312536732713
ck_67207e3eecc02d76,0.046610218311633755
ck_e6b95ff91116a592,0.011855805101914703
ck_c08f622bcd6de6e7,0.07518446024595724
ck_f9a68da9e0f0bc85,0.0038296798987446272
ck_4072b59388976896,0.005881442158268608
ck_8ec86e853ad52828,0.09605773008597972
ck_4fecb87eaffd5cb5,0.004089018274478647
ck_d6880578428b965e,0.17631921234346354
ck_bfc82b3c1c9f2897,0.9041379652156385
ck_c340644176ca03e7,0.01827721619089495
ck_321e740066fb05c3,0.43071651384910004
ck_8929d2eb09872052,0.08319617421003173
ck_205c107cec528414,0.2619206781541233
ck_e76db7d2562f9836,0.0060904277603789645
ck_9ede51c8434cff6e,0.011228502697720539
ck_492e4b89c61b7b6c,0.005942610937465356
ck_9385f5a1eeebefcd,0.041463398929169226
ck_ee52c7bf88f952ab,0.010585431838526452
ck_d8116c34302021d7,0.0018498800960862882
ck_01645ea51972e99a,0.01644747764440972
ck_7b45ed23304a854b,0.007354221058003511
ck_2096d32f3d497ea1,0.1156505962299661
ck_dfbb2056f1ef7d3b,0.0034848476489703255
ck_938ce30c864bc7df,0.0033500503569381702
ck_ff30dda2c881a4bd,0.6285202601385033
ck_f88c79186a082beb,0.03457759843084163
ck_08c7bb0f9851cb76,0.17546770147340268
ck_2675e7a008e584a7,0.03944107231316136
ck_cbaf8a954281d4e3,0.9684280956256098
ck_8b24eadf6c72b30c,0.5518846290577966
ck_ffc8e3c1377d0706,0.0023030127857280973
ck_5b59e859bed5b40e,0.0169960582019656
ck_7b61717f172f9317,0.7885693240585286
ck_e5c30947b732f661,0.04979272425086727
ck_bc273f3ce79f7e1a,0.007324566560669281
ck_f69e93388b3028cb,0.1524727973277701
ck_3837ad850996ba60,0.013578617947153676
ck_36d78ff3bc033ee5,0.01479193610177475
ck_5e20953547ba4135,0.041740496549297616
ck_258d661e450ac870,0.013417979560815878
ck_1df66f537496ca59,0.028491250844560577
ck_361f535599110201,0.011581652996744995
ck_337e98c69f6e7886,0.011526997236904656
ck_d3d5b2717cfc3913,0.016821152822967048
ck_b1dba768dbe7affe,0.02502356482992888
ck_92d782bd9ce0d1e3,0.0156706617675382
ck_26bd0f8898afc8ba,0.0031215171696307876
ck_7916e53daab36745,0.044908605155097765
ck_2caf553b31831a50,0.005479832875741695
ck_c6200734c7f9b2f9,0.9204575547282161
ck_cdc55623cb16e6a9,0.004975336861167202
ck_57849e15b61c43b4,0.003052909310760324
ck_b7af9b2ee0eebbc6,0.035117377394650325
ck_00aa5fc3b3bc66aa,0.05726579347898354
ck_9929723f65636c7f,0.9853438202205411
ck_8f6cce9f69912983,0.023315454106213294
ck_c422ba389ff00781,0.002330253788986408
ck_9ec7f334604a228f,0.02398013714375688
ck_5d01200ba3341462,0.006206709735647421
ck_2bf10be403849c9a,0.00664532574720232
ck_6ca018259f70858f,0.009263858176960077
ck_a54dc042ebb7c766,0.26946961921472895
ck_79da63fc100830b5,0.014055838038399255
ck_67ab6f9e05c85085,0.02336778609409911
ck_fa80da579ea9afc0,0.006508295757420084
ck_4339f86c87289222,0.3508465493713988
ck_a2299b4f530be0d6,0.5152022092119117
ck_19db0bf788697c2b,0.007062609968422772
ck_fa4211c4d826d830,0.0027480199100399574
ck_96100d5e8e051e91,0.004913588526104204
ck_5c3a671883d58b3f,0.0019764468492671603
ck_2d9524787cfe1ab3,0.35087599481620396
ck_47ab8e51e5b3a2d8,0.002203492548921564
ck_c924f36bc1bbbaa3,0.005898216216173431
ck_5c58e7f8fd55e26c,0.0030837960082827826
ck_a07e7409d6d5aa06,0.018158604099789828
ck_c8413898f5f7cb7d,0.018352705722259277
ck_577c816b41cab002,0.8730303032070226
ck_9f7807ed64cdb728,0.05507016998924327
ck_495d814d6d6d521e,0.0029580678776962334
ck_7aa8bc018c2b003b,0.003369323608491792
ck_7c3a6a82f3c3241d,0.008254064670761958
ck_487f7fbc290e4ae2,0.005193612554048826
ck_e556c4d36aadbe03,0.002198166130299787
ck_7e6569a1b2455cb0,0.0016917058664231458
ck_de2924955926d046,0.030829350619220215
ck_73d60b4630e3937a,0.0029917011670897962
ck_805ee564bd35ef15,0.012827783084218499
ck_0d40961e47797027,0.005220406769927685
ck_f06d00a4f9c87d80,0.0024751591345693914
ck_5ef50fb07b6737d5,0.006379599279728278
ck_16541fc15683e21c,0.004248839126970246
ck_09fd43f1b7e2eca2,0.0018256553547980243
ck_2a2c336a69b8d68d,0.007957116017413666
ck_2685f38930866af0,0.01725421077915059
ck_298278a9da874437,0.007244577533396312
ck_00bd7803f2530c68,0.013812546549487716
ck_c2b4a1d8c0b6c1cd,0.004381092893185948
ck_2acb54ca20c3af6c,0.014024500846865177
ck_e3d4b6f681c783ab,0.03235952252956276
ck_f90293f1eba5d7b6,0.05425867734008004
ck_e69d27e8965df0be,0.0021260177239196976
ck_b7f5d10b427346ad,0.003700005099293198
ck_1ce20e4223a936b1,0.008207520837693431
ck_6b97d1ab90f6bdeb,0.05954860046944005
ck_e30e17db5473c7b2,0.003418377851447443
ck_154c8efb19dee665,0.0033584821737197034
ck_6f5bb0c930644cae,0.9858317155718921
ck_9e17699baa83d173,0.0021591538579806523
ck_9693b1eb70880205,0.004702574386141883
ck_1e97899875bb427b,0.007654823881440953
ck_558a82590f65df69,0.0018912600106114484
ck_18df83242ff3cdbb,0.11759431218618818
ck_80ad4396e1084c68,0.045500134355900834
ck_0a993bc947bab61f,0.024667651158950806
ck_5c2d43ff841632f9,0.006828622493213492
ck_6e4b99fb9725d9fa,0.008431521857501218
ck_e0983999ca26c19e,0.039499563405663816
ck_6573c4947cc8607e,0.02137832633199143
ck_d879d645d6e44207,0.008768234506768812
ck_1375ad9f10688e4a,0.002191904433171158
ck_7501ebbf4e21f160,0.011730204505601362
ck_ca60d61cd4dc3bea,0.0020875110302214245
ck_ab9ea095a5c58b4b,0.011010176295175476
ck_23756522b58df5d8,0.0018400447879800951
ck_90bc176c43d85fd5,0.2152872113306017
ck_908b663b2dda94ad,0.03734159213844033
ck_4df2fb8e4b649e27,0.004634374269587572
ck_5615c6bbdef05291,0.15255924144836666
ck_b62f3e3185251f71,0.0020154705044942876
ck_38d1a22850178f33,0.0017034403870589993
ck_5b3ba20c8bb1383b,0.0057014280703162265
ck_5576ffc6aaf6f22c,0.0017409532169714902
ck_cf7a022178165e56,0.002518455119102191
ck_f2c7a4c50e2ede96,0.014929466763371372
ck_285719c77eadf915,0.0035694412761341433
ck_f2aa1b677619ab19,0.006715610537456515
ck_3830c58d841e9e69,0.6955512503045258
ck_32eba3510c8eac5e,0.007534068097753482
ck_8955d7b9030d5eb5,0.008953061310612928
ck_6775e387dace7525,0.01976811217179713
ck_0a0cd7f4be606a93,0.02460231332054289
ck_a9f700eee5d638df,0.006879405273937276
ck_3d7db96995745472,0.022759366300872018
ck_aeed557007d52e9c,0.002350442888312688
ck_79b6a86830156b5a,0.011517052952198804
ck_6a1ff9d69466181c,0.9874100154824946
ck_f11b1565f986f5e3,0.016494787522503628
ck_4819327a78615485,0.0025822287431645965
ck_3ed9e081959b2f5c,0.01191782410423229
ck_16af4be191c47d3d,0.003111065326312287
ck_25122cc0e8b1a662,0.016161964034924692
ck_509c22828d467ba3,0.04146983023052955
ck_31109c899336348d,0.034869220260670034
ck_c51131e53baa59c7,0.002350115715098593
ck_cf8ecabbc61d3e11,0.0048018627924700345
ck_eb6baff0f85ba936,0.01804485574480299
ck_777669e2243204f2,0.8119839834558759
ck_ac0ea27e692acdc9,0.009207433030090969
ck_4c6ea04ce8ca9e2c,0.0032692822326117286
ck_ca54b32fca7e94cd,0.004415295049508741
ck_4dfd8947f540eb24,0.0059202711943963995
ck_95aff1fe27fb24bb,0.019073993261266596
ck_c7550723b90e5615,0.004051745079412014
ck_57b3fee69bdf85e8,0.0027063310073000358
ck_f823407ace7ff064,0.04673519194569552
ck_a69084a068bcc8aa,0.03295615129096682
ck_c7b17f7b24bef5d7,0.016301152528417174
ck_7c4e588f927c27c8,0.03621278782621598
ck_77fdac602d0c6f95,0.02024268006796644
ck_e963d8525018d072,0.008959567766701319
ck_6e8ebaea8f7bffaf,0.0015390598571703702
ck_aa42976a31cb7770,0.01409266208686298
ck_22c862a496008c96,0.9737035981184218
ck_527550dd15f38782,0.020522883422305342
ck_b3ab3c210e2c7c19,0.03831702329415186
ck_ed9c56fdb9f45ddc,0.4808792292568316
ck_b53281da70defcfa,0.004894554264832181
ck_03009b721568ee98,0.01457221392011918
ck_3d9afd862b3f4053,0.4343794706874121
ck_ad3c4be96599554a,0.01187734007523561
ck_d1c787c27d50af49,0.03381414298772831
ck_c7a9c7b2eef46a99,0.0029932405874928836
ck_53036d3c6c74446c,0.24871931846038564
ck_1b1efbd9c0964c8d,0.026002552646058122
ck_d66f42a269d5c1ed,0.02874028757293786
ck_fefc49a2b8ad993e,0.016427006122307616
ck_8b3b874249adece9,0.023407654571563456
ck_193d9c87ad3f1dad,0.0019240112194992235
ck_0c6a50d747593b7b,0.015109234627426317
ck_c830f3830875b47a,0.020801692641631838
ck_79e202f06d8dfe42,0.02492922794809857
ck_5c0fe988b8aa7fcb,0.31254418550739477
ck_a8382d8345f21e1e,0.00594040684571551
ck_8cb20053914692d0,0.023532563328684346
ck_1da2f69023ca4c13,0.0022053707402867736
ck_38abb60995114f8f,0.0400761110609796
ck_f5791fd8fd8fd191,0.04408158153342834
ck_a4e6fc391b674335,0.46040952354940423
ck_bd771efb4a7e15d0,0.013486832153786847
ck_38ba4a6b6a292054,0.10097158209704231
ck_f7a07283345a0dce,0.005591039014765921
ck_87dc484baaf5a23a,0.0017793852328881143
ck_c84ef83489badbfd,0.041183883936209004
ck_a397cd64ec5d644b,0.003269643694167801
ck_7977135c2ff61e92,0.014207969385389343
ck_52174855b243a8b0,0.04729123095287735
ck_0f35e930d0614613,0.9690263074079503
ck_b170a7db522a0d6f,0.010881055680625019
ck_7af748a23775bd54,0.12016831106564477
ck_52f641c9ee6fda70,0.004946525470771089
ck_c3719a30414bbb4d,0.028907420891388688
ck_2baf214ad6bc0dbf,0.029775153961891246
ck_8b39d8aacfdd72b4,0.0076024643338880715
ck_d39b0152116203be,0.007327016837836285
ck_ed33f8a937f9c7c8,0.0069481210524219
ck_8ef97b55a5fd6ec9,0.002114221945798468
ck_8247f008a14bd1a2,0.0035817742889882
ck_f0d349d68249d5db,0.0020142238753764327
ck_a544e766540861fc,0.014189183359585703
ck_9dfaca4c7c80b10d,0.04220207066422108
ck_7e5401c362b2216a,0.0017434117953217016
ck_64ff60c073fdb6db,0.015124336286793766
ck_fc5ea49518e5d637,0.0026114115102747783
ck_580f136ced341298,0.002562959666132438
ck_9cbef9bc95449dca,0.009147657865729944
ck_e475a3b8ba870a7e,0.0077725760533931525
ck_97e94708bcf43563,0.007032119377932986
ck_13f03ec785cbdae1,0.0028306407046483906
ck_152820d8817f478c,0.010237496845220552
ck_d20d4ba60eec9945,0.011977114978745394
ck_5c45968a805132e0,0.01617146075642157
ck_bebea2cf3063fb24,0.00785464118512171
ck_c3c69aefe7ea1d2f,0.05567295162935826
ck_02028b72f26fe855,0.010449955281325574
ck_dfadff70a58a9133,0.002429745657576014
ck_6482ed4491bedcaf,0.008114874879632248
ck_754cd7b4a5ae3f94,0.021560959394232533
ck_3132857aec8485bc,0.0019255033336224561
ck_7ce4ca91b8f9f1c1,0.00750135595459508
ck_41938582f4351772,0.005946461243286688
ck_f87d66946252476c,0.30882874918560543
ck_8053f1879a9b4e43,0.0038117753266030717
ck_93892e91387f5103,0.00910095030083654
ck_15254db133b28371,0.010451628227024667
ck_d557b9feb241b3ec,0.004148142347018699
ck_71c3a8e4c12c989f,0.005560935876636011
ck_80e3041811033443,0.031803866769178374
ck_3380d60067b4634b,0.0023428737921375817
ck_a9c2cdc758df8510,0.0313140336941377
ck_3c0031d7514da17b,0.018078497767516633
ck_18d214b1418be39d,0.0035715300660681655
ck_7ce768407fd48321,0.017174685127856235
ck_7a50abd42298133b,0.005368788319972101
ck_2db10f987d137582,0.01804523760872178
ck_e077d004cd1d80ae,0.013827308109262415
ck_1cb6dc67f9a321b5,0.05192493255597271
ck_b864f64101149c35,0.17352376764165678
ck_9bedf54df9418e4a,0.004358466475766621
ck_c47e32c47f0e6578,0.23275787819510524
ck_71f382d5e338daa3,0.004179354181716069
ck_14b4bf7be6ac2b61,0.03144354448605851
ck_5c87eea1cc07cc92,0.04942695588941264
ck_5f445182829ef342,0.009737893419698392
ck_a5d7311291caaa54,0.003529539624719996
ck_b7df99aecef385e6,0.034068917031096074
ck_3327a0582407068b,0.030179824124185094
ck_08dba09fd7dab896,0.018181865011542765
ck_f4ec334be5266378,0.0031718658955846137
ck_240f7f894c5a86e7,0.0018873492124920782
ck_a9d994554fc14a02,0.0015193264567816443
ck_13648cbd306eee6d,0.00887854801302186
ck_601edf9105b3c321,0.977365809303042
ck_9527adac182abe57,0.2934111659236789
ck_4e0e80f5cc271bf7,0.0030914215575755287
ck_96a89e720176b389,0.1149370724282508
ck_63560eec94b76d2f,0.011352476146157902
ck_c9c99e5b19aeced8,0.0026703467641132415
ck_bc32655ee5ed643e,0.016704250677260796
ck_edccb5a93b741744,0.006394445133408519
ck_f786cbc987b70930,0.004688759841142524
ck_0e8f26536ccc8947,0.02135278116722764
ck_b87ef4b98cfcec4c,0.032347297251939425
ck_1a9235812de4b2c1,0.02132626284736668
ck_d1ed88ea4211ba4d,0.009209840863487783
ck_a4ddac49657a4450,0.005845882596519927
ck_d9ffca35188e49d8,0.008078305487228182
ck_3db73bbe03c3d240,0.0026472540679958203
ck_fffa0622344a36ab,0.0033226881082655483
ck_148c28df51bba5e9,0.8737818378728834
ck_076cbc25c8f15fc3,0.9207900224113708
ck_e5ca550b39ed45bf,0.29486698005099066
ck_8dacf3a2061ca17d,0.030888521159918532
ck_2d7394afd61643d0,0.006701669256788903
ck_e42206e91f6a1752,0.0031582577602250954
ck_2f4f94827984c426,0.010908806193294575
ck_edfe8e90e8f4366e,0.004672247951908642
ck_646b15f753e5e9c6,0.04169142013768583
ck_66600620149c8799,0.003026578254402712
ck_4ff6fc70bccfba96,0.6988760990283189
ck_41af3729590c2484,0.01054739309975725
ck_920a48ba8c583e96,0.006163341221062326
ck_0253b3e7be021306,0.0012043062935800234
ck_2ae6949246ea2648,0.009408002245667044
ck_db23a5100f338d72,0.005596996765867963
ck_fcb2a559474c3493,0.021034192532730298
ck_0a4d7acd2a53cbbd,0.015675778784408873
ck_c5d62b2b7a6f3bac,0.9610779526994457
ck_cf59f4fc0ea690b2,0.004969378027861864
ck_837be8126bb19250,0.0026263477017049
ck_58955542edee1adc,0.004093948642526321
ck_1b93381d8eea58d1,0.0056046506301530834
ck_97b8e05d62abdc14,0.013204217421260794
ck_71a0d645744302a3,0.003868542615061926
ck_a7b57882ab66b111,0.008982579176828081
ck_65f76421be648549,0.009498730320150396
ck_b53ea8713d32ca7c,0.01667531591256833
ck_991c4c924a1d85ff,0.6760184967090248
ck_8432ccec1a4ec7fd,0.9803915560748827
ck_64c1633297f43788,0.005107483463995689
ck_4291fd9c1161d8e1,0.03904814592893436
ck_5e98ed6391d9f429,0.01880805584805043
ck_c7baebe4549fdbb4,0.03224658716255786
ck_6e67225ba59fa5ae,0.04227607973620455
ck_719602def4d35fe0,0.027882062734590648
ck_bdee7c86f5ebe81f,0.03293498104414408
ck_8de38f8c7f91961f,0.029166122892799906
ck_b0b5bf9254700402,0.003742297819178885
ck_7b55d9bb1a250d4f,0.014638139374793482
ck_3954b7b0fd1d6614,0.003662906514265208
ck_f29471fe7c818d6a,0.0031347572578317405
ck_9e65a8a2f587691a,0.006466469081941068
ck_eaec5f1a83b66eb0,0.1837652348072023
ck_004fe0daecbe2c1a,0.038680574659512926
ck_d17653a4a2d4a79e,0.042088120537806015
ck_0dd417fcbf19e424,0.013658164544078772
ck_4c99a6eadea143e2,0.052474977086256855
ck_74d602c907ee9119,0.0030197653238881765
ck_1aa87cb62acc0ac6,0.005877236872760417
ck_094974d75e29fb2f,0.07434321836552943
ck_5ef935ac3d4d3332,0.010422155094550285
ck_b26e4ae47c9107ed,0.16967898875122808
ck_396cea6f95186ad2,0.026878896170042292
ck_48446a9e8184c7d4,0.003512488614272863
ck_31e1ede23247d56b,0.04232359154011622
ck_7afefa349b960a3e,0.004814065449817157
ck_f5e02a3432571b20,0.06691020497523247
ck_64eefec062592c43,0.007841918430147535
ck_a1201284122c141f,0.02360877156418294
ck_1b34c420a4c85a95,0.011581962945285794
ck_d637a011332ba67a,0.00617314834782513
ck_99c0004d8b7079f8,0.0058912199734511405
ck_948517bad569b40f,0.05194493960900366
ck_a28d6b1601b472a6,0.03606145492739354
ck_a0b4209feb31f5c0,0.9888321922727832
ck_d6d2c1f6dfc455b6,0.7461383102565516
ck_3f9e6d356d3dd3cf,0.004004902764130253
ck_d08e00c842b75176,0.01232648124827038
ck_bfdd232a7c5f2660,0.04078506390601631
ck_2cdad03ed069438c,0.02196556238856071
ck_42317c3eabd0a285,0.62336512270317
ck_3eb73e56751c704d,0.018093995288229848
ck_ef33c04f4c9e3758,0.025633126936291637
ck_1dc23dc870f1773d,0.0160402139010601
ck_76091f357974a152,0.007240314044570366
ck_4d9eb75e8eee90fd,0.052078910737619485
ck_578f67e69e5d2cfd,0.003737207890578388
ck_3a8ce1cc724229b8,0.0014124107557862949
ck_a96887f841e80fc1,0.10289239642533696
ck_d2d4a8f4a9f2c33f,0.008161769892883173
ck_11f85bc705dbe036,0.011770753866037176
ck_7429b3f87528e335,0.006116371146062987
ck_26df74feac7ec51d,0.011202649377291814
ck_c78b2638fadd91ab,0.025071636305094243
ck_7eaad325abe3b50c,0.002172263853830409
ck_fd44e34af620e606,0.031121679422026767
ck_f99738dff854e25f,0.0022795613155746105
ck_1ffbce3a239bb264,0.004147203891852285
ck_96c7d52ba0a766ef,0.037129642015889835
ck_cb1c00c300af3f9e,0.016233531845842215
ck_ec3d12848ced99f2,0.007448723004583042
ck_26cfd7c3c6c7bf69,0.030656239066442555
ck_7ae86b5a885affc3,0.08056676158552858
ck_3edaa94d28cd48ea,0.0048871409722118404
ck_3209c530c9812e39,0.004239522177108178
ck_ea62ebfc1f04b49a,0.0071738042091065105
ck_5fc90b4668ea81bf,0.011935917698474014
ck_95654593cdebd141,0.0032294801958747347
ck_958c0bd61820147f,0.05754773385953062
ck_8440ef1386c07194,0.0043661348955629274
ck_8cd1b68dd74b1375,0.18685055168635428
ck_c9eb4df91ff07f2c,0.049904496475311685
ck_c29489366c01fe65,0.9396327897755099
ck_c965fd6bec0f0ecd,0.012078258262988497
ck_84c402b23766e1f2,0.005627851598464073
ck_181f3dae03b87136,0.023607314783805455
ck_022a8ae79eb28cf6,0.8590239231026965
ck_469c17407d17b706,0.014765443306077031
ck_1fcc5843f39148a9,0.004450853749019588
ck_5debd55f361b2ddf,0.003515940546884553
ck_28cb9b03e89263f1,0.002884516169839425
ck_f067470743d3c7a2,0.08663031190627873
ck_d5d225ce41a1a762,0.012809287205257688
ck_15b4840922195ffd,0.007819881164172832
ck_6bcfa37c717f19f1,0.02084010718422725
ck_8d501a0386c66be8,0.12277099720401358
ck_1a9d6190c57ea7e2,0.5625746871185515
ck_c49832eabdac5bb7,0.0018794918235394004
ck_b4331140b2e0d4aa,0.007129820874070348
ck_5efbea1befdefe1b,0.13688720248526437
ck_72ff52c4824072ce,0.02738480940944394
ck_ec3715add8bbb6e9,0.0020371308000100533
ck_9822f8ed05335741,0.00617436139875639
ck_c3d7d3d12a1981a3,0.006418877141622806
ck_a115a7919ac5875a,0.02811463773717373
ck_4dd4ed23e0b927b7,0.2108689325945085
ck_4c76efcc1ee6762d,0.011197202601416465
ck_3ad6e7bf452c9b21,0.015415397612066752
ck_dcbab304b55a42c7,0.0164905611067786
ck_24b53090faf722cf,0.0070372476029756685
ck_187317383400491d,0.009221971481634783
ck_e07fd57565c94c28,0.14838267368726
ck_740e760fdcd27835,0.0025496984873332232
ck_d3796aebda1cfed5,0.8290401719726151
ck_e541967c681cb929,0.03663849418282486
ck_431118050b834dcb,0.002447395541582701
ck_90f3655f0c8a0074,0.00198427672893236
ck_13cd943777651aac,0.014316279848500691
ck_66accecabf3901c0,0.02488531980325651
ck_937f0da2306b2eb9,0.004677600476377525
ck_105b0c93573fd5b7,0.5593784969037343
ck_00480407160e0743,0.004728623020907964
ck_e032068be7b77d15,0.030796445909230315
ck_991b7dfd69098320,0.0020504504043013026
ck_37d47cf0f34574a2,0.00206998371888243
ck_011551a596544f5d,0.002803912218679874
ck_9acd98f4fe2d474e,0.07226461471219833
ck_7c88d3d377bb61bb,0.035691412968433395
ck_e2374c7136c964fd,0.10239717048789385
ck_2fa8f2577116e9ca,0.06154856456457383
ck_d07c5b0321c685ea,0.09415194235437034
ck_bc736114a31088a7,0.024112411986916216
ck_32bb42f9bff197f8,0.004258367230663077
ck_66267bbad1f1415f,0.9646183195494787
ck_19988702ccd79201,0.010173883923563857
ck_f473a03fbcdbc4b0,0.004479856553388643
ck_e3f1d85fa5d49396,0.02075315128072791
ck_c4402ea6291df271,0.010614429506738588
ck_243bd5ca8c4ae5d0,0.003753198521688538
ck_f271e855925e8d6b,0.2097572220115672
ck_e424148c6f2223df,0.00258729885170093
ck_e4d0a9e1102a58b5,0.0051239289269556215
ck_91c2a5fe69b9b1d1,0.004442594788875128
ck_5fd8924732fe403e,0.15751811203661908
ck_9a881d5433126ada,0.0028604116280046216
ck_73cab88b29c7845d,0.052347722417706466
ck_5b5dea6476d4e182,0.011043121965943734
ck_ccccb17d2ca6ce94,0.04772487292450066
ck_cd1dc68e441222b1,0.9403944096304135
ck_8312c49b1431a406,0.01298228475131498
ck_25fea39897f2a559,0.013325242377134214
ck_f56200205280bddf,0.07301455436407095
ck_7336611650dcc088,0.004340735755822456
ck_590716322ff147ae,0.047882291363558906
ck_c82364d87875a1a1,0.026901505115953107
ck_fa4b60387d744fc5,0.0013749652845991074
ck_d841eba8906e9a15,0.006966262305549
ck_d6df562a79b9d0d9,0.01652474233274236
ck_59a14d2564193101,0.0022559019274175423
ck_8530158e3d7f59e7,0.009493654048679277
ck_ac68d707006c12a8,0.007510984186084279
ck_976fac1bb3dd8c58,0.03270089452410483
ck_f854fba8f4adae3d,0.09182301589300307
ck_b98e9c3ec6e7d1e7,0.011292810560772238
ck_803c0b4cf9d4bc1d,0.066505459050379
ck_76997a33c3ea5107,0.0019462893428907487
ck_f1a9d832b700bda1,0.9447498019710933
ck_2bd96ddb8c323d63,0.971624539397026
ck_9e5b7acf51b1b743,0.024476536481505703
ck_09169f22194fd6aa,0.009588787324758374
ck_6d69e092f9b0848b,0.018214169384512934
ck_9f83fa5a2d3b9049,0.019825314456949367
ck_57bbb19eecb4b87c,0.004741650403544359
ck_e0e9cfabb979f428,0.00494162580179407
ck_b1ff9edc51d42f97,0.007277905952326053
ck_4682fad271d47eb0,0.8252374906762527
ck_ab33fb754c818ae3,0.1294459392028689
ck_b456f62b80e21557,0.0018779670787555784
ck_16340be3f2a7fffd,0.001808462205187007
ck_ce66831f6611014c,0.012062097637966219
ck_4610a073bb54d1b1,0.005703808441249738
ck_fd038a7d33a9d6e5,0.0027844235832009904
ck_c8198cb4c461304f,0.03716657426995832
ck_1e7de58822000dea,0.002006727362581509
ck_b2a79dd3df560f14,0.033819524222644295
ck_74a06f347b32347f,0.008729639426240443
ck_c6fdb2972417c9bd,0.018602203751765464
ck_d7607a213b800bfb,0.028806398546050247
ck_df65967b8b40319c,0.001901846426323916
ck_329a73dbd585ee09,0.003285158378360493
ck_74991a9e85c3b07d,0.019016727153631424
ck_bb76609b79e0bc9f,0.007509177753232571
ck_f7fc1bd0b9ab1fa4,0.027842465921992327
ck_d111c98b36bdb791,0.005727861329789384
ck_f07e27d125497b66,0.0072000830898785294
ck_093e3a7134e11d6b,0.007817343091450827
ck_862c7953bdea48b0,0.008952073827243482
ck_392cf2cdd515c34d,0.0052616104339529655
ck_80eb91b0b4001084,0.020785386770287288
ck_5923f53b77193a58,0.054957281179709924
ck_8049f5fce32be185,0.6339909876014671
ck_ebc5a2c6cf88e252,0.07151953126256205
ck_9ea5872f14cce338,0.0100147381614238
ck_f7fbc95ebf584379,0.02209398822249648
ck_bafe82c870356706,0.951856390762326
ck_278b36c5932d9bff,0.0038964626838335964
ck_6a892dd5d05c1649,0.003931739183796836
ck_0734fd90b2cabd43,0.009612305587022082
ck_9b552204498b6762,0.014273030238789371
ck_f6c909c205767956,0.02142964933046689
ck_32f590e87bc3d715,0.001473828523932648
ck_66a8325f28be7562,0.002891404549363363
ck_b129261da9c3c3c9,0.003418867513066616
ck_a524071c51ddde20,0.018408166397344154
ck_ba576d6d4cb6130b,0.0740539422417949
ck_8d8226520722af78,0.03392599106689412
ck_c5b0f0d4f1655a20,0.02091286558414749
ck_61814ae9b6d8eab1,0.0068658433027317944
ck_382ebf136f7fa337,0.28296507688193717
ck_423ff4ede6a9f066,0.008706059639399116
ck_546ad962d04b7de4,0.9363171817926967
ck_9473ea4a01c95f9a,0.0810722163148066
ck_9eb1da8cd35a50ce,0.022031478483659137
ck_de5eaa2cdbcb67ff,0.147701077261098
ck_537cc97d0398c922,0.09545420773026894
ck_998475a2e4dfad4e,0.009814023203006459
ck_e62eb708d2688fae,0.017487612996075284
ck_ea623358f704daa7,0.09584448114454247
ck_b911a09f328dfd4b,0.003916452238895859
ck_4b3506b624e5193c,0.02140275426913378
ck_448456f96788713b,0.033119204845873704
ck_5d5ef9e75f65d076,0.012032418461869084
ck_3b74512f774a6e5a,0.006074251304723658
ck_a032e8ac1507c6df,0.6054603657544904
ck_7e2d6b22a0ae20c2,0.0253598852329139
ck_d80283209c963f11,0.005808604577922714
ck_d1157eade2ac3975,0.039051018761949476
ck_be48f583f79427f7,0.018676423548903306
ck_0027b5d4107d65d8,0.12813087220807057
ck_94fff69584dd3b2a,0.01441799758264288
ck_75fcda73f0b43557,0.011265539533199878
ck_a1c78972e4ee4082,0.012722658299184075
ck_f0982bbdbd122f91,0.014683715596967762
ck_3199b471575aeb3a,0.0045805693404825125
ck_7fa947a0b1c1cf74,0.018016418253442787
ck_a60c618b7f0e4252,0.011238553901081975
ck_722ac47c8ac9b6c3,0.11900955497351573
ck_d44dc3839a195c8a,0.02819729344578948
ck_a2c3e82fab520483,0.016394406273503918
ck_6f8ae0319c07cafe,0.0021005719346028303
ck_49886ff1e2c759d6,0.021013954097065364
ck_150a1108f936e6b0,0.003334534570789008
ck_e21f9f96f597695b,0.009718544107061173
ck_7297bff2b7fdcbc8,0.0020459790905744376
ck_ee949c71f4f702eb,0.8591823141075852
ck_6fc37dea4b4f35c6,0.08603185392820731
ck_e76257caa98dc25d,0.9675212707978709
ck_828eef2334e17b3a,0.01729064499409838
ck_604e1b8a8c693aa7,0.0027675178417403325
ck_7743c9fe037d1f9e,0.012979387724749152
ck_864a11202e19e812,0.12314147464858656
ck_4ec040b9e3785e4a,0.005782760145771793
ck_7346e4f820d9c00a,0.7499780706791798
ck_48d4d63beb26b623,0.0046403829729429755
ck_c423aa6de3ed1e01,0.007976549706508637
ck_d74b2ead8aaa3f73,0.027372819402815454
ck_1dd69a11daa7bf1a,0.0200327011224892
ck_d9143e236eef177f,0.0071473152472500585
ck_f790d91e5ff0eccd,0.1285193176640428
ck_69b5620e00ef5dec,0.0023484781612037597
ck_cd32e58e8a1c0e85,0.009456283548890942
ck_064013b0957d87a5,0.9766302499076401
ck_a481385c2e60dc4a,0.00538789419143346
ck_d72035cb29db3aa4,0.009145206650431201
ck_3759939a0205306d,0.014832189533717129
ck_f437a53fc832ec95,0.82979289782951
ck_260ef2f3e6434819,0.054545987987685875
ck_35e411b05d22f663,0.014761728284871326
ck_8bf46e472f3e20de,0.25686432309716245
ck_d546994fc5d3e9d1,0.008161296066411939
ck_6ff0fc7487e737e7,0.22119553345912155
ck_5c67f27816ae0b6f,0.0160021252332606
ck_c5517923458106ae,0.005909234792395029
ck_d9735647a6b0b0a7,0.5940746564341015
ck_541a734fc457246f,0.09583819063610241
ck_2f6a639468f41043,0.007126575344235927
ck_bea2cf7a6b7bb900,0.005344768619968606
ck_7eebd0e6ad6c070e,0.008962411150868682
ck_b64c87d5e3b10e6a,0.7841096153935714
ck_9dd7daacb7833233,0.01990334917015917
ck_396e9ea9a6c6d7d9,0.005753908825085124
ck_1645e6cc53fa99ff,0.020057965704794345
ck_ea2a83ccb8d57490,0.0038534489008142897
ck_e64f0df63e1be595,0.05046450925647731
ck_fa0b234481cb57d3,0.0769024953639674
ck_63379e3c9fe6f711,0.03373991366464059
ck_c67f7944896a0310,0.035021315311159616
ck_c10e54c9db29e6ef,0.9848281622577006
ck_7184ad7709ae4c80,0.021755798441307497
ck_f8b6069d7577fde6,0.003412666770792541
ck_18444be153bac1ca,0.7861323607082435
ck_d0982b4e0e118e4d,0.008617998150353912
ck_6faf3e6820398866,0.010484558709842487
ck_97e980463aca4644,0.0033110029502343243
ck_630c835243c66b19,0.9120957252374249
ck_fe429ba3e1aa0e4f,0.01417399651431498
ck_1058129ed7b48c59,0.012370193677333509
ck_04a1a46f07885296,0.01166122779900397
ck_f01e94331067edf6,0.005962461699388069
ck_77b2fb17c29f5e72,0.022285091272418844
ck_4f0c5857da45fb28,0.12299588795345716
ck_2cfb9a7775e8a5bc,0.9287714260848172
ck_6846100e43659bf3,0.0029614667603517727
ck_f89719a854fe11d7,0.03804649013458169
ck_bf47375e41ca3bc0,0.00431763708074344
ck_2770b0400a7bef08,0.12441617195475121
ck_2a09d142de1c77ff,0.013937104128865065
ck_857a1f5547b9ad68,0.02412426839191926
ck_185f15b1523bbcf4,0.004847495979594531
ck_ab2aed614ec1cdf8,0.03472716674163733
ck_a9e7f3b2d5dfd97b,0.006539076974658128
ck_0eeb3d9b3e697edb,0.031957161466544017
ck_fa5830d81bc8ddc1,0.0027052637746220903
ck_231ae0329ebc3220,0.0031544965135317875
ck_1587763dd54688c9,0.004424860774647689
ck_9f85fea4490c00cf,0.010076965854920971
ck_a2d709e7eb91e4af,0.02946026045445873
ck_43637d28c7216453,0.004204113785045623
ck_f3ab5dd853d38252,0.058307840109866275
ck_4a1f0172d3bf4fd3,0.005075328234653853
ck_517620ca16505af0,0.015282740513112035
ck_9ae904fbef56065c,0.002822821501665731
ck_d5ef1f6e34bb35b8,0.02227424121870483
ck_ff42557857ae3aeb,0.0024085256910940656
ck_ad9a18f58589faa7,0.0024267571632086357
ck_df1a6edaa3e6b271,0.004647993723378926
ck_99021fe7225b5a68,0.06642555325802295
ck_99e52c3c2530b69e,0.9787108232717358
ck_3a4811dc4a1a891d,0.00417956189274347
ck_ba3a6be026c87079,0.007956504875004438
ck_da6d1e5cf6aba6fd,0.008999001244450537
ck_ddc7c1f3d45fe6e6,0.020271223031900733
ck_e1b1e7a7e4a15b3e,0.0032551661917697206
ck_8288f7f226e08b89,0.011580170403900008
ck_c4524993ec31dbe5,0.003373228689755357
ck_8b19bb5b23b6741c,0.014713689159146257
ck_d21b38231a8a9f4a,0.07312438094522627
ck_3f730318a9792292,0.01932978445016966
ck_a4db6e94a8f77f9d,0.054086390875108185
ck_a8cac8d480306839,0.004358941646711474
ck_5472214011fbc2a7,0.003984467217549678
ck_7356f47dbbbe7904,0.0034331154067741634
ck_16801e628e883d78,0.016897475064585832
ck_0dc1e536231c4860,0.009999281800486062
ck_7cd0634a6e60af83,0.017847349148037872
ck_ef6f8e048ae1bd4b,0.00810925010059223
ck_82f3f744209888ac,0.016131457996352506
ck_f33188c232a03526,0.32353572333634295
ck_4a59f4e10bf45d7f,0.0035112323224600617
ck_d96c893721385e4e,0.0015680989850501651
ck_f65ab819373edb37,0.010454040461539
ck_21cac21fc10b7768,0.006476091907034942
ck_139b54e6ccbdd7da,0.1282728372644015
ck_d6f5c8741697abb3,0.022367041115578704
ck_a28d9bb5590d458f,0.05731290971938889
ck_ed26d906883bea0a,0.006594865525790039
ck_227602ad072b838b,0.001743002757566321
ck_39d5f6c17c745ab1,0.002208395920213979
ck_744eade757ba69b5,0.04841937508607754
ck_c1295d97cdf35ec2,0.02151375116939317
ck_69105f881da3c821,0.029470226758619832
ck_933789b55361d7c1,0.8775960287072451
ck_b667952253503174,0.0033337050267060716
ck_7bf668e25abeeb05,0.00609341230022095
ck_91742711dfdffd56,0.015845073072752944
ck_af32a0660090dd68,0.0406107372069341
ck_2122f201e65f76ee,0.01152368621737511
ck_f48acb73a5d6af07,0.02505252125811331
ck_337c5684510cf432,0.03051749594457135
ck_f7bde7265053364d,0.02999987085804254
ck_c190c7b924edba75,0.018257898813111486
ck_044fa3b3a003f0b5,0.03026067821006701
ck_87eb43e3b9d96169,0.03668724986071274
ck_2d3d6c9364362017,0.0019802131589953314
ck_ac55dc6cbcdf8228,0.008041537173200247
ck_61d7b0568ec5d6cf,0.011437901455116039
ck_89c74feeaffa7d09,0.00208648794195054
ck_93776b0c113f41f0,0.04021301946933322
ck_15e0b679931f7a8d,0.006133371657419751
ck_77b56c49cfdb1d81,0.08105571758289946
ck_73188a826b5f499f,0.009133746837567767
ck_4f463ef25325ddfa,0.30482927899437384
ck_863db2e394dc47d1,0.9209224827477372
ck_d52432ed597f3cc9,0.0039098769933150965
ck_04fb61e5739642f8,0.48384072551841506
ck_2e481d75d110c06d,0.23976734143138578
ck_3fa1a523d77cd619,0.011521222275436989
ck_466dc6274fecd708,0.012358443512229773
ck_e1790b3aa2241b10,0.8299246968828123
ck_84ad096a46e1a960,0.03888072189053669
ck_3be72c9c178fa00d,0.02046659824152068
ck_5a17c89219d1d9fe,0.011915129066864207
ck_4f639f4ee6ce8d9e,0.04277090187374901
ck_f4ec4a935e51b4db,0.009920441956150666
ck_f04040a830f92bac,0.005304179721965034
ck_3e4d02a04be2aaf8,0.03574493050106459
ck_4d1baef193cfb900,0.025679989033652994
ck_0fb3153d37626b75,0.0021978079907887162
ck_88ec57a11b11f702,0.8718367870719369
ck_dca9dc465f759db4,0.003577693612438748
ck_64f5fba6af67e024,0.01872431565234102
ck_896096cb167254ef,0.022217641165308104
ck_7878679065876b98,0.02743001763452519
ck_fe8e5a6c880ceb4e,0.007099598973005489
ck_a5e036327d3d1862,0.0017037233520109326
ck_310f73940fc4cf4f,0.019828891629186187
ck_46a8db16ad00b749,0.04340437386170939
ck_0d33977c3de8cfaf,0.9823069240376174
ck_c6fff412f531db0f,0.001333195382892297
ck_bac6dadf428eaea9,0.05682983054111042
ck_1b96d9af0d7da2d5,0.011118659825712744
ck_fa8a4a9e77799fcc,0.0034016776333299177
ck_0bf48607a874b4d1,0.003924164939257032
ck_eeb75f8a6439f65e,0.035733482131793275
ck_a209a5f7d172125e,0.011706560239738007
ck_8f346b72fb40bf14,0.00998112359973698
ck_bccbf9fef367f00f,0.03529693183612432
ck_2d1548f1ee405cc9,0.006870995177417858
ck_e8298ff2dc1e9d50,0.008188362877535826
ck_77c0fb524edb4a94,0.004827532431714383
ck_28ac4c5134cb8e77,0.016194750257315888
ck_db23a0e3e54be60c,0.5940398337678792
ck_a059d00cee5cee99,0.004607794969204122
ck_3e9e3bba8bd363af,0.0035084689809088115
ck_0428728df24cdab4,0.011064035516407802
ck_88cd35378075c84f,0.0027489046760354446
ck_0174d76398d9dc0f,0.007069090505641931
ck_3f1287e6c27de0dc,0.011606581361049638
ck_ff822700f3605e06,0.9891129827047116
ck_4563227b2038ae07,0.1941215326746123
ck_788e78065526ee19,0.025900276166986074
ck_8a16eb584093b12f,0.001956328514209246
ck_cc276f71ab6c08fd,0.02102394401087576
ck_d61d97b21002f3e9,0.05087337925836123
ck_4b2e87d86a5e415c,0.03814688988699302
ck_3e6f35e4500d2f2a,0.0032452737016518173
ck_3acdb083e0d8ad61,0.003766234134535511
ck_cd655202db489010,0.0034733092024980474
ck_829cbf5ccda481ae,0.008568323884895411
ck_f5882e6f98b8b4cd,0.002781415743802123
ck_767947540b234add,0.0052930849463576155
ck_a6e8e8f535b1f1d1,0.03410965421316532
ck_58412a2674fea506,0.015740708569347332
ck_fae7e518a585fa61,0.00896062743708215
ck_9c60ae6958d68dbd,0.20786577119924493
ck_328696b8f5e54ec6,0.11554966854313303
ck_7df3f8f4f1068d62,0.0050167151000667844
ck_cfadd21458230ef7,0.015059686083433377
ck_7048bedd554c703b,0.0024723281861728343
ck_50422466f145bfd7,0.004194963516463687
ck_61e1f7168cd9ff25,0.027788481875255684
ck_733aff0f56f5b3c9,0.045578113486568664
ck_e14892e424180549,0.0028396964614841045
ck_03f6664a96de7d0f,0.010678601138325628
ck_b7f4baa2cc82fe61,0.008348746045951747
ck_1e51199a075ca0fa,0.0034905790344930306
ck_0e70516fa07cfb17,0.9095280993630623
ck_0f37c554a5057801,0.819776990116277
ck_5576b725de38d106,0.012272276020787622
ck_82f360df1e9f4eb8,0.053611015533132696
ck_395f3bd4aacd7ca6,0.009951462560134855
ck_5e8e857b63966609,0.07167631419798033
ck_93470896f0804b6b,0.9444918591967386
ck_3be854e42e76569a,0.007886570197997881
ck_0567302c57a2417e,0.03103871148962389
ck_ee535461b5f05539,0.1755576407749991
ck_94a096c36162a153,0.0056966421483031875
ck_dfc8f5c141fd7c63,0.014719695949476
ck_98b34f2d704c1c2a,0.01828399674997284
ck_96dff7a09d45f116,0.15328587951129266
ck_79557434c129ba52,0.0037448692826206067
ck_4596624a7c01d501,0.009516211942640383
ck_04e89fbd739243fa,0.0017237936670499517
ck_6149ffaf18872dc8,0.0026328347675136127
ck_cd78f0832a09bd8f,0.849100956584506
ck_7e29c10d781c3b41,0.023456439461919054
ck_1f7ee7b23fc6f2f4,0.0038879328192500387
ck_c49b685d2b3ab89a,0.009520753688554043
ck_84569a8fc50e73ac,0.013400919481336985
ck_b92b11d205af91eb,0.0015328155092911243
ck_06280e6d6d2485b0,0.008363711045323647
ck_3c08546dd0c92863,0.011008132577944921
ck_99d3983f907828bf,0.0025520564810408305
ck_eccfd552aa652d3c,0.013402919256279698
ck_0cff8153881875ba,0.007929150954505321
ck_c1aebbeca6ab5ff9,0.0049815683607318095
ck_538fdbbb3c2bcbbb,0.08432157489899975
ck_8c0210322733c718,0.005044674443106714
ck_0b0c93039f987abc,0.01161140836786027
ck_6d07d6d1bd227d37,0.1190358896112724
ck_9b6ee35e8cd0b11c,0.009404600774788675
ck_d838491d3d4f5ecf,0.0048039974051930865
ck_0593ae243a9ebee9,0.00801255948874932
ck_ef261fc09be8eb0b,0.005523286672845407
ck_d0935b571a4a3868,0.021467020022537954
ck_97d04a67a104af39,0.0889102043114254
ck_e25f70d0b7229420,0.017418445639776854
ck_9b71274ff83de482,0.9777139980846874
ck_6de2aa2bb60978d3,0.021346097219916746
ck_eda55c8fb47593d7,0.006927250190016715
ck_924e572517515f19,0.34663207652663364
ck_d6f27eacbad310f4,0.013100568241790247
ck_8550f229b5eb03ab,0.00746527189163582
ck_e3e95546a84d0ed8,0.022702297965621128
ck_3135c019696ee6af,0.9460457358290888
ck_41ba315d8fccb559,0.018205150052458666
ck_72b86e4485da2d0f,0.9622307382462002
ck_daaa995f3c2f0e47,0.019564637565597003
ck_053746067839696b,0.021961328263549483
ck_a15fe7d0f4b65c33,0.4949920699264553
ck_15de11438732bb05,0.006234806410138495
ck_2c4d25acbe3fabd9,0.01969782020000853
ck_7f08078908599bd2,0.030887552075947542
ck_e794741742fb2619,0.008257504814510718
ck_238e53b6dee8c301,0.0026362388991242333
ck_53a6a33060d5c8b8,0.0033873715479471114
ck_0e0919292ad33472,0.7158503859178078
ck_d86ccf148c06c8c8,0.05498500662393466
ck_c881f26c9bf9ae42,0.4384987823781631
ck_4b0947bf94e9d847,0.02024503861849891
ck_e10ff5c38bd18470,0.006231896263553867
ck_b60de9e97aad9e45,0.8445925377410282
ck_190bc849e5ff5401,0.025886777955812512
ck_e7be077aa0b2632c,0.015879938078138447
ck_a51abde881ebeff3,0.019879728873596424
ck_2208392a9f6bd249,0.023052395090316966
ck_0259da8f109017e9,0.0020993266479467487
ck_05e01ab9c95449da,0.010655375270836922
ck_c82897ebffb6ae66,0.009098050513224992
ck_b4a6bb4689cd7cfa,0.014213863511663816
ck_9e21ea33018ce538,0.00913703069214641
ck_caa348f0e65db062,0.9295272974004685
ck_a964e6b5d8415334,0.48211958182879344
ck_510bfbbee37ff436,0.016079047122768236
ck_9741a82faf5c7889,0.02721461204936531
ck_e7f61b4a39ba98ac,0.0031973615778549064
ck_069d158665a53909,0.008210069074522675
ck_6426427efe3228af,0.015639044113175047
ck_ab4a8d02ec3c0fd7,0.001600672086524746
ck_aefa0d8d933e0eca,0.018409330253818412
ck_232325ef6bce92f1,0.015083993294893792
ck_14e58c3fb26a2b4d,0.019105589190782448
ck_06e73afdec26aecc,0.1563374919154582
ck_3168f4f2778d64e1,0.010646262852101754
ck_ff3998d6858daa21,0.0018912957338990304
ck_bccff46fb0868454,0.11020739701857804
ck_c7d444d90fa86d7c,0.4648566932141437
ck_f0bc3bdee6bfbb94,0.012198836985994695
ck_f7112818a6d81422,0.055119278354382614
ck_aca35dbcb835ad02,0.011724427336138422
ck_f637fabf0f60528f,0.008642563044710972
ck_53d17ab97de1ac3e,0.005497665482953435
ck_c8c1bf16d9113493,0.022528256162305103
ck_e842fb0cf055a83b,0.10007780529530644
ck_93c0cb3dac4891fe,0.005922940445271939
ck_0c1f088e17e46daf,0.015909380927464245
ck_8f4b384955bf57c9,0.007127678050970229
ck_09cd5c4df1e81ac2,0.07437257187144872
ck_1e832a5b2342554f,0.04675016888465414
ck_2cb763a881aee27f,0.005732881831293796
ck_5875828b11406398,0.025982671457256683
ck_48e84b0cb0b90fa7,0.018972396522274754
ck_833688de8629c5c0,0.003311404258348723
ck_117d78ccd5820f36,0.013708967604893025
ck_668ec61c4c39cae3,0.002214209387487712
ck_73a7794b659d7a34,0.004708852148595486
ck_10f90d879209734f,0.019076404589728823
ck_d1d079913aa158bf,0.006333408660589663
ck_01c631b38e8a9535,0.008187575300573865
ck_f6923088c17a04e2,0.024263650827077484
ck_b447badc9138987d,0.0019161506244356663
ck_8b772caed8f1541c,0.008588094070258947
ck_5403c76fe68a08ba,0.4080542147103929
ck_3e6833574edf1736,0.007736128995902696
ck_e527fbb9450a4581,0.9148586224584723
ck_cc90e219f1ebf390,0.003215015808264384
