tree
version=v4
num_class=1
num_tree_per_iteration=1
label_index=0
max_feature_idx=145
objective=binary sigmoid:1
feature_names=cookie_age_days created_hour created_weekday n_events unique_event_name unique_platform_norm unique_browser unique_os unique_user_agent unique_item_id unique_item_category unique_item_location unique_seller_type unique_search_query unique_search_page unique_hour unique_minute count_event_name_contact_chat_open count_event_name_contact_message_sent count_event_name_contact_phone_show count_event_name_favorite_add count_event_name_item_view count_event_name_login count_event_name_photo_swipe count_event_name_search_results_view count_event_name_seller_page_view count_platform_norm_android count_platform_norm_desktop count_platform_norm_ios count_browser_chrome count_browser_firefox count_browser_headless count_browser_other count_browser_safari count_browser_yandex count_os_android count_os_ios count_os_linux count_os_mac count_os_other count_os_windows count_seller_type_private count_seller_type_pro share_search_results_view share_item_view share_photo_swipe share_seller_page_view share_contact_phone_show share_contact_chat_open share_contact_message_sent share_favorite_add share_login count_event_name_captcha_shown share_captcha_shown top_share_item_id top_share_item_category top_share_item_location top_share_search_query top_share_user_agent fraction_filled_item_id fraction_filled_item_category fraction_filled_item_location fraction_filled_search_query fraction_filled_seller_type fraction_filled_pointer_x search_page_mean search_page_std search_page_min search_page_max search_page_median query_length_mean query_length_std query_length_min query_length_max query_length_median query_words_mean query_words_std query_words_min query_words_max query_words_median pointer_x_mean pointer_x_std pointer_x_min pointer_x_max pointer_x_median pointer_y_mean pointer_y_std pointer_y_min pointer_y_max pointer_y_median second_of_day_mean second_of_day_std second_of_day_min second_of_day_max second_of_day_median span_seconds events_per_active_minute events_per_span_hour items_per_view queries_per_search contact_per_item photo_per_item captcha_per_event late_night_share business_hours_share weekend gap_mean gap_std gap_min gap_max gap_median gap_le_0 gap_le_1 gap_le_2 gap_le_5 gap_le_10 gap_le_30 gap_le_60 gap_le_300 gap_cv duplicate_event_share transition_search_results_view_to_item_view transition_item_view_to_item_view transition_item_view_to_photo_swipe transition_item_view_to_contact_phone_show transition_search_results_view_to_search_results_view same_item_in_row page_step_one deep_search_share pointer_unique_x pointer_unique_y mode_browser mode_os mode_platform_norm ua_headless_share ua_selenium_share ua_playwright_share ua_requests_share ua_python_share ua_curl_share ua_scrapy_share ua_avito_app_share ua_changes query_digit_share query_symbol_share query_length_cv
feature_infos=[0.012361111111111111:449.28487268518518] [0:23] [0:6] [1:169] [1:9] none [1:3] [1:2] [1:3] [0:80] [0:8] [0:31] [0:2] [0:29] [0:23] [1:17] [1:90] [0:8] [0:6] [0:12] [0:13] [0:91] [0:6] [0:24] [0:66] [0:14] [0:126] [0:169] [0:140] [0:142] [0:148] [0:169] [0:140] [0:107] [0:137] [0:126] [0:140] [0:169] [0:142] [0:120] [0:148] [0:55] [0:49] [0:1] [0:1] [0:1] [0:1] [0:1] [0:1] [0:1] [0:1] [0:1] none none [0.026666666666666668:1] [0.19047619047619047:1] [0.090277777777777776:1] [0.058823529411764705:1] [0.33333333333333331:1] [0:1] [0:1] [0:1] [0:1] [0:1] [0:1] [1:13] [0:14.380542409798039] [1:13] [1:63] [1:13] [4:24] [0:14.142135623730951] [4:24] [4:24] [4:24] [1:4] [0:2.1213203435596424] [1:4] [1:4] [1:4] [18:1892] [0:1247.3363620130699] [0:1892] [18:1920] [18:1892] [9:1079] [0:696.50017946874937] [0:1079] [9:1080] [9:1079] [311.15384615384613:86372] [0:28150.064293936139] [3:86372] [475:86399] [165.5:86372] [0:83488] [1:13.5] [0.52531737924996347:81.365712911757626] [0:10] [0:1] [0:5] [0:8] none [0:1] [0:1] [0:1] [0:9005] [0:6356.1828560858758] [0:9005] [0:9760] [0:9005] [0:1] [0:1] [0:1] [0:1] [0:1] [0:1] [0:1] [0:1] [0:8.2930073116259848] [0:0.5] [0:29] [0:57] [0:10] [0:7] [0:39] [0:5] [0:6] [0:1] [0:117] [0:116] -1:2:0:3:1:5:4 -1:0:1:2:3:4:5 -1:1:0:2 [0:1] none none none [0:1] [0:1] [0:1] [0:1] [0:87] [0:0.40000000000000002] [0:0] [0:1.0825317547305484]
tree_sizes=3330 3416 3441 3439 3437 3419 3441 3421 3455 3427 3440 3433 3438 3428 3441 3430 3447 3452 3442 3449 3435 3462 3445 3442 3442 3443 3440 3469 3433 3454 3443 3450 3446 3439 3452 3450 3447 3445 3451 3455 3462 3446 3453 3449 3441 3447 3450 3452 3456 3460 3456 3455 3473 3452 3445 3471 3453 3475 3465 3460 3463 3454 3469 3441 3457 3460 3468 3468 3466 3460 3475 3454 3467 3457 3469 3451 3460 3456 3459 3463 3470 3464 3464 3464 3469 3467 3462 3464 3471 3483 3451 3472 3478 3475 3459 3461 3461 3466 3464 3479 3477 3473 3477 3479 3484 3476 3458 3490 3459 3462 3468 3458 3487 3467 3484 3492 3489 3477 3490 3468 3468 3471 3474 3471 3460 3484 3461 3464 3474 3489 3474 3488 3476 3474 3482 3466 3475 3477 3470 3468 3472 3484 3471 3476 3475 3470 3458 3480 3487 3475 3483 3489 3484 3484 3484 3472 3468 3491 3483 3471 3463 3477 3480 3481 3485 3464 3466 3478 3469 3469 3475 3480 3484 3476 3470 3492 3498 3488 3476 3478 3482 3473 3470 3484 3474 3471 3473 3479 3481 3476 3487 3471 3476 3487 3487 3471 3491 3463 3478 3470 3485 3482 3472 3483 3453 3481 3483 3494 3480 3492 3489 3481 3480 3482 3483 3475 3488 3483 3488 3471

Tree=0
num_leaves=31
num_cat=0
split_feature=96 81 68 81 117 54 108 16 55 55 83 88 117 55 54 21 91 56 55 91 29 54 65 117 85 107 46 25 45 54
split_gain=1459.68 448.591 216.842 212.523 129.246 86.0019 84.4706 120.611 82.2965 76.321 62.3134 27.3728 32.3676 19.2497 18.0964 16.5927 13.7734 12.3472 8.95497 8.76361 8.29975 9.02872 5.92342 18.5813 5.90153 5.39678 4.99065 5.18635 4.85446 8.18324
threshold=2.759615384615385 357.33930270589445 2.5000000000000004 316.49059762417625 0.83827375762859646 0.31009615384615391 117.50000000000001 4.5000000000000009 0.56736587333602262 0.50247524752475259 1914.5000000000002 1079.5000000000002 0.73105625717566025 0.80600358422939078 0.40833333333333338 2.5000000000000004 2934.9486981219138 0.20864427860696519 0.46186166774402077 742.34628539537255 28.500000000000004 0.22474747474747478 2.8377192982456143 0.17028985507246377 658.76428571428585 2362.6732588862378 0.090326340326340335 2.5000000000000004 0.07419919919919922 0.17519181585677754
decision_type=2 8 10 10 2 8 10 2 10 10 8 8 2 10 8 2 10 8 8 8 2 8 10 2 8 10 2 2 2 8
left_child=1 2 15 9 6 8 11 -8 18 -2 -10 -3 17 26 -4 -1 -15 25 -6 -7 21 -12 -19 -24 -20 -13 -14 -28 29 -25
right_child=3 4 14 -5 5 19 7 -9 10 -11 20 12 13 16 -16 -17 -18 22 24 -21 -22 -23 23 28 -26 -27 27 -29 -30 -31
leaf_value=-2.4474777519039312 -2.4065879034548447 -2.4627968356909413 -2.2150304731857555 -2.4427341779485618 -2.4505852168768403 -2.4515192291716836 -2.4399860671908145 -2.2871149551103702 -2.4433610176021068 -2.1417567299522817 -2.2763893469986276 -2.4358239532195918 -2.4411826611855134 -2.4279147317725842 -2.3964828328193781 -2.3862057897697855 -2.365747935015956 -2.4545488233314328 -2.4398395874117096 -2.4059745298994879 -2.4113764663484316 -2.4034062458752046 -2.393156111081578 -2.4064549662586052 -2.3937349474870055 -2.4047626486957294 -2.3996027825413786 -2.4408807803552373 -2.452834172873994 -2.4443600109776797
leaf_weight=8.9383828639984149 2.3090822398662629 197.16582867503166 10.949519008398052 3.1284340023994437 7.2251928150653812 22.345957159996036 16.982927441596988 4.4691914319992057 3.3518935739994076 20.185847967863083 10.204653769731518 15.120764344930651 26.442715972661972 7.2996793389320356 2.7560013830661783 3.9477857649326316 5.9589219093322754 234.40909060835838 2.2345957159996042 2.2345957159996024 2.3090822398662558 3.053947478532792 4.3202183842658988 5.8099488615989712 4.3947049081325531 5.5120027661323538 4.1712453365325919 2.532541811466217 43.425643414258957 14.97179129719734
leaf_count=120 31 2647 147 42 97 300 228 60 45 271 137 203 355 98 37 53 80 3147 30 30 31 41 58 78 59 74 56 34 583 201
internal_value=-2.42771 -2.4384 -2.30946 -2.19136 -2.44458 -2.39631 -2.44951 -2.38751 -2.36291 -2.16009 -2.32358 -2.45219 -2.44615 -2.41956 -2.23332 -2.42225 -2.39056 -2.45003 -2.43007 -2.44434 -2.30035 -2.29088 -2.45179 -2.4412 -2.40765 -2.4246 -2.43456 -2.41401 -2.44672 -2.43163
internal_weight=698.162 672.539 26.5917 25.6234 645.947 57.3546 588.593 21.4521 32.7741 22.4949 18.9196 567.14 369.975 46.4051 13.7055 12.8862 13.2586 323.569 13.8545 24.5806 15.5677 13.2586 302.937 68.5276 6.6293 20.6328 33.1465 6.70379 64.2074 20.7817
internal_count=9373 9029 357 344 8672 770 7902 288 440 302 254 7614 4967 623 184 173 178 4344 186 330 209 178 4067 920 89 277 445 90 862 279
is_linear=0
shrinkage=1


Tree=1
num_leaves=31
num_cat=0
split_feature=96 81 54 81 117 118 10 83 113 117 66 56 83 117 83 55 118 107 86 0 32 0 66 88 91 107 54 10 32 50
split_gain=1181.17 401.807 176.498 144.092 119.1 72.8569 88.8735 64.191 58.1308 54.3059 139.978 42.2595 39.9284 27.8196 28.8918 26.3097 22.1921 15.885 14.8742 13.9706 13.5568 12.459 9.48762 9.20049 7.99686 7.67894 5.90005 7.61216 5.27898 4.71415
threshold=2.759615384615385 332.60676822318106 0.40833333333333338 295.09057685297893 0.83409785932721725 0.96996753246753264 3.5000000000000004 1919.5000000000002 0.11715686274509805 0.12916666666666668 0.76526280762996912 0.62593283582089565 1384.5000000000002 0.65733855185909984 1321.5000000000002 0.82247899159663873 0.62678571428571439 1086.1930181002156 296.64113681089219 1.2407002314814817 4.5000000000000009 91.184843750000013 0.56253641334739612 1078.5000000000002 272.66780757263081 1846.4116826416596 0.26969696969696971 3.5000000000000004 2.5000000000000004 0.081799933087989302
decision_type=2 8 8 10 2 2 2 8 2 2 10 10 10 2 10 10 2 10 10 2 2 2 10 10 10 10 10 2 2 2
left_child=1 2 18 8 9 6 7 -6 -2 10 19 -9 16 23 15 25 -12 -17 -1 24 -7 -19 -4 -11 -3 -15 27 29 -21 -27
right_child=3 4 22 -5 5 20 -8 11 -10 13 12 -13 -14 14 -16 17 -18 21 -20 28 -22 -23 -24 -25 -26 26 -28 -29 -30 -31
leaf_value=0.185874665789071 0.22976172758130298 -0.011990553647285443 -0.020716549433000719 -0.014388120356585044 -0.014093755622803329 -0.02024366347187807 -0.023993001268671141 0.13864262816981518 0.018505073198079057 -0.030118991016369674 0.14997792812662902 0.0038756840968493136 -0.0120542719349198 -0.019788290518567588 -0.032080430099821595 -0.0027772842381315241 0.01717194512571427 0.06188197128581293 0.029355184667343881 -0.027420717894984091 0.03087929379199893 -0.0026210531362089095 0.028671431416993604 0.016385347586334136 0.03822611888206609 0.036258016959577706 -0.017786846410274445 -0.010834265197905063 0.0057450302558125698 -0.0052749591680447032
leaf_weight=13.003554224967962 25.67417390644551 3.6488467305898658 7.98893293738365 3.0370999947190276 4.3947945386171403 25.325541555881504 8.5204304903745633 14.273167677223684 2.6577346622943869 378.52528166770935 5.3106405735015851 3.6895560026168814 2.3234281539916983 39.922596730291843 44.952946066856384 12.30183068662882 3.5119609162211418 10.202892392873762 2.9970678314566603 42.603268310427666 3.3396001234650603 4.3168301358818999 2.5689825043082237 2.3526505008339873 3.9137164503335953 8.3940462991595322 6.1159419864416114 7.1364703327417365 4.9380269646644583 2.9413264021277419
leaf_count=150 278 50 108 41 59 343 115 178 30 5197 67 47 32 542 621 167 47 135 37 581 44 58 34 32 52 114 83 97 67 40
internal_value=0.000211136 -0.0102663 0.111827 0.194501 -0.0161336 0.0293227 0.0626835 0.0940638 0.215693 -0.0209826 0.00832377 0.117833 0.0993592 -0.0247806 -0.0106777 0.000974917 0.122447 0.0272869 0.170526 -0.016824 -0.010586 0.0469456 -0.003347 -0.0296231 0.0188681 -0.0111407 0.00387133 0.0133037 -0.023757 0.0271651
internal_weight=700.883 669.514 26.5585 31.369 642.956 59.5431 30.8779 22.3575 28.3319 583.413 66.2499 17.9627 11.146 517.163 136.285 91.3319 8.8226 26.8216 16.0006 55.1039 28.6651 14.5197 10.5579 380.878 7.56256 64.5104 24.5878 18.4718 47.5413 11.3354
internal_count=9446 9097 329 349 8768 786 399 284 308 7982 896 225 146 7086 1857 1236 114 360 187 750 387 193 142 5229 102 876 334 251 648 154
is_linear=0
shrinkage=0.035


Tree=2
num_leaves=31
num_cat=0
split_feature=116 81 11 9 81 87 117 108 3 101 54 55 69 55 0 55 29 11 55 56 110 51 47 27 145 65 27 110 81 11
split_gain=990.283 358.403 312.025 134.795 111.578 71.7441 81.709 86.269 93.9679 42.754 39.3647 25.813 17.0687 16.4937 15.608 14.3196 12.5784 12.3557 15.1615 11.3187 11.2411 9.36011 6.53074 7.40638 6.27572 5.56062 4.83227 4.51508 4.41912 4.28373
threshold=0.75962962962962977 357.33930270589445 3.5000000000000004 3.5000000000000004 391.92410645516617 1.0000000180025095e-35 0.73401360544217698 94.500000000000014 4.5000000000000009 0.21583850931677021 0.30384615384615393 0.44151846785225723 1.7500000000000002 0.88516483516483524 4.7096238425925927 0.49747474747474757 28.500000000000004 4.5000000000000009 0.92450142450142458 0.20156250000000003 37.750000000000007 0.035346173867777206 0.10948202054794522 15.500000000000002 0.41929346374754195 2.1861471861471866 1.5000000000000002 25.250000000000004 385.70564618521638 2.5000000000000004
decision_type=2 8 2 2 10 10 2 10 2 2 8 10 10 10 2 10 2 2 10 8 10 2 2 2 8 10 2 8 8 2
left_child=1 3 29 12 15 6 7 14 26 10 11 -8 -1 22 17 -4 20 -3 -19 25 21 -13 23 -11 -15 -16 -9 -21 -7 -2
right_child=2 5 4 -5 -6 28 9 8 -10 13 -12 16 -14 24 19 -17 -18 18 -20 27 -22 -23 -24 -25 -26 -27 -28 -29 -30 -31
leaf_value=-0.023405577278321942 -0.02003235863966819 -0.020024242912120922 0.03474378491339096 0.14895906526621194 -0.013043809310568994 -0.00042362048907620395 -0.010695075749987216 -0.019585524172122719 0.12437062542133492 -0.026923757235500001 -0.0054820262709878659 0.10673063629387816 0.038813846765373222 0.041697404895077797 -0.013851607978212192 0.2079152622194905 0.0058764660542227386 -0.0058280713313395537 0.03954005204291075 0.0012713337878414743 0.0058860963156834138 0.010253918936745118 0.016117627642880772 0.01049192114333365 -0.0061174049801461907 0.018371002992482989 0.015828142761035242 -0.028289385650121599 -0.035128841795623776 0.013624637330159039
leaf_weight=7.9814139902591723 9.4241464212536794 32.902098029851913 2.8783571124076834 17.421562500298023 2.6138140484690657 4.7198617681860915 3.2339030802249935 11.011996082961561 5.8442234098911277 24.518971465528015 11.576185062527655 13.429971650242811 4.2809348031878471 6.5774140134453747 8.6636170074343699 33.094121895730495 3.2871747761964789 27.045126862823963 7.8324262723326674 6.0790744572877875 2.5087936967611304 2.5444025918841353 3.6758916154503813 5.3921640887856475 3.1322926133871087 7.6805071309208861 2.4286933317780486 221.43996718525887 201.92957653850317 2.7131683081388465
leaf_count=108 128 458 34 180 36 66 44 151 68 328 156 162 53 83 119 313 41 376 108 84 33 32 49 71 41 105 33 3101 2854 33
internal_value=0.000349467 -0.0117541 0.141967 0.0979211 0.185718 -0.0177709 -0.00911063 -0.0167706 0.0474649 0.0217429 0.0470983 0.0682982 0.00326672 -0.0023375 -0.0214323 0.19999 0.0798383 -0.00602266 0.00804045 -0.0255083 0.0889403 0.0974714 -0.0141471 -0.0196421 0.0294363 0.00204696 -0.0106298 -0.0274892 -0.0343649 -0.0107287
internal_weight=697.862 647.138 50.7236 29.6839 38.5863 617.454 410.805 330.928 19.2849 79.8772 36.5804 25.0042 12.2623 43.2967 311.643 35.9725 21.7703 67.7797 34.8776 243.863 18.4832 15.9744 33.587 29.9111 9.70971 16.3441 13.4407 227.519 206.649 12.1373
internal_count=9448 8904 544 341 383 8563 5643 4603 252 1040 468 312 161 572 4351 347 268 942 484 3409 227 194 448 399 124 224 184 3185 2920 161
is_linear=0
shrinkage=0.035


Tree=3
num_leaves=31
num_cat=0
split_feature=96 81 10 81 11 82 27 117 11 117 117 32 99 110 112 65 55 119 107 47 56 48 47 110 45 95 92 46 107 73
split_gain=890.082 315.851 163.113 135.102 131.313 66.1597 72.0334 137.834 57.9983 50.1125 33.7679 31.7881 26.8233 26.5782 22.3967 16.971 11.9569 11.0383 9.49949 7.57559 7.41255 5.85714 5.70023 6.89315 9.95471 7.10331 6.81245 5.54134 4.87001 4.67926
threshold=2.3662601626016264 357.33930270589445 3.5000000000000004 316.49059762417625 3.5000000000000004 1.0000000180025095e-35 3.5000000000000004 0.17028985507246377 3.5000000000000004 0.73401360544217698 0.71060794044665021 6.5000000000000009 0.68496240601503777 191.25000000000003 0.01526806526806527 2.9555335968379448 0.55409356725146208 0.59099750612234125 60.321008406321198 0.040956108470785575 0.30116279069767443 0.060120481927710849 0.024540800963565194 59.750000000000007 0.11050061050061051 2336.5000000000005 12772.000000000002 0.058195981034093479 1601.2153567649727 23.000000000000004
decision_type=2 8 2 10 2 10 2 2 2 2 2 2 2 10 2 10 10 8 10 2 8 2 2 10 2 2 2 2 10 10
left_child=1 4 3 8 15 6 10 13 -2 22 17 -12 19 -8 16 -1 -13 18 -3 -11 21 29 23 24 25 -9 -25 -14 -29 -19
right_child=2 5 -4 -5 -6 -7 7 9 -10 12 11 14 27 -15 -16 -17 -18 20 -20 -21 -22 -23 -24 26 -26 -27 -28 28 -30 -31
leaf_value=-0.013578310056518291 0.011277998657211265 -0.013734310298428542 -0.022209442395228637 -0.018347162978379964 0.14234964618157231 -0.034307245415389598 0.0077711199816914451 -0.011516477625952331 0.1704765623949058 0.080408340178691154 -0.01225580544116479 0.0015012129652469308 -0.016286955661377934 0.139481563940522 -0.0037383922125884066 0.048633637857946242 0.078575673734206375 -0.019096361303192387 0.035317309817653748 0.0049631659912865453 -0.028750559646489111 0.013990654959837956 -0.029460315336803385 0.016300752510832978 -0.013984394113998337 0.038847475563031933 -0.025110798744490466 -0.008733882898799495 0.034908368137029452 0.012830177397762262
leaf_weight=12.69108973443508 3.7562367990612975 7.1888379752635938 6.864994838833808 4.6870916262269011 16.828600913286209 198.86921215057373 2.973848804831503 2.1833332404494303 43.996814370155334 8.0838380903005618 44.338211037218571 3.3451995477080363 6.9126862958073598 6.6829723939299583 9.6755802258849126 2.8134916871786109 7.1018476113677025 44.109259098768234 3.3075278773903847 2.6531375274062148 180.55325422435999 5.3946481943130484 21.601382307708263 2.3725795075297382 10.240791462361811 7.0402951389551163 20.8390296921134 2.6702672392129898 2.393193431198597 2.8704667538404456
leaf_count=167 43 102 88 66 157 2892 41 31 368 95 596 45 91 75 127 31 86 621 43 33 2572 76 306 34 145 98 299 35 30 40
internal_value=0.00043582 -0.0120256 0.124567 0.144043 0.0869756 -0.0180018 -0.00966495 0.0161161 0.16021 -0.000580112 -0.017886 0.00437507 0.0392271 0.115409 0.0361656 0.00681718 0.0623704 -0.0237504 0.00813057 0.0692658 -0.0253277 -0.0120507 -0.0164624 -0.00748353 0.00702551 0.0270682 -0.0187391 -0.000172494 0.0189888 -0.0160991
internal_weight=695.04 635.735 59.3051 52.4401 32.3332 603.401 404.532 96.6474 47.7531 86.9905 307.885 64.4608 22.7131 9.65682 20.1226 15.5046 10.447 243.424 10.4964 10.737 232.928 52.3744 64.2774 42.676 19.4644 9.22363 23.2116 11.9761 5.06346 46.9797
internal_count=9433 8868 565 477 355 8513 5621 1313 411 1197 4308 854 284 116 258 198 131 3454 145 128 3309 737 913 607 274 129 333 156 65 661
is_linear=0
shrinkage=0.035


Tree=4
num_leaves=31
num_cat=0
split_feature=96 81 81 10 11 108 3 3 117 83 10 119 117 56 69 82 56 32 117 118 119 117 44 118 27 68 72 68 57 74
split_gain=743.71 266.863 179.777 142.136 125.339 70.3995 90.7386 68.4809 54.4788 34.5198 22.4731 33.1461 19.3427 15.9032 13.5975 13.2077 12.1166 10.8245 9.73857 13.4319 9.60079 9.30092 8.9807 6.48285 5.19685 5.14902 4.48863 4.26847 5.14113 3.59601
threshold=2.2052631578947373 385.70564618521638 347.40538503541865 3.5000000000000004 3.5000000000000004 94.500000000000014 4.5000000000000009 9.5000000000000018 0.72783389450056124 1911.5000000000002 3.5000000000000004 2.351008876606016 0.82200460829493094 0.62593283582089565 1.2500000000000002 1.0000000180025095e-35 0.23466833541927412 6.5000000000000009 0.65733855185909984 0.73746867167919816 0.77303240518350214 0.19523809523809527 0.36140661938534285 0.72902097902097907 16.500000000000004 2.5000000000000004 10.500000000000002 5.5000000000000009 0.30638852672750988 18.250000000000004
decision_type=2 8 10 2 2 10 2 2 2 8 2 10 2 10 10 10 8 2 2 2 8 2 2 2 2 10 8 10 10 10
left_child=1 4 3 7 14 8 -7 -2 15 -10 11 17 24 -14 -1 16 23 -11 20 -20 21 -18 -16 -3 26 -8 -13 -25 -29 -22
right_child=2 5 -4 -5 -6 6 25 -9 9 10 -12 12 13 -15 22 -17 18 -19 19 -21 29 -23 -24 27 -26 -27 -28 28 -30 -31
leaf_value=-0.022517529520956953 0.0093284660586463921 0.024367692341874105 -0.025465035535922755 -0.021624851244185766 0.12446563129110297 -0.012575096945938075 0.019720099159596528 0.14699310201108756 -0.028667617165161002 -0.012365133886374434 -0.020745070697816757 -0.012461037576816441 0.083540657852062106 -0.0014398424124745484 -0.0084167303112806843 -0.035071897529381724 0.027387673328769811 0.031696510156685342 0.031517650764447999 -0.014961171249964949 -0.029226710649059413 -0.015226358993565597 0.047487390209778761 -0.016969800784704 0.034123671786346864 0.12095255229786232 0.019347972586951361 -0.01067788219535093 0.025769428580066426 -0.0039091472326601194
leaf_weight=9.5073951482772845 5.5431128963828078 4.7750827670097342 10.296848244965075 6.4410588070750228 19.573619455099106 19.069294445216659 3.099592484533785 54.559651426970959 27.396202608942986 26.95106186717749 14.152939066290854 9.2296928241848981 11.436930008232592 3.0271515250205985 3.7554364502429953 146.50631757080555 4.3250762522220638 3.7273535802960387 4.7854220122098914 30.71067426353693 200.88176173716784 14.230672240257261 3.732165165245533 17.432033285498623 3.9248716384172431 4.9448363706469536 3.7937307581305513 5.8070250675082189 4.0193183273077011 8.8387881070375425
leaf_count=131 63 65 149 82 176 271 36 426 408 369 197 122 125 37 49 2202 59 46 67 434 2936 208 43 247 50 47 50 81 56 129
internal_value=0.00128685 -0.01192 0.100393 0.120287 0.073923 -0.0179898 0.0330047 0.135988 -0.0207989 0.00197408 0.0140711 0.0229616 0.0455605 0.0699542 0.00065037 -0.0260974 -0.0211434 -0.00332 -0.0235687 -0.00557733 -0.0261868 -0.00158861 0.0273051 -0.000687065 0.0135488 0.104457 -0.000398142 -0.00817278 0.00789315 -0.0282756
internal_weight=686.475 609.634 76.8407 66.5438 36.5686 573.066 27.1137 60.1028 545.952 103.64 76.2437 62.0908 31.4124 14.4641 16.995 442.312 295.806 30.6784 263.772 35.4961 228.276 18.5557 7.4876 32.0335 16.9483 8.04443 13.0234 27.2584 9.82634 209.721
internal_count=9361 8641 720 571 399 8242 354 489 7888 1404 996 799 384 162 223 6484 4282 415 3833 501 3332 267 92 449 222 83 172 384 137 3065
is_linear=0
shrinkage=0.035


Tree=5
num_leaves=31
num_cat=0
split_feature=96 83 10 11 83 113 108 97 110 88 99 27 3 46 10 11 70 87 50 56 49 86 56 109 87 65 122 143 69 47
split_gain=693.09 158.319 149.688 130.275 98.5547 75.1457 68.8485 66.8693 49.8612 34.9447 31.3578 18.6659 18.0473 16.1772 12.2698 15.4398 12.0319 9.8853 9.36047 8.9987 9.67569 8.28835 7.65448 6.78448 6.71936 6.41243 5.86181 10.4565 5.08631 4.47004
threshold=2.1695402298850577 1341.5000000000002 3.5000000000000004 2.5000000000000004 1636.5000000000002 0.11922530206112296 125.50000000000001 1.9536549858406314 37.250000000000007 1079.5000000000002 0.58477011494252884 13.500000000000002 7.5000000000000009 0.058195981034093479 3.5000000000000004 3.5000000000000004 10.279220779220781 1.0000000180025095e-35 0.03468323977546111 0.23466833541927412 0.098387096774193564 337.8620280349736 0.66811594202898561 6005.5000000000009 2.5000000000000004 2.2426470588235299 1.5000000000000002 0.013029454205924796 2.7500000000000004 0.1045643873654981
decision_type=2 8 2 2 10 2 10 2 8 8 2 2 2 2 2 2 10 10 2 8 2 10 10 10 10 10 2 10 10 2
left_child=1 3 4 28 5 12 8 -8 9 24 11 26 -2 29 15 -15 -5 19 -17 25 -21 -18 -14 -20 -3 -10 -11 -28 -1 -12
right_child=2 6 -4 16 -6 -7 7 -9 17 10 13 -13 22 14 -16 18 21 -19 23 20 -22 -23 -24 -25 -26 -27 27 -29 -30 -31
leaf_value=-0.026359502188213747 0.013321497167520645 0.0099635798867303057 -0.025264559425662084 0.011217832369503666 -0.017130551080679457 0.0025711224755219498 -0.01136211042680697 0.10036530109587105 -0.0167483761327696 -0.0077815961881328279 -0.018472717298355017 0.078523449620286984 0.13972062026593976 -0.01494910502404926 -0.015661627013227163 0.061703816693422842 0.11675289731651498 -0.034250964350124188 -0.01662011829066164 -0.024635364053586409 0.013332314092837645 0.016306909088920303 0.032462304279614551 0.027256890349713583 -0.030614402935152253 0.010798877557176354 0.048382013453999013 -0.0095313262640104087 0.01194616727750609 0.0099719066663876768
leaf_weight=14.609209410846235 2.7259296104311934 3.3047918602824202 9.8231665939092618 3.0241254940629032 5.7844382077455512 6.3317867517471305 12.62867207080126 6.914760708808898 15.555850476026537 7.0718857273459461 36.89317187666893 6.1831509992480269 54.320116691291332 4.7507885545492234 6.6718143224716178 8.0961351320147497 16.279825814068321 131.46683042496443 3.8639771416783324 241.28425156325102 5.5385610610246649 2.9503112956881514 4.4333631023764601 3.802190363407135 36.378785364329815 16.091322965919971 4.4721285998821241 4.08622195571661 2.2908703312277785 4.7948577702045432
leaf_count=216 30 45 134 32 83 68 176 72 222 98 509 68 386 65 95 101 145 2008 52 3567 81 34 38 51 552 221 57 53 30 66
internal_value=0.000854604 -0.0125493 0.0923704 0.0515091 0.10868 0.119851 -0.0174456 0.040562 -0.0198965 -0.000976985 0.010992 0.0431082 0.130828 -0.00140905 0.0177759 0.0295894 0.099219 -0.0258291 0.0433806 -0.0213191 -0.0235356 0.107887 0.134808 0.00731081 -0.0264984 -0.00317936 0.0134627 0.0274131 -0.0196251 -0.0144835
internal_weight=682.423 599.004 83.4188 39.1543 73.5956 67.8112 559.85 19.5434 540.307 130.37 90.6863 21.8134 61.4794 68.8729 27.1849 20.5131 22.2543 409.937 15.7623 278.47 246.823 19.2301 58.7535 7.66617 39.6836 31.6472 15.6302 8.55835 16.9001 41.688
internal_count=9355 8616 739 457 605 522 8159 248 7911 1812 1215 276 454 939 364 269 211 6099 204 4091 3648 179 424 103 597 443 208 110 246 575
is_linear=0
shrinkage=0.035


Tree=6
num_leaves=31
num_cat=0
split_feature=96 81 81 10 65 108 3 117 113 21 87 27 32 65 100 88 83 56 3 118 55 65 117 119 55 56 45 54 47 117
split_gain=597.713 216.79 127.351 100.218 78.5269 63.8588 77.1766 50.6297 34.6109 31.2065 30.2488 21.5212 22.2813 22.0077 14.9882 13.8662 13.0096 11.7921 8.21106 7.46883 7.42458 6.96837 18.0451 8.29964 6.50859 6.70819 6.11647 7.23239 7.90641 5.40348
threshold=2.2052631578947373 357.33930270589445 316.49059762417625 3.5000000000000004 1.2071428571428573 117.50000000000001 4.5000000000000009 0.73401360544217698 0.11922530206112296 1.5000000000000002 1.5000000000000002 13.500000000000002 6.5000000000000009 2.3038461538461541 0.10620300751879701 1078.5000000000002 1341.5000000000002 0.22792207792207794 8.5000000000000018 0.7576887232059647 0.83130081300813019 2.7445652173913051 0.17028985507246377 1.3444933211374723 0.73746867167919816 0.61583184257602874 0.080178571428571446 0.28991596638655465 0.036811201445347795 0.57002801120448188
decision_type=2 8 10 2 10 10 2 2 2 2 10 2 2 10 2 10 10 8 2 2 10 10 2 8 10 8 2 8 2 2
left_child=1 4 3 8 -1 7 -7 15 18 -6 11 12 24 -14 -13 16 17 19 -2 -3 -15 -19 23 -23 -9 -26 27 28 -24 -21
right_child=2 5 -4 -5 9 6 -8 10 -10 -11 -12 14 13 20 -16 -17 -18 21 -20 29 -22 22 26 -25 25 -27 -28 -29 -30 -31
leaf_value=-0.013684843558802933 0.019101789069926784 0.023796390074765267 -0.024845396471748948 -0.021209501438965266 0.0016737462492418891 -0.013208708314209236 0.10060662068121622 -0.023392733421245121 0.0070917390103359453 0.10709145148583533 -0.026976124330815813 0.067630773245823811 0.067331997082051995 -0.019598873707839307 0.0046274831966661208 0.024783634214184318 -0.034958760898144266 -0.026368763066344388 0.11935500938265232 -0.021488568603505717 0.02369919940368085 0.052697014157680376 0.028963167428628252 -0.0080871475406150486 0.01636262237320284 -0.016379961927984066 -0.025129546474935704 -0.021204060187513425 -0.013250595317759854 0.0079042512358230583
leaf_weight=9.8929568007588369 3.1565139368176451 6.5654624924063709 9.6422704383730871 6.2355318740010253 4.1252033784985569 15.45422299206257 7.3434736877679816 19.996185526251793 4.458873748779296 22.041256353259087 25.859618380665779 7.9654469490051296 5.7310188934206989 7.1466054096817953 8.4180558845400792 3.0525101572275153 136.12414296716452 206.51505245268345 62.375977635383606 12.963050693273546 3.1272015944123268 2.4801428988575926 7.7876725494861621 2.5294388085603714 12.589384265244009 8.65868231654167 40.624704666435719 8.5282598212361318 5.557729072868824 9.8217455893754941
leaf_count=133 34 90 144 83 50 222 64 278 45 171 402 85 67 95 108 45 2167 3128 400 185 34 30 113 36 163 121 612 127 82 137
internal_value=0.0006213 -0.0119371 0.084324 0.0988126 0.0659374 -0.0174435 0.0349547 -0.0199467 0.110207 0.0934068 0.00251619 0.0139305 0.00251313 0.0322349 0.0439103 -0.0249684 -0.0255888 -0.0208858 0.116223 0.000185466 -0.00297579 -0.0231056 -0.0119934 0.033297 -0.0112587 0.00244131 -0.0178213 -0.00209792 0.0125631 -0.00967599
internal_weight=686.768 600.899 85.8692 76.2269 36.0594 564.84 22.7977 542.042 69.9914 26.1665 99.4922 73.6326 57.2491 16.0048 16.3835 442.55 439.497 303.373 65.5325 29.3503 10.2738 274.023 67.5079 5.00958 41.2443 21.2481 62.4984 21.8737 13.3454 22.7848
internal_count=9451 8745 706 562 354 8391 286 8105 479 221 1353 951 758 196 193 6752 6707 4540 434 412 129 4128 1000 66 562 284 934 322 195 322
is_linear=0
shrinkage=0.035


Tree=7
num_leaves=31
num_cat=0
split_feature=96 81 81 10 14 108 16 117 54 89 27 32 65 87 0 99 45 59 0 56 86 21 45 118 54 65 4 100 90 106
split_gain=531.62 182.01 110.684 90.167 70.2964 69.2938 78.9128 47.0027 32.0965 29.5718 25.6652 18.9123 21.9402 13.0972 11.6761 11.6623 11.0411 10.0019 9.56796 9.21741 8.99188 11.1327 7.4914 11.1274 11.5558 5.89282 5.76771 5.43423 5.24575 5.74768
threshold=2.1889880952380958 385.70564618521638 316.49059762417625 3.5000000000000004 1.5000000000000002 94.500000000000014 4.5000000000000009 0.72783389450056124 0.29705882352941182 783.75000000000011 13.500000000000002 6.5000000000000009 2.3038461538461541 1.0000000180025095e-35 4.7096238425925927 0.68990384615384626 0.15419580419580423 0.46770833333333339 13.060613425925927 0.20611577964519143 234.60007759891195 2.5000000000000004 0.10582306830907055 0.83438818565400863 0.34848484848484856 1.5773809523809526 6.5000000000000009 0.16397849462365593 60097.322619047627 627.62500000000011
decision_type=2 8 10 2 2 10 2 2 10 8 2 2 10 10 2 2 2 2 2 8 10 2 2 2 8 10 2 2 2 10
left_child=1 4 3 8 20 7 18 13 16 -9 11 28 27 14 22 26 -2 -6 -7 -16 21 -1 23 24 25 -3 -12 -13 -11 -30
right_child=2 5 -4 -5 17 6 -8 9 -10 10 15 12 -14 -15 19 -17 -18 -19 -20 -21 -22 -23 -24 -25 -26 -27 -28 -29 29 -31
leaf_value=-0.012880237028476951 0.11348823016777254 -0.0035040001019594875 -0.02463755652446846 -0.021385540517066221 0.013836333888484697 0.0221707052655685 0.092973648807235937 -0.027147564278623516 0.020212147039006402 -0.021607417035548696 0.07719067423352198 0.007052446972357497 -0.0068731280261635783 -0.034134035442022523 0.0016868630507561929 0.0037752090026094628 0.024234946355256578 0.096613024609722528 -0.023374747873047389 -0.025627672671683671 -0.020295315758635191 0.048357476967027135 -0.016986206026653426 -0.014081604136210887 -0.011133306273554459 0.048407594957205057 0.0073637895646395416 0.075429574782682557 -0.0097153520831897242 0.021949730349097678
leaf_weight=3.9741828218102446 60.984666414558887 2.5616902112960878 9.4535331986844522 6.3872811049222937 3.9203913956880596 3.3963447287678781 9.8764219954609853 26.53794477134943 8.1521024331450445 21.491051726043224 5.9691041037440282 3.0555990636348751 9.9591326639056188 135.98963451012969 15.676656320691107 6.1768284365534774 4.9652342796325675 20.718808978796005 15.388169363141058 203.27241006493568 9.5077125057578069 2.4053894653916359 31.137148171663284 14.795769836753605 6.051656372845172 8.1443532332777959 2.9955321103334427 3.7337659522891045 15.343802288174631 5.7445053160190573
leaf_count=57 375 39 144 87 41 48 88 422 80 297 57 36 127 2227 219 77 36 159 226 3142 126 23 470 219 92 117 35 41 215 77
internal_value=0.0010169 -0.011305 0.0779016 0.0906815 0.0561492 -0.016763 0.032462 -0.0197673 0.101082 0.00160531 0.0129151 0.00122138 0.0281757 -0.0248943 -0.0199152 0.0470564 0.10895 0.0879982 -0.0122103 -0.023678 -0.00248583 0.0213116 -0.00599552 0.00569009 0.0223713 0.0388252 0.0648488 0.0606984 -0.0112278 0.00146394
internal_weight=677.767 587.824 89.9428 80.4893 40.5265 547.298 28.6609 518.637 74.102 101.007 74.4693 59.3279 16.7485 417.629 281.64 15.1415 65.9499 24.6392 18.7845 218.949 15.8873 6.37957 62.6906 31.5535 16.7577 10.706 8.96464 6.78937 42.5794 21.0883
internal_count=9399 8677 722 578 406 8271 362 7909 491 1384 962 793 204 6525 4298 169 411 200 274 3361 206 80 937 467 248 156 92 77 589 292
is_linear=0
shrinkage=0.035


Tree=8
num_leaves=31
num_cat=0
split_feature=96 81 81 54 116 82 27 117 99 117 32 56 68 113 117 110 55 75 56 55 65 106 88 0 55 93 119 80 108 11
split_gain=497.816 172.314 113.521 70.0256 58.4998 53.0682 54.3501 111.738 27.738 23.091 24.1756 22.725 21.8291 20.4223 20.1547 16.7157 11.6921 11.0435 9.97672 8.00513 7.99351 7.53559 6.52069 6.3523 6.10364 5.75335 5.24987 5.24449 4.96961 7.74385
threshold=2.1356321839080463 357.33930270589445 316.49059762417625 0.40833333333333338 0.77871939736346529 1.0000000180025095e-35 3.5000000000000004 0.17028985507246377 0.68990384615384626 0.65733855185909984 6.5000000000000009 0.63702239789196324 3.5000000000000004 0.11451990632318503 0.69113355780022456 191.25000000000003 0.83130081300813019 1.5092592592592595 0.58898944193061853 0.52679425837320581 3.101724137931035 651.93750000000011 1078.5000000000002 1.0563310185185186 0.59122919334186952 48723.500000000007 0.5699973352604083 555.81578947368428 48.500000000000007 9.5000000000000018
decision_type=2 8 10 8 2 10 2 2 2 2 2 10 10 2 2 10 10 10 8 10 10 10 10 2 8 2 8 8 10 2
left_child=1 3 4 17 11 6 9 15 14 20 21 13 -12 19 -9 -8 -14 -1 -16 -2 26 -11 -7 -10 -23 -26 -3 -5 29 -22
right_child=2 5 -4 27 -6 22 7 8 23 10 12 -13 16 -15 18 -17 -18 -19 -20 -21 28 24 -24 -25 25 -27 -28 -29 -30 -31
leaf_value=0.017003664788657075 0.0041468804922139045 0.0002991256344307341 -0.025746426538183188 0.015687660425697383 0.10438476336558927 -0.033699139310153357 0.007373883261070472 -0.0054959674023912185 0.0091256215355638368 -0.021105243345795097 0.060420723577737076 -0.017098365855437975 -0.017188206615346008 -0.012890844569973529 0.059882198467326293 0.11159685206503211 0.031478300435536011 0.095186828242106253 -0.0047924171410649212 0.067559911311498619 -0.020008145331255146 -0.014308120837348568 0.0079935752886072502 -0.022328180185092854 -0.011574223894611874 0.033158893371087732 -0.026816009427577728 -0.022148955921763868 0.023226865830587799 0.017198911465034085
leaf_weight=5.1714320480823543 3.4883770421147444 9.0960293412208539 10.884609490633009 2.4195071607828114 57.620630659162998 167.98565414175391 3.0431224256753913 14.994878429919483 6.4824753627181044 37.643130965530872 7.5424307063221958 5.3978704735636702 12.527974151074888 3.8145687207579604 9.6773111373186076 8.9554761573672277 4.233787201344966 20.325303092598915 2.7753196135163316 18.205623153597116 17.628349911421545 6.0120586752891514 2.9485610499978057 45.861790679395199 2.1865748539566994 6.0196674987673759 168.47279411554337 9.1442287787795067 2.081050604581832 5.4377617947757235
leaf_count=47 38 130 171 30 331 2796 43 229 95 545 91 60 175 46 104 79 50 138 34 135 275 87 44 691 30 81 2645 126 26 80
internal_value=0.000868224 -0.0117296 0.071249 0.0567445 0.0839136 -0.0168912 -0.00922861 0.0136128 -0.00352759 -0.0168539 -0.000346481 0.036527 0.0254985 0.0488172 0.022552 0.0951076 -0.000487576 0.0847168 0.0482247 0.0600498 -0.0228985 -0.0136355 -0.0327732 -0.0179768 0.00648648 0.0213703 -0.0254569 -0.0118865 -0.00360772 -0.00973534
internal_weight=678.078 578.667 99.4117 37.0605 88.5271 541.606 370.672 91.7904 79.7918 278.882 76.1656 30.9064 24.3042 25.5086 27.4475 11.9986 16.7618 25.4967 12.4526 21.694 202.716 51.8614 170.934 52.3443 14.2183 8.20624 177.569 11.5637 25.1472 23.0661
internal_count=9452 8671 781 341 610 8330 5490 1275 1153 4215 1059 279 316 219 367 122 225 185 138 173 3156 743 2840 786 198 111 2775 156 381 355
is_linear=0
shrinkage=0.035


Tree=9
num_leaves=31
num_cat=0
split_feature=96 81 81 10 108 3 11 110 88 113 10 9 65 56 83 118 66 0 63 47 0 46 119 65 0 68 74 3 66 57
split_gain=438.602 160.312 92.26 70.4093 61.165 78.5881 56.0019 36.2886 33.3267 27.4136 18.7437 30.6995 9.27883 8.99363 10.7938 11.4594 9.47769 8.97718 8.61214 8.5553 7.73653 6.8815 5.86777 5.78275 5.62831 5.39439 5.00717 4.28539 3.75131 3.64775
threshold=2.1695402298850577 347.40538503541865 316.49059762417625 3.5000000000000004 94.500000000000014 4.5000000000000009 2.5000000000000004 37.250000000000007 1079.5000000000002 0.11922530206112296 2.5000000000000004 7.5000000000000009 1.2071428571428573 0.36474501108647456 1606.5000000000002 0.60263157894736852 1.4125279657415961 13.060613425925927 0.77664399092970526 0.076018161805173387 0.82528356481481502 0.090326340326340335 2.458853938786679 4.2264957264957275 65.416354166666679 8.5000000000000018 10.750000000000002 8.5000000000000018 0.4901580001957988 0.35147058823529415
decision_type=2 8 10 2 10 2 2 8 8 2 2 2 10 8 10 2 10 2 2 2 2 2 10 8 2 8 10 2 10 10
left_child=1 6 3 9 7 17 28 8 -3 27 11 19 -8 14 15 16 -9 -6 -17 25 -15 23 -23 -12 -21 -10 -20 -2 -1 -13
right_child=2 4 -4 -5 5 -7 12 13 10 -11 21 29 -14 20 -16 18 -18 -19 26 24 -22 22 -24 -25 -26 -27 -28 -29 -30 -31
leaf_value=-0.020684162405063568 0.018534562345605427 -0.02880323523536215 -0.024841080857203691 -0.021231145213813956 0.018556367314428626 0.088905193072483332 0.0087529555546866332 -0.0064704948506973687 -0.017003695409028883 0.0068696730314478484 -0.021308991524035759 0.018959553977892986 0.084439796525685631 -0.0068694573724361668 -0.031118911537459337 -0.01661238049983995 0.049311679972553049 -0.025071945792917539 -0.012291233949370609 0.042011014953085478 -0.030669038629762658 -0.01043176925877529 0.030446787937088691 0.013800328614601662 -0.0074101633530061894 0.013711655482698225 0.027928907348789157 0.093659293166119414 0.012616634792925957 0.066582524156644687
leaf_weight=7.9783881902694684 3.7812207639217368 37.129751175642014 9.7876081168651563 6.2790597304701796 3.9299720264971318 10.257126592099665 3.4697391837835339 5.5417902506887904 20.715820539742715 5.9009319692850104 27.51321475952864 8.6872983649373072 23.419272556900978 21.630482170730829 36.517064828425646 75.413084372878075 2.3663886450231075 15.504787992686031 2.4289251416921607 3.0391748547554007 228.7606407776475 4.4317456334829313 4.3925811350345612 3.3864597752690306 2.3717606887221336 5.4151669591665259 5.3399979844689369 72.822729088366032 2.1576708555221558 9.389287304133175
leaf_count=113 36 625 156 86 55 83 40 88 293 55 396 108 153 342 633 1157 30 237 38 38 3759 62 57 46 35 73 82 403 24 99
internal_value=0.000502724 -0.0114207 0.0668104 0.0776998 -0.0164628 0.0290572 0.0546272 -0.0194009 -0.0030177 0.0860119 0.00865707 0.0220847 0.077577 -0.0247715 -0.0161025 -0.00877655 0.0228567 -0.0142578 -0.0129094 -0.000310516 -0.0287878 -0.00870905 0.0135691 -0.016075 0.0271933 -0.00945858 0.0154652 0.0913139 -0.0117693 0.0527626
internal_weight=669.759 571.188 98.5715 88.7839 534.163 29.6919 37.0251 504.471 126.472 82.5049 89.3425 49.6185 26.889 377.998 127.607 91.0902 7.90818 19.4348 83.182 31.5419 250.391 39.724 8.82433 30.8997 5.41094 26.131 7.76892 76.6039 10.1361 18.0766
internal_count=9402 8666 736 580 8336 375 330 7961 1832 494 1207 646 193 6129 2028 1395 118 292 1277 439 4101 561 119 442 73 366 120 439 137 207
is_linear=0
shrinkage=0.035


Tree=10
num_leaves=31
num_cat=0
split_feature=96 81 10 66 88 108 3 83 117 55 9 113 107 56 0 118 56 67 29 145 66 3 0 116 10 71 125 56 128 0
split_gain=411.033 166.842 76.8359 70.6441 55.641 62.1036 45.0063 42.177 42.1512 25.7539 27.3577 24.2707 11.4485 11.4482 10.1475 9.89181 9.42044 9.07071 8.20191 7.68078 7.59497 7.54677 7.28775 7.02131 6.31371 5.42207 5.24788 5.21308 4.87718 4.42533
threshold=2.2052631578947373 385.70564618521638 3.5000000000000004 0.54112252066500754 1079.5000000000002 94.500000000000014 4.5000000000000009 1367.0000000000002 0.65419580419580436 0.78281378178835126 7.5000000000000009 0.11922530206112296 809.41617585727329 0.35025773195876292 3.6295486111111117 0.60263157894736852 0.5727513227513229 2.5000000000000004 33.500000000000007 0.24746640370847711 1.4125279657415961 6.5000000000000009 13.060613425925927 0.8190909090909092 3.5000000000000004 4.7172314623348415 6.5000000000000009 0.19876543209876546 0.267948717948718 0.89696759259259273
decision_type=2 8 2 10 8 10 2 10 2 10 2 2 10 8 2 2 10 10 2 10 10 2 2 2 2 10 2 10 2 2
left_child=1 3 7 17 -3 8 22 11 13 14 12 16 -11 15 24 20 -2 -1 -12 -14 -6 -5 -7 -18 25 -10 27 -16 -9 -15
right_child=2 4 -4 21 5 6 -8 28 9 10 18 -13 19 29 26 -17 23 -19 -20 -21 -22 -23 -24 -25 -26 -27 -28 -29 -30 -31
leaf_value=-0.021250446993964053 0.092007627188730873 -0.033560202687755523 -0.02395670749451569 0.011724767851719553 -0.0071917657033137537 0.023084355636262634 0.08256588162184679 -0.018629383122222537 0.030271754224293658 -0.015094482039095978 0.063352691637491035 0.0051188298881212754 0.038614855514104519 -0.0064367961180754191 0.0095498904319629273 -0.013554842853253672 -0.00051755317802821632 0.024454361560049903 -0.0004252297056785082 -0.0077137359291954387 0.043743476546156075 0.085442865407163768 -0.018048190510096682 0.048432848660404794 -0.01567957981650937 -0.011424854809882347 0.011191211644513638 -0.023029477337754761 0.018244562828325345 -0.028587340900037575
leaf_weight=12.452481072396038 65.307911314070225 158.79098640754819 8.6069502085447294 3.6604919433593777 4.6363690942525855 3.260857671499255 10.109950862824915 4.6870969831943503 11.03898771479726 17.143712610006336 12.903958823531864 5.5535306930541983 7.0049010552465898 15.635452151298521 4.1103390455245963 66.890067223459482 4.9869229942560178 2.9521739296615115 2.7884188219904891 4.6768757849931717 2.4442688375711441 25.214945048093796 9.9468205720186216 6.9175477623939514 3.5533593110740176 2.1298852860927573 4.5368881151080123 43.102158013731241 3.0998691506683826 139.18630041182041
leaf_count=173 342 2795 127 42 73 44 72 71 143 249 137 52 85 245 53 1048 36 29 33 60 31 159 152 37 53 29 62 626 33 2316
internal_value=0.000718959 -0.0109093 0.0646723 0.0508681 -0.0165623 -0.00881601 0.041264 0.0739091 -0.0127784 0.0045898 0.0239434 0.0808391 0.00161638 -0.0212704 -0.00876635 -0.00909354 0.0856428 -0.00864546 0.0546555 0.0233142 0.0212187 0.0792076 -0.00434248 0.0338391 0.0124277 0.0222397 -0.0161065 -0.0195502 -0.0025562 -0.0266217
internal_weight=667.33 568.171 99.1598 44.2801 523.891 365.1 23.3176 90.5529 341.782 112.989 44.5179 82.7659 28.8255 228.792 68.4716 73.9707 77.2124 15.4047 15.6924 11.6818 7.08064 28.8754 13.2077 11.9045 16.7222 13.1689 51.7494 47.2125 7.78697 154.822
internal_count=9407 8709 698 403 8306 5511 268 571 5243 1530 564 467 394 3713 966 1152 415 202 170 145 104 201 196 73 225 172 741 679 104 2561
is_linear=0
shrinkage=0.035


Tree=11
num_leaves=31
num_cat=0
split_feature=117 81 9 10 108 3 68 87 0 54 23 56 56 45 50 50 110 106 54 0 11 11 10 49 66 57 25 68 47 98
split_gain=375.176 144.711 109.393 93.4309 67.3833 44.2288 36.2275 30.6813 25.5118 14.6338 16.7628 14.5957 10.7378 10.5289 10.9392 8.47647 8.41748 14.7108 8.30687 7.9077 6.38239 5.6359 6.91927 5.03702 4.47625 3.90652 3.7977 3.31584 3.19405 3.19172
threshold=0.83827375762859646 347.40538503541865 4.5000000000000009 3.5000000000000004 117.50000000000001 4.5000000000000009 2.5000000000000004 1.0000000180025095e-35 4.7096238425925927 0.34848484848484856 1.5000000000000002 0.20611577964519143 0.64031250000000017 0.15047169811320757 0.079595736122284808 0.10501253132832082 37.250000000000007 1072.8611111111113 0.28991596638655465 2.2202893518518523 3.5000000000000004 8.5000000000000018 3.5000000000000004 0.098387096774193564 2.1231044662197132 0.27429467084639503 1.5000000000000002 10.500000000000002 0.12183055040197899 1.693979933110368
decision_type=2 8 2 2 10 2 10 10 2 8 2 8 10 2 2 2 8 10 8 2 2 2 2 2 8 8 2 8 2 2
left_child=1 6 20 13 7 19 18 8 9 10 12 24 15 14 -4 25 17 27 -1 -6 -2 -12 26 -18 29 -3 -23 28 -13 -10
right_child=2 4 3 -5 5 -7 -8 -9 11 -11 21 16 -14 -15 -16 -17 23 -19 -20 -21 -22 22 -24 -25 -26 -27 -28 -29 -30 -31
leaf_value=0.026562256217730815 -0.017766529922261898 0.0064871436991179787 0.084272616679255646 -0.02525546129015608 0.025696081759444638 0.079299371777466765 0.073105716559323436 -0.033405329340468005 -0.014461493839968446 -0.018903995896991616 -0.01544976512267557 -0.021510382785487014 -0.0051134004407811092 0.022349347824836188 0.023389728956446615 0.00023711266675286661 -0.026119001866500274 0.029449073425770717 -0.019888595871928975 -0.018099023351631202 0.015304734695925961 -0.001967027318076125 -0.016391171096488966 0.0068777731220818388 0.0231008787465956 0.061676184593436448 0.035682630258203452 0.005385671170037837 0.0088597246112576081 0.012216990126764445
leaf_weight=2.6632449179887745 21.827061556279663 3.1815202236175582 83.742727894335985 10.020125832408665 2.3693209066987064 9.2923825159668905 23.802366584539413 145.19954033195972 9.0494104623794573 19.858884885907173 17.631747674196962 36.015730634331703 6.1356031820178023 8.9589575566351396 8.6613477617502195 4.5420221276581279 172.61357467994094 6.0736473575234404 7.3563594669103631 11.828109391033648 5.4657824635505667 4.1257225386798364 3.8619193509221068 3.9365685880184165 7.2076355889439574 10.208738598972559 5.103078942745924 5.825003743171691 2.0337202809751025 4.3709839545190325
leaf_count=21 331 43 497 149 31 61 146 2627 130 306 271 512 92 77 70 66 2886 82 102 186 58 58 60 62 92 136 66 82 28 63
internal_value=0.00145622 -0.0121703 0.0516043 0.066425 -0.0171657 0.0357379 0.0531508 -0.0201773 -0.0137884 0.00394382 0.0131134 -0.0191168 0.0322147 0.0762491 0.0800595 0.0433169 -0.0216553 -0.00792636 -0.0028095 -0.00600131 -0.00979932 -0.00426506 0.010906 -0.0252141 0.00754318 0.0538922 0.0240747 -0.0155838 -0.0190466 -0.00481479
internal_weight=662.963 524.287 138.676 111.383 490.465 23.4898 33.822 466.975 321.776 74.6492 54.7904 247.126 24.0679 101.363 92.4041 17.9323 226.498 49.9481 10.0196 14.1974 27.2928 30.7225 13.0907 176.55 20.628 13.3903 9.2288 43.8745 38.0495 13.4204
internal_count=9391 8209 1182 793 7940 278 269 7662 5035 1098 792 3937 337 644 567 245 3652 704 123 217 389 455 184 2948 285 179 124 622 540 193
is_linear=0
shrinkage=0.035


Tree=12
num_leaves=31
num_cat=0
split_feature=116 81 11 10 11 88 110 97 117 55 54 86 0 45 97 123 92 10 69 101 54 145 119 109 56 46 81 107 101 98
split_gain=336.081 149.98 71.8743 62.4977 49.286 47.8616 53.1612 86.8449 39.4862 25.9758 30.775 17.9733 12.1334 10.7202 8.55502 8.34746 7.52337 8.56031 6.70611 9.24276 10.3336 6.37122 5.54565 13.1337 4.85831 7.60489 4.47741 4.47366 4.44047 4.32528
threshold=0.66862745098039222 385.70564618521638 3.5000000000000004 3.5000000000000004 2.5000000000000004 1079.5000000000002 310.25000000000006 1.7983802258258772 0.65419580419580436 0.82247899159663873 0.22474747474747478 293.75877528154797 2.5939004629629632 0.14962686567164182 2.6949470163740403 1.5000000000000002 68969.500000000015 3.5000000000000004 3.7500000000000004 0.22048611111111113 0.25543478260869573 0.35297518814710588 0.78582996308391106 281.50000000000006 0.36474501108647456 0.13245614035087722 455.22758040864193 2614.7666088934661 0.11324786324786326 1.5694980694980696
decision_type=2 8 2 2 2 8 10 2 2 10 8 10 2 2 2 2 2 2 10 2 8 8 8 8 8 2 8 10 2 2
left_child=1 4 26 13 -1 -3 8 -8 18 12 15 -6 16 -4 -12 -11 17 -10 22 20 -20 -13 23 -7 25 -24 -2 28 -14 -27
right_child=2 5 3 -5 11 6 7 -9 9 10 14 21 27 -15 -16 -17 -18 -19 19 -21 -22 -23 24 -25 -26 29 -28 -29 -30 -31
leaf_value=-0.01473382686507232 0.014169567783681173 -0.032765647429416955 0.079172638376697801 -0.019696666930459406 0.076913735889263202 -0.017895193555755161 -0.018092679317536248 0.090429439671505005 0.036255754475670303 0.066751654625488044 0.027169728477734984 0.027259312936264702 0.0005238083655341925 0.016452341661472053 -0.013418932504393657 0.0034413870888452486 -0.014893595167578905 -0.013581546713955296 0.047518016063637085 -0.019374649143151741 -0.013652618694132391 -0.015274500175692067 -0.01936048340249109 0.035726727686158255 -0.029661592032096715 -0.011723251802384232 -0.019523271067935274 0.010014184541272479 -0.024294919691900868 0.02685793083799537
leaf_weight=10.535618305206297 2.6198000647127602 149.74083912372589 76.969769742339849 7.3381396532058707 26.740286447107792 15.304343935102226 16.849385298788551 11.613385949283836 10.580442748963835 11.883973706513641 3.7957365512847927 5.5683736950159046 10.758039578795431 6.6240035258233538 18.228018064051867 3.6719585731625548 4.5815830491483203 2.81811973825097 2.9478971809148771 7.3174794614315033 2.8670301139354706 3.151672028005124 59.297049757093191 2.7620519436895838 119.57753932476044 2.2676401212811461 12.482913624495268 4.0641542151570311 39.494603097438812 3.8926035612821579
leaf_count=147 35 2783 407 109 164 251 260 109 123 114 50 45 148 49 249 40 57 43 42 123 47 36 955 36 2060 36 172 58 572 62
internal_value=0.000294583 -0.0108224 0.0558801 0.0671099 0.0465907 -0.0164648 -0.00922084 0.0330823 -0.0133568 0.0036403 0.0254619 0.06438 -0.00861579 0.0754117 -0.00269087 0.0562795 0.0137508 0.0249312 -0.0218808 0.00174361 0.0249898 0.0119223 -0.0234136 -0.00372999 -0.0251867 -0.0154872 -0.0116081 -0.0165546 -0.0194152 0.0137664
internal_weight=656.344 550.31 106.035 90.9319 45.996 504.314 354.573 28.4628 326.11 109.877 37.5797 35.4603 72.2969 83.5938 22.0238 15.5559 17.9801 13.3986 216.234 13.1324 5.81493 8.72005 203.101 18.0664 185.035 65.4573 15.1027 54.3168 50.2526 6.16024
internal_count=9382 8610 772 565 392 8218 5435 369 5066 1454 453 245 1001 456 299 154 223 166 3612 212 89 81 3400 287 3113 1053 207 778 720 98
is_linear=0
shrinkage=0.035


Tree=13
num_leaves=31
num_cat=0
split_feature=117 83 9 10 9 88 27 117 83 117 117 32 97 55 66 55 54 119 95 94 69 70 66 55 56 76 92 83 0 82
split_gain=339.425 99.5479 85.432 79.9192 52.2354 42.5662 42.7557 77.8268 29.9959 18.2353 15.6873 15.1714 11.5038 10.2666 9.16033 9.03713 13.4253 9.02379 5.76813 5.73921 5.63209 5.50309 5.43489 5.0766 5.03677 6.34987 6.87015 4.59714 4.55479 4.27723
threshold=0.84045454545454557 1341.5000000000002 4.5000000000000009 3.5000000000000004 2.5000000000000004 1079.5000000000002 1.5000000000000002 0.17028985507246377 1384.5000000000002 0.67533783783783796 0.65733855185909984 6.5000000000000009 1.8242775822058901 0.83130081300813019 1.1588098448225657 0.54606060606060614 0.18898809523809526 0.59099750612234125 219.50000000000003 81082.000000000015 4.2500000000000009 10.279220779220781 0.99626083306411461 0.95119047619047625 0.30116279069767443 0.81586802275591774 35937.500000000007 1065.5000000000002 69.428113425925943 312.50000000000006
decision_type=2 8 2 2 2 8 2 2 10 2 2 2 2 10 10 10 10 8 2 2 8 10 10 10 8 10 2 8 2 10
left_child=1 4 18 8 22 -3 10 12 -4 19 17 20 -8 14 -13 -11 -17 28 27 -9 23 -6 -1 -12 25 -19 -27 -2 -7 -10
right_child=2 5 3 -5 21 6 7 9 29 15 11 13 -14 -15 -16 16 -18 24 -20 -21 -22 -23 -24 -25 -26 26 -28 -29 -30 -31
leaf_value=-0.025312468511110471 0.012522957326710887 -0.032612124145650394 0.072578948841549362 -0.025175763263768549 0.011891284987397478 0.02268564435261004 0.0066752189911875939 -0.021491860305891751 -0.015334266536749722 -0.0101412163998192 -0.025380500609050505 0.024008471114759539 0.083920200958816041 0.04153809551927725 -0.018219680517188787 0.049325578739200154 -0.0049071351078725364 -0.01770261699183736 0.018240729357664354 0.012513872652706367 0.013340338381503411 0.069862406244328545 0.015145019643214316 0.0038558128719643025 -0.027466162038547338 0.033066034543320258 -0.011618835342354897 -0.02053092947102602 -0.012541771922339951 0.020110505266409159
leaf_weight=10.457054309546946 2.9070668406784597 141.54482199251652 102.44996499270201 9.9806180223822576 4.699783448129895 4.9884228147566301 3.826372053474187 43.99553269520402 5.0183262713253489 8.086547467857601 27.187457296997309 5.8765758313238647 11.63387658447027 7.7297098264098159 9.9353150837123376 8.9316453896462935 7.9610692113637915 32.648619908839464 3.8129315860569468 3.6492447331547728 4.1343126595020285 21.533576041460037 1.8096238039433945 7.8535575717687598 131.28222493454814 3.0916355550289136 4.9426649697124958 20.083504904061556 3.8793289177119732 2.1503591686487198
leaf_count=179 43 2658 563 153 44 68 47 735 79 115 409 73 109 80 145 94 100 523 42 60 57 157 19 106 2298 47 79 309 61 15
internal_value=0.00118995 -0.0123237 0.0472674 0.0594837 0.0386418 -0.0168311 -0.00971132 0.010753 0.0679539 -0.00584739 -0.01718 -0.00188634 0.0711055 0.0181413 -0.000527906 0.0163737 0.0284837 -0.0222908 -0.0080247 -0.0179461 -0.0146126 0.0630429 -0.0166867 -0.0191647 -0.0240589 -0.0112612 0.0116643 -0.014861 0.0083093 -0.000807511
internal_weight=658.082 511.679 146.403 119.599 38.5 473.179 331.634 88.0843 109.619 72.624 243.55 62.7169 15.4602 23.5416 15.8119 24.9793 16.8927 180.833 26.8035 47.6448 39.1753 26.2334 12.2667 35.041 171.965 40.6829 8.0343 22.9906 8.86775 7.16869
internal_count=9467 8263 1204 810 399 7864 5206 1260 657 1104 3946 870 156 298 218 309 194 3076 394 795 572 201 198 515 2947 649 126 352 129 94
is_linear=0
shrinkage=0.035


Tree=14
num_leaves=31
num_cat=0
split_feature=117 81 11 81 82 108 11 11 55 117 55 11 97 56 16 65 55 96 93 0 0 107 72 117 29 73 91 71 86 65
split_gain=279.759 123.107 73.137 62.8317 48.3408 51.6771 43.5783 36.1208 28.2751 22.6502 17.3688 11.9555 13.9435 11.7778 10.1868 8.8198 8.60814 7.80718 9.26896 6.59614 5.96212 5.68943 5.64469 5.30423 5.22385 4.95676 5.22061 6.91628 4.78719 4.70824
threshold=0.83827375762859646 385.70564618521638 2.5000000000000004 434.32254476783305 1.0000000180025095e-35 94.500000000000014 2.5000000000000004 3.5000000000000004 0.47151459008800373 0.65419580419580436 0.78281378178835126 6.5000000000000009 2.5949206877225417 0.36474501108647456 22.500000000000004 2.9555335968379448 0.88516483516483524 3.0801282051282057 79225.500000000015 4.0473495370370385 0.94059027777777782 2614.7666088934661 9.5000000000000018 0.13961038961038963 21.500000000000004 14.500000000000002 6464.6134949423204 4.9251979824256171 293.75877528154797 1.0454545454545456
decision_type=2 8 2 10 10 10 2 2 10 2 10 2 2 8 2 10 10 2 2 2 2 10 8 2 2 10 8 10 10 8
left_child=1 7 -2 8 5 9 -7 15 -4 13 19 12 -12 16 -13 -1 23 18 24 22 -15 -21 -11 -3 -10 -18 27 -27 -9 -25
right_child=2 4 3 -5 -6 6 -8 28 17 10 11 14 -14 20 -16 -17 25 -19 -20 21 -22 -23 -24 29 -26 26 -28 -29 -30 -31
leaf_value=-0.016009050113509598 -0.018049201651187421 0.01766983900354863 -0.00084450321866350508 -0.022788145473255736 -0.033941160381086424 -0.0092847637265413181 0.075090015745797295 0.073749519591454343 0.061879155392055622 -0.0083543404697991128 0.039186992033739453 0.058380693775408887 -0.011819471916433042 -0.002919118210382906 -0.0057701014267072361 0.027847225201931818 -0.01259263091593415 0.080210845867083685 0.016803207961748973 -0.020155705729899429 -0.027616299522991165 0.013867204223814921 0.026687885872479517 0.0093946671676262 0.021436114149899342 0.042500464515254785 -0.0063729896740331035 -0.010238437049126435 0.019061753607401494 -0.019291503970858534
leaf_weight=11.329422034323214 18.826135698705912 2.1628073155879965 8.9277332946658117 10.187255371361969 135.84689187631011 12.387739516794683 10.84475129470229 19.329981736838821 41.223965469747782 8.4526469334959948 4.201395250856879 7.3235731795430166 18.120425492525101 14.590479739010332 2.9169848039746284 3.5693847611546508 3.9375553764402893 41.442665427923203 15.331610184162853 39.450778380036354 124.03300786390901 3.3919467553496352 5.448316454887391 4.9815901443362227 12.169076412916182 6.9538193792104686 4.3936043046414861 1.8810110762715337 6.9078598506748667 51.604120012372732
leaf_count=156 298 29 108 171 2680 179 74 103 277 117 49 73 245 239 31 34 65 181 107 600 2247 49 69 84 76 110 71 31 53 855
internal_value=0.00102646 -0.0114578 0.0425012 0.0516623 -0.0167362 -0.00918688 0.036424 0.0433175 0.0586923 -0.0132076 0.00156906 0.0202618 0.00319539 -0.0192543 0.0442095 -0.00114504 -0.00749507 0.0633442 0.0484231 -0.0099299 -0.025209 -0.0162943 0.00880672 -0.0136731 0.0552864 0.0119633 0.0207218 0.0316297 0.0647071 -0.0162084
internal_weight=652.169 504.06 148.108 129.282 462.923 327.077 23.2325 41.1366 119.095 303.844 89.3061 32.5624 22.3218 214.538 10.2406 14.8988 75.9145 110.167 68.7247 56.7437 138.623 42.8427 13.901 58.7485 53.393 17.166 13.2284 8.83483 26.2378 56.5857
internal_count=9461 8243 1218 920 7897 5217 253 346 749 4964 1233 398 294 3731 104 190 1245 641 460 835 2486 649 186 968 353 277 212 141 156 939
is_linear=0
shrinkage=0.035


Tree=15
num_leaves=31
num_cat=0
split_feature=117 81 54 10 110 97 88 117 130 106 117 101 10 45 93 69 0 26 0 45 143 0 65 44 71 72 11 41 26 65
split_gain=290.275 116.241 71.4822 70.4949 42.6825 75.6573 23.052 25.4715 23.0226 18.0528 11.6106 10.6341 11.3497 9.76865 8.94794 8.93638 8.05885 7.7326 7.12429 5.96059 5.61655 10.2673 5.58525 5.53423 5.42773 5.06405 4.989 4.60616 7.88962 4.27912
threshold=0.83827375762859646 357.33930270589445 0.31009615384615391 3.5000000000000004 260.25000000000006 1.9536549858406314 1079.5000000000002 0.65419580419580436 4.5000000000000009 621.25739130434795 0.13961038961038963 0.44636015325670503 3.5000000000000004 0.15047169811320757 49346.500000000007 3.2500000000000004 1.1760011574074076 25.500000000000004 2.4328125000000003 0.073350071736011491 1.0000000180025095e-35 46.631643518518523 3.3726851851851856 0.35653753026634388 2.3119756630949415 10.500000000000002 8.5000000000000018 3.5000000000000004 26.500000000000004 1.4580419580419581
decision_type=2 8 8 2 10 2 8 2 2 10 2 2 2 2 2 10 2 2 2 2 8 2 10 2 8 10 2 10 2 10
left_child=1 8 3 13 6 18 -3 15 -1 20 -7 12 14 27 -11 -8 -4 24 -6 23 21 26 -18 -17 -16 -13 -9 -2 -29 -10
right_child=2 4 16 -5 5 10 7 9 29 11 -12 25 -14 -15 17 19 22 -19 -20 -21 -22 -23 -24 -25 -26 -27 -28 28 -30 -31
leaf_value=-0.0071307462866158798 0.020651715029431198 -0.032598962516011104 0.021487689987112448 -0.025115122321300889 0.011157115918184312 0.081988183190161476 -0.023172664648553946 0.0004935522615870069 0.0085344004580151372 -0.001320617347726364 0.0047844205361587113 -0.022129280495564115 -0.010220013992458298 0.01649136620825856 0.0051536836823251556 -0.010998987892989883 -0.02166036043647649 -0.0038081171249676384 -0.025817076994443255 -0.012379191754614454 -0.021488909629473182 -0.019310616101360242 0.012548152627569155 0.034614091213168496 0.062466757291903006 0.014395924224816611 0.039435351377281269 0.073142784741969835 0.029468731667246187 0.059787741918783409
leaf_weight=7.8119407258927813 8.2152869217097741 125.97277145087719 5.4808759987354305 9.950749069452284 5.1543273031711605 10.833597302436827 186.60427941381931 8.1017856039106864 4.0970078445971039 5.6795703731477323 3.574220359325408 7.0000848807394487 5.696525737643241 9.5372212529182416 3.3957416526973256 2.082761723548173 19.62828436866403 2.5603905990719786 23.157144010066986 9.4915147237479669 27.681981485337019 10.666211683303116 4.0635867826640597 4.3614967726171017 11.699635047465563 3.3023028150200844 3.2810959294438353 79.146234679967165 15.586185820400713 26.692506074905396
leaf_count=106 55 2550 61 156 71 81 3302 114 41 70 61 102 89 77 43 35 303 33 408 165 403 154 47 64 134 47 39 420 83 146
internal_value=0.00119637 -0.0117479 0.0428073 0.0541332 -0.0167653 0.0152045 -0.0201771 -0.0143518 0.0431431 0.00123748 0.0690026 0.0177784 0.0274516 0.0619143 0.0368285 -0.0210718 -0.00569215 0.0466835 -0.0184213 0.003188 -0.0122744 0.00112795 -0.0146288 0.0215074 0.0540642 -0.00954321 0.0203282 0.0651636 0.0677948 0.0551128
internal_weight=650.507 498.899 151.608 122.436 460.297 42.7193 417.578 291.605 38.6015 89.0653 14.4078 39.3343 29.0319 112.485 23.3353 202.54 29.1727 17.6558 28.3115 15.9358 49.7311 22.0491 23.6919 6.44426 15.0954 10.3024 11.3829 102.948 94.7324 30.7895
internal_count=9460 8258 1202 791 7965 621 7344 4794 293 1228 142 518 369 635 280 3566 411 210 479 264 710 307 350 99 177 149 153 558 503 187
is_linear=0
shrinkage=0.035


Tree=16
num_leaves=31
num_cat=0
split_feature=116 81 88 11 108 10 117 54 10 54 21 65 117 115 58 107 101 32 97 56 107 83 56 0 60 65 56 114 73 49
split_gain=242.946 116.828 50.829 48.3834 47.2249 45.1852 36.7852 33.3834 24.3914 21.5854 21.2915 13.0352 20.8395 9.4779 8.80838 7.69813 7.33509 6.70722 6.56261 7.55371 6.27614 6.22282 5.97566 6.34044 7.00101 5.7768 5.41371 5.0271 4.83546 4.80675
threshold=0.66862745098039222 385.70564618521638 1079.5000000000002 3.5000000000000004 125.50000000000001 3.5000000000000004 0.69113355780022456 0.40833333333333338 2.5000000000000004 0.20416666666666669 1.5000000000000002 2.5590277777777781 0.21498599439775914 0.093178294573643419 0.5590277777777779 2602.1747376059338 0.42582417582417587 4.5000000000000009 11.420216075618333 0.68237250554323736 704.03949768568657 889.00000000000011 0.35025773195876292 50.229126157407414 0.99350649350649356 1.2928571428571431 0.18808962264150947 0.062019230769230778 18.500000000000004 0.074537037037037054
decision_type=2 8 8 2 10 2 2 8 2 8 2 10 2 2 2 8 2 2 2 10 10 10 8 2 2 10 10 2 10 2
left_child=1 7 -3 -2 6 14 11 25 9 18 -6 22 15 -10 -5 -13 -16 20 19 -8 -11 -9 23 24 28 -1 -14 -19 -4 -28
right_child=3 2 4 5 10 -7 8 21 13 17 -12 12 26 -15 16 -17 -18 27 -20 -21 -22 -23 -24 -25 -26 -27 29 -29 -30 -31
leaf_value=0.0075056703142318236 -0.01053841080774775 -0.032312446416203518 -0.023413976117619219 0.011019655293639722 -0.0032103588917674585 -0.019194598033323317 0.057771111701555231 0.017853451596657334 0.012939641805988025 -0.022426312017374099 0.064521338857882804 0.052376907855426084 0.016020365429065622 -0.021907131116404004 0.068047653341665126 -0.0069907630434170283 0.017876801773546162 0.035311269562850904 0.0010208924148136093 -0.00092573078792189953 0.0090223085025907604 -0.021298931607457546 -0.027410583384502283 -0.021035298861702679 0.022946623949117714 0.060390731039351761 -0.017185530569252528 -0.0068578127902090098 0.0086304486701226542 0.016715744867481667
leaf_weight=4.3805872984230509 14.268171455711125 134.61727975308895 8.3410074263811129 6.3546929769217959 8.2033669203519839 7.0765050128102294 16.831656936556108 3.3294435851275912 9.59400527179241 11.758457034826284 10.696598015725611 4.7557293809950343 3.7120852768421164 28.304800689220428 76.198602017015219 2.2305171564221382 8.2331705689430219 4.6594059318304053 3.985796306282281 2.8846060410141936 10.631947331130503 8.4354313462972623 114.60039876401424 27.873555429279804 7.3597189746797076 31.404091812670231 54.663253914564848 3.2455552108585835 6.6132429726421824 1.6896435655653466
leaf_count=48 201 2792 139 36 113 112 153 40 125 176 79 57 54 411 368 34 57 53 37 35 124 123 2123 478 120 169 951 39 105 29
internal_value=0.00093912 -0.00915314 -0.0144754 0.0465479 -0.00710343 0.0549786 -0.0104637 0.0405603 0.00796819 0.0222528 0.0406016 -0.0177837 -0.0043514 -0.0126057 0.0614603 0.038413 0.0644283 0.0014094 0.0440078 0.0507334 -0.00857213 -0.00819875 -0.0229601 -0.011235 0.0026168 0.0556306 -0.0118951 0.0220488 -0.0106312 -0.0148896
internal_weight=636.933 524.802 477.253 112.131 342.635 97.863 323.735 47.5496 91.8962 53.9974 18.9 231.839 67.0512 37.8988 90.7865 6.98625 84.4318 30.2954 23.7021 19.7163 22.3904 11.7649 164.788 50.1875 22.314 35.7847 60.065 7.90496 14.9543 56.3529
internal_count=9381 8607 8227 774 5435 573 5243 380 1153 617 192 4090 1125 536 461 91 425 392 225 188 300 163 2965 842 364 217 1034 92 244 980
is_linear=0
shrinkage=0.035


Tree=17
num_leaves=31
num_cat=0
split_feature=117 81 96 108 11 11 81 11 10 88 56 69 50 98 117 55 115 93 45 9 69 45 70 101 117 54 109 109 106 116
split_gain=252.789 95.6679 61.0703 44.8089 37.7783 34.8927 32.4425 28.4776 28.3985 21.3775 17.3506 17.3736 13.9294 12.7882 10.5219 11.6791 9.71189 8.94061 9.77152 8.47515 6.71891 6.11217 5.8359 5.64359 5.01725 4.80202 4.62312 6.49694 4.48156 4.24771
threshold=0.83409785932721725 385.70564618521638 3.0801282051282057 94.500000000000014 2.5000000000000004 3.5000000000000004 332.60676822318106 2.5000000000000004 2.5000000000000004 1079.5000000000002 0.64747307373653695 2.7500000000000004 0.080229885057471279 0.89039039039039047 0.65419580419580436 0.79361054766734285 0.26713615023474185 57478.000000000007 0.10501253132832082 6.5000000000000009 1.7500000000000002 0.12365342291208156 13.017241379310347 0.22902097902097904 0.12916666666666668 0.25543478260869573 1499.0000000000002 344.50000000000006 566.80194805194822 0.87577160493827166
decision_type=2 8 2 10 2 2 10 2 2 8 8 8 2 2 2 10 2 2 2 2 10 2 8 2 2 10 10 10 10 2
left_child=1 5 6 9 26 20 7 -2 13 -3 11 14 17 22 24 28 23 -13 25 -17 -1 -6 -9 -10 -11 -19 27 -5 -16 -4
right_child=2 3 29 4 21 -7 -8 8 16 10 -12 12 -14 -15 15 19 -18 18 -20 -21 -22 -23 -24 -25 -26 -27 -28 -29 -30 -31
leaf_value=-0.023153684636651697 -0.013941944344684761 -0.03192494990876437 0.016562443540335009 -0.013259561407879384 0.069044550802927665 0.056077060714616905 -0.021983464970615919 0.026105914773429249 0.031700942389591591 0.0077525640829498909 -0.026139897136364765 -0.00091673907574387468 -0.013112887910978621 0.057232845183642495 -0.023930634680512524 -0.0049912304054657262 -0.021356531952630681 0.061053668526509251 0.0033394311961580064 0.037928396586040559 0.013616931412900249 0.0080661480708639367 -0.010914262645736059 -0.0060686929164973256 -0.021480226168179694 0.0037994517178386662 -0.02439949623170861 0.029933841893873925 0.0013612357573231093 0.072736097450723611
leaf_weight=7.7597684748470765 13.219672698527573 119.2083890363574 5.2921157479286185 5.6389512643218103 9.0778682529926282 27.78921664506197 14.019091453403233 7.3814878463745091 7.423264469951393 5.2960510998964301 93.452713996171951 13.398577742278574 18.305624432861805 44.857824727892876 13.664832066744568 7.9930688552558449 8.1899604834616166 7.4089392907917517 8.9499335512518865 8.3032163679599744 7.1157450973987579 4.0610975511372081 5.2948314622044572 5.7054793611168861 98.190046839416027 2.9158546477556229 9.1503047794103605 2.3188412897288799 14.946676615625618 45.771215096116066
leaf_count=116 209 2586 35 95 61 151 247 42 55 86 1692 211 297 267 209 103 78 89 146 84 73 39 33 66 1793 46 146 26 220 194
internal_value=0.000997196 -0.0115472 0.0388689 -0.0164679 0.0220683 0.0358392 0.0219586 0.029437 0.0371072 -0.0195274 -0.0140292 -0.0078519 0.00914275 0.0490032 -0.0137979 0.000404929 0.00179223 0.0216972 0.0343679 0.0206477 -0.00656367 0.0576156 0.0119295 0.0181403 -0.0196958 0.0513995 -0.0120882 0.00602056 -0.0124811 0.0689107
internal_weight=642.101 484.946 157.155 442.281 30.2471 42.6647 106.092 92.0725 78.8528 412.034 292.826 199.373 50.9789 57.5341 148.394 44.9078 21.3187 32.6733 19.2747 16.2963 14.8755 13.139 12.6763 13.1287 103.486 10.3248 17.1081 7.95779 28.6115 51.0633
internal_count=9495 8269 1226 7929 367 340 997 750 541 7562 4976 3284 789 342 2495 616 199 492 281 187 189 100 75 121 1879 135 267 121 429 229
is_linear=0
shrinkage=0.035


Tree=18
num_leaves=31
num_cat=0
split_feature=117 81 11 10 108 3 83 65 82 117 86 10 54 116 69 110 109 107 108 0 35 95 56 91 119 3 107 119 54 95
split_gain=227.976 91.1279 61.1263 53.7549 47.8223 40.6117 27.9288 23.4298 21.1111 19.2695 11.382 10.695 13.2931 9.78162 9.53423 8.82785 10.5609 8.1917 6.75144 6.35592 6.0137 7.5349 5.71682 5.6308 6.81313 4.83757 4.54116 4.24353 4.27944 5.6494
threshold=0.83827375762859646 385.70564618521638 2.5000000000000004 3.5000000000000004 90.500000000000014 4.5000000000000009 1640.5000000000002 1.2071428571428573 1.0000000180025095e-35 0.65733855185909984 302.38191439862624 2.5000000000000004 0.20416666666666669 0.77871939736346529 2.7500000000000004 37.250000000000007 6411.5000000000009 1981.8958556171663 12.500000000000002 13.060613425925927 22.500000000000004 1958.5000000000002 0.20156250000000003 4037.6927716882296 0.77303240518350214 10.500000000000002 2614.7666088934661 2.3009022089713 0.28991596638655465 18492.000000000004
decision_type=2 8 2 2 10 2 10 10 10 2 10 2 8 2 10 10 10 8 10 2 2 2 8 10 8 2 10 10 8 2
left_child=1 7 -2 6 8 19 13 -1 9 14 -9 12 15 18 22 16 -11 -7 20 -6 21 -4 -3 24 -16 -12 -13 28 29 -25
right_child=2 4 3 -5 5 17 -8 10 -10 11 25 26 -14 -15 23 -17 -18 -19 -20 -21 -22 -23 -24 27 -26 -27 -28 -29 -30 -31
leaf_value=-0.012884457910879098 -0.019999103969903505 0.00059230107786463417 0.012119378310379082 -0.024846369415368677 0.0141684310495667 0.06910492530536462 -0.010741643207587578 0.056693636770537917 -0.032214568694221679 -6.3348299967874864e-06 -0.011062033718244504 -0.017241415643595673 -0.0046243477469536439 0.064415353244696272 0.015057001769221416 -0.0044445686644899928 0.058673463412745028 0.007581834156816237 -0.0032937424560358607 -0.023424952372224701 0.010246350157358168 0.054875064972735033 -0.025365082149166905 0.046434786804623714 -0.023362156675343287 0.024979659227949737 0.012847491728216616 -0.0085772614597052661 -0.0080942671464473096 -0.0016112898388415948
leaf_weight=7.970708090811967 17.622957184910774 10.907161388546227 10.136103939265011 9.7355833388864976 3.9876842498779324 10.401104047894474 7.0189434923231593 25.513547923415899 113.23743296787143 5.2980901524424571 5.3583350852131826 34.985684532672167 30.805533293634653 70.81459391862154 3.8711391352117088 5.8494816645979872 7.9091858863830566 4.8413521647453317 4.1709013022482386 13.445418681949375 10.819948159158228 25.942158751189709 148.44573453441262 3.4599833041429529 15.982621066272257 3.6383309364318848 3.5217470265924922 6.3390689603984347 2.5916124582290658 4.1420947834849358
leaf_count=115 294 172 85 160 54 59 108 149 2531 58 51 548 428 310 62 81 73 43 45 235 67 153 2853 53 287 23 47 107 47 72
internal_value=0.000918492 -0.01124 0.0368919 0.0445681 -0.0161627 0.0221408 0.0505427 0.0350457 -0.0195486 -0.0140305 0.0463455 -0.000389461 0.00990777 0.0543561 -0.0200258 0.0294778 0.0415966 0.0562633 0.0359072 -0.0135845 0.039375 0.0458002 -0.0236244 -0.00331572 -0.014349 0.00723017 -0.0133294 0.0101891 0.0208414 0.0300035
internal_weight=628.764 472.503 156.261 138.638 430.022 32.6756 128.903 42.4809 397.347 284.109 34.5102 88.3697 49.8623 121.884 195.739 19.0568 13.2073 15.2425 51.0691 17.4331 46.8982 36.0783 159.353 36.3865 19.8538 8.99667 38.5074 16.5328 10.1937 7.60208
internal_count=9370 8148 1222 928 7810 391 768 338 7419 4888 223 1235 640 660 3653 212 131 102 350 289 305 238 3025 628 349 74 595 279 172 125
is_linear=0
shrinkage=0.035


Tree=19
num_leaves=31
num_cat=0
split_feature=117 83 11 10 87 117 68 9 110 83 91 10 27 3 116 56 143 56 54 56 125 110 86 56 54 111 76 90 54 41
split_gain=216.188 76.1166 54.9434 50.4015 41.1956 43.1716 49.7429 31.8149 26.0171 22.133 15.432 22.0145 12.552 11.8837 9.5128 8.84358 8.71074 8.5135 8.1573 8.14269 7.11395 9.60233 6.76555 6.29285 6.11729 7.84916 6.04948 7.54783 5.79944 5.24742
threshold=0.83827375762859646 1341.5000000000002 2.5000000000000004 3.5000000000000004 1.0000000180025095e-35 0.12916666666666668 2.5000000000000004 2.5000000000000004 37.250000000000007 1384.5000000000002 3802.3330066555568 3.5000000000000004 1.5000000000000002 4.5000000000000009 0.83558558558558571 0.66811594202898561 0.058848994143111795 0.62593283582089565 0.22474747474747478 0.33558558558558566 1.0000000180025095e-35 82.250000000000014 294.55222571413543 0.22653958944281527 0.22474747474747478 0.032086479066575156 0.80984165916683415 42288.350000000006 0.2752525252525253 14.500000000000002
decision_type=2 8 2 2 10 2 10 2 10 10 10 2 2 2 2 10 10 10 10 10 2 10 8 10 8 2 10 2 10 8
left_child=1 7 -2 9 5 6 12 -1 10 14 23 15 -3 -8 17 16 28 18 -4 20 21 24 -9 -7 25 -10 -22 -28 29 -12
right_child=2 4 3 -5 -6 8 13 22 19 -11 11 -13 -14 -15 -16 -17 -18 -19 -20 -21 26 -23 -24 -25 -26 -27 27 -29 -30 -31
leaf_value=-0.013981794723149962 -0.019214279242998962 -0.019150463126757181 0.049076047187110436 -0.024617253825660625 -0.03213152097222681 0.018320336929601902 0.0010717883474280034 0.059698233876490529 0.048510144502973578 -0.0024159152180015784 0.06526161886711615 -0.016244668725583934 0.025650239889146689 0.073550268883422074 0.06420791228344333 -0.0060920665867617088 -0.0041187628529604824 0.0018645489754388104 0.012227856876460131 -0.025176146011881131 -0.022223274643130737 -0.016460113177447135 0.011347676316851154 -0.016847038776066903 -0.0051367679211446965 -0.0099663245677523559 0.031339924007096578 -0.013139149997740017 0.0020952975026076394 0.0069786117302196686
leaf_weight=10.375471856445072 16.783804014325142 22.171430747956041 39.766885355114937 9.5503968372940999 117.69764587283134 3.2282205931842318 3.4464270733296898 20.917184509336952 5.7128018140792856 9.2153424657881242 11.739614676684148 12.127518877387045 5.8931880779564372 13.166366949677466 61.402476392686367 4.2568480856716624 3.4956944063305846 8.0431393310427648 13.713131185621021 125.53174921497703 37.368282329291105 8.9967533871531469 7.2962384000420561 31.909321539103985 5.1221366636455068 1.824086684733629 2.8019295111298543 7.0582369528710842 3.151500090956687 3.6058655716478833
leaf_count=187 288 387 213 161 2591 37 51 122 93 122 123 207 65 97 260 65 42 58 118 2445 644 159 72 468 87 32 45 123 40 40
internal_value=0.00141148 -0.010572 0.036107 0.0430915 -0.0148902 -0.00799513 0.0222286 0.0337647 -0.0133498 0.0487042 0.00418911 0.0184424 -0.00728672 0.0622406 0.0524812 0.0345031 0.0420336 0.0368311 0.0414809 -0.0199206 -0.0092875 0.00635079 0.050785 -0.0117364 0.0226328 0.0360272 -0.0163797 0.00579246 0.0497762 0.056647
internal_weight=627.37 468.895 158.475 141.691 430.306 312.608 44.6774 38.5889 267.931 132.141 73.5146 38.377 28.0646 16.6128 122.926 26.2495 21.9927 61.5232 53.48 194.416 68.8842 21.6558 28.2134 35.1375 12.659 7.53689 47.2284 9.86017 18.497 15.3455
internal_count=9442 8222 1220 932 7841 5250 600 381 4650 771 1022 517 452 148 649 310 245 389 331 3628 1183 371 194 505 212 125 812 168 203 163
is_linear=0
shrinkage=0.035


Tree=20
num_leaves=31
num_cat=0
split_feature=116 81 88 0 11 27 56 11 47 100 15 65 110 55 108 11 55 128 97 109 29 9 101 86 70 94 0 117 46 71
split_gain=195.593 92.8409 55.1277 47.1814 35.5878 29.7179 27.5958 27.3899 20.5783 19.5495 15.5875 13.066 9.51988 11.9478 10.0033 8.95486 7.70574 7.57761 7.4866 7.33928 7.203 8.02763 6.58235 6.21901 5.2241 5.09907 7.36154 4.96072 4.63707 4.21915
threshold=0.77871939736346529 385.70564618521638 1079.5000000000002 4.0473495370370385 2.5000000000000004 1.5000000000000002 0.20611577964519143 3.5000000000000004 0.060475444096133764 0.11324786324786326 1.5000000000000002 2.3405797101449282 33.750000000000007 0.88516483516483524 90.500000000000014 4.5000000000000009 0.59761904761904772 0.31909090909090915 3.7456106759186971 8333.5000000000018 10.500000000000002 3.5000000000000004 0.32843137254901966 312.92448140800138 14.878676470588237 36119.250000000007 123.49386574074076 0.58303357314148696 0.041381278538812787 4.6159660157449727
decision_type=2 8 8 2 2 2 8 2 2 2 2 8 8 10 10 2 10 2 2 10 2 2 2 10 10 2 2 2 2 8
left_child=1 7 -3 5 -2 8 16 17 24 10 -7 -10 13 18 -14 -16 -5 -1 28 -12 21 -15 -6 -9 -4 -18 27 -27 -8 -26
right_child=4 2 3 6 22 9 12 23 11 -11 19 -13 14 20 15 -17 25 -19 -20 -21 -22 -23 -24 -25 29 26 -28 -29 -30 -31
leaf_value=-0.014979097153487587 -0.016569814272575437 -0.032090801192290248 -0.018266011839088134 -0.0046688978496415359 0.059003308385881234 -0.0068882456547762969 -0.010634051034251912 0.05543871694440599 0.05070144807216137 -0.00099135430488617084 0.074148467339906127 -0.0044097997736794016 -0.023122155148877058 -0.0062894435957919674 -0.010169701606212313 0.035395892801154773 -0.0012014915449627041 0.026546792527424028 -0.021878941724803508 0.0070687127021947299 -0.011033793373884573 0.042624504592419864 0.017558463798110976 0.0098504854275540451 0.019360466020162191 0.0050578039527116652 -0.0035044866740114558 0.063335882820229866 0.024866254356478646 -0.012172764943170343
leaf_weight=13.481288757175209 7.3267507627606383 125.84234138578176 33.054524697363377 9.848773371428253 67.155733168125153 3.2169768400490346 4.5207994841039163 30.076600406318903 8.2266169413924182 9.9997213669121248 15.219302192330362 7.5336857065558442 163.22584724053741 4.32592370733619 11.763321138918398 2.8375589400529853 4.4487203061580685 2.6522791758179656 29.84412907063961 3.4739085882902137 5.0598788857460013 8.0741119459271413 10.721431676298378 6.8551424592733374 6.7079740427434418 3.3035470098257047 3.1320277750492087 5.2232456505298615 4.6268356665968895 4.875812992453576
leaf_count=189 127 2893 528 137 303 47 70 142 98 132 149 101 3145 65 180 16 50 23 407 36 48 68 72 50 93 47 37 44 61 72
internal_value=0.000311018 -0.0077097 -0.0126681 -0.00538321 0.0479937 0.0155623 -0.0129662 0.034232 0.000408098 0.0403051 0.055835 0.0296401 -0.016798 -0.00385002 -0.0206907 0.00545585 0.0187463 -0.00348685 -0.0141893 0.0658049 0.0172585 0.0286564 0.0547011 0.0491604 -0.0118588 0.0307779 0.0396785 0.0509726 0.00976408 0.00641927
internal_weight=616.655 531.451 478.386 352.543 85.2039 92.3085 260.235 53.0653 60.3986 31.9099 21.9102 15.7603 234.278 56.4517 177.827 14.6009 25.9563 16.1336 38.9918 18.6932 17.4599 12.4 77.8772 36.9317 44.6383 16.1075 11.6588 8.52679 9.14764 11.5838
internal_count=9430 8928 8524 5631 502 1256 4375 404 892 364 232 199 4060 719 3341 196 315 212 538 185 181 133 375 192 693 178 128 91 131 165
is_linear=0
shrinkage=0.035


Tree=21
num_leaves=31
num_cat=0
split_feature=117 81 96 82 108 110 11 11 81 117 55 110 56 55 118 93 128 114 98 70 46 26 97 65 29 54 101 54 76 115
split_gain=182.786 76.0126 47.3188 38.4698 41.5461 25.0096 24.2921 23.9003 21.3275 20.0915 20.3037 15.5961 14.0953 13.6976 11.4982 10.6998 10.0037 9.1055 7.1474 6.7078 6.46113 11.4458 5.80921 6.05691 5.59574 5.28727 5.22114 6.85595 6.04786 6.51635
threshold=0.83827375762859646 385.70564618521638 3.3229166666666674 1.0000000180025095e-35 94.500000000000014 1234.0000000000002 3.5000000000000004 2.5000000000000004 434.32254476783305 0.65419580419580436 0.82247899159663873 310.25000000000006 0.36474501108647456 0.46470099667774095 0.60263157894736852 35809.000000000007 0.31909090909090915 0.18942218080149117 0.82843137254901966 11.205263157894739 0.061381475667189961 31.500000000000004 3.0563731430810956 4.2264957264957275 10.500000000000002 0.26969696969696971 0.1181455633100698 0.18465909090909094 0.75327550707674518 0.080322580645161304
decision_type=2 8 2 10 10 10 2 2 10 2 10 10 8 10 2 2 2 2 2 8 2 2 2 10 2 10 2 8 10 2
left_child=1 6 7 4 9 11 16 -2 13 12 22 -6 14 -9 -3 -12 -1 20 -17 -20 21 -15 25 -24 -21 -11 27 -16 -28 -30
right_child=2 3 -4 -5 5 -7 -8 8 -10 10 15 -13 -14 17 26 18 -18 -19 19 24 -22 -23 23 -25 -26 -27 28 -29 29 -31
leaf_value=-0.018973399410564449 -0.016668969867137218 0.026390698606748329 0.061935699779471359 -0.032061573898632269 0.0059635632177754382 -0.020353742020613637 0.04794332484873684 -0.010653957939457954 -0.018586479442141351 0.02491841076384153 -0.0090343868588098532 0.069026742919826536 -0.025626219151595877 0.031565569200413049 0.027820282547248616 -0.0049374625340227246 0.02905119132074099 6.0645095613175336e-05 -0.0024476214963921033 0.059065802415860791 0.051672961838688046 -0.012169700844147069 -0.019424912564024843 0.012883845748963068 0.0065850347965326029 -0.01060802789053013 -0.021581338858289438 -0.011564751637917245 0.025414138103838406 -0.014178887328349066
leaf_weight=11.797105714678763 15.822293337434528 7.1560449488461009 44.523768752813339 112.19839595258236 8.4408393949270302 5.7866284959018222 28.641619518399239 6.7137981727719298 8.7095394730567914 5.7423310540616495 7.414234600961211 10.548965208232401 119.70123862847686 35.437150932848454 4.8411377929151032 3.8405102044343975 2.8506829366087905 8.3390097506344301 3.1981947682797935 10.35587180778384 30.543311577290297 6.1579065583646289 43.321571968495846 4.7792866826057425 4.6204754300415507 5.8218253962695599 38.312547419220209 7.7041648998856553 4.6619403436779958 6.1094289571046829
leaf_count=164 278 110 192 2698 106 90 149 95 156 75 97 63 2464 208 82 49 23 58 39 113 173 36 680 61 54 89 702 139 79 110
internal_value=0.000900227 -0.0102871 0.0329846 -0.0149768 -0.00821858 0.0313638 0.0315238 0.0192882 0.0257526 -0.0122441 0.00143179 0.0480808 -0.0185784 0.0309495 -0.00540817 0.0230759 -0.00461255 0.0348405 0.0335606 0.0410059 0.0385964 0.0244797 -0.0102028 -0.0153038 0.0485753 0.00922978 -0.0108038 0.00723058 -0.0156555 0.00558167
internal_weight=614.092 457.845 156.247 414.556 302.357 24.7764 43.2894 111.723 95.9007 277.581 89.0943 18.9898 188.487 87.1912 68.7853 29.4293 14.6478 80.4774 22.0151 18.1745 72.1384 41.5951 59.665 48.1009 14.9763 11.5642 61.6292 12.5453 49.0839 10.7714
internal_count=9432 8236 1196 7900 5202 259 336 1004 726 4943 1257 169 3686 570 1222 352 187 475 255 206 417 244 905 741 167 164 1112 221 891 189
is_linear=0
shrinkage=0.035


Tree=22
num_leaves=31
num_cat=0
split_feature=96 81 81 108 10 11 11 80 87 65 101 117 145 54 86 9 117 11 110 0 110 55 50 68 44 21 96 119 0 1
split_gain=178.357 60.3527 52.9059 41.0862 37.8064 36.6989 30.0584 23.3739 16.7671 14.8157 13.3831 11.4171 9.12291 8.65473 7.79987 7.54848 8.84959 7.51139 17.0752 6.21984 6.97961 5.98954 5.79871 5.48016 5.04952 4.42679 4.18663 7.46584 4.12146 3.86694
threshold=1.8355855855855858 385.70564618521638 347.40538503541865 94.500000000000014 3.5000000000000004 5.5000000000000009 2.5000000000000004 1167.4375000000002 1.0000000180025095e-35 1.2928571428571431 0.3133928571428572 0.65419580419580436 0.25529966493361106 0.30384615384615393 293.75877528154797 3.5000000000000004 0.86391694725028068 5.5000000000000009 195.25000000000003 25.870804398148152 37.750000000000007 0.88516483516483524 0.027973395931142415 2.5000000000000004 0.5131670131670133 11.500000000000002 1.2639318885448918 2.4993136657616621 13.060613425925927 13.500000000000002
decision_type=2 8 10 10 2 2 2 10 10 10 2 2 10 8 10 2 2 2 10 2 10 10 2 8 2 2 2 10 2 2
left_child=1 7 4 8 5 15 28 9 11 -1 -7 17 13 19 -11 -2 -17 -3 21 -13 25 -19 -12 -8 -14 -21 -23 29 -5 -28
right_child=2 3 -4 6 -6 10 23 -9 -10 14 22 12 24 -15 -16 16 -18 18 -20 20 -22 26 -24 -25 -26 -27 27 -29 -30 -31
leaf_value=-0.009525559028183311 -0.011472397141320831 -0.025064694303962395 -0.022885362059992018 0.011441990638086191 -0.018184188118081816 0.055216029505104264 0.00638309200793681 -0.022525327256443767 -0.03198536264135584 0.056124374932963218 0.030922562656572582 0.035364249857767108 -0.020432012819148269 -0.0094369945065699706 0.0096398659957057566 -0.0065470484995888345 0.032637488416685248 -0.018805325212047967 0.038798656036918705 0.028954619097020767 -0.018190302385843068 -0.012591575532064794 -0.0028836432472570945 0.060343915312340242 0.012204173261287605 -0.0090852108351199418 0.045954477342638689 -0.013989226095465379 -0.019394762306260849 -0.0019830675309703335
leaf_weight=5.2307255975902072 12.411976560950277 107.99133558943868 17.976550165563822 3.7369215711951318 11.98153233155608 93.943388968706131 4.2512124218046639 6.4073858000338069 96.677253685891628 20.534210417419676 9.5523677356541175 9.731340344995262 29.316715769469738 19.000961270183325 8.2511702105402929 9.1655643321573752 13.339537069201468 60.653321143239737 3.3523385971784583 6.5759215205907804 6.4463316351175299 5.4063296020030958 9.4871555306017381 10.081706576049328 3.5403328947722903 2.7126281671226025 2.7045086547732353 3.0142250321805477 12.836607854813336 2.2722518816590309
leaf_count=75 184 2237 375 50 202 446 38 86 2413 115 61 109 433 300 65 107 76 1167 45 81 101 100 73 62 42 37 48 56 223 43
internal_value=0.000209554 -0.011967 0.0292189 -0.0162427 0.0355937 0.0404025 0.0201404 0.0265594 -0.0196049 0.037507 0.0497655 -0.0145367 -0.00298299 0.00710287 0.0461984 0.00766731 0.0183898 -0.0191507 -0.00987928 0.0189671 0.00274385 -0.0143976 0.0169812 0.050129 -0.0157681 0.0185537 0.00524481 0.0175139 -0.0114014 0.0340426
internal_weight=608.584 430.726 177.858 390.302 159.882 147.9 30.9064 40.4235 359.396 34.0161 112.983 262.719 77.3242 44.4672 28.7854 34.9171 22.5051 185.394 77.403 25.4662 15.7349 74.0506 19.0395 14.3329 32.857 9.28855 13.3973 7.99099 16.5735 4.97676
internal_count=9450 7926 1524 7585 1149 947 373 341 7212 255 580 4799 1103 628 180 367 183 3696 1459 328 219 1414 134 100 475 118 247 147 273 91
is_linear=0
shrinkage=0.035


Tree=23
num_leaves=31
num_cat=0
split_feature=96 81 88 110 106 10 11 83 86 50 45 54 50 50 99 69 63 100 27 54 0 99 90 56 27 87 46 119 90 68
split_gain=161.123 60.7332 56.947 50.6166 66.5597 41.4578 29.6238 22.8368 23.2401 14.2005 13.493 16.6693 14.7668 9.921 9.29472 7.92331 7.60181 6.65025 8.7998 6.06868 5.77169 4.73856 4.57829 4.4819 4.24149 4.07679 3.65783 3.61378 4.29779 3.57917
threshold=1.8722826086956526 347.40538503541865 1079.5000000000002 260.25000000000006 1581.2900000000002 3.5000000000000004 3.5000000000000004 1341.5000000000002 285.11411873021456 0.081799933087989302 0.091326105087572995 0.28991596638655465 0.0093948482709950622 0.079595736122284808 0.4864468864468865 2.2500000000000004 0.75683665927568378 0.054093567251461992 7.5000000000000009 0.21240601503759401 2.4328125000000003 0.36939571150097467 33280.7302631579 0.65030120481927722 3.5000000000000004 1.0000000180025095e-35 0.10501253132832082 0.6913074388294379 7611.9583333333348 3.5000000000000004
decision_type=2 10 10 10 10 2 2 10 8 2 2 8 2 2 2 8 2 2 2 10 2 2 2 10 2 10 2 8 2 8
left_child=2 5 3 7 9 6 24 8 14 -5 11 12 19 23 -1 -15 17 18 -14 22 29 -13 -10 -8 -2 -9 -19 -12 -29 -6
right_child=1 -3 -4 4 20 -7 13 25 10 -11 27 21 16 15 -16 -17 -18 26 -20 -21 -22 -23 -24 -25 -26 -27 -28 28 -30 -31
leaf_value=-0.010169311636939763 -0.014169595870223258 -0.027205715198958098 0.065310534291232486 0.068962529114837787 -0.010829124257703587 -0.02158371164652555 0.05106660519552926 0.0048685378624808706 0.0012076056740776234 -0.0017693084330390849 -0.00063887510262087394 0.002208289048688898 -0.012166020161784407 -0.010135280588303338 0.038511047924336184 0.03136842831533386 0.024637072478981979 -0.024496775482655237 0.028926354570415834 0.0042145264732306089 -0.025439842363045383 -0.022756032427523099 0.048735483912423237 0.012799388295038319 0.016676088200109119 -0.032081436136372904 0.0069538361388601236 0.0088947469878539569 -0.02335865329760153 0.0235565788871899
leaf_weight=4.3765751495957366 11.458609599620102 17.425633236765862 7.0456351190805426 18.454537279903892 3.1594841480255154 11.212189998477696 111.21119456738234 2.5281673036515704 3.3517825342714813 3.7935903519392005 10.389724910259245 10.374758645892141 10.689916864037516 7.4875339046120617 10.993691708892582 6.4877882301807412 4.1588395945727816 22.739800129085783 6.0011183544993392 11.05574396252632 19.291262947022915 46.012447942048311 8.6492298282682878 7.9730254858732215 3.3827176019549361 92.922416809946299 3.1495828367769709 2.8122416995465747 128.54944624751806 2.4891605041921139
leaf_count=33 164 364 39 155 49 190 539 46 49 60 171 209 191 69 85 38 67 397 76 180 378 862 115 53 37 2285 55 50 2438 29
internal_value=0.0013694 0.0290737 -0.0101355 -0.0121267 0.0205415 0.0358742 0.0407901 -0.0164114 -0.0110755 0.0587903 -0.0136065 -0.00498397 0.00632488 0.0458481 0.0255559 0.0123207 -0.00521614 -0.0104145 0.00587055 0.0264804 -0.017699 -0.0183571 0.0397204 0.0491251 -0.0047084 -0.0309091 -0.0201644 -0.0208508 -0.0223673 0.0082695
internal_weight=609.628 176.639 432.989 425.944 47.188 159.213 148.001 378.755 283.305 22.2481 267.935 126.183 69.796 133.16 15.3703 13.9753 46.7393 42.5804 16.691 23.0568 24.9399 56.3872 12.001 119.184 14.8413 95.4506 25.8894 141.751 131.362 5.64864
internal_count=9473 1454 8019 7980 671 1090 900 7309 4978 215 4860 2201 1130 699 118 107 786 719 267 344 456 1071 164 592 201 2331 452 2659 2488 78
is_linear=0
shrinkage=0.035


Tree=24
num_leaves=31
num_cat=0
split_feature=110 88 81 83 27 117 10 11 117 10 87 74 107 10 119 69 117 48 96 11 66 110 42 16 0 97 57 66 66 87
split_gain=157.57 55.0011 49.6265 46.9932 58.0814 57.8325 37.8824 27.0209 15.7162 14.1221 12.9084 10.7912 9.90191 8.82482 7.52702 6.80535 7.10176 9.32164 6.77083 6.42623 6.36685 6.31287 6.02338 5.59449 5.50847 5.7032 6.47645 4.07307 4.03528 4.02421
threshold=25.750000000000004 1079.5000000000002 357.33930270589445 1341.5000000000002 3.5000000000000004 0.17028985507246377 3.5000000000000004 2.5000000000000004 0.69113355780022456 2.5000000000000004 1.0000000180025095e-35 18.250000000000004 2050.7401413805169 2.5000000000000004 0.59099750612234125 3.2500000000000004 0.73401360544217698 0.08248299319727892 2.9309523809523812 5.5000000000000009 1.6023183786436885 81.250000000000014 1.5000000000000002 11.500000000000002 0.56244212962962969 2.6320315335008968 0.6496163682864452 1.141859587446435 2.8298706420785806 1.0000000180025095e-35
decision_type=8 10 10 10 2 2 2 2 2 2 8 10 10 2 8 10 2 2 2 2 10 8 10 2 2 2 10 10 8 10
left_child=2 3 6 4 11 12 7 -1 10 -9 -7 14 -6 19 22 16 -16 -18 20 -10 -11 28 27 -17 -12 26 -26 -2 -13 -5
right_child=1 -3 -4 29 5 8 -8 9 13 18 24 21 -14 -15 15 23 17 -19 -20 -21 -22 -23 -24 -25 25 -27 -28 -29 -30 -31
leaf_value=-0.010610922937314964 -0.021370007176391547 0.06245590126584448 -0.02312886615802685 0.003750395691450937 0.074559254341066819 0.029705233582967339 -0.022147545629019775 0.051032014770117422 0.0004375766278690712 0.018773337296071661 0.012373601302041983 0.042022101270269292 0.012191513779712851 -0.0064803739981065291 -0.023590801108104801 -0.011271922009999852 -0.01197444627946046 0.031526048775578137 0.037746791652173713 0.040123996017086778 -0.014819132089902093 -0.011581995239231802 0.024114500829270066 0.022489800838469277 -0.015196735305497309 -0.025999157101455058 0.023020289983558814 0.014114441500489639 -0.0047830600460961074 -0.033339762912744132
leaf_weight=9.656112674623726 6.648325387388466 7.5867924503982058 15.973912831395863 2.7209415733814231 14.380999635905029 4.2668756991624823 9.5544279143214208 102.08611056953669 6.8320847265422406 8.8105244562029892 4.3259217813611022 3.4592144973576042 6.4077263735234729 9.45146671310067 154.29466507583857 10.111875697970389 24.338077634572986 2.6403644345700732 6.2873289734125128 14.822092663496731 8.9153489433228952 3.6306776329875001 5.8227475956082335 5.05971336364746 7.9946633242070657 32.775512088090181 4.3416755124926567 1.8848122209310529 1.8121675029397009 99.005025457590818
leaf_count=155 115 42 343 50 91 19 164 518 82 73 70 54 66 130 3128 182 332 25 26 104 73 71 80 76 147 603 72 22 33 2491
internal_value=0.000940887 -0.0100442 0.0299547 -0.0120402 -0.00533806 0.0155254 0.0363654 0.041124 0.00148066 0.0453392 -0.00977589 -0.0154883 0.0614265 0.0195778 -0.0171602 -0.0189254 -0.020767 -0.00345347 0.0165137 0.0300335 0.00233462 0.0160358 0.00564354 0.00277128 -0.0155988 -0.0192481 0.00101357 -0.0112132 0.031436 -0.0322185
internal_weight=595.898 434.614 161.284 427.028 325.302 105.599 145.31 135.755 84.8103 126.099 53.7046 219.703 20.7887 31.1056 210.801 196.445 181.273 26.9784 24.0132 21.6542 17.7259 8.90206 14.3559 15.1716 49.4378 45.1119 12.3363 8.53314 5.27138 101.726
internal_count=9437 8085 1352 8043 5502 1384 1009 845 1227 690 911 4118 157 316 3960 3743 3485 357 172 186 146 158 217 258 892 822 219 137 87 2541
is_linear=0
shrinkage=0.035


Tree=25
num_leaves=31
num_cat=0
split_feature=117 81 118 110 27 82 47 55 88 81 0 9 100 65 32 142 29 45 11 20 69 0 45 93 85 110 56 67 107 74
split_gain=145.9 55.9767 49.2814 73.0233 47.3784 37.8381 29.2107 17.4858 16.9791 14.1469 15.8599 13.9427 13.2692 12.8258 10.8683 9.00955 7.65753 7.64245 9.94847 8.68333 6.81365 5.58027 5.38624 4.0258 3.98312 4.13756 3.71592 3.53007 4.4209 3.37452
threshold=0.73401360544217698 420.30579107873831 0.48333333333333339 1234.0000000000002 13.500000000000002 1.0000000180025095e-35 0.099019607843137278 0.73746867167919816 1079.5000000000002 295.09057685297893 4.7096238425925927 2.5000000000000004 0.17752100840336138 2.7974358974358977 4.5000000000000009 10.500000000000002 18.500000000000004 0.091326105087572995 2.5000000000000004 1.0000000180025095e-35 3.7500000000000004 29.228437500000002 0.18107302533532046 47649.000000000007 487.84523809523813 25.250000000000004 0.17684288905435594 1.5000000000000002 1797.8972565093279 11.750000000000002
decision_type=2 10 2 8 2 8 2 10 10 10 2 2 2 10 2 2 2 2 2 2 10 2 2 2 8 10 10 8 10 8
left_child=2 4 3 -1 6 -4 7 21 9 10 17 -9 13 -6 -8 -15 22 18 -7 -20 24 23 29 -2 -12 -26 -27 -19 -29 -13
right_child=1 -3 5 -5 12 8 14 11 -10 -11 20 16 -14 15 -16 -17 -18 27 19 -21 -22 -23 -24 -25 25 26 -28 28 -30 -31
leaf_value=0.06460515047861852 0.019518874309654474 -0.025223632981530148 0.046303086928935241 -0.023376681256054205 0.0087722523762214129 -0.018517926333135488 0.0021219729747726335 -0.014305915025661817 0.035674655651414922 -0.032041071085985459 0.0082888521286353621 0.0089794317001578739 0.0036673576736759748 0.059578244975769294 0.056593672235912232 0.0089115854666295593 -0.0036901786961639677 -0.016405892512108396 0.042270091551710028 0.00043250827777167926 0.0045494237599336277 -0.02106398546265055 -0.00010875439345769964 -0.0085875664528134998 0.0040217516178249211 0.0017009481538082748 -0.025031007688396445 -0.011039618167578289 0.024789521198854046 0.045825974654979555
leaf_weight=18.630036931484938 5.4596682563424137 23.111804720014334 6.4488190673291674 18.803279004991055 10.13334673643112 4.9548162445426014 6.2414751388132599 10.465485025197266 2.3609106987714759 91.315364949405193 2.8234700411558142 6.8619613572955194 8.8897127062082273 64.913299880921841 15.695545654743908 6.647359248250722 7.5613406449556342 21.629939671605825 9.1997088417410868 10.806189488619564 11.013908810913561 27.245134729892015 5.0985995009541503 10.814252208918331 5.3799949362874022 6.0125138498842707 143.99917845800519 4.6526380553841618 2.962517261505127 17.538712158799171
leaf_count=150 44 535 44 402 62 93 76 174 15 2331 24 55 82 296 95 35 52 393 124 175 200 354 55 121 85 97 2981 78 48 121
internal_value=0.000709848 0.022439 -0.0130547 0.0228636 0.0283254 -0.0174948 0.0123316 0.00270515 -0.0194908 -0.020456 -0.0151236 0.016576 0.0465853 0.0507747 0.0443661 0.0557611 0.0259606 0.00129471 0.014109 0.0242766 -0.0202688 -0.01259 0.0329941 0.00321309 -0.022083 -0.022876 -0.0239393 -0.0101055 0.00719972 0.0387533
internal_weight=587.671 226.678 360.993 37.4333 203.566 323.56 112.982 91.0452 317.111 314.75 223.435 47.5261 90.5837 81.694 21.937 71.5607 37.0606 54.2058 24.9607 20.0059 169.229 43.5191 29.4993 16.2739 158.215 155.392 150.012 29.2451 7.61516 24.4007
internal_count=9397 2157 7240 552 1622 6688 1147 976 6644 6629 4298 457 475 393 171 331 283 911 392 299 3387 519 231 165 3187 3163 3078 519 126 176
is_linear=0
shrinkage=0.035


Tree=26
num_leaves=31
num_cat=0
split_feature=116 81 88 0 11 56 27 130 47 45 110 119 109 55 86 14 54 54 3 72 97 116 145 13 110 94 73 110 0 117
split_gain=131.967 78.9045 47.2437 30.4606 25.4392 20.3911 20.27 19.942 15.3622 14.9399 11.3956 12.0218 18.4021 10.3415 10.2101 10.1072 12.8069 9.40435 8.86571 6.52472 6.42892 6.36633 5.51643 5.85496 5.4998 5.20885 4.80058 4.73723 5.12824 4.26887
threshold=0.77871939736346529 385.70564618521638 1079.5000000000002 4.7096238425925927 2.5000000000000004 0.20611577964519143 1.5000000000000002 4.5000000000000009 0.059411764705882358 0.10690476190476192 37.250000000000007 0.77303240518350214 255.50000000000003 0.85620300751879708 285.11411873021456 3.5000000000000004 0.2752525252525253 0.21240601503759401 10.500000000000002 8.5000000000000018 3.7456106759186971 0.49683544303797472 0.46044219482443399 8.5000000000000018 17.250000000000004 78912.500000000015 19.500000000000004 59.250000000000007 123.49386574074076 0.71060794044665021
decision_type=2 8 8 2 2 8 2 2 2 2 8 8 10 10 10 2 8 10 2 8 2 2 8 2 10 2 8 10 2 2
left_child=1 7 -3 6 -2 22 8 -1 26 21 13 12 -12 20 -9 16 -10 19 -16 -15 -7 -8 23 27 -6 29 -4 28 -5 -13
right_child=4 2 3 5 24 10 9 14 15 -11 11 25 -14 17 18 -17 -18 -19 -20 -21 -22 -23 -24 -25 -26 -27 -28 -29 -30 -31
leaf_value=-0.010738429734438469 -0.015669537535391447 -0.030652661032157056 -0.018524657972926028 0.048837092853955842 0.048921232710368308 0.007913412865949012 0.055709603432918552 0.048646277014183864 0.055137186973800358 -0.0010683317241616901 -0.018197203425058477 -0.027393219729490836 0.039490543332333448 0.0015956644681586261 -0.013545413556731412 -0.010680015608088164 -0.0084886214540659238 -0.0050398316303519961 0.030167511859268699 0.050152626872758482 -0.018971407266306965 0.0094175096951732602 -0.013496045063885142 -0.009035568263174764 0.012619602988789112 -0.0039263145970280661 0.004062766659106795 0.0023622724948558597 -0.001086182112251294 0.0016822879016524087
leaf_weight=9.5290919579565507 6.8414633795619002 105.32842446118593 29.490670051425695 8.6544456481933683 69.882066112011671 11.98258478567004 15.79283917322755 35.008462075144053 7.7750615999102601 11.828070055693386 12.232179094105961 106.49592654034495 6.2668187208473674 5.6510791517794141 7.3143811225891096 5.050589330494403 3.8641709350049505 13.775768749415873 6.1746831610798836 4.9706488102674493 33.341982141137123 7.2762355953454962 2.7614898420870295 3.4762802496552458 9.9965397864580137 17.206061121076345 14.994256611913441 6.356531396508216 2.8289359137415877 5.9560110978782168
leaf_count=146 126 2859 489 81 333 180 157 170 79 167 241 2341 67 40 71 66 66 179 34 37 484 59 42 41 50 355 232 98 39 92
internal_value=0.00136134 -0.00564711 -0.0107507 -0.00419294 0.0399806 -0.0107646 0.0120716 0.0311067 -0.000542502 0.0314808 -0.0141881 -0.0195331 0.00558983 -0.00228297 0.0395639 0.0240572 0.0378104 0.0143694 0.00921134 0.0330981 -0.0117837 0.045387 0.017327 0.0231256 0.0453892 -0.023192 -0.01127 0.0299987 0.0399396 -0.0258472
internal_weight=588.104 501.384 443.357 338.029 86.7201 241.957 96.0719 58.0266 61.1747 34.8971 217.879 148.157 18.499 69.7221 48.4975 16.6898 11.6392 24.3975 13.4891 10.6217 45.3246 23.0691 24.0777 21.3162 79.8786 129.658 44.4849 17.8399 11.4834 112.452
internal_count=9421 8912 8491 5632 509 4317 1315 421 932 383 4016 3096 308 920 275 211 145 256 105 77 664 216 301 259 383 2788 721 218 120 2433
is_linear=0
shrinkage=0.035


Tree=27
num_leaves=31
num_cat=0
split_feature=96 88 81 83 27 110 10 96 56 106 86 121 0 50 42 47 110 45 97 49 74 45 113 56 50 107 100 108 98 44
split_gain=117.762 53.3221 42.0247 40.8597 39.8856 50.3708 27.8797 19.1989 14.5755 15.0849 14.125 9.49816 9.38326 8.68721 9.4896 7.09366 6.87929 7.46123 5.78326 5.27304 4.99027 5.86243 4.78248 4.57148 4.50015 4.23785 4.16247 3.66653 3.54027 3.48766
threshold=1.8355855855855858 1079.5000000000002 347.40538503541865 1341.5000000000002 4.5000000000000009 188.25000000000003 3.5000000000000004 3.2583333333333337 0.62593283582089565 118.45909090909093 269.65852076176282 2.5000000000000004 4.7096238425925927 0.047247023809523815 1.5000000000000002 0.040956108470785575 37.250000000000007 0.073350071736011491 3.6309763515620772 0.069366479550922219 11.750000000000002 0.11647286821705428 0.12200956937799044 0.3816526610644258 0.081799933087989302 15.744254577343179 0.074537037037037054 180.50000000000003 2.4641025641025647 0.84523809523809534
decision_type=2 10 10 10 2 10 2 2 10 10 8 2 2 2 10 2 8 2 2 2 8 2 2 10 2 8 2 10 2 2
left_child=1 3 6 4 12 10 7 8 9 25 -6 -12 13 14 27 20 17 24 -16 29 -13 -22 -11 -21 -14 -2 -10 -1 -19 -18
right_child=2 -3 -4 -5 5 -7 -8 -9 26 22 11 15 16 -15 18 -17 19 28 -20 23 21 -23 -24 -25 -26 -27 -28 -29 -30 -31
leaf_value=-0.016388114397637148 0.018756404573538644 0.058846662104811757 -0.023432514441944132 -0.031561949821143985 0.027966684025550526 0.057399892457823974 -0.016091540913821836 0.054043533900959541 0.0087228504311973876 0.040323418506134294 -0.016871115209627474 -0.0081168745396585917 0.027726060790435596 -0.016285508636491988 0.041612538608516179 -0.014620141161498826 -0.023458507757718031 -0.020460806302900314 0.0037356109325829435 0.027699663368637471 0.039866665325220416 -0.0057846127410868618 0.0040359493895205014 -0.01288082216159734 -0.0094597765986147563 -0.0070952260938752882 -0.018999271598373831 0.01508461613197652 0.010491592963809153 0.0037544117271083063
leaf_weight=12.155760854482653 8.1464687474071997 8.6718037985265237 16.605266701430082 91.392520669847727 11.773911908268927 18.961431745439768 12.013326466083525 41.376191206276417 10.386030662804844 60.731510568410158 41.983745489269495 3.401537138968707 7.3677896186709422 20.339724615216255 6.9937018565833595 6.1618910059332839 121.86537505686283 14.120923016220333 10.258522685617207 1.6303104162216175 8.3875143975019437 3.1076046042144307 6.0425962358713141 2.7001783922314644 2.9119365885853767 14.569255385547875 6.9524015337228766 1.8316133283078659 2.5392525456845751 4.7060792297124854
leaf_count=222 46 45 389 2485 64 129 212 171 110 331 743 45 102 365 107 103 2608 239 153 29 108 57 52 61 48 144 75 23 42 104
internal_value=0.000977288 -0.00946557 0.0243987 -0.0116844 -0.00527791 0.0132344 0.0299151 0.0340478 0.0242331 0.0296626 -0.00085351 -0.0078956 -0.0136829 -0.000612951 0.0104303 0.00980229 -0.0178039 -0.00137965 0.0249902 -0.021009 0.0210398 0.0295127 0.0375496 0.00905341 0.0175438 0.00388704 -0.00415772 -0.00937983 -0.0144104 -0.0223425
internal_weight=580.086 403.263 176.823 394.591 303.199 93.7776 160.218 148.204 106.828 89.4898 74.8162 63.0423 209.421 51.5793 31.2396 21.0585 157.842 26.9399 17.2522 130.902 14.8967 11.4951 66.7741 4.33049 10.2797 22.7157 17.3384 13.9874 16.6602 126.571
internal_count=9412 7882 1530 7837 5352 1249 1141 929 758 573 1120 1056 4103 870 505 313 3233 431 260 2802 210 165 383 90 150 190 185 245 281 2712
is_linear=0
shrinkage=0.035


Tree=28
num_leaves=31
num_cat=0
split_feature=117 88 117 68 96 46 117 99 55 54 83 86 97 10 3 44 3 97 56 76 110 94 100 62 21 44 0 51 50 98
split_gain=124.296 42.3308 43.6742 54.0154 35.1116 20.5671 17.4928 15.0906 13.8704 14.9631 13.5188 12.885 11.7489 11.6191 12.6038 10.2017 8.65465 8.05654 7.35181 7.36825 6.82207 6.25588 5.21667 5.05023 7.16738 6.70073 4.82167 4.40851 4.82487 5.0972
threshold=0.80131578947368431 1079.5000000000002 0.12916666666666668 2.5000000000000004 3.2583333333333337 0.061381475667189961 0.65345368916797497 0.46770833333333339 0.82247899159663873 0.20416666666666669 1166.5000000000002 256.01568567174746 1.6560425911039272 3.5000000000000004 8.5000000000000018 0.56594202898550738 4.5000000000000009 2.9497618896713784 0.23466833541927412 1.2270087328486541 37.250000000000007 75749.500000000015 0.63961038961038974 0.44342189500640211 4.5000000000000009 0.5270467836257311 72.854884259259265 0.033994607087827429 0.072949002217294903 0.89039039039039047
decision_type=2 10 2 10 2 2 2 2 10 8 8 8 2 2 2 2 2 2 10 8 8 2 2 2 2 2 2 2 2 2
left_child=1 2 3 15 5 7 10 16 23 20 -4 -9 -5 14 -7 -1 -2 -11 19 21 -10 -12 -13 25 -25 -8 -17 28 29 -16
right_child=4 -3 6 12 -6 13 8 11 9 17 18 22 -14 -15 27 26 -18 -19 -20 -21 -22 -23 -24 24 -26 -27 -28 -29 -30 -31
leaf_value=-0.022115478381026826 -0.010177925623846291 0.052725877642755478 0.014714654727294428 -0.0025466112914597824 0.049624556191591472 -0.0094973646349722461 -0.021298791949041659 0.027409425572121886 0.049867014306066736 0.020877355080159445 -0.01999901150612907 -0.016152885197950856 0.059777485021245233 -0.013139785836620626 0.0055560307286041432 0.024865309156052052 0.034625224033552698 -0.017419115598635182 -0.026134161010272623 0.025033870183566596 -0.00059382110458176005 0.015967055204008977 0.015569318335602796 -0.013945275792797654 0.029904056611297889 0.0091422812963763041 -0.011249696158227367 0.0043837343348815221 0.0054990807587413093 0.054153329816237515
leaf_weight=26.78895977139473 4.4494917578995254 8.0496915020048601 8.5962605848908407 3.8871520869433906 47.442610528320074 4.9107091315090647 49.404791738837957 6.8696759492158881 8.0381234809756243 5.2031993009150055 21.37936436757446 48.087012082338333 19.868646070361137 4.1707344502210608 4.2037738114595404 7.2079831734299642 16.953788787126541 15.567753192037342 190.75595355778933 3.0285317674279204 4.2304525151848802 3.6000657565891734 3.2182658873498431 5.3718781843781453 3.55586002394557 7.6574603281915179 3.5591275952756405 4.7676203437149516 4.7999713271856299 28.354770667850971
leaf_count=538 83 41 73 62 210 65 937 63 70 74 429 571 156 79 27 114 100 271 4636 54 61 66 34 95 43 125 79 42 43 161
internal_value=0.00124434 -0.00968493 -0.0116356 0.0146006 0.0251145 0.0147236 -0.0167099 0.00307129 -0.00415639 0.0131294 -0.0219707 -0.00639834 0.0509098 0.0309476 0.0357438 -0.0116496 0.0251476 -0.00563643 -0.0237088 -0.00573372 0.0373332 -0.013017 -0.0129571 -0.0131261 0.00798523 -0.0168063 0.0131456 0.0414657 0.045122 0.0494537
internal_weight=573.98 395.751 387.702 61.3119 178.228 130.786 326.39 79.5782 99.0295 33.0395 227.36 58.175 23.7558 51.2076 47.0368 37.5561 21.4033 20.771 218.764 28.008 12.2686 24.9794 51.3053 65.99 8.92774 57.0623 10.7671 42.1261 37.3585 32.5585
internal_count=9402 7924 7883 949 1478 1268 6934 851 1676 476 5258 668 218 417 338 731 183 345 5185 549 131 495 605 1200 138 1062 193 273 231 188
is_linear=0
shrinkage=0.035


Tree=29
num_leaves=31
num_cat=0
split_feature=116 81 82 0 11 80 10 108 54 10 27 118 119 113 20 45 117 66 86 130 145 76 69 21 21 45 47 65 117 73
split_gain=110.9 57.3152 42.4097 30.2122 24.0172 19.7698 15.9155 15.3399 14.2621 11.4593 9.72793 14.4706 13.947 8.33866 7.28461 10.532 9.48224 7.55731 7.22569 5.8566 5.84928 5.75874 5.31804 7.74395 8.32064 5.93242 5.05698 4.40432 4.19515 4.13264
threshold=0.67717121588089346 385.70564618521638 1.0000000180025095e-35 4.7096238425925927 3.5000000000000004 1147.0454545454547 2.5000000000000004 126.50000000000001 0.34848484848484856 3.5000000000000004 4.5000000000000009 0.60263157894736852 3.1864935816503563 0.052177858439201454 1.0000000180025095e-35 0.12365342291208156 0.60903532608695665 2.5381099681804336 337.8620280349736 4.5000000000000009 0.37373907096419606 0.33545656118061118 2.2500000000000004 4.5000000000000009 7.5000000000000009 0.15831244778613202 0.14854215918045707 3.101724137931035 0.17028985507246377 23.000000000000004
decision_type=2 8 10 2 2 10 2 10 8 2 2 2 8 2 2 2 2 10 10 2 10 8 8 2 2 2 2 8 2 10
left_child=1 5 3 7 -2 18 -6 8 9 14 22 -12 28 -8 15 17 -16 21 19 -1 -18 -3 26 -24 25 27 29 -25 -13 -5
right_child=4 2 -4 10 6 -7 13 -9 -10 -11 11 12 -14 -15 16 -17 20 -19 -20 -21 -22 -23 23 24 -26 -27 -28 -29 -30 -31
leaf_value=0.00050921049742928164 -0.0096573049873017337 0.0030633486361849173 -0.030326021093891493 -0.022242260057408123 0.043712297917644097 -0.018349108218005495 0.022371070405871676 0.047026666700949071 -0.018144766476031055 -0.020385107967399216 0.035974744031948086 0.013491803824080816 0.023053929400897195 -0.014591770975517147 -0.012655415653628949 -0.0013592193282102758 0.029554502102985231 0.00058589405372309303 -0.00067324000090870754 0.044274908946958888 -0.010648950763429497 0.064186153927222239 -0.015848644545182814 -0.00027547889386056115 -0.0087605097243810496 -0.0083609330014965243 0.0099507379429573783 0.048484891261665518 -0.018931754567874864 0.0074973726151531337
leaf_weight=4.2656511515378943 13.340826507657765 2.7707206271588847 95.311832439154387 102.09618850797415 82.256684560328722 6.9192284271121016 12.929952401667835 8.9090924523770791 17.394112519919872 6.0963608361780635 7.187793217599391 1.9698874093592156 10.388701658695934 8.3872474990785104 13.789372347295286 7.8554790802299967 13.736443694680931 3.9106450118124476 5.8788897022604933 34.652304165065289 2.9929873533546916 9.4527489878237247 31.523442309349775 2.8798612728714961 13.422690525650976 2.6520261131227016 4.0865152552723876 4.8002713620662689 36.558343466371298 3.7468829080462447
leaf_count=57 200 32 2792 2139 381 97 95 56 324 117 73 24 114 96 263 134 151 38 59 173 35 96 637 56 233 53 80 72 698 71
internal_value=0.0018537 -0.0060249 -0.0105432 -0.00403926 0.0315207 0.0270521 0.0370251 0.0129654 0.00647628 0.0143871 -0.0108558 0.0016445 -0.00626827 0.00781879 0.0196621 0.0323985 0.00649915 0.0452676 0.035203 0.040082 0.0215666 0.0552427 -0.0150245 -0.0054949 0.00861156 0.026677 -0.0193689 0.037302 -0.0159146 -0.0208988
internal_weight=572.163 455.248 403.532 308.221 116.915 51.7161 103.574 86.908 77.9989 60.6048 221.313 56.1047 48.9169 21.3172 54.5084 23.9896 30.5188 16.1341 44.7968 38.918 16.7294 12.2235 165.208 55.2783 23.7548 10.3322 109.93 7.68013 38.5282 105.843
internal_count=9446 8674 8288 5496 772 386 572 1246 1190 866 4250 909 836 191 749 300 449 166 289 230 186 128 3341 1051 414 181 2290 128 722 2210
is_linear=0
shrinkage=0.035


Tree=30
num_leaves=31
num_cat=0
split_feature=96 81 88 27 117 32 117 99 68 130 47 11 59 82 65 20 56 74 60 9 57 70 117 44 3 75 117 70 56 101
split_gain=97.4923 70.2975 50.6225 29.7307 31.5586 22.8819 32.5417 22.0281 20.3471 17.7353 12.4968 12.3224 10.54 9.25201 8.79923 7.33049 7.19763 6.85703 6.25208 5.58772 5.17728 5.18225 5.07548 5.02564 5.02227 4.78641 4.38556 4.35833 4.25416 3.98811
threshold=2.8944444444444448 357.33930270589445 1079.5000000000002 1.5000000000000002 0.17028985507246377 4.5000000000000009 0.69113355780022456 0.68496240601503777 6.5000000000000009 4.5000000000000009 0.040956108470785575 5.5000000000000009 0.64248120300751899 1.0000000180025095e-35 1.5147058823529413 1.5000000000000002 0.29459980713596917 17.250000000000004 0.92612085769980512 7.5000000000000009 0.4555335968379447 14.509259259259261 0.080128205128205135 0.5270467836257311 18.500000000000004 2.5634920634920637 0.54201977401129953 15.292857142857146 0.18808962264150947 0.10620300751879701
decision_type=2 8 8 2 2 2 2 2 10 2 2 2 2 10 8 2 8 10 2 2 10 10 2 2 2 10 2 10 10 2
left_child=1 9 13 5 14 16 17 10 12 -1 11 -6 29 -3 -5 -14 20 22 -13 -2 21 -4 -7 -18 -10 28 -27 -23 -9 -8
right_child=19 2 3 4 7 6 8 25 24 -11 -12 18 15 -15 -16 -17 23 -19 -20 -21 -22 27 -24 -25 -26 26 -28 -29 -30 -31
leaf_value=-0.0081278813737024422 0.0069161931749264997 0.020747033488999811 -0.019008921963474645 0.00013020212229924842 -0.0049009905070561202 0.01580472466323906 0.018448585486905655 0.011677103257996124 0.017215202389894244 0.04041697246967204 -0.01042884427026604 0.011869613417785509 0.059341909309247508 -0.030350290104535951 0.057604678483042668 0.004955380257155138 -0.023751855290591217 0.017014685457318216 0.054314247364314068 0.046450607373608038 0.014639916091401393 0.025740405907230059 -0.020091969011975901 -0.0030505155952278589 -0.017861215276280519 -0.011138706965879231 0.030324598919033191 -0.011427715245971212 -0.018120653837735132 -0.016411547081224182
leaf_weight=9.4047623649239522 6.8375550694763652 1.2024651058018196 17.847703114151958 3.8987132497131851 7.9807250127196339 1.6919247470796097 2.6132189221680191 3.2571381852030745 2.8593586049973956 46.589469473809004 9.2122098132967931 10.046413842588665 17.397077366709713 100.86247267946601 15.756261292845009 4.6346146948635569 94.331146392971277 4.21672374382615 13.634722102433441 52.149772182106972 10.294364385306833 3.4732477217912665 43.76206311956048 18.674692209810019 10.208952683955429 2.177492212504148 1.8164966851472852 3.1584297232329845 42.245313487946987 3.5183301195502281
leaf_count=144 55 23 291 43 129 21 30 36 21 232 120 92 129 2950 118 53 1929 82 112 234 161 57 994 360 112 50 24 54 746 47
internal_value=0.00204985 -0.00306107 -0.0077551 -0.00127305 0.0134124 -0.00817893 0.0054638 0.00362747 0.026846 0.0322655 0.0213386 0.0307433 0.0415364 -0.0288075 0.0485426 0.0509339 -0.016475 -0.0131175 0.041516 0.0427665 -0.0021504 -0.0104967 -0.017322 -0.0206051 -0.00754636 -0.0116143 0.0140938 0.0107356 -0.0150428 5.87649e-05
internal_weight=565.754 506.767 450.772 348.707 110.025 238.682 90.9023 90.3705 41.2316 55.9942 40.8741 31.6619 28.1632 102.065 19.655 22.0317 147.78 49.6707 23.6811 58.9873 34.7737 24.4794 45.454 113.006 13.0683 49.4964 3.99399 6.63168 45.5025 6.13155
internal_count=9449 9160 8784 5811 1470 4341 1489 1309 392 376 453 333 259 2973 161 182 2852 1097 204 289 563 402 1015 2289 133 856 74 111 782 77
is_linear=0
shrinkage=0.035


Tree=31
num_leaves=31
num_cat=0
split_feature=96 81 27 110 10 9 81 87 50 110 88 54 143 56 10 54 73 49 100 21 47 94 145 110 114 44 69 66 96 97
split_gain=100.3 35.8903 35.9001 38.789 34.1184 24.7117 17.2436 15.014 13.3965 9.98943 9.16268 8.50591 7.65311 7.42752 9.07392 9.5208 8.75881 7.35758 6.65423 6.4404 6.41065 5.33998 4.78646 4.65634 4.3029 4.13039 4.0666 4.03416 5.1141 4.00638
threshold=1.8355855855855858 452.50265221412877 4.5000000000000009 188.25000000000003 3.5000000000000004 3.5000000000000004 420.30579107873831 1.0000000180025095e-35 0.052177858439201454 37.250000000000007 1076.5000000000002 0.23303167420814483 0.045937124849939982 0.35388994307400384 1.5000000000000002 0.25543478260869573 23.000000000000004 0.074537037037037054 0.087595907928388769 11.500000000000002 0.15319426336375494 81082.000000000015 0.23015438668466212 82.250000000000014 0.082903780068728533 0.84523809523809534 3.2500000000000004 2.3807595666095636 1.1441558441558444 2.1818812163974433
decision_type=2 10 2 10 2 2 10 8 2 10 10 10 10 8 2 8 8 2 2 2 2 2 10 10 2 2 10 10 2 2
left_child=1 2 13 7 5 -2 8 -4 -7 12 21 18 24 14 15 19 17 -16 -10 23 25 26 -20 -1 -9 27 -11 -15 -29 -5
right_child=4 -3 3 29 -6 6 -8 9 11 10 -12 -13 -14 20 16 -17 -18 -19 22 -21 -22 -23 -24 -25 -26 -27 -28 28 -30 -31
leaf_value=0.056565733106037096 -0.0121358961779174 -0.031069981376580898 0.037702657760681775 0.012109606524624023 -0.021589834062297378 0.040539502783660093 -0.013424172511734479 0.030484787035879729 0.033346131612260618 -0.023655567752804866 0.024219727695497004 -0.01532827766508124 -0.016483041363978924 -0.02243958174394237 -0.018478923132448127 -0.011082119809261303 0.022575608800766589 0.023217499000591044 0.019467583149013923 -0.0068515435617920745 0.010114827854987232 0.0096477883049943935 -0.013417435725913512 -0.00077398740846019792 -0.0026209168743514333 0.0056872138587659455 0.004164362893900605 0.022195007040333736 -0.012602397011232959 0.057989536600196054
leaf_weight=4.3549036942422354 15.17536164447665 71.127559576183558 6.6713367253541938 6.2536118905991342 16.039995783939958 102.39710081368685 7.3655516412109128 12.988019062206154 14.847388058900835 41.620619250461459 3.2286835201084605 6.5983292274177066 4.5048457738012067 110.93476713076234 43.684573274105787 6.0107842050492772 4.452919725328683 1.5381072722375382 4.3118423633277398 2.1810339093208313 6.9361127745360127 5.5422602482140055 7.9827562943100929 1.9661019034683702 5.5518336556851855 5.8955027759075156 5.8912559263408175 2.6693688705563536 10.986925560981033 14.800712611526249
leaf_count=61 251 2245 35 69 334 521 175 128 84 788 21 57 56 2473 837 106 77 26 31 33 132 95 62 36 80 130 97 39 219 85
internal_value=0.000562511 -0.00952498 -0.00414409 0.0118882 0.022145 0.0270904 0.0315075 0.000523094 0.034328 -0.00465375 -0.012344 0.0126776 0.0129806 -0.0127387 -0.00262881 0.0180677 -0.00977464 -0.0148905 0.0208113 0.0351483 -0.0172029 -0.0164635 0.000409594 0.0462658 0.0221202 -0.0189747 -0.020138 -0.0203161 -0.00167514 0.0493013
internal_weight=554.51 379.792 308.664 107.053 174.718 158.678 143.503 85.9989 136.137 79.3275 56.2828 33.7403 23.0447 201.611 64.1884 14.5128 49.6756 45.2227 27.142 8.50204 137.423 53.0541 12.2946 6.32101 18.5399 130.487 47.5119 124.591 13.6563 21.0543
internal_count=9383 7868 5623 1454 1515 1181 930 1300 755 1265 1001 234 264 4169 1176 236 940 863 177 130 2993 980 93 97 208 2861 885 2731 258 154
is_linear=0
shrinkage=0.035


Tree=32
num_leaves=31
num_cat=0
split_feature=116 81 27 110 83 11 110 119 55 47 107 65 46 54 86 65 0 47 66 119 74 42 92 66 100 15 45 110 110 15
split_gain=96.9641 53.4516 52.0198 29.5182 29.7126 21.9547 20.6024 15.8642 14.9934 12.9153 9.34158 8.45068 8.1991 7.70861 11.1182 7.48673 7.12681 7.09671 6.63541 6.01565 7.05086 6.90922 6.00546 6.2782 5.93273 5.68992 4.65138 4.33183 3.82285 3.55983
threshold=0.83558558558558571 452.50265221412877 4.5000000000000009 191.25000000000003 1618.5000000000002 2.5000000000000004 36.250000000000007 3.1457188272462893 0.63438086303939978 0.055250305250305255 2204.1464199802544 2.7445652173913051 0.090326340326340335 0.23303167420814483 261.39943343151418 3.101724137931035 15.682447916666669 0.02339261285909713 1.2755285514799304 0.5699973352604083 18.250000000000004 1.5000000000000002 34645.500000000007 2.8268478796278171 0.10620300751879701 2.5000000000000004 0.067231638418079109 81.250000000000014 31.250000000000004 2.5000000000000004
decision_type=2 10 2 10 8 2 8 10 10 2 8 10 2 8 10 10 2 2 8 8 10 10 2 10 2 2 2 8 10 2
left_child=1 2 6 4 13 -2 8 16 12 10 29 -11 -1 -4 -15 19 24 -9 -14 21 -21 -8 23 -17 25 -6 -24 -22 -18 -10
right_child=5 -3 3 -5 7 -7 15 17 9 11 -12 -13 18 14 -16 22 28 -19 -20 20 27 -23 26 -25 -26 -27 -28 -29 -30 -31
leaf_value=-0.021242545560705799 -0.014588310888730201 -0.029293965460941294 0.041474425169205076 0.050977191050325874 -0.0054628924902719693 0.044580149901439693 -0.01429890198937509 0.035196275279951589 -0.015028101573413661 0.048648931951272512 0.031734213650108332 -0.0030909164309274781 0.030344766296064571 0.030224600494366056 -0.015848142041415381 0.032727080424586316 -0.00091064071105497455 -0.00108935267682111 -0.01110154522360304 -0.022513643795084783 0.026009205695327903 0.025634585208607761 0.0082700474425168192 -0.012424329637854654 -0.015149112822493007 0.030432411640818609 -0.021934714774209725 -0.012412184549638248 -0.024423718414175764 0.0077555836083195891
leaf_weight=24.35545789450407 6.2818537391722193 81.6633460521698 27.742880787700415 21.194374710321426 7.3109820187091845 62.893566828221083 7.3571877814829332 11.133276406675579 17.465375941246755 12.543669272214176 5.0205798335373393 4.2290444709360591 4.5414376407861683 7.9790458753705051 8.2510370220988971 6.0020886957645434 11.57818730548024 10.683943696320055 5.5737871378660211 125.2222300041467 2.9220786467194548 4.4141691923141479 7.3312165178358581 2.5235921815037727 7.6599888019263735 7.3888405989855528 9.6161139812320453 2.529931303113699 31.19504664093256 9.504141401499508
leaf_count=372 120 2578 137 153 91 287 133 89 225 90 57 40 48 55 113 98 125 112 79 2899 57 61 122 51 122 88 203 56 667 87
internal_value=0.00130281 -0.00435511 0.000991998 0.0168358 0.00963696 0.0385859 -0.00874559 -0.00250557 0.00528585 0.0170718 0.00251071 0.0378894 -0.0114373 0.0314515 0.00858603 -0.0156524 -0.0111379 0.020537 0.011389 -0.0186819 -0.0207791 0.00385384 0.00157418 0.01971 0.00431221 0.0157244 -0.00996115 0.0107715 -0.0188205 -0.00704183
internal_weight=554.108 484.933 403.27 152.118 130.923 69.1754 251.152 86.9503 83.2335 48.7628 31.9901 16.7727 34.4707 43.973 16.2301 167.919 65.133 21.8172 10.1152 142.446 130.674 11.7714 25.473 8.52568 22.3598 14.6998 16.9473 5.45201 42.7732 26.9695
internal_count=9415 9008 6430 1752 1599 407 4678 1294 998 499 369 130 499 305 168 3680 1093 201 127 3206 3012 194 474 149 301 179 325 113 792 312
is_linear=0
shrinkage=0.035


Tree=33
num_leaves=31
num_cat=0
split_feature=117 81 117 68 11 81 82 96 117 55 11 107 46 26 74 21 74 126 65 92 90 104 0 83 110 92 46 29 118 101
split_gain=89.3996 46.3902 35.089 32.7287 27.4176 21.1334 15.7468 12.966 12.7897 13.4297 12.0837 11.9888 11.2559 10.781 9.53135 8.21947 7.06766 7.06454 6.60581 5.76829 4.83489 4.71847 4.519 4.49835 4.26518 5.47168 4.19738 4.14474 3.3961 3.37517
threshold=0.83827375762859646 385.70564618521638 0.12916666666666668 4.5000000000000009 2.5000000000000004 434.32254476783305 3.5000000000000004 3.3229166666666674 0.70320320320320329 0.83130081300813019 3.5000000000000004 519.9995877879486 0.061381475667189961 16.500000000000004 12.750000000000002 1.5000000000000002 17.750000000000004 1.0000000180025095e-35 2.9555335968379448 66508.500000000015 14201.355769230771 0.90694158075601383 1.2407002314814817 1850.5000000000002 91.250000000000014 33157.500000000007 0.080322580645161304 2.5000000000000004 0.86512474012474028 0.31698564593301443
decision_type=2 8 2 10 2 10 10 2 2 10 2 8 2 2 8 2 10 2 10 2 2 2 2 8 10 2 2 2 2 2
left_child=1 10 3 11 -2 7 8 12 16 26 18 15 13 19 -11 -3 20 -16 -1 -6 27 -12 -13 -22 25 -18 -10 -4 -27 -14
right_child=4 2 6 -5 5 -7 -8 -9 9 14 21 22 29 -15 17 -17 24 -19 -20 -21 23 -23 -24 -25 -26 28 -28 -29 -30 -31
leaf_value=-0.016584532201643052 -0.018487497014461476 -0.010023296705633327 0.017245196588103927 0.055619336947042394 0.025409996688232728 -0.019578752402882694 -0.031370752619219198 0.047372265487554119 -0.016393143010796789 -0.011142795862037012 0.041379086871509485 0.008583981676501172 0.039927893151737115 -0.013297967801901187 0.049612852557308483 0.037365023162996704 -0.012802680557965155 0.004268664930615943 0.021009170012848393 -0.0040392108960250785 0.013458477075868756 0.0062036480361466421 -0.019843868978069411 -0.021673418250774162 -0.015386423205768364 0.037396079415368995 0.0064101580552852321 -0.013591259456313001 -0.0030419625959793111 0.0080951040976056151
leaf_weight=9.9988772012293321 14.246778089553116 4.3548938799649459 5.4848820641636831 10.888282587751744 28.805909346789122 7.6300250440835944 69.817684402689338 40.586433850228786 29.278333516791463 5.5830228589475182 22.874680686742071 5.7608453556895283 30.389665074646473 14.303383871912954 7.4514932632446271 7.2649559453129768 2.645678982138632 7.9167433753609657 4.316653609275817 9.1035205572843534 1.443816989660262 8.0047358050942403 25.08950219117105 141.54349501803517 3.6041502412408581 4.5136584974825382 10.756931910291312 5.9445857331156731 2.5150780230760574 7.9859374389052382
leaf_count=153 284 82 118 79 171 162 2348 177 464 65 107 86 156 110 66 68 55 80 38 68 39 44 570 3269 84 87 155 136 55 59
internal_value=0.000606721 -0.00816593 -0.0125098 0.01274 0.0229035 0.0276469 -0.0171589 0.0310119 -0.0122416 0.00142517 0.0235301 -0.0029536 0.0215874 0.00953187 0.021385 0.0219324 -0.0171092 0.0330363 -0.00274464 0.0186915 -0.0191781 0.0343959 -0.0140786 -0.0208759 0.00561536 0.0160162 -0.0102348 0.00195156 0.0276765 0.0350003
internal_weight=550.105 397.053 351.858 53.3585 153.052 138.805 298.5 131.175 228.682 60.9865 45.1949 42.4702 90.5884 52.2128 20.9513 11.6198 167.695 15.3682 14.3155 37.9094 154.417 30.8794 30.8503 142.987 13.2786 9.67442 40.0353 11.4295 7.02874 38.3756
internal_count=9435 8248 7906 885 1187 903 7021 741 4673 830 342 806 564 349 211 150 3843 146 191 239 3562 151 656 3308 281 197 619 254 142 215
is_linear=0
shrinkage=0.035


Tree=34
num_leaves=31
num_cat=0
split_feature=117 10 88 11 110 97 81 82 81 65 110 26 45 54 145 81 32 68 50 93 0 42 44 70 70 73 45 11 94 48
split_gain=89.1528 38.4232 37.0103 30.8412 28.5904 40.4143 17.3925 14.6995 15.0098 12.3501 10.0191 9.11967 8.43555 8.8421 8.77485 8.26264 8.01461 7.78819 6.31912 6.05087 5.98996 5.35527 4.88304 5.47132 4.75077 4.24459 4.15378 3.94388 3.78378 4.04964
threshold=0.73401360544217698 3.5000000000000004 1079.5000000000002 4.5000000000000009 260.25000000000006 1.9975031595345596 420.30579107873831 1.0000000180025095e-35 273.96594751508638 2.5590277777777781 36.750000000000007 24.500000000000004 0.07419919919919922 0.25543478260869573 0.2288936492171646 340.86611123870415 7.5000000000000009 2.5000000000000004 0.029631255487269536 85681.500000000015 0.94059027777777782 2.5000000000000004 0.56594202898550738 19.438423645320199 13.864468864468867 7.5000000000000009 0.15235814296241715 5.5000000000000009 82770.000000000015 0.12310606060606062
decision_type=2 2 10 2 10 2 10 8 10 10 10 2 2 8 10 8 2 10 2 2 2 10 2 10 10 8 2 2 2 2
left_child=2 3 4 15 7 19 10 -1 9 20 11 26 13 14 -11 -2 28 -7 -13 27 21 -9 23 25 -14 -22 -5 -6 29 -17
right_child=1 -3 -4 6 5 17 -8 8 -10 12 -12 18 24 -15 -16 16 -18 -19 -20 -21 22 -23 -24 -25 -26 -27 -28 -29 -30 -31
leaf_value=0.029228827340772454 0.025518454201185314 -0.024752849503436366 0.052780378660795928 0.041945820193402997 -0.024950990850305128 0.0049001552945414292 -0.013844411947143233 -0.014714027977603262 -0.03072445676734295 0.04919402281341935 -0.0040630950842635519 0.026310951376594071 -0.017515045325502718 -0.0087233732248416119 0.0019167045391372158 -0.021867849667492372 0.021301516275420054 0.059155790998210257 -0.0045465396279389574 0.018217553554376601 0.0097011771269539006 0.016835356154193355 -0.0014768932094259986 0.012737552997532525 0.0049252908923281703 -0.025218363127841186 0.012833059057569209 0.010742468459781884 0.0078965951492670321 0.010874703251342434
leaf_weight=4.2511298917233935 6.3827542625367633 18.636225117370486 6.3454395458102217 102.26633014902472 20.344601513817913 5.1638763044029501 7.6202096845954648 7.8942154645919826 70.427576595917344 6.2619695067405727 7.3609637878835192 13.029931969940664 23.80489494651556 9.64809976890683 9.1332854814827424 28.712490145117048 5.1124345920979968 12.520411495119331 12.511720363050697 1.9026325196027745 1.9772820584475983 8.5360809229314309 15.764552505686877 2.2155076097697011 16.335220489650965 100.58315915986896 12.22334325686097 1.5912424456328143 5.3400611113756886 2.2913660518825045
leaf_count=31 67 402 33 520 443 71 194 155 2214 93 81 68 512 182 158 502 41 78 92 30 50 151 344 43 310 2390 85 22 82 30
internal_value=0.00180569 0.0186975 -0.00982553 0.0231888 -0.0118702 0.0139807 0.0305615 -0.0159269 -0.0171449 -0.0117866 0.0332362 0.0352694 0.00076789 0.0150892 0.0284925 -0.00133228 -0.00776787 0.0478851 0.0129255 -0.0151124 -0.0175779 0.00178061 -0.0201824 -0.0228013 -0.00884882 -0.0241255 0.0395047 -0.0208483 -0.0139386 -0.0182738
internal_weight=546.189 221.488 324.701 202.852 318.356 41.5228 155.012 276.833 272.582 202.154 147.392 140.031 65.1835 25.0434 15.3953 47.8391 41.4564 17.6843 25.5417 23.8385 136.971 16.4303 120.541 104.776 40.1401 102.56 114.49 21.9358 36.3439 31.0039
internal_count=9474 2164 7310 1762 7277 644 1040 6633 6602 4388 846 765 1255 433 251 722 655 149 160 495 3133 306 2827 2483 822 2440 605 465 614 532
is_linear=0
shrinkage=0.035


Tree=35
num_leaves=31
num_cat=0
split_feature=117 83 88 27 118 96 10 9 129 49 9 32 72 97 97 93 40 71 110 119 114 56 30 14 25 110 110 117 44 88
split_gain=77.8156 41.9505 26.4863 26.6846 29.4449 23.1463 13.2242 16.0243 12.6467 11.1065 10.9627 8.40391 8.43006 7.98303 7.81078 7.63512 7.25783 6.41892 6.34937 5.72968 5.70703 5.50211 5.43851 5.07628 5.06551 4.92835 4.87761 4.67111 4.61342 3.95468
threshold=0.83827375762859646 1341.5000000000002 1079.5000000000002 1.5000000000000002 0.62678571428571439 3.3229166666666674 3.5000000000000004 3.5000000000000004 8.5000000000000018 0.064866760168302964 2.5000000000000004 12.500000000000002 9.5000000000000018 1.5253991221971623 11.420216075618333 77616.500000000015 26.500000000000004 4.1822057755670636 20.250000000000004 0.59099750612234125 0.087228260869565227 0.46737588652482276 1.0000000180025095e-35 6.5000000000000009 1.5000000000000002 59.750000000000007 77.250000000000014 0.76705426356589157 0.84523809523809534 995.50000000000011
decision_type=2 8 8 2 2 2 2 2 2 2 2 2 10 2 2 2 2 10 10 8 2 10 2 2 2 8 8 2 2 10
left_child=1 10 27 9 13 6 7 -2 16 11 -1 19 18 -5 15 -9 -6 20 -13 -4 -18 -17 -12 28 -16 -14 -11 -3 -21 -29
right_child=5 2 3 4 8 -7 -8 14 -10 26 22 12 25 -15 24 21 17 -19 -20 23 -22 -23 -24 -25 -26 -27 -28 29 -30 -31
leaf_value=-0.0069036453167121026 -0.011499872108594423 -0.03086389456779446 0.0062864599357174049 -0.0010070202574233716 -0.011511629261544053 0.043192750431876988 -0.022493836032433483 0.03332123637965545 0.041091559126598891 0.0296066130936808 0.041386200411970483 0.0206439430537779 0.032383824846299265 0.054705872474328274 -0.013155517538693921 0.016732987067290695 0.043545507994323454 -0.013465555779743637 -0.01824288496780873 -0.022722043771968899 -0.0070977195093365891 -0.015646998718744989 0.0065295914095217398 0.009515141394601587 0.016896222256638303 -0.0057960302741874104 -0.011121461791775207 0.015967669805845762 0.0083465866700058958 -0.016922525421086632
leaf_weight=8.8618243765085918 17.994712620973587 72.114988282322884 8.5025994218885881 3.5780520401895073 50.986105024814606 40.85603441670537 7.6493353955447665 52.511000048369169 2.7323194220662108 6.3450525365769836 22.078988380730156 2.0855121947824982 7.0622214265167687 13.607771456241606 9.8390284962952155 12.036725677549841 4.0217041596770269 2.7950923070311546 19.610080357640982 124.81630371138453 2.1500103883445263 5.6059508398175231 9.5628722161054593 4.0809000022709361 7.8098060749471179 4.3062058277428159 2.1682622730731973 3.6008958239108315 3.7212748266756526 4.3827718589454889
leaf_count=179 335 2424 144 52 947 190 155 313 14 108 144 19 119 97 64 64 52 55 424 2796 36 43 60 67 43 99 51 63 83 141
internal_value=0.00131102 -0.00715449 -0.0112097 -0.00559013 0.0108364 0.0218977 0.0127291 0.0161759 -0.00132403 -0.0128688 0.0246153 -0.0149098 0.000893123 0.0454937 0.0221619 0.027084 -0.00627148 0.0169789 -0.0113384 -0.0185162 0.0306225 0.00526104 0.0331802 -0.020277 0.000937012 0.020569 0.0189566 -0.0282203 -0.0215437 -0.00165161
internal_weight=537.474 383.172 342.668 262.569 79.8711 154.303 113.447 105.797 62.6852 182.698 40.5037 174.185 33.064 17.1858 87.8025 70.1537 59.9529 8.96681 21.6956 141.121 6.17171 17.6427 31.6419 132.618 17.6488 11.3684 8.51331 80.0987 128.538 7.98367
internal_count=9381 8174 7791 5163 1253 1207 1017 862 1104 3910 383 3751 661 149 527 420 1090 143 443 3090 88 107 204 2946 107 218 159 2628 2879 204
is_linear=0
shrinkage=0.035


Tree=36
num_leaves=31
num_cat=0
split_feature=116 83 87 0 54 11 27 47 66 27 117 110 100 88 116 109 0 69 118 122 47 70 97 54 65 0 75 75 118 71
split_gain=77.1767 47.4923 34.1102 31.2097 16.1174 15.4875 13.3912 13.4688 12.7005 10.8709 10.1458 10.7959 9.53486 9.43925 7.78244 6.95819 6.16251 5.98703 7.0867 6.23122 6.09317 5.7943 5.51678 5.5053 5.39256 4.92086 4.87281 4.4601 4.06384 3.43341
threshold=0.75255102040816335 1341.5000000000002 1.5000000000000002 4.7096238425925927 0.40833333333333338 2.5000000000000004 1.5000000000000002 0.059411764705882358 1.2921670150507663 1.5000000000000002 0.21498599439775914 29.750000000000004 0.080540540540540564 1079.5000000000002 0.87577160493827166 344.50000000000006 79.753136574074091 2.2500000000000004 0.8389976958525347 1.5000000000000002 0.10948202054794522 10.174242424242426 3.9064569759293932 0.22474747474747478 1.6417112299465242 2.9956192129629637 1.7875939849624063 2.5634920634920637 0.72902097902097907 2.3830193894898124
decision_type=2 8 10 2 8 2 2 2 10 2 2 10 2 10 2 10 2 10 2 2 2 8 2 8 10 2 8 8 2 8
left_child=1 4 3 6 21 -2 7 -3 23 17 24 16 15 -4 -7 -8 -12 20 19 -19 -5 -1 -22 -9 -11 -6 -17 -23 -14 -20
right_child=5 2 13 9 25 14 12 8 -10 10 11 -13 28 -15 -16 26 -18 18 29 -21 22 27 -24 -25 -26 -27 -28 -29 -30 -31
leaf_value=-0.0043229463304128544 -0.014327475832697743 -0.0087570058808816575 -0.029902008642475476 -0.021713611710090168 0.016889983673507952 0.01642327547443501 -0.0050843898755549392 0.054698587890121678 -0.010443867608601009 -0.0048136810146706304 -0.0066549248712383319 -0.015287485440411355 0.022815802432553794 0.019161104124940615 0.042330301474857494 0.0068397115261972846 0.028200298014289443 -0.0058890031813728823 0.0066468119756503234 0.03075400657397144 -0.015712868754767077 0.045003746038894316 0.019748467786155265 0.0027562463514578025 0.03860002895535599 -0.017410780939537913 0.054099568968540755 0.0058033908597170166 -0.0086469754104381673 -0.019595251087588278
leaf_weight=2.9630883298814288 6.1865016780793658 39.934419572353363 81.520376754924655 102.64253114908934 3.2626324184238902 31.592251662164927 2.6536959111690548 6.5001919753849515 6.1469615250825873 3.5591164082288724 7.9024471975863007 36.420516815036535 2.6440323218703261 1.8220609501004208 52.777053996920586 4.9259560983628061 10.064710374921559 8.7125411555170995 5.4150662086904076 6.3861867636442176 5.4100594706833345 28.854278221726418 6.2745279930531979 3.9037275575101384 6.8023413643240929 9.4437290020287019 15.251967018470166 5.7883616685867301 9.9260038491338474 18.961958467960358
leaf_count=18 125 698 2697 2344 45 184 43 58 86 53 85 779 23 9 246 49 90 187 89 121 131 146 103 65 63 202 135 44 138 323
internal_value=0.00165745 -0.00443553 -0.00860572 -0.00309216 0.0260311 0.0302065 0.0135582 0.00233677 0.0249256 -0.0102392 0.00172216 -0.00495475 0.0289577 -0.0278056 0.034091 0.0404072 0.0147587 -0.0151705 -0.00294309 0.0134047 -0.0190923 0.0364213 0.00354116 0.0424298 0.0269746 -0.00632094 0.0462116 0.0400119 0.00258053 -0.0136268
internal_weight=534.649 444.093 393.781 310.439 50.3121 90.5558 91.887 56.4853 16.5509 218.552 64.7491 54.3877 35.4017 83.3424 84.3693 22.8316 17.9672 153.803 39.4758 15.0987 114.327 37.6057 11.6846 10.4039 10.3615 12.7064 20.1779 34.6426 12.57 24.377
internal_count=9379 8824 8369 5663 455 555 1295 907 209 4368 1070 954 388 2706 430 227 175 3298 720 308 2578 208 234 123 116 247 184 190 161 412
is_linear=0
shrinkage=0.035


Tree=37
num_leaves=31
num_cat=0
split_feature=81 27 47 65 117 117 100 87 0 50 42 56 119 83 55 66 55 71 109 93 6 54 98 109 91 32 107 145 92 65
split_gain=76.442 70.7347 30.1797 29.1839 21.1404 16.8696 15.5885 13.1483 11.992 15.0718 11.8173 11.4455 9.81019 7.74147 7.55227 7.5428 6.77273 5.55989 5.52596 5.3124 5.08145 4.97362 4.68088 4.67173 4.42648 4.13045 4.10865 4.07984 8.45414 5.20594
threshold=431.52197836116596 4.5000000000000009 0.099019607843137278 2.5590277777777781 0.5545634920634922 0.12916666666666668 0.1731634182908546 1.0000000180025095e-35 2.4328125000000003 0.030457637600494747 1.5000000000000002 0.26111660079051385 3.2251103580445473 889.00000000000011 0.51492869875222824 1.4125279657415961 0.83130081300813019 1.5220501602311287 8676.5000000000018 50173.000000000007 1.5000000000000002 0.61250000000000016 1.8603896103896107 6946.5000000000009 70.860516809325944 8.5000000000000018 2457.0026143482723 0.10171052919288331 72379.000000000015 5.6076923076923082
decision_type=10 2 2 10 2 2 2 8 2 2 10 8 10 8 10 10 10 8 10 2 2 10 2 8 10 2 10 8 2 10
left_child=1 2 8 5 -4 -3 20 -7 9 10 21 16 13 -9 -12 -6 -10 -16 27 -11 -5 -1 -8 -18 -15 -17 -20 28 -13 -29
right_child=-2 3 4 6 15 7 22 12 11 19 14 18 -14 24 17 25 23 -19 26 -21 -22 -23 -24 -25 -26 -27 -28 29 -30 -31
leaf_value=-0.020215040760623599 -0.029121490240055802 0.036108498224947327 -0.01286062290956397 0.040632161033997631 0.049507339781621189 0.033726550521465719 -0.010332100481376299 0.01858738701246803 -0.0058895612304788771 0.005539076228542876 -0.0092554850551141935 -0.017140023576783018 0.022092502494357 0.010288599730390461 -0.0019372513275551812 -0.012702575957007524 0.036561222711887005 0.046029213111509273 -0.013377324449036603 -0.024335762495569884 0.011137415770253461 0.013663603374466416 0.019314661821791139 -0.0041129553514226667 -0.023236965548831846 0.02082053236604452 0.018739433330777471 -0.022980795137921246 0.026263854529815014 0.011252189843536726
leaf_weight=7.4986137971281988 75.587422857061028 11.092145333066581 11.323802622035144 96.80896220356226 17.379513170570139 4.7296267338097087 11.50766724906862 3.2446120008826247 22.402275882661346 8.8159480653703231 2.7113308236002949 9.5593907386064512 5.3592716641724101 2.5815127231180659 3.0112138651311424 3.9223564155399782 5.3276672512292835 15.101492676883934 4.2676524966955167 15.786616936326025 12.657677328214048 4.731053875759244 5.8248906414955846 3.8234706856310376 40.125355063006282 4.6599954813718796 5.7459119185805321 111.40758731588721 3.8369200490415087 2.8655555769801131
leaf_count=138 2662 69 267 643 165 24 142 16 394 121 44 217 47 23 32 67 52 154 96 267 90 87 71 52 744 45 133 2453 65 37
internal_value=0.00236529 0.00781888 -0.00398116 0.0235892 0.023313 0.0044466 0.0331709 -0.00426469 -0.00887241 0.00461781 0.0188856 -0.0134689 -0.0104503 -0.0160413 0.0324645 0.0386198 0.00492195 0.0393609 -0.0177084 -0.0145032 0.0378571 -0.00694725 0.00172485 0.0241183 -0.0203445 0.00646349 0.00515507 -0.0196284 -0.000948925 -0.0216866
internal_weight=533.698 458.11 264.178 193.932 37.2857 67.1325 126.799 56.0404 226.893 57.6563 33.0537 169.236 51.3108 45.9515 20.824 25.9619 31.5534 18.1127 137.683 24.6026 109.467 12.2297 17.3326 9.15114 42.7069 8.58235 10.0136 127.669 13.3963 114.273
internal_count=9417 6755 4886 1869 544 923 946 854 4342 843 455 3499 830 783 230 277 498 186 3001 388 733 225 213 104 767 112 229 2772 282 2490
is_linear=0
shrinkage=0.035


Tree=38
num_leaves=31
num_cat=0
split_feature=81 27 32 100 68 110 100 87 23 87 108 110 56 0 55 56 55 0 44 7 46 119 50 14 65 49 93 145 92 45
split_gain=69.7926 68.5599 28.6457 28.2493 23.5951 16.1711 15.8412 13.2601 12.6844 9.79185 8.60687 9.47562 6.35102 6.03518 5.89568 5.83385 5.17042 5.15451 5.06528 4.89344 4.68324 4.63526 4.63152 4.34895 4.80513 4.2302 4.0548 4.6856 4.03418 3.93998
threshold=452.50265221412877 4.5000000000000009 8.5000000000000018 0.39696969696969703 6.5000000000000009 191.25000000000003 0.16397849462365593 1.0000000180025095e-35 1.5000000000000002 160.50000000000003 117.50000000000001 1098.5000000000002 0.18808962264150947 15.682447916666669 0.68496240601503777 0.20156250000000003 0.58102025506376609 0.59515046296296303 0.84523809523809534 1.5000000000000002 0.22902097902097904 2.9379631246134594 0.066300366300366315 6.5000000000000009 3.757352941176471 0.064866760168302964 80870.500000000015 0.35129284432487834 44411.500000000007 0.07634032634032635
decision_type=10 2 2 2 10 10 2 8 2 10 10 8 10 2 8 8 10 2 2 2 2 10 2 2 10 2 2 10 2 2
left_child=1 2 10 8 5 7 19 -3 16 12 15 13 -9 -12 -8 -1 -4 -14 23 -6 21 -19 -5 25 -25 -17 27 -18 -11 -23
right_child=-2 4 3 22 6 -7 14 9 -10 28 11 -13 17 -15 -16 18 26 20 -20 -21 -22 29 -24 24 -26 -27 -28 -29 -30 -31
leaf_value=0.0053115620310340613 -0.029138818982124066 0.037347568358786519 -0.0045478928385076457 0.05060433533009201 0.042029057095739217 0.036493774410056343 -0.019334023420745108 0.018228248236083371 -0.013262468128164923 -0.0042018083074457828 0.045823252178617449 -0.018194766759345893 0.011053845740814926 -0.00056508427396775797 0.015473852223427436 -0.020381345306539681 0.040017062371791957 -0.023178470269139374 0.0095527235148431047 0.003879162893364083 0.015478900805516945 0.020458151738992313 0.0039769116682540359 -0.014743129731470619 0.024256166969337835 0.0051853924794070996 -0.004716912843480363 -0.0033799150075902932 0.031122078969762251 -0.012217169786285674
leaf_weight=14.242479633539913 71.325232012197375 6.3850561417639247 8.0470006875693816 15.635912854224445 77.423789693042636 16.482897678390145 5.7472033053636524 4.9703474827110758 35.656202923506498 4.2205023597925884 3.6280857585370505 4.788079373538495 6.3574604075402013 5.5092165265232325 8.3848919309675694 134.48550623469055 10.557961899787189 40.387438226491213 5.7539535257965317 5.46700745075941 1.68485259823501 3.2587966155260784 4.0236338675022116 2.9573509842157355 2.9569376707077026 6.4910381510853759 3.0651301406323901 2.8785153217613688 7.5969569161534309 5.173198189586401
leaf_count=193 2592 31 133 126 451 127 89 54 625 36 31 97 79 95 72 2928 141 777 134 35 24 39 68 50 26 114 47 44 62 74
internal_value=0.00187391 0.00700805 -0.00471184 0.0122493 0.0225145 0.00951479 0.0343465 0.00213943 -0.000623041 -0.0030932 -0.0123315 0.0111668 -0.00892654 0.0275462 -3.50636e-05 -0.0145601 0.0168731 -0.0125816 -0.0165238 0.0398767 -0.0162846 -0.018717 0.0438026 -0.0178261 0.00693481 -0.0190669 0.0259475 0.0323248 0.021008 0.00332579
internal_weight=525.543 454.217 260.677 79.8644 193.54 96.5175 97.0229 80.0346 60.2048 73.6496 180.813 13.9254 61.8321 9.1373 14.1321 166.887 24.5486 56.8617 152.645 82.8908 50.5043 48.8194 19.6595 146.891 5.91429 140.977 16.5016 13.4365 11.8175 8.43199
internal_count=9394 6802 4852 1184 1950 1303 647 1176 990 1145 3668 223 1047 126 161 3445 365 993 3252 486 914 890 194 3118 76 3042 232 185 98 113
is_linear=0
shrinkage=0.035


Tree=39
num_leaves=31
num_cat=0
split_feature=81 27 65 47 110 87 100 110 50 65 55 47 11 117 47 44 50 51 46 94 94 101 65 50 97 56 56 32 65 1
split_gain=65.202 58.8288 27.5237 25.0121 21.3707 17.9365 15.6628 15.6505 12.9255 9.77889 12.6314 9.13902 9.98897 8.95204 7.11476 8.37404 6.94196 6.7569 6.21964 6.13284 5.6275 5.33233 5.27531 5.14719 4.84051 5.42368 4.47563 4.04588 3.75163 3.61498
threshold=434.32254476783305 4.5000000000000009 2.8377192982456143 0.076018161805173387 191.25000000000003 1.0000000180025095e-35 0.16954022988505749 60.250000000000007 0.016530054644808747 2.2426470588235299 0.65301003344481623 0.0097563297163525617 2.5000000000000004 0.73401360544217698 0.034286833855799378 0.95833333333333337 0.078501400560224102 0.043167701863354044 0.052015692640692647 52533.250000000007 76947.250000000015 0.12250000000000001 2.8208556149732629 0.073350071736011491 6.2576292862217278 0.50454545454545463 0.22287581699346407 11.500000000000002 1.5147058823529413 6.5000000000000009
decision_type=10 2 10 2 10 8 2 8 2 10 10 2 2 2 2 2 2 2 2 2 2 2 10 2 2 8 8 2 8 2
left_child=1 3 4 9 5 -3 17 8 22 14 21 12 -12 20 15 26 -14 -4 -10 23 -7 -11 -5 -16 25 -15 -1 -20 -6 -13
right_child=-2 2 6 7 28 13 -8 -9 18 10 11 29 16 24 19 -17 -18 -19 27 -21 -22 -23 -24 -25 -26 -27 -28 -29 -30 -31
leaf_value=0.0029473959250149412 -0.028332873356418934 0.036659433753833265 0.039419212836113895 0.047446020496507889 0.0034749681515595832 -0.026039396401618939 -0.00098229769094389046 -0.013477326644880619 -0.015683206772179114 0.0053094103025621434 -0.011784269284319238 0.0093400851328908647 0.034647554292857936 0.026808791602446903 0.032612838920374566 0.011459249776300411 -0.0026062843236446579 -0.0008793464235708322 -0.0070807341584409808 -0.014220193039280304 0.0059046311657845532 -0.022375486635354779 0.0038711215303721216 -0.010706594132605524 -0.010345690591391276 -0.011591717087075251 -0.024655054140796794 0.030994611500981449 0.044888516822777828 -0.018805840341877541
leaf_weight=6.7252392508089534 72.553671929985285 6.4276910386979571 87.795747498050332 18.487579416483644 4.3082515038549873 31.012848583981395 14.865737937390803 13.102104336023329 8.625629320740698 9.2209310233592969 7.7256548739969721 4.7323052659630802 22.352717455476526 10.015722064301372 5.424650661647318 6.7205432765185824 7.040129341185092 5.1650102753192177 2.996399898082017 6.8460641782730818 6.3168026451021424 28.383970497176051 5.0850021839141837 2.0672594867646694 9.6728631071746332 3.1277261953800926 85.864603295922279 4.1949763298034668 10.738115672022104 11.654203843325375
leaf_count=114 2691 32 552 162 43 634 170 315 142 146 166 65 279 82 84 144 122 56 50 144 129 550 62 53 67 43 2042 43 70 146
internal_value=0.00132894 0.00640699 0.0209458 -0.004495 0.00511829 -0.00412806 0.0321687 0.0160744 0.026315 -0.0100256 -0.00132568 0.00929949 0.0181954 -0.010966 -0.0166504 -0.0198581 0.0266429 0.0372496 0.00070523 0.00495697 -0.020575 -0.0157606 0.0403685 0.0211586 0.00562757 0.0169945 -0.0226019 0.0187324 0.0368549 -0.0103942
internal_weight=519.25 446.696 189.447 257.25 81.62 66.5737 107.826 52.4917 39.3896 204.758 91.1099 53.505 37.1185 60.146 113.648 99.3104 29.3928 92.9608 15.817 14.338 37.3297 37.6049 23.5726 7.49191 22.8163 13.1434 92.5898 7.19138 15.0464 16.3865
internal_count=9398 6707 1878 4829 1100 987 778 774 459 4055 1474 778 567 955 2581 2300 401 608 235 281 763 696 224 137 192 125 2156 93 113 211
is_linear=0
shrinkage=0.035


Tree=40
num_leaves=31
num_cat=0
split_feature=81 27 47 65 117 10 117 65 69 87 117 47 119 42 45 112 6 81 54 47 0 55 49 44 110 55 25 44 126 145
split_gain=65.2864 61.3729 28.3607 24.7812 17.497 15.0549 14.3727 14.0605 12.3895 10.7898 9.65836 8.48049 8.39516 8.40632 7.38971 7.19808 6.46033 6.36375 6.10553 10.1333 6.09916 5.98397 5.81748 5.3958 4.83177 4.50356 4.18198 4.32892 3.94775 3.8057
threshold=452.50265221412877 3.5000000000000004 0.076018161805173387 2.5313725490196082 0.16002844950213374 3.5000000000000004 0.72783389450056124 2.8208556149732629 2.7500000000000004 1.0000000180025095e-35 0.73401360544217698 0.052289815447710192 0.59099750612234125 1.5000000000000002 0.16024691358024692 0.090230664857530549 1.5000000000000002 347.40538503541865 0.34848484848484856 0.022857889237199586 1.1306481481481485 0.56048780487804895 0.088932806324110686 0.49614266215654862 200.25000000000003 0.52419984387197516 5.5000000000000009 0.95833333333333337 1.0000000180025095e-35 0.2097123840105117
decision_type=10 2 2 10 2 2 2 10 10 8 2 2 8 10 2 2 2 8 8 2 2 10 2 2 10 10 2 2 2 8
left_child=1 2 8 4 24 11 20 -8 12 -6 -11 15 13 -1 18 16 -5 -13 19 21 -4 -10 26 -22 -3 -12 27 29 -27 -14
right_child=-2 3 6 5 9 -7 7 -9 14 10 25 17 22 -15 -16 -17 -18 -19 -20 -21 23 -23 -24 -25 -26 28 -28 -29 -30 -31
leaf_value=-0.012634399418151384 -0.028307937129529441 -0.0013712509404295507 0.022445673465920673 0.041525078937801108 0.029695726060365354 -0.014069535328111548 0.045713390825824256 -0.0078038252234380011 -0.002022966206509139 -0.019208105937552539 -0.013609491335181806 0.027759455142171346 -0.0090118746133907666 0.032606106369954493 -0.016067468260661414 -0.0034308073056323633 0.008913080129632607 -0.01057308239722669 -0.011144969082864387 -0.0079838070913498017 -0.018405870160113559 0.039322657933521174 0.013568409316937745 0.016517299045974616 0.041775413843165736 0.028405046728541862 0.012230227350694395 0.0058191490685972607 -0.0038964673425988324 -0.024523819806652764
leaf_weight=6.4174999259412271 68.17604411765933 3.5768558643758288 4.3531688712537315 90.636667536571622 5.0142137892544261 6.0732913799583903 19.960337728261951 6.2045535519719115 4.8549748137593332 36.261829320341349 3.6354866474866894 3.534696921706197 34.241032669320703 4.6971632093191147 10.715797357261179 4.4562624171376219 11.507440771907566 9.4375888779759407 7.3213065639138213 9.720349218696354 16.548449411988262 15.050926446914671 3.7819815017282954 2.9686591364443293 11.073888957500456 8.3482301048934442 2.0791251659393302 5.8447561264038077 5.4511370155960313 94.01506875641644
leaf_count=122 2618 52 65 595 26 118 139 72 74 803 46 15 709 61 202 49 81 123 144 114 409 163 64 61 68 69 26 132 44 2178
internal_value=0.00239382 0.00732922 -0.00426125 0.0215675 0.00491899 0.030728 0.0181434 0.0338067 -0.0102087 -0.00430495 -0.00973908 0.0334767 -0.0149996 0.0106694 0.00495907 0.0366129 0.0384384 0.00468881 0.0122456 0.0188006 -0.00190712 0.0308569 -0.0173357 -0.0108087 0.0335729 0.00984673 -0.0186441 -0.0195452 0.0180024 -0.0208761
internal_weight=515.959 447.783 248.775 199.008 73.3616 125.646 50.0352 26.1649 198.74 58.7109 53.6967 119.573 151.077 11.1147 47.6634 106.6 102.144 12.9723 36.9476 29.6263 23.8703 19.9059 139.962 19.5171 14.6507 17.4349 136.18 134.101 13.7994 128.256
internal_count=9442 6824 4735 2089 1108 981 746 211 3989 988 962 863 3292 183 697 725 676 138 495 351 535 237 3109 470 120 159 3045 3019 113 2887
is_linear=0
shrinkage=0.035


Tree=41
num_leaves=31
num_cat=0
split_feature=81 27 32 100 68 117 100 55 86 11 108 110 76 95 50 101 6 55 116 123 26 44 92 95 68 54 47 25 91 98
split_gain=62.1118 55.5571 29.873 28.2634 20.7879 23.0506 18.87 13.5434 10.4095 10.8293 7.89358 8.98968 7.0206 6.5354 10.4203 6.39701 6.2944 5.19232 5.18677 4.40409 4.47785 4.31987 4.20066 4.15292 4.13133 4.12814 4.11201 4.06862 4.0636 3.84919
threshold=452.50265221412877 4.5000000000000009 8.5000000000000018 0.39696969696969703 6.5000000000000009 0.17028985507246377 0.15894736842105264 0.77525466893039063 211.94075091250801 5.5000000000000009 117.50000000000001 1098.5000000000002 0.36474203406690248 22508.500000000004 0.045804195804195813 0.11324786324786326 1.5000000000000002 0.51887464387464399 0.27005577005577014 1.5000000000000002 8.5000000000000018 0.74166666666666681 46559.500000000007 2843.0000000000005 2.5000000000000004 0.22474747474747478 0.088562091503267992 1.5000000000000002 5950.6914959484229 1.8603896103896107
decision_type=10 2 2 2 10 2 2 10 8 2 10 10 10 2 2 2 2 10 2 2 2 2 2 2 8 10 2 2 10 2
left_child=1 2 10 7 5 -3 16 15 -7 -10 13 24 23 21 17 27 -6 -15 -19 20 -9 -1 -23 -11 -12 -5 -17 -4 -22 -8
right_child=-2 4 3 25 6 8 29 19 9 12 11 -13 -14 14 -16 26 -18 18 -20 -21 28 22 -24 -25 -26 -27 -28 -29 -30 -31
leaf_value=-0.019135552717950699 -0.029051361173205222 0.038971439383531196 -0.011017929192551618 0.048485378189650701 0.04003471351677939 0.023814652644312036 -0.014356243707599281 -0.0063518884150843332 -0.019460466276154918 -0.005871854901008877 -0.0046868380515330101 -0.018226614918943514 -0.0042306523071635295 -0.0095261702750708641 -0.015524938732193372 -0.024710052950218043 0.0047284325555880464 -0.0049754685344172052 0.047741608225211916 -0.0074886279449876804 0.037269487544746537 -0.015261613099396056 0.018123665109911608 0.034174128136820553 0.036025446768936924 0.0052518570594257442 0.0093080669834490863 0.023723259227595463 -0.0015355483917453608 0.015407158130395769
leaf_weight=130.66178525425494 66.214347774162889 17.672254778444767 3.4748996347188941 17.334646660834554 75.235281050205231 11.88213046453893 10.664770942181347 3.2374365068972173 33.727096119895577 2.5052772182971221 2.7729826010763619 4.8344072233885518 23.459281673654914 1.7555747628212 11.73792204633355 25.862717553973201 8.2667543236166221 1.8916661236435173 4.178370637819171 4.5338433738797894 12.113739671185611 3.537606690078972 5.3189296405762434 7.6547679007053375 6.1633077077567586 4.5805733427405348 2.4226632602512828 4.2411949001252651 3.6213374491780987 3.3301270082592955
leaf_count=2827 2608 127 61 149 438 70 131 46 645 23 48 103 341 43 263 528 54 48 64 60 161 82 111 103 74 59 39 35 54 43
internal_value=0.00135185 0.00610943 -0.00465396 0.0123394 0.0199518 0.00785038 0.0310095 -0.00103569 -0.000992666 -0.00671288 -0.0127806 0.00993487 0.00693939 -0.0149898 0.00324428 -0.0138452 0.037004 0.0264741 0.036486 0.0175702 0.0238714 -0.0175704 0.00409332 0.0256197 0.0262432 0.0421033 -0.0208358 0.00989733 0.030122 -0.00508261
internal_weight=514.888 448.673 254.276 81.4231 194.398 96.9008 97.4969 59.5078 79.2286 67.3464 172.853 13.7707 33.6193 159.082 19.5635 36.0015 83.502 7.82561 6.07004 23.5064 18.9725 139.518 8.85654 10.16 8.93629 21.9152 28.2854 7.71609 15.7351 13.9949
internal_count=9438 6830 4855 1192 1975 1309 666 984 1182 1112 3663 225 467 3438 418 663 492 155 112 321 261 3020 193 126 122 208 567 96 215 174
is_linear=0
shrinkage=0.035


Tree=42
num_leaves=31
num_cat=0
split_feature=96 56 83 27 32 100 118 86 54 57 88 125 88 55 95 116 93 44 99 110 49 65 101 65 55 64 145 0 55 57
split_gain=63.3701 42.1682 37.0093 28.2001 17.98 13.6419 13.2781 14.9193 11.385 11.8443 10.491 7.59948 6.8785 6.13027 5.6303 8.37287 7.12095 5.87747 5.09766 5.0121 4.85512 4.66476 4.65964 4.52528 4.39701 4.38467 4.23632 4.12737 4.02776 3.83384
threshold=3.3229166666666674 0.62593283582089565 1606.5000000000002 2.5000000000000004 9.5000000000000018 0.28801843317972359 0.60263157894736852 289.81161754750747 0.20416666666666669 0.3585714285714286 1079.5000000000002 2.5000000000000004 1079.5000000000002 0.58102025506376609 22508.500000000004 0.2991228070175439 74617.500000000015 0.55488621151271766 0.42640692640692646 59.750000000000007 0.13809523809523813 1.7559523809523812 0.26006441223832533 3.6381818181818186 0.5629401408450706 0.79285714285714304 0.061673251801654387 4.0473495370370385 0.59761904761904772 0.39767441860465119
decision_type=2 8 10 2 2 2 2 8 8 10 10 2 8 10 2 2 2 2 2 8 2 8 2 10 8 2 8 2 10 10
left_child=1 2 3 4 14 11 21 18 9 22 23 13 25 -6 17 -16 -17 20 -8 -15 26 -5 -9 -3 -25 -4 -1 -10 -11 -29
right_child=-2 10 12 6 5 -7 7 8 27 28 -12 -13 -14 19 15 16 -18 -19 -20 -21 -22 -23 -24 24 -26 -27 -28 29 -30 -31
leaf_value=0.0052928100812830083 0.041124442993487414 -0.023557606235772129 0.011081634162596048 0.0036335260629305815 -0.010807467129663094 0.034630004102420939 0.004272100417028254 0.0098948110706581858 0.0062533734295636837 -0.000332150610710974 0.022997811179795193 -0.019005418000689486 0.01799660011066169 0.03264579766106844 -0.018108150317442562 0.041740953873446805 -0.0066090012014930356 0.0067755955543119641 0.038013326304088338 -0.0045619649415295834 0.016386656198724526 0.049550489273589161 -0.016560741454571166 0.016222388447271835 -0.013190334569508612 -0.029415833166803736 -0.020736297743440792 0.0015557368309291931 0.037687883642263026 -0.02534894501881892
leaf_weight=6.5401312299072734 38.997565869241953 110.80235668644309 1.0342715177685011 4.0449572540819672 6.963705679401758 18.595921389758587 8.3171632848680002 13.68065311573446 11.194726374000309 3.92767574079335 2.9987139999866477 11.311581665650008 1.1100562512874592 9.5140455681830609 4.9067850094288579 4.5887934528291208 4.1701676063239574 12.752876164391635 26.423561248928308 4.8021524287760267 1.5178420804440964 16.964958161115646 9.5508458632975799 4.7485901881009367 12.638593310490249 41.581396225839853 69.209066594019532 8.8602182772010583 17.299412101507187 14.67402673512697
leaf_count=129 196 2948 37 51 141 194 51 144 149 53 15 184 6 107 127 79 77 213 177 113 24 115 154 90 220 1622 1405 156 137 251
internal_value=0.000967121 -0.00280457 0.00384362 0.00846171 -0.00177314 0.0143613 0.0198522 0.0139315 0.00481591 0.0157975 -0.0192277 -0.000271345 -0.0244922 0.0114083 -0.0100326 0.00858504 0.024685 -0.013162 0.0314893 0.0222148 -0.0166645 0.0431082 -0.00198825 -0.0210417 -0.0033284 -0.0273725 -0.0183004 -0.00946114 0.0319308 -0.0167221
internal_weight=503.723 464.725 333.537 289.811 154.873 51.1874 134.938 113.928 79.1876 44.4586 131.188 32.5915 43.7257 21.2799 103.686 13.6657 8.75896 90.0199 34.7407 14.3162 77.267 21.0099 23.2315 128.19 17.3872 42.6157 75.7492 34.729 21.2271 23.5342
internal_count=9365 9169 5896 4231 2793 739 1438 1272 1044 488 3273 545 1665 361 2054 283 156 1771 228 220 1558 166 298 3258 310 1659 1534 556 190 407
is_linear=0
shrinkage=0.035


Tree=43
num_leaves=31
num_cat=0
split_feature=81 110 110 106 10 69 117 87 11 107 76 116 98 44 45 73 60 56 48 54 73 67 107 93 0 0 70 45 46 0
split_gain=64.2234 47.4905 29.7236 32.275 17.6105 15.9114 14.1954 13.1461 13.108 8.59098 7.75075 7.57549 7.48245 7.38521 7.14486 7.26605 6.96493 6.8111 6.60755 9.0945 7.49042 5.31471 5.07414 4.5348 4.33493 4.1182 4.14613 3.95706 3.95242 3.56895
threshold=420.30579107873831 25.750000000000004 260.25000000000006 1581.2900000000002 3.5000000000000004 3.2500000000000004 0.73401360544217698 1.0000000180025095e-35 2.5000000000000004 1441.5748728058809 0.64069127984100238 0.87577160493827166 0.92450142450142458 0.35319472616632869 0.13906469760900145 21.500000000000004 0.92214439655172431 0.20611577964519143 0.059411764705882358 0.15504807692307696 9.5000000000000018 2.5000000000000004 2362.6732588862378 14273.500000000002 2.4328125000000003 3.2949363425925928 14.804761904761907 0.18715659340659344 0.044346116027531961 34.598339120370376
decision_type=10 8 10 10 2 10 2 8 2 10 10 2 2 2 2 10 2 8 2 8 8 8 10 2 2 2 10 2 2 2
left_child=1 4 5 -4 8 6 7 -3 -1 29 16 14 -7 -14 15 23 -11 22 20 -20 -19 -15 -9 -10 -5 26 -22 -16 -25 -8
right_child=-2 2 3 24 -6 12 9 17 11 10 -12 -13 13 21 27 -17 -18 18 19 -21 25 -23 -24 28 -26 -27 -28 -29 -30 -31
leaf_value=-0.010798488537253285 -0.029079463459421532 0.025710479256759389 0.049219006298539439 0.010583879636877338 -0.018174505668611077 -0.013368889905011292 0.0067464213501969841 -0.0070734962447320231 -0.0046355316198440806 -0.0002117342095569778 -0.01306631434023202 0.040211611979800138 -0.0020496838167138819 0.045041491413733106 -0.014418773297569097 -0.0044980113140736955 0.040949473242422339 0.012410435746291387 0.031229227242759578 -0.012672246434614233 -0.01596637390726402 0.0022284850958506591 0.026698485959004922 0.013944930880382452 -0.02013865808028004 -0.025543550261789508 0.0082173449293550926 0.01318123859023676 0.039511914643600224 -0.014803877943816662
leaf_weight=8.5019831229001266 66.715771857649088 5.4830143861472598 21.917385701090097 4.7728807628154781 8.482978627085684 5.1167575884610441 12.674159290269019 11.573574999347327 3.2917352467775336 7.1116199716925683 3.8686737455427638 48.176886178553104 8.9077003560960311 10.840572610497469 8.0444266684353334 7.6613317281007758 11.837988238781689 5.1251071337610474 3.7506580632179949 12.15964918769896 23.751284040510654 5.2783383112400832 3.3398935683071604 19.515670701861382 11.33878089673817 99.979678843170404 8.7981596011668426 7.4518187753856173 30.033570254221559 16.687558345496655
leaf_count=161 2732 27 175 62 171 79 143 197 20 79 57 234 155 116 60 43 104 132 85 302 491 81 58 125 256 2651 156 70 163 244
internal_value=0.00165445 0.00663961 -0.00143554 0.0255465 0.0229491 -0.00585155 -0.00909207 -0.0138063 0.026143 0.00645748 0.0205283 0.0289923 0.0162942 0.0235751 0.019837 0.0248957 0.0286828 -0.0157963 -0.0179469 0.00266974 -0.0203399 0.0348687 0.00529438 0.0291779 -0.0106863 -0.0220115 -0.00920572 -0.00116871 0.0316432 -0.00587347
internal_weight=502.19 435.474 294.313 38.029 141.16 256.284 226.141 173.961 132.677 52.18 22.8183 124.175 30.1434 25.0266 75.9986 60.5023 18.9496 168.478 153.565 15.9103 137.654 16.1189 14.9135 52.841 16.1117 132.529 32.5494 15.4962 49.5492 29.3617
internal_count=9429 6697 5650 493 1047 5157 4726 4099 876 627 240 715 431 352 481 351 183 4072 3817 387 3430 197 255 308 318 3298 647 130 288 387
is_linear=0
shrinkage=0.035


Tree=44
num_leaves=31
num_cat=0
split_feature=83 27 0 100 50 64 11 45 65 88 119 109 49 110 97 21 76 109 47 38 98 32 68 119 10 14 117 14 110 63
split_gain=50.7939 47.0733 23.7971 20.7211 19.7422 14.0356 12.2767 9.82527 9.38529 8.20311 8.11496 8.72677 7.26541 6.95162 8.16683 6.96627 9.35719 6.18692 5.74776 5.60636 5.19573 5.00954 5.0626 4.91943 4.83018 4.77388 4.5614 4.18341 3.96636 3.65645
threshold=1614.5000000000002 9.5000000000000018 4.7096238425925927 0.09232954545454547 0.040270270270270282 0.912390350877193 2.5000000000000004 0.097800095648015326 5.0333333333333341 1079.5000000000002 0.77303240518350214 255.50000000000003 0.019704911667637357 77.250000000000014 3.8413366856444773 2.5000000000000004 0.45828458797909361 58.500000000000007 0.1045643873654981 1.5000000000000002 1.320714285714286 3.5000000000000004 4.5000000000000009 0.6635483734958425 3.5000000000000004 3.5000000000000004 0.21498599439775914 3.5000000000000004 29.750000000000004 0.69920634920634928
decision_type=10 2 2 2 2 2 2 2 10 10 8 10 2 8 2 2 8 8 2 2 2 2 10 8 2 2 2 2 8 2
left_child=1 2 4 12 6 26 23 25 10 -2 11 17 19 14 15 -12 -17 -4 -16 -3 29 -6 -23 -1 -22 -8 -5 -10 -20 -18
right_child=9 3 8 5 21 -7 7 -9 27 -11 13 -13 -14 -15 18 16 20 -19 28 -21 24 22 -24 -25 -26 -27 -28 -29 -30 -31
leaf_value=0.019154049004337974 -0.029606213594597745 0.037923743246639247 0.013750939945602546 0.017932070422606111 -0.019234147657292189 0.030193301894774857 0.050723100613622681 0.0064277151864996487 -0.0048724509058109553 0.018449386477358824 -0.012654919016329105 0.031856081072736346 -0.0024093196729086182 -0.022710071186825095 -0.018762762120067073 -0.014041882673765797 -0.012963284070993548 -0.01873101201724171 0.021996654747232832 0.013535319236747721 0.043608749533825472 0.020668723513075877 -0.013427641348926201 -0.01475263985073883 -0.003140873135634532 0.011026709394458321 -0.013928718490655518 0.034979835146890084 -0.011579180399933307 0.017629475881540235
leaf_weight=2.9904991108924124 60.352129120379686 68.181880123913288 7.7377127185463968 2.0798005368560544 18.446612624451522 9.8033812008798105 20.246967649087313 15.53207592666149 3.4340998996049157 1.415784254670142 15.625978067517279 5.9853475429117671 7.0344372149556866 59.649789532646537 57.96428113989532 7.5848620068281916 5.2433414477854985 12.215292340144513 4.6129025183618042 22.822920709848404 9.2342961039394122 6.9358303062617761 5.1150239333510399 10.772808348760009 2.5562352668493977 8.2975638899952155 31.572154257446527 3.6411753818392754 3.6041727624833593 4.0305358227342367
leaf_count=44 2472 494 85 17 325 72 169 227 56 8 385 75 70 1606 1105 172 107 291 38 195 182 104 72 234 64 68 482 27 76 83
internal_value=0.00124508 0.00556832 -0.00252579 0.0217581 0.0122081 0.00133144 0.023545 0.0317709 -0.00907292 -0.0272056 -0.0106913 0.00654999 0.0303081 -0.0134323 -0.00765546 0.00376838 0.0132754 -0.00590327 -0.0150259 0.0328309 0.0239186 -0.00958091 0.00650275 -0.00424446 0.0355562 0.0425474 -0.00989466 0.0216287 0.00846045 0.00185067
internal_weight=494.72 432.952 291.457 141.495 88.3374 43.4553 57.8399 44.0766 203.12 61.7679 196.045 25.9384 98.0392 170.106 110.457 44.2752 28.6493 19.953 66.1814 91.0048 21.0644 30.4975 12.0509 13.7633 11.7905 28.5445 33.652 7.07528 8.21708 9.27388
internal_count=9405 6925 5595 1330 1243 571 742 464 4352 2480 4269 451 759 3818 2212 993 608 376 1219 689 436 501 176 278 246 237 499 83 114 190
is_linear=0
shrinkage=0.035


Tree=45
num_leaves=31
num_cat=0
split_feature=117 110 97 10 88 54 83 65 13 69 56 46 11 81 54 120 110 0 72 50 72 112 46 0 56 75 44 93 109 71
split_gain=53.6357 26.747 33.2931 22.4253 20.1779 19.3523 13.5563 11.0872 12.7851 9.51378 9.55417 9.33006 7.51214 7.0909 6.64523 7.95764 6.58102 6.48892 5.94426 5.92259 5.86801 5.64443 5.46129 5.45258 5.2354 5.31729 4.86261 4.5984 4.57533 4.46821
threshold=0.73401360544217698 260.25000000000006 1.7983802258258772 3.5000000000000004 1079.5000000000002 0.22474747474747478 1341.5000000000002 4.3431372549019613 5.5000000000000009 3.2500000000000004 0.41801075268817212 0.055300713557594298 16.500000000000004 340.86611123870415 0.16954022988505749 0.012903762903762906 80.250000000000014 36.617500000000007 11.500000000000002 0.081799933087989302 7.5000000000000009 0.026144907723855096 0.0621778350515464 60.826903935185193 0.66515151515151527 2.145502645502646 0.34514106583072107 85681.500000000015 5754.5000000000009 3.9168229702494171
decision_type=2 10 2 2 10 8 10 8 2 10 8 2 2 8 10 2 10 2 10 2 10 2 2 2 10 8 2 2 10 10
left_child=1 4 27 5 6 7 9 8 22 10 11 18 21 -7 15 16 -13 20 -1 -4 -15 -10 -2 28 25 -22 -11 -3 -16 -30
right_child=3 2 19 -5 -6 13 -8 -9 12 26 -12 14 -14 17 23 -17 -18 -19 -20 -21 24 -23 -24 -25 -26 -27 -28 -29 29 -31
leaf_value=-0.019458860975070231 0.011471557644630218 -0.020708766793813869 0.048496222998534101 -0.020034265989587907 0.03705434071720172 0.022540725368834523 -0.029721494316278473 0.039407340921876026 0.0049602428706048314 -0.0091869278925308957 -0.019653411201457992 0.043619097476033791 0.021789617781514722 -0.011765507583481724 -0.0094494631179767724 -0.009698699787343671 -0.0072968710803027331 -0.014557791206770468 0.007292959014975225 9.7544534765119393e-05 0.036215278407175894 -0.022566521313586649 0.038275542535830077 -0.019398123112558521 -0.0092847566005314075 -0.0056634345496092342 0.020774542200229791 0.014860839200887814 0.037374642626751567 -0.0085772744251178586
leaf_weight=34.109777780249715 22.149324212223291 17.596432242542509 18.584092350676659 16.359398610889912 5.123360186815261 11.160231333225964 49.52492393925786 46.202649030834436 16.918809607625011 6.6802902035415199 90.105030143633485 9.7264194842427987 10.012451723217962 8.1958531159907597 4.5695117283612507 4.4648934938013545 2.3203049059957257 26.718170082196593 10.7727979645133 3.5887752734124652 9.706813920289278 11.743842180818318 25.242856487631798 8.9922911301255208 3.8840426467359057 3.3513367511332044 13.864549569785593 1.7534484080970276 3.3338820394128561 1.5033268965780733
leaf_count=751 162 443 144 406 27 85 2147 251 132 147 2429 179 69 109 83 86 52 484 232 60 92 110 170 195 72 38 212 30 51 32
internal_value=0.0019054 -0.00791461 0.0167014 0.0150796 -0.0123355 0.0184478 -0.0141248 0.0258232 0.0167678 -0.00941225 -0.0121451 -0.00300751 0.00132771 0.00220666 0.00979651 0.0231103 0.0345484 -0.00376695 -0.0129504 0.0421221 0.0082146 -0.00799484 0.0280387 -0.00453677 0.0183586 0.0268751 0.0111411 -0.0150959 0.0114716 0.0259926
internal_weight=498.26 286.614 41.5227 211.646 245.091 195.286 239.968 132.27 86.0673 190.443 169.898 79.7932 38.6751 63.0164 34.9106 16.5116 12.0467 51.8562 44.8826 22.1729 25.138 28.6627 47.3922 18.399 16.9422 13.0582 20.5448 19.3499 9.40672 4.83721
internal_count=9480 7300 677 2180 6623 1774 6596 894 643 4449 4090 1661 311 880 678 317 231 795 983 204 311 242 332 361 202 130 359 473 166 83
is_linear=0
shrinkage=0.035


Tree=46
num_leaves=31
num_cat=0
split_feature=81 27 119 56 10 11 10 101 54 16 56 81 118 29 19 110 15 29 109 145 55 19 100 84 1 55 143 122 97 90
split_gain=49.956 46.126 20.2309 17.0044 14.926 12.4347 10.5924 9.22828 11.0625 14.0334 7.93085 7.63502 9.25019 6.6244 6.39434 6.34859 6.18722 5.99309 5.98099 5.57326 5.55993 5.02867 4.87977 4.60756 4.08268 4.08812 4.05357 4.02162 4.42289 4.43472
threshold=452.50265221412877 9.5000000000000018 0.74687017361519292 0.26111660079051385 3.5000000000000004 6.5000000000000009 1.5000000000000002 0.36515151515151517 0.22474747474747478 12.500000000000002 0.62988330796549985 375.84735085770393 0.62678571428571439 20.500000000000004 2.5000000000000004 15.250000000000002 1.5000000000000002 2.5000000000000004 281.50000000000006 0.34642154754510107 0.89417693169092949 1.5000000000000002 0.11324786324786326 513.25000000000011 3.5000000000000004 0.46470099667774095 0.19800569800569803 1.5000000000000002 3.8197975228292864 73351.807142857157
decision_type=10 2 8 8 2 2 2 2 8 2 10 8 2 2 2 10 2 2 10 8 10 2 2 8 2 10 10 2 2 2
left_child=1 2 17 6 5 11 13 8 9 10 24 -3 -13 -4 16 -14 -7 -1 -19 21 -11 -8 -22 -9 -5 -26 -25 -10 29 -29
right_child=-2 4 3 7 -6 14 19 23 27 20 -12 12 15 -15 -16 -17 -18 18 -20 -21 22 -23 -24 26 25 -27 -28 28 -30 -31
leaf_value=0.028906616773736623 -0.027495616879141729 0.026285453636580434 0.043295597184921639 -0.0022652804557231165 -0.015230048091247117 0.00069411843967560839 -0.017872683960536977 0.012807273503092043 -0.01798599577291167 -0.018656106462936084 -0.0059917632331312068 0.03021337211088455 0.017891114664214301 -0.0037102288577968452 -0.0050619467463035601 -0.018837927233744726 0.035316610390364364 -0.0097634466759949651 0.024195076735271628 0.015760282332018878 -0.012259991229817375 0.0099637782749759426 0.026362308438933054 -0.024025830603846794 -0.0011392753693053224 0.045106562156562308 0.011072769075505471 0.020142317602506073 -0.015240433112015185 -0.012674440058500897
leaf_weight=23.580867746844888 58.038847241550684 10.738015923649071 9.7471839748322946 2.7604070305824342 9.3192188981920463 7.0140846502035847 17.515399195253853 1.7243792712688435 52.909804189577699 18.790556592866782 6.512038627639412 3.0679301097989109 3.0962348431348827 3.9060655981302252 4.4553946349769822 22.021863067522645 85.796000154688954 13.384856779128315 4.7584899812936774 13.021721716970204 3.2210135236382476 8.3325292095541936 4.0489876791834831 65.367314329370856 2.4157711751759043 12.888837080448864 1.5059629064053286 10.295564297586681 9.1592969577759487 3.4948716089129439
leaf_count=287 2577 52 86 32 197 43 276 18 1238 410 115 24 14 40 40 405 602 244 45 214 47 117 42 1624 45 146 30 201 172 71
internal_value=0.00166314 0.00582323 -0.0023133 -0.00618993 0.021542 0.0245085 0.0107766 -0.0109128 -0.00495157 0.00729402 0.0240693 0.00667641 -0.00362881 0.0324579 0.0309692 -0.0120919 0.0328693 0.0188935 0.00244597 0.000329594 -0.00985419 -0.00873862 0.0112276 -0.0208223 0.0338554 0.0393238 -0.0225201 -0.0130713 -0.000550039 0.0106661
internal_weight=492.89 434.851 289.342 247.618 145.509 136.19 52.5229 195.095 126.497 50.6376 24.5771 38.924 28.186 13.6532 97.2655 25.1181 92.8101 41.7242 18.1433 38.8697 26.0606 25.8479 7.27 68.5977 18.065 15.3046 66.8733 75.8595 22.9497 13.7904
internal_count=9454 6877 5500 4924 1377 1180 733 4191 2519 837 338 495 443 126 685 419 645 576 289 607 499 393 89 1672 223 191 1654 1682 444 272
is_linear=0
shrinkage=0.035


Tree=47
num_leaves=31
num_cat=0
split_feature=81 27 47 47 117 11 65 114 69 81 66 63 88 59 128 32 101 55 117 60 30 60 95 98 54 93 1 114 46 86
split_gain=48.3386 44.8444 20.3627 17.3761 14.8759 11.7594 9.50033 11.8413 9.44717 9.31144 8.86427 7.4569 6.86058 6.40811 7.76813 6.3993 6.20554 6.19505 5.40568 5.08458 5.89237 4.54897 4.40488 4.3631 4.32395 4.57185 4.15541 3.84796 3.4258 3.4142
threshold=452.50265221412877 4.5000000000000009 0.099019607843137278 0.040956108470785575 0.5545634920634922 2.5000000000000004 4.3431372549019613 0.091608391608391626 2.7500000000000004 340.86611123870415 2.5114021650893998 0.72456896551724148 716.50000000000011 0.64670014347202309 0.22902097902097904 1.5000000000000002 0.089572192513368995 0.47151459008800373 0.26491228070175443 0.90754985754985762 12.500000000000002 0.90754985754985762 522.50000000000011 0.82843137254901966 0.24404761904761907 38394.500000000007 7.5000000000000009 0.1420168067226891 0.090326340326340335 209.44753394541917
decision_type=10 2 2 2 2 2 8 2 10 8 10 2 10 2 2 2 2 10 2 2 2 2 2 2 10 2 2 2 2 8
left_child=1 2 8 5 -4 29 7 17 11 -5 24 -1 -9 14 -10 -13 -15 -7 -11 -19 23 -17 -16 -21 -6 -26 -23 -24 -20 -3
right_child=-2 3 4 9 10 6 -8 12 13 18 -12 15 -14 16 22 21 -18 19 28 20 -22 26 27 -25 25 -27 -28 -29 -30 -31
leaf_value=-0.017250021571807734 -0.027829545622128544 0.014927977088730914 -0.013332293706552475 0.021479793130450835 0.045682148348183529 -0.0085372867420703113 0.039926524436470948 -0.012637738303296744 -0.0096106457640569801 0.016354954092501064 -0.013173306244641603 -0.0099336736017802754 0.017489779570042212 0.014273043753826676 -0.0050332701390240859 -0.010637932084345976 -0.016307944559722717 0.0094457377168347609 -0.024272342944156255 0.002347241619097318 -0.0015547365220694607 -0.0055313744378117221 0.040850082811857112 0.041861142356714204 0.026721490700008909 -0.0094997635738508675 0.032588462236244703 -0.0018443525520784698 0.0039532118507862894 -0.016665716061578704
leaf_weight=116.63454518280923 56.460559979081154 1.5670566689223022 10.264870055019854 8.3936764895915967 15.557282179594045 3.8696146626025429 41.512194996699691 18.140792863443497 7.3614805471152094 2.5562402140349176 2.5646848510950795 25.431344922631979 10.440946597605942 7.591066254302862 2.9361262042075387 3.1795152761042109 19.803383545950055 18.47828103043139 19.359488403424624 4.4068851117044678 4.6306544337421647 2.9980505350977174 10.260086126625536 35.996869303286076 2.9368354175239784 5.2686377558857203 8.4929222520440799 2.6103120837360612 5.1110630519688121 9.0988968871533871
leaf_count=2701 2576 13 271 42 127 73 247 221 124 36 39 612 79 103 45 68 343 201 334 32 40 62 131 339 37 83 146 25 79 181
internal_value=0.00122903 0.00534464 -0.00448289 0.0181747 0.0180434 0.0232926 0.0259974 0.0182931 -0.00879053 -0.00346397 0.030452 -0.0129348 -0.000666688 0.00406414 0.0159966 0.000136695 -0.00693882 0.0258258 -0.0133547 0.0283897 0.034442 0.0156814 0.0273662 0.0382844 0.0366319 0.00867326 0.0239812 0.0340977 -0.0187065 -0.00874095
internal_weight=483.914 427.454 243.891 183.563 36.5923 148.142 137.476 95.964 207.299 35.4205 26.3274 156.736 28.5817 50.5625 23.168 40.1018 27.3944 67.3823 27.0268 63.5127 45.0344 14.6705 15.8065 40.4038 23.7628 8.20547 11.491 12.8704 24.4706 10.666
internal_count=9410 6834 4917 1917 557 1426 1232 985 4360 491 286 3589 300 771 325 888 446 685 449 612 411 276 201 371 247 120 208 156 413 194
is_linear=0
shrinkage=0.035


Tree=48
num_leaves=31
num_cat=0
split_feature=96 81 56 10 54 45 98 119 108 129 56 50 56 50 117 110 45 1 29 60 71 84 24 70 44 106 1 145 99 118
split_gain=47.2385 33.1282 26.4757 20.2163 22.9586 14.088 19.0391 9.12261 8.59644 8.81768 8.13901 10.5966 7.0628 6.86639 6.05682 5.63065 5.3262 4.81785 4.73211 6.18841 4.67511 4.63921 4.51745 4.19025 4.74774 3.95696 3.96896 3.9311 3.74673 3.36432
threshold=2.8944444444444448 452.50265221412877 0.62593283582089565 3.5000000000000004 0.26969696969696971 0.10050505050505053 0.87867647058823539 0.59099750612234125 118.50000000000001 9.5000000000000018 0.30690737833594983 0.062895569620253181 0.23466833541927412 0.021507863089731735 0.66018867924528313 1098.5000000000002 0.057417582417582429 19.500000000000004 24.500000000000004 0.84248120300751894 6.958200233349582 908.25000000000011 15.500000000000002 16.174242424242429 0.95833333333333337 161.55555555555557 8.5000000000000018 0.40475321614415333 0.82085561497326209 0.77638888888888902
decision_type=2 10 8 2 8 2 2 8 10 2 10 2 10 2 2 8 2 2 2 2 10 8 2 10 2 10 2 10 2 2
left_child=1 2 3 4 5 6 -1 25 9 23 11 22 -9 -8 20 -10 29 -18 19 -15 -14 -12 -7 24 -4 26 -6 -21 -25 -16
right_child=-2 -3 8 -5 7 10 13 12 15 -11 21 -13 14 18 16 -17 17 -19 -20 27 -22 -23 -24 28 -26 -27 -28 -29 -30 -31
leaf_value=-0.011164332513407751 0.032957450488844582 -0.025752140126956768 -0.02314180593653838 -0.020660738638118022 0.019423831510449588 0.03279556661178 0.041984871365754413 0.019587969223138695 0.028038590990263453 0.017343576678443665 0.017410683560210454 -0.0084043500822332095 -0.021371763077924665 -0.0095676848235094706 0.011359003634691927 -0.013144150743046021 0.020137824407110236 -0.014484542805356205 -0.0022506085410908929 0.032172344955058142 0.013598343300108682 -0.013998865838444348 -0.0060852675898986942 0.018155649458862097 0.0087734385611631088 0.035174371180445273 -0.014661273030326461 -0.0010784626698402094 -0.011492452058287323 -0.019996319706239468
leaf_weight=12.27530427649617 49.988434296101332 54.501401288434863 73.832268383353949 23.026547295972705 2.4422570783644897 19.134444043040279 42.399753302335739 5.8396234791725865 5.9641635827720139 5.3801123443990937 2.6678482610732344 12.738071789965032 41.824180126190186 3.6493654493242493 2.0731127858161953 2.7751522492617378 14.223776742815973 2.6385584250092498 9.4355038721114379 30.501586254686117 1.8457256257534016 24.696025678887963 2.6604230478405944 3.8717359974980337 3.6441134717315427 4.6594328917562962 4.5634737070649862 4.6026016771793357 7.7117145545780659 10.726859485730527
leaf_count=99 292 2587 1814 558 37 239 323 65 77 50 18 202 1007 56 27 65 196 41 111 354 35 499 21 73 94 27 77 59 192 159
internal_value=0.00238397 -0.00145262 0.00230411 0.00789596 0.0108156 0.0184222 0.0260863 -0.00322257 -0.0124631 -0.0156222 0.00468784 0.0150712 -0.00775735 0.0314539 -0.0110462 0.0149368 0.00122174 0.0126466 0.0191124 0.0239765 -0.0186486 -0.00871985 0.0277996 -0.0184297 -0.0211998 0.0206484 0.000361865 0.0282218 0.000903513 -0.0131537
internal_weight=486.294 436.305 381.804 278.624 255.598 164.761 102.864 90.837 103.179 94.4399 61.8968 34.5329 79.1718 90.5888 73.3322 8.73932 29.6623 16.8623 48.1891 38.7536 43.6699 27.3639 21.7949 89.0598 77.4764 11.6652 7.00573 35.1042 11.5835 12.8
internal_count=9454 9162 6575 4210 3652 1981 1002 1671 2365 2223 979 462 1530 903 1465 142 423 237 580 469 1042 517 260 2173 1908 141 114 413 265 186
is_linear=0
shrinkage=0.035


Tree=49
num_leaves=31
num_cat=0
split_feature=81 27 47 68 110 100 110 65 65 49 86 119 56 72 71 60 25 87 6 116 14 24 0 143 119 95 57 60 91 110
split_gain=42.9342 37.1044 21.6378 15.2577 13.4632 11.6513 11.0312 10.2245 10.1985 10.3392 7.7342 6.92713 7.53076 7.44832 6.43548 6.23529 6.17523 5.77511 5.48403 5.35622 4.95242 4.72827 4.3548 5.67199 5.18992 4.59241 4.23559 4.11439 4.08926 3.71541
threshold=431.52197836116596 4.5000000000000009 0.099019607843137278 6.5000000000000009 191.25000000000003 0.15894736842105264 58.250000000000007 2.3245614035087727 5.5773809523809534 0.063301282051282062 261.39943343151418 0.37282449471082063 0.30116279069767443 8.5000000000000018 5.1422439487411831 0.90443574690150041 1.5000000000000002 1.5000000000000002 1.5000000000000002 0.33143939393939398 2.5000000000000004 7.5000000000000009 22.074739583333336 0.15373688811188815 0.70784234098129406 29152.000000000004 0.34807692307692312 0.83889506859473506 70.860516809325944 78.750000000000014
decision_type=10 2 2 10 10 2 8 10 10 2 8 8 8 8 10 2 2 10 2 2 2 2 2 10 10 2 10 2 10 10
left_child=1 2 8 4 10 18 7 -4 9 11 20 -1 13 14 -13 19 21 -2 27 -15 -3 28 23 24 -14 -26 -7 -5 -12 -11
right_child=17 3 6 5 -6 26 -8 -9 -10 29 16 12 22 15 -16 -17 -18 -19 -20 -21 -22 -23 -24 -25 25 -27 -28 -29 -30 -31
leaf_value=0.015905216566340842 0.010698432225769763 0.031712888239946335 0.043035143069238772 -0.00080932743607328077 0.030997435636975334 -0.015869544336337547 -0.0096584966600931597 0.00088214732470917752 0.024919861364854072 0.027190372908726515 0.011202128786402287 -0.021466900675001951 0.0085371529609520238 -0.0033753415892075929 0.012040843732975291 -0.0021483566374897356 0.011188136872442567 -0.028126863674931613 0.003444819349158839 0.043157764228530821 -0.003863058037055991 0.010106938036946088 -0.02183353806723155 0.020855329219972778 -0.021511966179543342 0.01177805029943437 0.013864526319435482 0.036670688342635677 -0.01974813762789189 -0.0095229486112731049
leaf_weight=6.6119735315442076 2.5677333492785683 7.7828376926481706 16.950690489262346 3.5536772888153783 16.210451116785407 7.4895333014428598 9.3977102916687709 10.69695322960615 6.2944964766502371 7.8176083248108608 2.7258882652968159 20.711008073762063 9.1533071212470514 3.4570837579667595 5.9834991339594117 17.191370524466038 14.447804015129803 54.591144427657127 8.7883586045354587 4.5014693215489388 6.1081526409834623 6.3970862459391347 86.407137321308255 3.1065602265298358 29.414920141920447 2.7029706872999659 6.1574061531573534 66.194796100258827 36.909014351665974 1.7604810707271097
leaf_count=98 97 59 166 26 122 110 248 140 63 115 24 367 168 69 100 272 212 2609 55 64 32 82 2274 46 579 54 53 406 683 48
internal_value=0.0015454 0.00546116 -0.00352637 0.0171462 0.00639911 0.026834 0.0194894 0.0293589 -0.00804808 -0.00967754 -0.000577479 -0.0116175 -0.0130113 -0.00151015 -0.0132416 0.0110727 -0.00623558 -0.0256625 0.0317385 0.0294413 0.0191874 -0.0122646 -0.017347 -0.00728491 -0.0114278 -0.0175012 -0.00233342 0.0348347 -0.0166031 0.0194906
internal_weight=482.083 424.924 242.159 182.765 90.5812 92.1838 37.0454 27.6476 205.114 198.819 74.3708 189.241 182.629 51.8444 26.6945 25.1499 60.4798 57.1589 78.5368 7.95855 13.891 46.032 130.785 44.3778 41.2712 32.1179 13.6469 69.7485 39.6349 9.57809
internal_count=9441 6735 4871 1864 1214 650 554 306 4317 4254 1092 4091 3993 872 467 405 1001 2706 487 133 91 789 3121 847 801 633 163 432 707 163
is_linear=0
shrinkage=0.035


Tree=50
num_leaves=31
num_cat=0
split_feature=117 110 97 87 10 109 32 69 60 142 26 54 3 0 96 54 41 55 27 112 83 60 122 36 81 145 45 110 92 83
split_gain=50.5913 24.8021 36.478 22.6393 18.7481 13.9801 10.3039 8.99353 8.23613 7.22488 9.07308 6.19394 13.359 6.67564 6.15393 6.08959 7.25903 5.92412 5.56211 5.0404 4.70694 4.42504 4.40779 4.27925 4.80019 4.35678 4.18358 4.15117 4.15035 3.83874
threshold=0.73401360544217698 260.25000000000006 1.9536549858406314 1.0000000180025095e-35 3.5000000000000004 2537.0000000000005 8.5000000000000018 2.7500000000000004 0.84668803418803429 10.500000000000002 18.500000000000004 0.17519181585677754 15.500000000000002 0.89696759259259273 4.4924242424242431 0.25543478260869573 11.500000000000002 0.69905660377358492 8.5000000000000018 0.023122159850307408 1268.0000000000002 0.60769230769230786 9.5000000000000018 17.500000000000004 284.69296540114448 0.066409882116637786 0.17089216944801031 106.75000000000001 74741.000000000015 1040.0000000000002
decision_type=2 10 2 8 2 10 2 10 2 2 2 8 2 2 2 8 10 10 2 2 8 2 2 2 10 8 2 10 2 8
left_child=1 3 28 -1 5 6 14 11 -7 10 23 12 17 -14 20 16 18 -5 27 -12 -2 -13 -15 24 25 -10 -27 -9 -3 -17
right_child=4 2 -4 7 -6 8 -8 15 9 -11 19 21 13 22 -16 29 -18 -19 -20 -21 -22 -23 -24 -25 -26 26 -28 -29 -30 -31
leaf_value=0.033982669308004677 0.011308468861596057 -0.022634760789243577 0.042700976402976126 -0.00069459740300590992 -0.018544192915628515 -0.0047038311931010468 0.027692581350707894 0.035795409525290589 0.0010077874749401616 -0.0026453084016923988 0.021503018110203612 0.0089530526428989142 0.013518330350341543 -0.023194998837999799 0.023179622171512256 0.014226055344016119 -0.016250137333264733 0.044091956665717226 -0.0035431531949392998 -0.0044197529649861022 -0.01371424645338438 -0.023688911156268002 0.00898601362395628 -7.3143674108318619e-05 0.0045116119768039333 0.043271028641970972 0.0054479256282376903 -0.0045102256262705134 0.011826098114291897 -0.018776303475491602
leaf_weight=7.7980476282536975 7.7456973996013394 17.03792287781835 22.088879380375147 6.5378982555121166 14.684658613055943 9.6030039731413108 11.419549789279698 10.725898560136562 3.7900917232036582 8.6775918453931791 15.008082553744318 2.8667121082544318 5.0534149724990121 38.039678763598204 3.8894484490156165 1.4632652495056415 6.2757167946547261 2.6997981276363134 8.5628360453993064 14.367398858070372 36.448494587093592 115.23408182710409 3.2842587362974873 4.0970080420374861 6.7924996130168429 63.325798239558935 5.4268321506679049 2.6271184720098963 2.0178445484489194 18.369594583287835
leaf_count=69 80 454 175 181 389 106 72 212 30 60 99 92 115 1218 20 13 150 55 208 106 596 3609 82 28 162 365 43 47 48 482
internal_value=0.00224102 -0.00764673 0.0160559 -0.0121471 0.0151511 0.0181549 0.00366576 -0.014483 0.0243555 0.0267476 0.029025 -0.0180972 -0.00753068 -0.0153367 -0.00411137 -0.000935796 0.00895492 0.0232822 0.0178504 0.0100256 -0.00862501 -0.0225651 -0.0199435 0.0347693 0.0364663 0.0389745 0.0408573 0.0287972 -0.0172861 -0.0139673
internal_weight=475.959 270.683 41.1446 229.538 205.276 190.591 59.5032 221.74 131.088 121.485 112.808 173.716 55.615 46.3774 48.0836 48.0244 28.1916 9.2377 21.9159 29.3755 44.1942 118.101 41.3239 83.4322 79.3352 72.5427 68.7526 13.353 19.0558 19.8329
internal_count=9366 7210 677 6533 2156 1767 768 6464 999 893 833 5352 1651 1415 696 1112 617 236 467 205 676 3701 1300 628 600 438 408 259 502 495
is_linear=0
shrinkage=0.035


Tree=51
num_leaves=31
num_cat=0
split_feature=81 96 56 10 54 46 119 55 98 0 74 119 117 106 50 109 93 32 56 129 90 110 41 26 67 4 82 65 55 87
split_gain=45.6667 32.1553 24.8576 22.219 19.7325 11.7881 10.1142 8.44363 8.53192 8.66007 7.94087 7.41123 6.81664 6.78026 6.62551 6.57979 5.62403 5.58608 5.4564 5.29038 4.58297 4.31859 6.04232 4.30141 4.26394 4.7093 4.06199 3.9126 7.35513 3.69717
threshold=452.50265221412877 3.2583333333333337 0.62593283582089565 3.5000000000000004 0.26969696969696971 0.099180327868852475 0.59099750612234125 0.56736587333602262 0.7543103448275863 156.66026620370374 11.750000000000002 0.8704386226815618 0.71060794044665021 775.18589743589757 0.079595736122284808 281.50000000000006 36854.000000000007 4.5000000000000009 0.21380952380952384 4.5000000000000009 19698.938405797104 59.750000000000007 6.5000000000000009 36.500000000000007 1.5000000000000002 2.5000000000000004 71.500000000000014 3.6946386946386949 0.56736587333602262 1.0000000180025095e-35
decision_type=10 2 8 2 8 2 8 10 2 2 8 8 2 10 2 10 2 2 10 2 2 10 8 2 10 2 8 8 10 8
left_child=1 2 3 4 5 7 -6 29 -9 10 13 15 18 -10 -7 17 20 -4 -8 27 -12 23 -23 -18 25 -14 -20 -13 -29 -1
right_child=-2 -3 11 -5 6 14 12 8 9 -11 16 19 24 -15 -16 -17 21 -19 26 -21 -22 22 -24 -25 -26 -27 -28 28 -30 -31
leaf_value=0.018644190019497617 -0.027713029793374592 0.036478929728024807 -0.017261619373681068 -0.022627836669165992 0.021280596112702117 0.040504173158339513 0.017594159208011467 -0.019568637392215114 -0.010819247080476838 -0.011444040961657798 0.019821664879078372 -0.023545120678394139 -0.0096394246843305026 0.021418542138029337 0.0020030765389340739 0.030231309623023787 0.039971190319479127 0.019371012809215334 0.012239210305624686 0.0074996802030147065 -0.0084077868119724914 0.023373463382884648 -0.01385464629925668 0.00076144140667921566 -0.013676185243597301 0.021509113565678837 -0.01956589865273951 0.020116461970838884 -0.015482000352454018 -0.0097078622482590932
leaf_weight=2.1517805643379715 51.752198869362473 32.941310551017523 10.5485687982291 21.986361933872104 13.40844640880823 29.986891310662031 2.123714640736579 3.8067881576716891 14.864217948168518 7.9346417393535367 10.383376102894546 53.446461483836174 5.0426845848560395 8.4483080860227329 7.1295612324029198 4.3416082002222529 39.031998539343476 2.8499612212181082 2.1104023698717347 8.0597235076129419 9.0689845904707891 7.6965834517031881 4.9242904987186202 3.929693514481186 5.372349750250577 15.315305249765514 47.307024765759706 5.4111358933150795 18.390170129016042 24.621192347258329
leaf_count=10 2581 183 249 547 154 270 25 28 157 120 92 1457 94 117 116 50 338 43 20 106 87 133 114 42 64 146 1160 110 412 410
internal_value=0.00180958 0.00570643 0.00267601 0.00795832 0.0108717 0.0176148 -0.00231005 0.0120628 0.016209 0.0183121 0.0211504 -0.0117059 -0.00744812 0.00258286 0.0342244 0.00730327 0.0263974 -0.00632288 -0.0143448 -0.0158445 0.0076326 0.0317926 0.00903846 0.036838 0.00645305 0.0134143 -0.0172079 -0.018588 -0.00530154 -0.00485379
internal_weight=474.386 422.634 389.692 286.645 264.658 173.978 90.6799 136.862 110.089 106.282 98.3475 103.048 77.2715 23.3125 37.1165 17.7401 75.0349 13.3985 51.5411 85.3075 19.4524 55.5826 12.6209 42.9617 25.7303 20.358 49.4174 77.2478 23.8013 26.773
internal_count=9435 6854 6671 4244 3697 2034 1663 1648 1228 1200 1080 2427 1509 274 386 342 806 292 1205 2085 179 627 247 380 304 240 1180 1979 522 420
is_linear=0
shrinkage=0.035


Tree=52
num_leaves=31
num_cat=1
split_feature=81 69 0 129 45 50 56 133 63 100 119 120 60 11 82 32 93 60 55 118 107 65 107 65 93 55 143 109 46 88
split_gain=37.2168 32.7129 19.6218 16.7168 11.4451 11.6576 10.6045 10.4209 8.53397 8.2885 6.09485 5.49979 6.2247 5.7403 5.08334 4.69335 4.33623 4.3069 4.22542 4.12862 3.97286 3.94406 3.93817 3.83362 3.58994 3.57654 3.57346 3.3976 3.07527 3.06597
threshold=452.50265221412877 2.7500000000000004 15.682447916666669 9.5000000000000018 0.10582306830907055 0.073879142300194947 0.26352339181286555 0 0.69604037267080754 0.15894736842105264 0.74687017361519292 0.039344685242518065 0.90443574690150041 5.5000000000000009 562.50000000000011 3.5000000000000004 15685.000000000002 0.85880398671096347 0.72821969696969713 0.67156862745098056 1453.1789876381886 2.5857843137254908 1218.4426787874888 2.7445652173913051 55881.000000000007 0.69905660377358492 0.011116603504146758 7468.5000000000009 0.11658109332527938 1078.5000000000002
decision_type=10 10 2 2 2 2 8 1 2 2 8 2 2 2 10 2 2 2 10 2 10 10 8 10 2 10 10 10 2 10
left_child=1 2 4 6 5 8 18 9 22 14 15 12 13 -9 17 -8 -14 -3 28 -6 -13 -7 -1 -21 -5 -11 -25 -24 -4 -12
right_child=-2 7 3 24 19 21 10 11 -10 25 29 20 16 -15 -16 -17 -18 -19 -20 23 -22 -23 27 26 -26 -27 -28 -29 -30 -31
leaf_value=0.023953701869472738 -0.025657110426005401 0.0032454099628580067 -0.011817036193825665 -0.00070251374598217413 0.013906389802482244 -0.017358354644185472 -0.0093402307162471828 -0.0078460406857334339 0.046123795942014705 -0.01344601671528001 -0.02034654192541516 -0.0023980211617242141 0.016711052241706076 0.027967720361592924 0.0013585448150781605 0.021777161328995091 -0.013245571045104413 0.035101526681836498 0.015798285588770094 -0.016684979080104152 0.037444924414531573 0.014563257390260858 -0.010874332608870474 0.023019890964999047 0.031794293605454875 0.013383620441081386 -0.01041568621288882 0.013387311838802521 0.013363957781283941 0.010501062021472574
leaf_weight=15.196471689268945 50.700710039585829 6.8198545072227708 17.311136970296506 5.6565944645553818 6.4216704089194527 9.9418613705784065 10.926701294258235 6.043731063604354 13.785375732928513 6.8439407572150213 112.93855438381433 3.6963602732866985 2.7194225974380997 9.2446086853742582 7.6289801672101012 4.5559029914438716 29.164903670549393 60.551472941413522 14.935051854699848 22.906626012176279 4.4613709226250648 2.5580716095864764 9.4812045935541409 3.1073990706354371 8.8210237286984903 7.5253252889961004 3.466885969042778 8.8560861200094205 3.5162089001387349 1.1925253551453341
leaf_count=140 2595 73 339 48 109 182 232 132 128 102 2969 51 28 110 54 68 446 433 174 436 63 33 135 29 65 69 53 95 53 8
internal_value=0.00126005 0.00477072 -0.00234381 -0.0090787 0.010133 0.0189598 -0.0123854 0.0179458 0.0263432 0.0250595 -0.0169022 0.00533118 -0.000226063 0.0153655 0.0294558 0.00289716 -0.00877158 0.0323238 0.00405026 -0.00509367 0.0253407 -0.00853123 0.0132819 -0.0106487 0.0221764 0.000432663 0.00850532 0.00120075 -0.00580165 -0.019597
internal_weight=470.976 420.275 275.575 179.854 95.7217 59.8191 165.376 144.7 47.3191 89.3696 129.614 55.3304 47.1727 15.2883 75.0003 15.4826 31.8843 67.3713 35.7624 35.9026 8.15773 12.4999 33.5338 29.4809 14.4776 14.3693 6.57429 18.3373 20.8273 114.131
internal_count=9452 6857 5296 3956 1340 713 3843 1561 498 731 3277 830 716 242 560 300 474 506 566 627 114 215 370 518 113 171 82 230 392 2977
cat_boundaries=0 1
cat_threshold=2
is_linear=0
shrinkage=0.035


Tree=53
num_leaves=31
num_cat=0
split_feature=81 27 47 65 65 117 117 66 100 87 143 94 74 87 59 2 65 110 54 107 90 15 49 122 11 49 7 55 55 11
split_gain=40.0302 34.1926 18.7781 18.189 15.1612 14.7257 13.0073 12.1526 10.9098 8.00885 7.25422 6.70626 5.97361 5.41957 5.41075 5.02973 4.88824 4.49513 4.44548 4.65943 5.3021 4.23663 6.20491 4.19028 4.46666 4.17563 3.88169 3.87285 3.82224 3.80988
threshold=452.50265221412877 3.5000000000000004 0.057831661092530663 2.5590277777777781 2.6733333333333338 0.66877637130801693 0.17028985507246377 2.3671648904982097 0.15894736842105264 1.0000000180025095e-35 0.011116603504146758 80648.250000000015 18.750000000000004 164.50000000000003 0.69826295297993413 5.5000000000000009 5.0333333333333341 200.25000000000003 0.093386627906976757 2811.5039432256012 70906.016091954036 1.5000000000000002 0.018019480519480522 5.5000000000000009 4.5000000000000009 0.052289815447710192 1.5000000000000002 0.66441441441441451 0.69905660377358492 7.5000000000000009
decision_type=10 2 2 10 10 2 2 10 2 8 10 2 10 10 2 2 10 10 10 10 2 2 2 2 2 2 2 10 10 2
left_child=1 2 7 6 5 29 17 12 21 -8 23 13 14 -11 -1 -7 -12 -3 -16 -20 -21 -5 26 24 -9 -6 -23 -26 -10 -4
right_child=-2 3 4 8 25 15 9 10 28 11 16 -13 -14 -15 18 -17 -18 -19 19 20 -22 22 -24 -25 27 -27 -28 -29 -30 -31
leaf_value=-0.022729961023197683 -0.026753883652688819 -0.0046835038010818036 -0.013246307030523484 0.006364218626503557 -0.018272113558416386 0.041088399992544183 0.024278272817956699 -0.0040043254209125448 -0.012751511340370034 -0.020620893347000905 -0.014815269616551236 0.016291524651836069 0.012796980191469706 0.0083437824476881688 0.016782026499961092 -0.00018982115907081691 0.01770220029438551 0.034013498785381506 -0.014570873927217658 -0.0093355323468360379 0.030497141340024254 0.036368019154848864 0.001260845856511632 -0.0037929959962861868 0.0023404834717417424 0.014809778363887948 0.0046794728160860577 0.050119387655169517 0.01204833611776567 0.014557391412695464
leaf_weight=69.739136811345816 49.834104193374515 3.3404553756117812 11.693720631301405 12.515227321535347 16.760751530528072 23.494103850796822 4.208747547119855 2.6382318437099448 9.3441511839628237 38.39745575748384 15.202449498698117 5.2553051542490712 5.625915963202714 6.8005362860858432 3.8077499605715266 4.0891804452985516 3.1991993915289632 11.112878104671834 46.6448058411479 5.3960033413022748 2.3986640833318233 71.27207051590085 8.1465322449803335 4.461464997380971 3.2638666797429305 1.9338787924498309 6.7574327290058127 5.0650179032236338 11.230986123904584 4.6431520599871865
leaf_count=1775 2617 55 342 118 292 197 20 58 160 768 239 89 119 79 78 40 28 74 1125 146 59 495 66 45 48 23 48 55 95 113
internal_value=0.00140161 0.00503111 -0.0040093 0.0158897 0.0117338 0.0222465 0.00139251 -0.0100659 0.0238969 -0.00680141 0.00780732 -0.0113493 -0.0147097 -0.0158658 -0.0163545 0.0358789 -0.00658761 0.0261648 -0.0075278 -0.0104968 0.01005 0.0285167 0.0312084 0.0223863 0.030889 -0.0124469 0.0340708 0.0392977 0.000494495 -0.00378458
internal_weight=468.273 418.439 230.057 188.382 62.6148 43.9202 69.1154 167.443 119.266 54.662 33.8302 50.4533 133.612 45.198 127.986 27.5833 18.4016 14.4533 58.2472 54.4395 7.79467 98.6913 86.176 15.4286 10.9671 18.6946 78.0295 8.32888 20.5751 16.3369
internal_count=9466 6849 4782 2067 1007 692 1085 3775 982 956 473 936 3302 847 3183 237 267 129 1408 1330 205 727 609 206 161 315 543 103 255 455
is_linear=0
shrinkage=0.035


Tree=54
num_leaves=31
num_cat=0
split_feature=81 0 54 26 56 50 45 4 88 95 48 71 66 69 20 6 42 56 50 90 87 94 69 45 11 70 64 56 107 93
split_gain=40.7625 32.218 22.6632 14.2195 11.7854 10.831 8.70624 8.28775 7.60686 6.49516 7.63376 7.61293 5.95789 5.59228 6.38076 5.29464 5.64501 5.19372 4.78489 4.46078 4.40456 4.18337 4.07788 3.94974 3.87008 3.82069 3.5572 3.51743 3.50951 3.50499
threshold=434.32254476783305 4.7096238425925927 0.22474747474747478 17.500000000000004 0.23145604395604399 0.037855266300453792 0.12365342291208156 6.5000000000000009 1079.5000000000002 5021.5000000000009 0.019049346879535561 4.6159660157449727 2.1888826409720266 2.7500000000000004 1.5000000000000002 1.5000000000000002 1.0000000180025095e-35 0.17425810904071776 0.021507863089731735 79757.272445820447 1.5000000000000002 25317.250000000004 1.7500000000000002 0.15047169811320757 4.5000000000000009 10.676190476190477 0.79285714285714304 0.19098277608915909 2573.5054197955501 48723.500000000007
decision_type=10 2 8 2 8 2 2 2 10 2 2 10 10 8 2 2 10 10 2 2 10 2 8 2 2 8 2 10 8 2
left_child=1 5 3 7 -4 6 15 13 22 -7 11 24 -8 14 21 16 -1 -5 -19 23 -2 -3 -6 29 -11 28 -22 -9 -24 -15
right_child=20 2 4 17 8 9 12 27 -10 10 -12 -13 -14 19 -16 -17 -18 18 -20 -21 26 -23 25 -25 -26 -27 -28 -29 -30 -31
leaf_value=0.0032457490728605327 0.008188688184416178 -0.0089750097088095726 0.019980229373555227 0.014109140707371643 -0.026495879649753286 -0.014101076930946482 -0.0077773262896878616 0.013522117772789681 0.021188255788221384 -0.0016170167344925514 -0.011219324673401433 -0.0071359386531514458 0.023436625294159883 0.014936610851176941 -0.010348185603291961 -0.0025984015901629729 0.036868862702087009 0.0058157935886714706 -0.019534144405632791 -0.002976591600506587 0.0066077300611557983 0.020677495154726062 0.015748449548734333 0.0034089155028767799 0.034814373338234457 -0.014474359820480944 -0.030283857507533658 -0.012869455931308246 -0.01413467293669007 0.049836653028216028
leaf_weight=7.8963675256818524 2.224801216274499 4.0318718198686829 8.2855070140212757 6.3807100132107726 38.071121964603662 11.93086810223758 14.945091858506204 4.4307842217385796 2.5085522383451453 3.7484153471887174 9.7070762254297716 7.4046141989529124 7.2612271513789883 11.903465043753391 10.972419070079921 4.6406516879796973 58.70402942225337 9.9030060116201621 28.507676450535655 3.8153877817094317 1.6962001416832198 30.784775154665112 8.0087504964321816 5.7281914576888076 17.073609679937363 61.969188064336777 46.977063460275531 14.356913378462194 3.0020212344825277 13.048176538199185
leaf_count=120 92 79 106 76 1083 180 266 40 12 72 143 100 65 84 221 31 461 152 692 38 85 439 160 82 186 1390 2529 257 77 107
internal_value=0.00176782 0.00553729 -0.00172607 0.00757055 -0.0125684 0.0186082 0.0253714 0.0147425 -0.0156857 0.00477662 0.0116647 0.0200386 0.00486072 0.0194158 0.00971849 0.0310266 0.0333874 -0.00818011 -0.0130814 0.0294282 -0.0263096 0.0165478 -0.0173956 0.0333105 0.0292128 -0.0112538 -0.0285024 -0.00511141 0.00573125 0.03846
internal_weight=459.919 409.02 265.709 143.863 121.845 143.312 93.4474 99.072 113.56 49.8646 37.9337 28.2266 22.2063 80.2843 45.7891 71.241 66.6004 44.7914 38.4107 34.4952 50.8981 34.8166 111.051 30.6798 20.822 72.98 48.6733 18.7877 11.0108 24.9516
internal_count=9425 6719 5095 2267 2828 1624 943 1347 2722 681 501 358 331 1050 739 612 581 920 844 311 2706 518 2710 273 258 1627 2614 297 237 191
is_linear=0
shrinkage=0.035


Tree=55
num_leaves=31
num_cat=0
split_feature=65 87 83 56 47 50 54 14 27 55 117 99 116 0 0 106 94 34 57 107 46 74 106 107 56 143 117 65 101 145
split_gain=34.7615 24.8044 23.6013 18.0746 14.3377 14.1838 12.3503 14.1202 9.30967 9.08536 9.02454 8.63986 8.36713 7.25005 6.45445 6.43634 5.79079 6.33234 5.39269 5.2071 4.99344 4.64857 4.42988 4.41164 4.37516 3.95755 3.78977 4.2225 3.36547 3.18187
threshold=4.3431372549019613 1.0000000180025095e-35 1384.5000000000002 0.62593283582089565 0.045804195804195813 0.016530054644808747 0.22474747474747478 3.5000000000000004 2.5000000000000004 0.80600358422939078 0.67533783783783796 0.68990384615384626 0.4431524547803618 0.94059027777777782 135.56425925925927 731.2380952380953 44407.000000000007 13.500000000000002 0.4188596491228071 1743.9743424797912 0.05345238095238096 9.7500000000000018 1306.788888888889 837.40543364930443 0.31622807017543864 0.032590865924199262 0.10357142857142858 1.5634920634920637 0.24283374283374287 0.28748712076900379
decision_type=10 8 10 8 2 2 8 2 2 10 2 2 2 2 2 10 2 2 8 10 2 8 8 8 10 10 2 8 2 10
left_child=1 -1 3 5 11 6 7 14 12 16 24 -2 -8 18 -3 -14 25 26 -5 -10 -9 23 -20 -15 29 -7 -18 -28 -13 -11
right_child=4 2 -4 13 -6 9 8 20 19 10 -12 28 15 21 -16 -17 17 -19 22 -21 -22 -23 -24 -25 -26 -27 27 -29 -30 -31
leaf_value=0.035744365245543641 0.039046284076292986 0.043608110418513743 -0.024976008994660497 -0.013180045814152653 -0.010510709158814802 -0.0086552951397011572 -0.020914877158033546 -0.01031824608426004 0.024823899277909674 0.018204787981745268 0.021994942559087009 0.017028361741676649 -0.0063321817743807714 0.022688168080018712 -0.0028058408719770049 0.031339597650146211 0.0077159356581835512 0.015364617162057139 0.030630048617403142 -0.003463791901999318 0.0152421734727079 -0.021347014619961305 -0.010005370215180691 -0.012613473091110593 -0.018434540372053661 0.015134242809398317 0.0015983614353426766 -0.028270618966416753 -0.0088184567121112334 -0.012140554587685802
leaf_weight=14.373840985819696 37.735727744176984 25.396433083340529 55.350844288244843 5.6166801322251532 9.9178670905530435 15.39917720295489 23.385402848944068 12.508902639150621 17.492790147662166 6.4871507138013857 20.324025269597769 8.9632454458624107 10.946343122050164 3.0226126573979846 3.5133652091026297 4.1004307679831973 2.7130141053348771 2.7669838089495888 6.1288900822401056 10.647594977170227 15.630990911275147 65.789797905832529 1.8650221675634382 4.7373927105218172 12.311178604140876 9.8240615893155319 6.1282659694552413 36.92657320573926 6.8746376801282159 2.4575277417898178
leaf_count=110 243 251 2673 84 121 295 624 120 197 112 153 114 163 60 57 62 30 39 94 148 112 1778 45 133 327 181 156 758 116 56
internal_value=0.000982412 -0.00296563 -0.0048678 -0.00112932 0.0240166 0.00387666 0.0118965 0.0231338 0.00132328 -0.00485635 0.00765265 0.03076 -0.00942731 -0.0143195 0.0383855 0.00918994 -0.0119462 -0.0184675 0.00710687 0.0152128 0.00403743 -0.0184845 0.0209476 0.00463919 -0.00763795 0.00158124 -0.0218246 -0.0242952 0.00638526 0.00850379
internal_weight=459.337 395.845 381.471 326.121 63.4915 238.96 123.622 57.0497 66.5726 115.338 41.5799 53.5736 38.4322 87.1604 28.9098 15.0468 73.7581 48.5348 13.6106 28.1404 28.1399 73.5498 7.99391 7.76001 21.2559 25.2232 45.7679 43.0548 15.8379 8.94468
internal_count=9412 8818 8708 6035 594 3841 1734 540 1194 2107 648 473 849 2194 308 225 1459 983 223 345 232 1971 139 193 495 476 944 914 230 168
is_linear=0
shrinkage=0.035


Tree=56
num_leaves=31
num_cat=0
split_feature=81 96 84 50 56 118 46 110 65 55 99 49 113 14 32 75 119 98 128 122 42 98 44 119 106 32 106 106 44 64
split_gain=35.0875 26.6274 22.9444 16.2188 14.454 13.1625 12.0745 11.1288 9.20183 8.44363 7.49171 7.92474 6.96479 6.7677 5.83642 5.57095 5.47486 5.42718 4.8237 4.766 5.01522 4.59413 7.06296 4.7729 4.54958 4.5116 4.6695 4.5074 3.33745 3.18235
threshold=452.50265221412877 3.3229166666666674 986.25000000000011 0.073350071736011491 0.65030120481927722 0.70135135135135152 0.05345238095238096 59.750000000000007 2.1715686274509807 0.51492869875222824 0.44636015325670503 0.057983193277310933 0.072821969696969704 6.5000000000000009 3.5000000000000004 1.3935483870967744 0.8704386226815618 0.87867647058823539 0.18065268065268067 7.5000000000000009 1.5000000000000002 1.491935483870968 0.26975051975051983 2.6711893223647643 1072.8611111111113 3.5000000000000004 167.10000000000002 1535.8750000000002 0.44353369763205835 0.79285714285714304
decision_type=10 2 8 2 8 2 2 10 8 10 2 2 2 2 2 10 10 2 2 2 10 2 2 8 10 2 10 10 2 2
left_child=1 2 15 4 5 8 10 9 27 28 19 24 17 14 -5 -1 25 -11 -19 20 -7 -16 -23 -24 -12 26 -6 -4 -8 -2
right_child=29 -3 3 13 16 6 7 -9 -10 12 11 -13 -14 -15 21 -17 -18 18 -20 -21 -22 22 23 -25 -26 -27 -28 -29 -30 -31
leaf_value=-0.0027558981331985066 0.0071031468690924467 0.035014057510732617 0.018061956402255462 -0.021018546715473319 -0.015207084681844047 -0.0082496207637298372 -0.01852520907101492 -0.014095840496846306 0.043512082417483479 -0.005319358419025551 -0.017405344735740739 0.02225017626811026 -0.003286538318107574 0.017248490893165803 -0.015418557727639145 0.027428856051322493 -0.017586449733357587 0.044517521891358124 0.01452908975928642 -0.0079232013226680359 0.033454208748681942 -0.012463587137112072 0.035462920955959001 -0.0074463355208174041 0.0079125532061103555 0.026611930289038983 0.01572151948644122 -0.013537478677728467 0.013726493182225703 -0.027043790691612189
leaf_weight=7.7884300351142874 1.6193089429289091 29.682630252093077 6.594899160787465 59.59976795874536 11.773712538182741 2.5420188829302814 6.1518078185617915 10.211381662636994 15.607113793492315 3.4264485798776141 51.815964683890343 3.8737098891288033 7.8068485632538787 4.4147220179438582 10.321099901571872 45.332158025354147 37.76946852914989 21.077655028551817 18.227175867184997 5.8533817064017049 8.1997046936303359 6.6767697501927605 6.3701972272247049 2.3420812282711276 7.2768644634634247 2.643066592514514 4.5432272385805836 5.7642813790589571 1.7413918096572159 43.974279586225748
leaf_count=121 83 176 104 1457 351 55 120 266 188 28 891 51 91 62 219 363 946 198 145 36 78 176 152 53 148 38 72 144 27 2508
internal_value=0.00228551 0.00565185 0.00290298 -0.000732587 0.00415555 0.00906558 0.00445191 0.0147061 0.0291317 0.0204539 -0.00474145 -0.0102156 0.0254144 -0.0129704 -0.0154026 0.0231469 -0.0105916 0.030453 0.0338198 0.0135852 0.0240995 -0.00108156 0.00995703 0.0254187 -0.0139136 0.00410482 -0.00492778 0.00366984 -0.00884605 -0.0252489
internal_weight=451.022 405.428 375.745 322.625 232.9 176.171 148.204 68.6427 27.9663 58.4313 79.5616 62.9665 50.5381 89.7246 85.3099 53.1206 56.7295 42.7313 39.3048 16.5951 10.7417 25.7101 15.389 8.71228 59.0928 18.96 16.3169 12.3592 7.8932 45.5936
internal_count=9347 6756 6580 6096 3977 2570 2134 875 436 609 1259 1090 462 2119 2057 484 1407 371 343 169 133 600 381 205 1039 461 423 248 147 2591
is_linear=0
shrinkage=0.035


Tree=57
num_leaves=31
num_cat=0
split_feature=116 87 83 27 10 32 100 11 56 88 107 119 45 75 21 73 56 50 11 46 127 65 16 65 74 145 96 143 70 24
split_gain=32.078 26.6123 24.405 13.8486 13.4917 11.6619 13.2538 9.61861 9.34639 6.65814 6.59991 6.70386 6.55792 6.2875 7.48962 6.97242 6.99871 6.53454 6.00051 5.10349 4.54048 4.16601 4.11808 4.00881 4.00171 3.98622 3.64815 3.61507 6.75277 4.9099
threshold=0.83558558558558571 1.0000000180025095e-35 1321.5000000000002 3.5000000000000004 2.5000000000000004 8.5000000000000018 0.39696969696969703 2.5000000000000004 0.67694497153700206 1079.5000000000002 71.709004967867259 2.052749271794466 0.071796759941089847 1.5847701149425288 4.5000000000000009 10.500000000000002 0.29459980713596917 0.059114735002912061 4.5000000000000009 0.031414473684210534 1.0000000180025095e-35 2.5590277777777781 9.5000000000000018 3.0178571428571432 18.750000000000004 0.33276312856236906 1.0851449275362322 0.026345324590938631 12.837719298245617 3.5000000000000004
decision_type=2 8 10 2 2 2 2 2 10 10 10 10 2 10 2 10 8 2 2 2 2 10 2 10 10 10 2 10 10 2
left_child=1 -1 3 5 8 13 12 -2 10 -4 -5 -12 20 14 -3 -15 27 -16 -13 -20 -7 -6 -14 -23 -18 -8 -10 29 -29 -17
right_child=7 2 9 4 21 6 25 -9 26 -11 11 18 22 15 17 16 24 -19 19 -21 -22 23 -24 -25 -26 -27 -28 28 -30 -31
leaf_value=0.036405990379913142 -0.011549928785447921 -0.0077205687695218045 -0.026313512847308471 -0.0066099083116497852 -0.020837244365988033 0.020582782476294428 0.039164161162947526 0.030337544178260827 0.010435989336177294 0.015727481947584235 0.036762583879104728 -0.013059705174371342 0.0042025657384739288 0.017647555621673489 0.036417310082058743 0.010859977682047358 -0.025612715332414618 -0.011538313394816417 0.0002860355619672784 0.025418121086474805 -0.011336094730247813 0.018913815688386296 -0.019137978057129201 -0.0089697632020758668 0.004208442189696595 -0.0023336408470973186 -0.018743764329223242 -0.012857754144804652 0.025996551949556346 -0.022523589389796622
leaf_weight=16.307551508769393 5.0281859692186108 29.375628009438515 55.522171789780259 8.2036611977964622 14.506015392020347 13.865470239892604 10.349596899002789 49.472577782347798 4.3721464090049258 1.788300435990094 24.933377891778946 5.6310657914727917 11.98357494547963 3.4327363930642596 5.7029105015099031 4.5836108885705498 62.952703956514597 2.3147755693644285 14.519593607634304 26.888550015166402 3.9954320024698964 5.4151772968471077 21.070353487506509 11.239691732451318 4.5867830216884604 2.8176432326436034 9.0465421229600889 5.9707730337977392 6.9041584581136703 10.600781910121439
leaf_count=125 128 785 2818 108 273 185 118 295 62 9 288 85 214 76 99 90 1740 70 122 199 70 77 488 156 115 43 177 105 119 201
internal_value=0.00184994 -0.00170536 -0.0037786 6.45043e-05 0.00901571 -0.0055888 0.00639358 0.0258272 0.015467 -0.0238449 0.0198464 0.0230955 -0.00252578 -0.0112443 0.000942876 -0.0156702 -0.0176842 0.0234582 0.013015 0.0175859 0.0125249 -0.00982075 -0.0112356 0.00237012 -0.023437 0.0320858 -0.00898421 -0.00238663 0.00942144 -0.0122524
internal_weight=453.382 398.881 382.573 325.263 124.756 200.507 64.0821 54.5008 93.5949 57.3105 80.1762 71.9726 50.9148 136.425 37.3933 99.0315 95.5988 8.01769 47.0392 41.4081 17.8609 31.1609 33.0539 16.6549 67.5395 13.1672 13.4187 28.0593 12.8749 15.1844
internal_count=9440 9017 8892 6065 1547 4518 1118 423 1041 2827 802 694 957 3400 954 2446 2370 169 406 321 255 506 702 233 1855 161 239 515 224 291
is_linear=0
shrinkage=0.035


Tree=58
num_leaves=31
num_cat=0
split_feature=81 11 55 117 116 88 117 47 93 100 104 56 92 98 45 70 116 68 95 65 63 43 115 95 121 60 115 57 43 113
split_gain=31.4087 26.5365 23.5734 16.1192 19.3201 12.0789 10.7344 10.15 11.0651 10.4096 8.32881 7.81936 7.62849 7.31091 7.17425 6.12851 5.56251 5.30509 5.09938 4.86835 5.34601 4.37423 4.35306 4.2663 4.24539 4.11892 4.01749 4.92475 3.63676 4.16747
threshold=452.50265221412877 2.5000000000000004 0.50247524752475259 0.12916666666666668 0.90521114106019784 1079.5000000000002 0.49104573073233138 0.099019607843137278 51405.000000000007 0.054093567251461992 0.084219858156028379 0.66515151515151527 7336.5000000000009 0.82843137254901966 0.075235849056603785 11.392307692307694 0.77871939736346529 2.5000000000000004 12519.000000000002 2.3245614035087727 0.7117014341590614 0.27543626146110622 0.13667496886674971 14840.500000000002 4.5000000000000009 0.91864313292884736 0.083920187793427234 0.31909090909090915 0.46720430107526884 0.11715686274509805
decision_type=10 2 10 2 2 10 2 2 2 2 2 10 2 2 2 8 2 8 2 10 2 2 2 2 2 2 2 10 2 2
left_child=1 -1 16 -4 5 6 10 8 12 11 26 13 22 -10 21 -15 28 -17 -14 -9 -21 -11 -8 -20 -23 -16 27 -5 29 -3
right_child=-2 2 3 4 -6 -7 7 19 9 14 -12 -13 18 15 25 17 -18 -19 23 20 -22 24 -24 -25 -26 -27 -28 -29 -30 -31
leaf_value=-0.015583660030773275 -0.024915745715455354 -0.020875832525482661 0.038561602359632102 -0.011698994086456456 0.034079159236618313 0.036189777377325358 -0.0087143160094498139 0.037219787483218462 -0.0043870985090619964 0.028848077260859997 -0.020572639703970733 -0.011788661429986021 -0.020580731234017789 0.0022251820168747148 0.002855487528825148 -0.002201929343431273 0.014594919352923169 0.041996771741652186 0.021654230399882717 -0.013553013622479505 0.02361746016872884 -0.016087876864594893 0.022712693159660274 -0.0093231305513950102 0.014407832528891593 -0.023315487931740254 -0.010084050554440326 0.027268228497575601 0.0072655537740523484 0.0069494166161135126
leaf_weight=61.844180922955275 44.086001976393163 42.78482223674655 22.334652764722705 2.3572650272399214 30.128465011715889 10.268076986074446 5.2703904528170815 14.156578082591297 7.0251459404826155 6.2283713482320335 29.195633206516504 4.8560015000402919 32.647599468007684 7.9901777412742367 10.800756778568031 3.1756203807890442 5.2304406091570845 26.863478051498532 4.042991889640688 5.7648699134588224 3.6063779406249523 6.1175098903477174 9.3400504607707244 9.0317366942763311 6.2670507431030273 13.028728675097225 6.3505831621587268 8.5508463475853187 5.6209813579916945 5.1908611338585606
leaf_count=1716 2602 1046 185 68 183 49 67 135 65 56 817 94 422 109 159 72 41 274 46 83 30 76 81 98 48 209 167 205 114 115
internal_value=0.00156726 0.00471054 0.00852754 0.0126663 0.00978951 0.0059977 0.00384121 0.00777558 0.00405029 0.0114253 -0.0103882 0.0214918 -0.00724926 0.025898 -0.00142986 0.0313523 -0.010971 0.0376768 -0.0139941 0.0270041 0.00399161 0.013018 0.0120447 0.00359614 -0.000950461 -0.0130155 0.00759142 0.017817 -0.0144984 -0.0174934
internal_weight=450.156 406.07 344.226 285.399 263.064 232.936 222.668 176.213 152.686 92.3528 46.4543 49.9104 60.3328 45.0544 42.4424 38.0293 58.8271 30.0391 45.7223 23.5278 9.37125 18.6129 14.6104 13.0747 12.3846 23.8295 17.2587 10.9081 53.5967 47.9757
internal_count=9432 6830 5114 3798 3613 3430 3381 2124 1876 1162 1257 614 714 520 548 455 1316 346 566 248 113 180 148 144 124 368 440 273 1275 1161
is_linear=0
shrinkage=0.035


Tree=59
num_leaves=31
num_cat=0
split_feature=81 96 86 45 54 56 98 57 108 49 130 10 88 87 110 68 50 117 72 60 40 143 47 55 72 114 99 107 96 99
split_gain=30.9408 24.0482 20.2033 18.0778 16.7255 10.9962 9.60015 14.5703 9.45885 8.17025 7.92271 6.13562 5.66676 5.52172 5.2036 4.93908 5.65448 4.70327 8.45578 4.47995 4.38883 4.24271 4.22765 4.08633 4.03822 4.68186 3.71632 3.65593 4.37922 3.69199
threshold=434.32254476783305 3.3229166666666674 276.52245771735346 0.07419919919919922 0.28991596638655465 0.20864427860696519 1.0571895424836604 0.41042780748663105 118.50000000000001 0.060915275200989494 4.5000000000000009 3.5000000000000004 1079.5000000000002 1.5000000000000002 1234.0000000000002 9.5000000000000018 0.06373307543520311 0.11324786324786326 12.500000000000002 0.81934731934731941 30.500000000000004 0.11331002331002332 0.19756097560975613 0.53640862495581498 6.5000000000000009 0.18942218080149117 0.36939571150097467 2738.4801702330142 1.3737745098039218 0.42640692640692646
decision_type=10 2 8 2 8 10 2 8 10 2 2 2 10 10 10 10 2 2 8 2 2 10 2 10 8 2 2 8 2 2
left_child=1 2 10 4 6 15 7 -4 26 12 -1 19 17 -2 -10 16 23 18 -7 -8 -12 24 27 -5 -21 -26 -6 29 -29 -19
right_child=13 -3 3 5 8 9 11 -9 14 -11 20 -13 -14 -15 -16 -17 -18 22 -20 21 -22 -23 -24 -25 25 -27 -28 28 -30 -31
leaf_value=-0.010756634809244523 0.011690925930652157 0.034382603021199894 -0.021148385969944738 -0.0032261100674320898 0.005424339625817026 0.023601839817059534 -0.0032874534479506883 0.020772418833407861 0.03024997728617343 0.015136868796136193 0.034098487778236944 -0.005598196304176223 0.020040694682632278 -0.026261361962722902 -0.011319015756518488 -0.01366975980152095 -0.0048278820072179271 -0.0002256807431387948 -0.018515497794337633 0.0092240621389622843 0.0026354991567273923 -0.0027767102846219176 0.013628626685860375 0.036088678380184827 0.042925811535180949 -0.00053762465213543387 -0.016249905923653194 -0.01391289518650494 0.015033102414275598 -0.02148993611221647
leaf_weight=4.5063671153038731 2.3927386216819277 27.674575928598642 13.886988744139673 3.1045045442879262 9.7202224601060134 7.1329210940748426 3.9320341292768708 17.002132903784513 7.3788656499236804 9.4968605656176788 31.127156065776944 5.3896994590759268 1.9125321358442295 43.717244015075266 2.211821373552084 3.554814998060464 7.1940133329480878 11.175181766971944 6.3947886861860761 10.495765995234249 7.4333316236734381 3.3383136391639701 2.1202677879482499 10.819328049197791 32.477013047784567 3.1700784042477599 39.529723534360528 9.3116267658770067 6.6075200494378796 99.836895721033216
leaf_count=96 95 175 160 50 253 91 61 164 79 162 186 136 9 2637 54 38 113 192 147 123 34 44 40 100 367 36 960 301 162 2380
internal_value=0.0023478 0.00557713 0.00299468 -0.000116219 0.00874911 -0.00752408 0.0178917 0.00160517 -0.00549692 -0.0110122 0.0241828 0.0256508 -0.0131797 -0.0233409 0.0200696 0.0124336 0.0186034 -0.0142892 0.00406845 0.0290132 0.029032 0.0316462 -0.0162935 0.0287866 0.0341645 0.03947 -0.0118665 -0.0172909 -0.00117687 -0.0194513
internal_weight=444.045 397.935 370.261 327.194 148.533 178.661 89.692 30.8891 58.8406 153.989 43.0669 58.8029 144.492 46.11 9.59069 24.6727 21.1178 142.579 13.5277 53.4132 38.5605 49.4812 129.051 13.9238 46.1429 35.6471 49.2499 126.931 15.9191 111.012
internal_count=9445 6713 6538 6222 2437 3785 1091 324 1346 3484 316 767 3322 2732 133 301 263 3313 238 631 220 570 3075 150 526 403 1213 3035 463 2572
is_linear=0
shrinkage=0.035


Tree=60
num_leaves=31
num_cat=0
split_feature=81 11 10 117 117 96 98 87 68 70 74 84 32 100 101 46 44 98 42 112 99 54 21 108 110 59 101 44 44 76
split_gain=32.2636 22.7016 25.5369 15.5577 22.8082 9.10449 8.02689 7.49552 6.44611 6.3659 6.25884 5.86727 8.40058 8.30421 8.14362 6.36468 5.31904 5.08752 4.70949 5.33702 4.69426 4.4449 6.00251 4.4438 4.48138 4.40752 4.19858 3.72696 3.58275 3.53766
threshold=434.32254476783305 2.5000000000000004 3.5000000000000004 0.12916666666666668 0.69113355780022456 3.3229166666666674 0.89039039039039047 1.0000000180025095e-35 2.5000000000000004 13.145502645502647 17.750000000000004 391.25000000000006 4.5000000000000009 0.067816091954023008 0.40312500000000007 0.032002048131080395 0.46092796092796101 1.7090053763440862 4.5000000000000009 0.013072453861927548 0.68990384615384626 0.13423423423423428 12.500000000000002 125.50000000000001 1098.5000000000002 0.66331582137805623 0.10620300751879701 0.95833333333333337 0.26975051975051983 0.83718392155873345
decision_type=10 2 2 2 2 2 2 8 8 8 10 10 2 2 2 2 2 2 10 2 2 10 2 10 8 2 2 2 2 8
left_child=1 23 3 8 7 6 9 -5 -3 -6 16 12 13 20 15 -14 17 -9 29 25 26 22 -15 27 -25 -20 -8 -1 -12 -19
right_child=-2 2 -4 4 5 -7 11 10 -10 -11 28 -13 14 21 -16 -17 -18 18 19 -21 -22 -23 -24 24 -26 -27 -28 -29 -30 -31
leaf_value=-0.020898630320690035 -0.025085641742918611 0.0016112552859890998 -0.021597407896233264 0.02516931259745718 0.0094120355602523732 0.033919924279039719 -0.0010567048382405769 -0.020568891497835893 0.043190581886622316 -0.022536482532101311 -0.0097490703198347631 0.031788137757742176 -0.0020858566146133152 0.02383003497499446 -0.0054061372419751509 0.037908417566640588 0.0040119290379671902 -0.018747136817170152 -0.0074659224768247818 -0.0098523696808908746 -0.00077402286323716401 -0.017857619322042068 -0.011566364302293504 0.01900166833056657 -0.015178179000776922 0.041466989803066637 0.033144932238817391 0.0074036216890828125 0.022965654133314403 0.0072550572104762324
leaf_weight=46.177761621773243 44.787501257844269 6.0978475026786354 27.223417192697525 5.3896861411631098 11.858850050717594 27.121781006455421 5.500957675278193 43.2447824254632 19.605488801375031 9.547541428357361 2.5968757700175038 19.120089251548052 5.2928049601614502 5.7946798130869857 7.8589799664914599 23.000127896666527 25.967303916811943 12.99255370907486 1.2944491021335105 3.6124787125736475 14.179038012400268 19.126577971503139 8.3131593409925681 5.9363737069070313 3.5301900375634441 3.1343889180570841 12.210620658472179 3.9223801288753739 8.5862878672778589 6.6174074839800587
leaf_count=1391 2726 85 760 27 77 170 35 1122 134 75 56 103 52 57 84 141 591 373 40 102 164 178 69 89 93 75 86 111 175 170
internal_value=0.00150424 0.00479624 0.00835453 0.011304 0.00855468 0.0165272 0.0121586 -0.0035142 0.0351951 -0.00640657 -0.00599497 0.0155833 0.0111724 0.00309323 0.0235822 0.031237 -0.00898915 -0.0137017 -0.00145668 0.0157547 0.0147599 -0.00856795 0.00540369 -0.0143286 0.00541501 0.0307901 0.0246283 -0.0182121 0.0147039 -0.0102814
internal_weight=439.642 394.855 335.288 308.065 282.361 168.925 141.803 113.436 25.7033 21.4064 108.047 120.397 101.277 65.125 36.1519 28.2929 96.8634 70.8961 27.6513 8.04132 31.8906 33.2344 14.1078 59.5667 9.46656 4.42884 17.7116 50.1001 11.1832 19.61
internal_count=9411 6685 5001 4241 4022 1291 1121 2731 219 152 2704 969 866 589 277 193 2473 1882 760 217 285 304 126 1684 182 115 121 1502 231 543
is_linear=0
shrinkage=0.035


Tree=61
num_leaves=31
num_cat=0
split_feature=81 56 10 54 50 92 26 46 66 69 44 71 110 73 30 41 87 81 113 110 26 75 97 76 69 71 98 44 82 118
split_gain=28.549 24.9521 19.0118 18.7738 10.2136 8.25945 6.65242 6.48754 7.21288 5.65548 8.07099 5.53329 5.30851 5.28781 4.70634 4.17176 4.11315 4.10103 3.83345 3.69588 3.57657 4.40889 3.55171 3.31075 4.87044 3.42852 3.28396 3.26091 3.09385 2.94586
threshold=434.32254476783305 0.62593283582089565 3.5000000000000004 0.26969696969696971 0.067117117117117139 18236.500000000004 10.500000000000002 0.03980198019801981 2.0216627647767087 2.7500000000000004 0.36140661938534285 3.7328679409976391 195.25000000000003 8.5000000000000018 1.5000000000000002 10.500000000000002 1.5000000000000002 284.69296540114448 0.11922530206112296 28.250000000000004 17.500000000000004 1.6602564102564104 3.0823383982598798 0.37850674739933959 1.2500000000000002 6.958200233349582 1.491935483870968 0.74166666666666681 3.5000000000000004 0.8174242424242425
decision_type=10 8 2 8 2 2 2 2 8 8 2 10 10 10 2 10 10 8 2 10 2 10 2 8 10 10 2 2 10 2
left_child=1 2 3 4 7 -5 11 8 12 13 -11 15 22 -3 -10 -6 -2 -7 -9 -8 21 -12 -1 24 -19 27 -24 -25 -18 -26
right_child=16 9 -4 5 6 17 19 18 14 10 20 -13 -14 -15 -16 -17 28 23 -20 -21 -22 -23 26 25 29 -27 -28 -29 -30 -31
leaf_value=0.0096447822185571318 0.008831206652736243 0.013519512097746704 -0.020102201400910406 0.018416761329602266 0.029502619091038178 0.011135848105455577 0.0090097699291156255 0.029312266759141104 0.026564344525556727 -0.018343151847365829 -0.00067784607841202401 -0.0055729107567359677 0.02302254420581315 -0.020150052613384241 -0.0044656665493230463 -0.0064503919753244442 0.0058986362407468422 -0.017682260964123928 -0.0031483087390672573 -0.017738483313697366 -0.012555473029729857 0.027504568847065904 -0.024215696250406184 -0.019152249856768853 0.025910735792743441 0.013302826416879555 0.005240259940499559 0.0077817259263085192 -0.028366754167975895 -0.0025454716641937778
leaf_weight=4.8432291168719592 2.1111753974109879 2.9079199321568003 20.037575291469693 15.353138685226439 14.766937863081699 9.269829545170067 5.5733931511640575 89.458981398493052 25.886990314349536 13.627094538882373 11.385114816948777 10.0453465860337 2.6565906032919875 52.026222700253129 5.8157283812761298 2.981705490499734 1.8110845815390337 4.4093533214181688 3.7133910190314046 15.164184816181658 2.8982210513204327 11.062646755948661 11.938287667930128 41.478312566876411 5.0690173991024476 1.5442833919078101 4.27156819961965 3.5293902922421685 38.820644401013851 6.5443541146814823
leaf_count=72 90 76 551 238 200 75 42 781 233 368 273 136 20 1492 34 35 102 117 46 370 46 142 148 915 94 31 69 62 2477 121
internal_value=0.00173778 0.00474912 0.00959248 0.0119965 0.0178542 -0.00149523 0.00346388 0.0222886 0.011286 -0.0106395 -0.000230958 0.0136563 -0.00314796 -0.0173886 0.0210391 0.0233724 -0.0238794 -0.00667185 0.0279241 -0.0101959 0.0109248 0.0156912 -0.0102349 -0.00993866 0.00309813 -0.0142911 -0.0170481 -0.0164733 -0.0263605 0.0139351
internal_weight=441.002 398.259 304.352 284.314 197.116 87.1977 48.5316 148.585 55.4124 93.9072 38.9731 27.794 23.7097 54.9341 31.7027 17.7486 42.7429 71.8445 93.1724 20.7376 25.346 22.4478 21.0531 62.5747 16.0227 46.552 16.2099 45.0077 40.6317 11.6134
internal_count=9456 6787 4390 3839 2186 1653 783 1403 576 2397 829 371 309 1568 267 235 2669 1415 827 412 461 415 289 1340 332 1008 217 977 2579 215
is_linear=0
shrinkage=0.035


Tree=62
num_leaves=31
num_cat=0
split_feature=96 88 56 83 86 45 46 54 99 119 109 106 107 57 98 42 120 93 30 32 81 91 98 46 50 119 50 97 116 108
split_gain=28.5102 23.5304 20.6569 17.3785 12.5772 12.0072 11.3805 8.31962 7.25905 6.7458 7.8566 6.23032 6.18317 6.04327 5.66171 7.80406 6.18988 5.84275 5.24304 5.03268 4.91746 4.72637 4.6258 4.62311 4.57037 4.47567 4.34495 5.16058 4.21106 4.31043
threshold=3.2583333333333337 1079.5000000000002 0.61583184257602874 1588.5000000000002 303.3086600625623 0.07419919919919922 0.064024985360140549 0.26969696969696971 0.43614130434782611 0.8704386226815618 301.00000000000006 161.55555555555557 1657.5532078206209 0.44590643274853808 1.5694980694980696 6.5000000000000009 0.027212143650499818 82477.000000000015 6.5000000000000009 4.5000000000000009 222.92231078364492 4282.0295702528119 0.89039039039039047 0.17914438502673799 0.079595736122284808 0.93947638167683001 0.10050505050505053 6.0068863739008629 0.33143939393939398 1.5000000000000002
decision_type=2 10 8 10 8 2 2 10 2 8 10 10 8 8 2 10 2 2 2 2 8 10 2 2 2 10 2 2 2 10
left_child=1 2 3 4 8 6 11 22 -1 10 19 -6 13 -13 16 23 -7 26 -10 -4 -11 -14 -8 25 -24 -16 27 -17 -23 -30
right_child=-2 -3 9 -5 5 14 7 -9 18 20 -12 12 21 -15 15 17 -18 -19 -20 -21 -22 28 24 -25 -26 -27 -28 -29 29 -31
leaf_value=-0.0042794601647800131 0.031498042450101058 0.038004704430477577 -0.019975958042647079 -0.022444123443374757 -0.01752959872596753 -0.017675433599929572 -0.0050683142509389658 -0.0021616347501675157 0.038310932058853636 0.010612957331280265 0.028484825258463832 -0.00081481862586397493 -0.018982616423036815 0.032926348995922873 0.0080934201418673413 0.046688375272899617 0.0061390501354092221 -0.0092796478597724948 -0.00042440180409331166 0.015171684232770226 -0.021638064688307874 -0.010211218567603092 0.040783583080147824 0.018071294124635113 0.00060444517571428525 -0.016210216650428412 -0.0059977651859115782 -0.0024949391902687836 -0.0061261658890825179 0.029477926654071271
leaf_weight=7.6447601942345527 29.652967859059572 12.65429640188813 11.376025846228005 27.710528758354485 12.974554128944872 51.714513515122235 2.5403148140758303 10.975083555094896 19.24233854748309 3.3054897002875796 4.3318201797083011 10.973066303879024 10.338648168370129 10.162373670376835 9.2853610366582853 6.9381724800914508 14.707132493145762 3.8757672142237416 5.0665002036839715 2.9607032574713221 84.786584268324077 7.4683748958632377 22.70713212527335 3.8703433768823734 4.1379422321915618 28.86715931724757 2.0738271065056315 2.723460853099823 4.3344274722039682 6.1598743572831154
leaf_count=62 207 62 360 1661 232 975 21 202 165 48 57 130 177 100 157 112 255 91 32 53 2882 157 194 78 70 710 54 50 63 58
internal_value=0.00102013 -0.00156257 -0.00329695 0.00165417 0.00461116 0.00149238 0.0100881 0.0234294 0.0235528 -0.0160629 0.00251244 0.000362557 0.00623709 0.0186041 -0.00574353 0.00223896 -0.0123418 0.0200528 0.0315425 -0.0106714 -0.0199229 -0.00440521 0.0319119 -0.00580734 0.0356576 -0.0100429 0.0296184 0.0367015 0.00629144 0.017541
internal_weight=435.56 405.907 393.252 286.492 258.781 226.828 102.772 40.3605 31.9536 106.761 18.6685 62.4113 49.4368 21.1354 124.056 57.6341 66.4216 15.6112 24.3088 14.3367 88.0921 28.3013 29.3854 42.0229 26.8451 38.1525 11.7355 9.66163 17.9627 10.4943
internal_count=9475 9268 9206 5806 4145 3886 1404 487 259 3400 470 917 685 230 2482 1252 1230 307 197 413 2930 455 285 945 264 867 216 162 278 121
is_linear=0
shrinkage=0.035


Tree=63
num_leaves=31
num_cat=0
split_feature=81 27 54 16 10 50 119 11 91 49 65 95 11 87 100 13 97 0 51 14 29 54 56 13 44 70 84 59 95 48
split_gain=26.3696 24.5383 12.4644 16.2601 11.5888 8.84284 7.82568 7.41637 6.72153 6.95457 6.67204 6.51252 6.37907 5.8593 5.53714 5.13424 4.46135 4.02408 3.73169 3.6949 4.68424 6.1075 4.31836 5.91884 3.85219 3.7935 3.69476 3.6043 3.53224 3.49939
threshold=452.50265221412877 3.5000000000000004 0.16954022988505749 13.500000000000002 2.5000000000000004 0.085960591133004943 0.61061243460626269 2.5000000000000004 402.96911597833434 0.0310889175257732 2.5590277777777781 209.50000000000003 14.500000000000002 1.0000000180025095e-35 0.14415584415584418 8.5000000000000018 3.3555254090409998 56.961516203703709 0.023952954675846246 6.5000000000000009 6.5000000000000009 0.34848484848484856 0.54631217838765023 3.5000000000000004 0.56070175438596503 9.7638888888888911 850.25000000000011 0.70291385135135143 8211.0000000000018 0.058481532147742828
decision_type=10 2 8 2 2 2 8 2 10 2 10 2 2 8 2 2 2 2 2 2 2 8 10 2 2 8 8 2 2 2
left_child=1 2 3 5 7 -1 17 26 11 -10 13 -9 16 -6 18 -14 27 -4 -12 20 21 22 23 24 25 -8 -3 -5 -11 -24
right_child=-2 4 6 12 10 -7 19 8 9 28 14 -13 15 -15 -16 -17 -18 -19 -20 -21 -22 -23 29 -25 -26 -27 -28 -29 -30 -31
leaf_value=0.034721241485155784 -0.023720739347280403 0.014591841417123524 0.021497943354967311 0.020763765279222086 0.015048144105759994 -0.0083084141746484919 -0.0072112865963928326 0.023209193826410499 0.026777272119986775 0.013334440710136257 0.025073359915826772 -0.011783640803634737 0.02484032024914638 -0.023543443133658453 -0.011399341657486748 -0.0071523544649564341 -0.019284615443756443 -0.0076970186006691151 -0.0076118910079097674 0.014942760549947321 -0.022953114301061089 -0.01670452297282914 -0.019038084041797798 -0.010492966087401209 -0.0072784501474342502 0.030563547414352531 -0.014937042462077187 -0.012608038885731523 -0.017954990157429365 0.01232813059700588
leaf_weight=22.93543162196875 39.450111188925803 3.4465997032821152 9.8359888233244401 4.1054734960198429 2.5738009326159981 5.2805402874946585 1.9465409331023735 5.2373264823108938 100.48250410333276 3.4759166128933412 13.85126425325871 12.95146659016609 8.2333705648779887 15.328082562424241 7.2169895339757195 8.2310218065977079 25.163207782432437 6.155437843874096 3.0228393431752911 1.8859613426029671 38.953220762312412 40.555498975329101 11.174464324489234 8.9742226712405664 3.345501957461237 13.25097594410181 9.2693871213123202 2.6575065404176712 4.5689237527549267 2.1057626809924832
leaf_count=258 2631 49 134 98 12 118 40 43 912 28 125 161 111 327 130 182 576 127 39 13 986 1259 298 161 57 238 213 86 53 39
internal_value=0.00188543 0.00469881 -0.00329585 0.00771333 0.0139983 0.0266299 -0.00945537 0.0187072 0.0211957 0.0243619 -0.00196394 0.0011241 -0.00477762 -0.015921 0.00936128 0.0109059 -0.0132472 0.0111036 0.0188166 -0.0124767 -0.0134856 -0.00788583 0.00174721 0.00923657 0.0189856 0.0251378 -0.005074 0.00786516 -0.00450663 -0.0120529
internal_weight=435.665 396.215 214.79 76.6066 181.425 28.216 138.184 139.432 126.716 108.527 41.993 18.1888 48.3906 17.9019 24.0911 16.4644 31.9262 15.9914 16.8741 122.192 120.306 81.353 40.7975 27.5172 18.543 15.1975 12.716 6.76298 8.04484 13.2802
internal_count=9504 6873 4781 1429 2092 376 3352 1459 1197 993 633 204 1053 339 294 293 760 261 164 3091 3078 2092 833 496 335 278 262 184 81 337
is_linear=0
shrinkage=0.035


Tree=64
num_leaves=31
num_cat=0
split_feature=81 0 54 4 56 50 81 55 26 116 91 56 0 119 48 29 96 65 46 60 126 70 46 110 59 145 103 108 97 110
split_gain=28.2512 24.8259 18.2174 10.4946 11.0944 9.74828 7.7155 7.3332 6.81462 5.89639 6.21867 5.64264 5.50031 5.41734 7.52424 5.51716 5.04377 4.3619 4.30872 4.10883 4.09633 4.01125 3.61439 3.59775 3.41768 3.41035 3.28478 3.27405 6.64883 3.77565
threshold=434.32254476783305 4.7096238425925927 0.22474747474747478 6.5000000000000009 0.19098277608915909 0.037855266300453792 273.96594751508638 0.56736587333602262 17.500000000000004 0.33143939393939398 2597.7835363952322 0.23145604395604399 132.59153356481485 1.7925623634082644 0.019049346879535561 7.5000000000000009 1.1680790960451979 2.4258241758241761 0.040270270270270282 0.90754985754985762 2.5000000000000004 9.9750000000000014 0.049281521959117593 21.250000000000004 0.54870335230866552 0.37238358350599926 0.44543650793650796 67.500000000000014 3.1034482989257457 25.750000000000004
decision_type=10 2 8 2 10 2 8 8 2 2 10 8 2 10 2 2 2 10 2 2 2 8 2 10 2 10 2 10 2 8
left_child=1 5 3 8 18 7 17 -1 9 16 24 -8 -6 -7 15 19 -3 -4 -5 -15 21 -9 -18 -10 -11 -25 -12 29 -29 -13
right_child=-2 2 6 4 12 13 11 20 23 10 26 27 -14 14 -16 -17 22 -19 -20 -21 -22 -23 -24 25 -26 -27 -28 28 -30 -31
leaf_value=-0.00031374236985712647 -0.023212150574530566 0.018602010610190151 -0.0061109895891361806 -0.0077219182903112589 -0.023375918938816406 -0.013728761165711275 0.011712716331962055 0.00066421588260313143 0.014049669409580452 -0.014118045698228403 0.037113685114787222 -0.0026833452429466009 0.006406971011944736 0.0025014976697448807 -0.01121668370075944 6.5453412688684832e-05 -0.019816674360399449 0.026942639166973162 0.030857258432899951 0.041304466652713687 -0.0042103012434882726 0.031597015238394692 0.0069426948089852036 -0.019541628016042444 0.013039753495176396 0.0099410159139075253 0.0028084997657080784 -0.013153155217049581 0.025687630566724042 -0.022154835356040035
leaf_weight=13.0435753185302 40.293813545256853 10.420563524588944 6.4565682820975763 2.7322640642523748 23.795657176524404 10.980977999046443 6.3271796517074099 5.7490207701921454 4.8909289911389378 3.2478724718093899 27.631256509572268 16.593804750591516 7.8503699116408816 5.3166626412421492 10.275806756690143 11.092646075412629 7.9847508165985372 5.3384756557643414 6.3841252475976944 8.7486986555159074 3.4622034486383191 69.513465320691466 8.1443817038089019 11.219899386167524 15.851000532507895 3.2574880924075833 4.7825592700391999 11.355592144653199 3.0602126214653245 64.989345329813659
leaf_count=184 2674 181 97 34 536 210 92 71 34 28 292 256 157 62 146 160 182 28 63 104 31 685 154 308 165 84 48 261 34 2037
internal_value=0.00302237 0.00598864 -0.000605343 0.0078192 -0.00653851 0.0176296 -0.0107069 0.0239774 0.013852 0.0182367 0.0246668 -0.0138266 -0.0161216 0.00396773 0.0104714 0.0197209 0.00382876 0.0124165 0.0206551 0.0311397 0.0277805 0.0294227 -0.00785916 -0.0039359 0.00645043 -0.0120589 0.0331038 -0.0160064 -0.00041615 -0.018578
internal_weight=430.791 390.497 252.314 138.193 40.7624 138.183 114.121 91.7683 97.4307 78.0624 51.5127 102.326 31.646 46.4148 35.4338 25.158 26.5497 11.795 9.11639 14.0654 78.7247 75.2625 16.1291 19.3683 19.0989 14.4774 32.4138 95.999 14.4158 81.5832
internal_count=9398 6724 5071 2266 790 1653 2805 971 1476 1050 533 2680 693 682 472 326 517 125 97 166 787 756 336 426 193 392 340 2588 295 2293
is_linear=0
shrinkage=0.035


Tree=65
num_leaves=31
num_cat=0
split_feature=81 116 0 54 10 55 78 41 81 42 50 45 98 68 107 74 96 65 91 59 123 69 81 99 41 77 95 117 118 54
split_gain=25.7115 20.1863 15.6927 10.0652 8.36323 8.26696 9.01412 6.31968 5.87212 5.73228 6.17695 9.35523 7.03192 6.42844 5.2647 5.36237 5.17925 5.00387 4.61773 4.37504 4.07329 4.05071 4.00613 3.90085 5.61931 3.983 3.62304 5.41502 3.58436 3.50374
threshold=452.50265221412877 0.83558558558558571 4.7096238425925927 0.21240601503759401 3.5000000000000004 0.73746867167919816 2.5000000000000004 5.5000000000000009 273.96594751508638 1.0000000180025095e-35 0.020204081632653064 0.10690476190476192 1.037749287749288 12.500000000000002 1343.617205976461 10.750000000000002 3.2583333333333337 2.6282894736842111 7595.5974229301346 0.52223320158102771 1.0000000180025095e-35 3.7500000000000004 385.70564618521638 0.82085561497326209 5.5000000000000009 1.5000000000000002 8362.5000000000018 0.42752100840336138 0.94405320813771521 0.40833333333333338
decision_type=10 2 2 8 2 10 10 10 8 10 2 2 2 10 10 8 2 8 10 2 2 10 8 2 10 8 2 2 2 8
left_child=1 2 4 5 9 7 18 19 29 -1 11 13 -12 -11 -14 -16 28 -13 -7 -4 23 22 -9 25 -25 -10 -21 -28 -3 -5
right_child=-2 16 3 8 -6 6 -8 21 20 10 12 17 14 -15 15 -17 -18 -19 -20 26 -22 -23 -24 24 -26 -27 27 -29 -30 -31
leaf_value=-0.0072599759498177679 -0.024095587660998993 0.02167801316642776 -0.013623287894567727 0.021157297430424035 -0.019386627340928164 0.034207392643144048 -0.0017356813108522324 0.010937199447980928 -0.015083729000685978 0.03699185806032973 -0.016110679738423356 -0.014896115379816884 -0.0053226907690012053 -0.004195629715164388 -0.0081571109408591063 0.02849723265152878 0.034074171482919385 0.015635490841173411 -0.0027405371336594411 -0.00044539350018617344 -0.023560985983229706 0.012131719579965325 -0.017253729796214715 -0.018574897020267444 0.012792869928613466 0.0084785316245049522 -0.0050057681156367023 0.040618339650079154 -0.0033920154017480406 -0.010369415093721392
leaf_weight=10.938444705680011 37.9323760708794 7.9496984668076047 3.4012112095952061 6.6371013931930039 5.6163402255624524 17.88821237906814 22.229868957772851 3.6904780566692343 7.7516067652031806 34.381369818001986 9.1441775150597078 7.6931224167346981 10.827298060990868 4.1801018491387358 3.8361072018742588 17.650335846468806 26.272004790604115 8.6689957138150913 4.2010602783411732 8.4855229388922471 30.44462928827852 4.5632832068949929 40.64924406260252 39.400173171423376 4.6655065342783919 23.42599852848798 3.1387694422155601 5.6088893301784992 12.702707525342703 3.0947252437472352
leaf_count=217 2641 44 53 39 146 192 278 19 184 295 105 134 161 24 53 240 180 111 75 147 813 57 1021 1144 108 573 73 103 141 71
internal_value=0.00164977 0.00443322 0.00132787 -0.00393388 0.0117239 0.00339597 0.0144055 -0.00411652 -0.0110052 0.0141425 0.0168097 0.0240793 0.00562399 0.032558 0.0131091 0.0216486 0.0247715 0.0011536 0.0279716 0.0105217 -0.0134389 -0.0106961 -0.0140368 -0.0081304 -0.0142886 0.00134528 0.0172791 0.0283812 0.00860254 0.0110151
internal_weight=427.069 389.137 342.213 229.276 112.936 113.857 44.3191 69.5374 115.42 107.32 96.3815 54.9236 41.4579 38.5615 32.3137 21.4864 46.9244 16.3621 22.0893 20.6344 105.688 48.903 44.3397 75.2433 44.0657 31.1776 17.2332 8.74766 20.6524 9.73183
internal_count=9442 6801 6436 4950 1486 2018 545 1473 2932 1340 1123 564 559 319 454 293 365 245 267 376 2822 1097 1040 2009 1252 757 323 176 185 110
is_linear=0
shrinkage=0.035


Tree=66
num_leaves=31
num_cat=0
split_feature=81 0 54 16 82 10 29 26 15 28 10 110 81 47 108 0 7 56 45 117 24 117 45 65 76 11 64 55 40 54
split_gain=21.5491 18.6901 18.8679 10.7771 10.3428 8.74203 7.67679 8.08003 7.72861 7.28077 6.41839 7.18847 5.88462 5.79789 5.45249 5.14422 4.87436 4.71293 4.61624 4.41236 6.32904 4.22767 3.99349 3.65625 3.62467 3.54471 3.48787 3.39554 3.88022 4.30222
threshold=452.50265221412877 4.7096238425925927 0.17752100840336138 12.500000000000002 1.0000000180025095e-35 3.5000000000000004 1.0000000180025095e-35 1.0000000180025095e-35 5.5000000000000009 1.0000000180025095e-35 2.5000000000000004 22.750000000000004 273.96594751508638 0.040270270270270282 126.50000000000001 60.826903935185193 1.5000000000000002 0.20864427860696519 0.21320346320346323 0.12916666666666668 3.5000000000000004 0.66018867924528313 0.082079496968335955 2.1291666666666669 1.0000000180025095e-35 2.5000000000000004 0.79285714285714304 0.76043478260869579 1.5000000000000002 0.52272727272727282
decision_type=10 2 8 2 8 2 2 2 2 2 2 10 8 2 10 2 2 8 2 2 2 2 2 10 8 2 2 10 2 8
left_child=1 5 3 18 -4 6 9 13 14 25 11 -5 22 16 -9 -13 -8 -14 24 20 -19 -21 -6 -17 -3 -1 -2 -23 29 -29
right_child=26 2 4 10 12 -7 7 8 -10 -11 -12 15 17 -15 -16 23 -18 19 -20 21 -22 27 -24 -25 -26 -27 -28 28 -30 -31
leaf_value=0.00025304010903562889 0.010030907261791013 0.00023011774412599176 0.028167188852587483 0.028372157935516621 -0.0070315720867361025 -0.018940506742748227 0.02798270382637804 -0.019016984043410949 0.0250445521028358 -0.0091806735661825265 -0.0099715748325950766 -0.016157115109759271 0.0083437559139600392 -0.010309007580721495 0.016717609529603588 -0.012752762921261816 -0.0044138884115208542 -0.010397601217034416 -0.007553071708206037 -0.025118925626874924 0.024897158134563138 -0.018567165683163783 0.023348632449727909 0.017466235445354635 0.032475677044285924 0.028976178016617109 -0.024978860382869259 0.014317356187029867 -0.017408767412124927 -0.015440464315163533
leaf_weight=5.8297136425971976 1.1995871253311623 5.0479734856635359 3.746464103460311 11.312146704643963 7.4532629977911693 5.3592978902161112 24.354672820307318 24.098405582830317 3.0917114131152621 5.3048891518265 30.958819910883904 10.488242894411089 7.8608107268810263 5.1911546532064667 2.3442535065114489 2.678796997293829 5.5233751721680155 17.732924339361492 3.0207518879324189 53.625491799786687 3.5749017037451258 20.65461110137403 5.2012991588562727 13.098758984357117 25.537747008726001 59.199838972650468 34.947911635972559 16.861172668635852 6.5466136429458848 3.6278551407158366
leaf_count=124 74 57 18 66 92 143 209 434 39 85 769 176 110 63 18 86 44 506 71 1898 33 396 46 166 265 527 2497 194 96 97
internal_value=0.00138312 0.00388273 -0.00190179 0.00938609 -0.0098019 0.0138624 0.0157954 0.00634998 -0.00660016 0.023474 0.000981696 0.0101169 -0.0117128 0.0167189 -0.0136943 -0.00102521 0.0222195 -0.0139186 0.024179 -0.0156167 -0.000869597 -0.0185314 0.00853153 0.0105013 0.0279339 0.0266031 -0.0227393 -0.0094433 -0.000662893 0.00705308
internal_weight=425.473 389.326 249.029 102.143 146.885 140.297 134.938 64.6036 29.5344 70.3344 68.5368 37.5779 143.139 35.0692 26.4427 26.2658 29.878 130.484 33.6065 122.624 21.3078 101.316 12.6546 15.7776 30.5857 65.0296 36.1475 47.6903 27.0356 20.489
internal_count=9399 6828 5142 1656 3486 1686 1543 807 491 736 1263 494 3468 316 452 428 253 3330 393 3220 539 2681 138 252 322 651 2571 783 387 291
is_linear=0
shrinkage=0.035


Tree=67
num_leaves=31
num_cat=0
split_feature=81 96 88 10 0 110 54 98 45 20 48 56 63 65 98 110 91 115 47 143 110 110 21 94 57 108 54 108 94 110
split_gain=23.163 18.2887 17.5315 12.8388 10.7676 12.1176 12.0009 10.5401 9.68777 8.1351 6.3781 6.33631 5.78608 5.01557 4.59947 4.49416 3.97944 6.14515 4.64159 5.38411 5.39553 4.61893 4.68656 3.86265 3.72528 3.90508 3.57855 3.53625 3.91844 3.4995
threshold=452.50265221412877 3.2583333333333337 1077.5000000000002 3.5000000000000004 4.0473495370370385 173.25000000000003 0.22474747474747478 1.5972972972972974 0.067231638418079109 2.5000000000000004 0.091608391608391626 0.20156250000000003 0.54366895499618628 1.5147058823529413 1.0571895424836604 25.750000000000004 3399.1630781436374 0.070925553319919524 0.02409988385598142 0.045519295519295525 82.250000000000014 53.250000000000007 11.500000000000002 78912.500000000015 0.4045454545454546 10.500000000000002 0.34848484848484856 56.500000000000007 11464.500000000002 27.250000000000004
decision_type=10 2 10 2 2 10 8 2 2 2 2 8 2 8 2 8 10 2 2 8 10 10 2 2 8 8 10 10 2 10
left_child=1 2 3 4 5 7 9 8 14 10 16 -8 -9 -7 24 26 17 -6 19 20 -18 22 -20 27 -1 -26 -13 28 -17 -11
right_child=-2 -3 -4 -5 6 13 11 12 -10 29 -12 15 -14 -15 -16 23 18 -19 21 -21 -22 -23 -24 -25 25 -27 -28 -29 -30 -31
leaf_value=-0.01468758233797887 -0.023445535604162123 0.030285952631614148 0.036369420825073578 -0.021050779845837038 0.015591841634084816 -0.0016599316220713013 0.018546712861997515 -0.0030273987815594107 -0.015453058046726061 0.0052309826150173568 0.03502132831126039 -0.0099774788528752753 0.03159762650384252 0.041390688944349066 0.021883310028197666 0.0035777294080376492 0.036246158121862174 -0.012252922802150566 0.022631860541609903 -0.0046926679058720278 -0.00343696161720942 -0.017343377006101598 -0.0078115716667288403 0.0012452487330835628 0.018066587962537559 -0.010467524285281945 0.01535528727049777 -0.0023031230143991006 -0.025181329733237393 -0.021883214237416088
leaf_weight=8.9117320850491542 35.705206042155623 25.61591774225235 12.396467881277202 26.323574924841523 10.030412347987292 3.5674716383218792 4.3827150408178559 6.940811742097142 30.905260419473052 6.5070353001356152 6.5184817276895037 9.0545570794492978 17.248996211215854 13.858154660090802 14.271600719541309 5.1915840301662675 15.317004604265099 22.785188064910471 8.8741092849522882 6.1494652498513451 4.267254225909709 6.7127698995172969 7.6942000836133948 13.358809629455207 11.058409018442036 5.2165477480739346 8.5060279536992294 14.449191665276883 50.748214870691299 11.569882249459623
leaf_count=88 2602 183 70 799 158 53 54 129 418 54 66 99 227 115 129 131 196 281 112 100 91 202 74 393 92 106 159 323 1643 315
internal_value=0.00171468 0.00429602 0.00207429 0.00036649 0.00239943 0.010933 -0.00225354 0.00514895 -0.00204702 0.00591266 0.0102972 -0.0103722 0.0228458 0.0341721 0.00901014 -0.0124367 0.00642447 -0.00280567 0.0122918 0.0212223 0.0286591 0.000413572 0.00996069 -0.0156543 -0.000700674 0.00861006 0.00297687 -0.0187315 -0.0224377 -0.0131044
internal_weight=424.137 388.432 362.816 350.419 324.096 111.979 212.117 94.5534 70.3635 106.426 88.3489 105.691 24.1898 17.4256 39.4583 101.308 81.8304 32.8156 49.0148 25.7337 19.5843 23.2811 16.5683 83.7478 25.1867 16.275 17.5606 70.389 55.9398 18.0769
internal_count=9462 6860 6677 6607 5808 1357 4451 1189 833 1649 1280 2802 356 168 415 2748 1214 439 775 387 287 388 186 2490 286 198 258 2097 1774 369
is_linear=0
shrinkage=0.035


Tree=68
num_leaves=31
num_cat=0
split_feature=81 69 10 11 119 98 55 47 20 45 3 66 26 25 97 93 27 85 129 51 82 73 117 42 83 66 66 100 23 123
split_gain=20.2231 18.0255 11.8068 11.9519 11.509 10.0705 10.4028 8.68072 7.11724 7.06091 5.65644 5.55444 5.46679 5.40768 10.1584 6.49621 5.07885 4.95871 4.77629 4.71086 4.37334 4.3668 4.12279 3.8733 3.52044 3.4271 3.42427 3.3906 3.29384 3.12298
threshold=434.32254476783305 3.2500000000000004 2.5000000000000004 4.5000000000000009 0.77303240518350214 0.89039039039039047 0.92450142450142458 0.040956108470785575 1.0000000180025095e-35 0.20483682983682985 4.5000000000000009 2.5114021650893998 9.5000000000000018 1.5000000000000002 5.004931959903737 81146.000000000015 19.500000000000004 684.23333333333346 4.5000000000000009 0.028991596638655467 1.0000000180025095e-35 10.500000000000002 0.46547619047619054 2.5000000000000004 1911.5000000000002 1.031324477059161 1.5189263736608203 0.054093567251461992 3.5000000000000004 1.0000000180025095e-35
decision_type=10 10 2 2 8 2 10 2 2 2 2 10 2 2 2 2 2 10 2 2 10 10 2 10 10 8 8 2 2 2
left_child=1 2 3 4 10 16 8 9 23 26 -1 19 27 17 15 22 -5 -4 21 -8 -2 -6 -15 -7 -22 -16 -3 -10 -25 -12
right_child=20 7 13 5 18 6 11 -9 12 -11 29 -13 -14 14 25 -17 -18 -19 -20 -21 24 -23 -24 28 -26 -27 -28 -29 -30 -31
leaf_value=-0.0055363629620999539 0.015150266065609642 0.00041684955469327916 -0.019069967147418251 -0.02168354521028 -0.0010571662957943866 -0.0022513078394203181 0.038101733507366842 -0.0053130148010786821 0.017220003670208556 -0.011049551651744637 0.032219288766564894 0.0052158987886167501 -0.018746546290513512 -0.0053930544109309303 0.0085607766891783489 -0.0091214650309950698 0.0095633100377378651 0.015837721771968283 0.010107242766924734 0.0020311761959840766 -0.026562992566975745 -0.020035395691834552 0.037572976622111141 0.02931657467467854 0.006201090031200558 -0.020868430946881154 0.030510517515287817 -0.0069092075528910417 -0.0026793274087215237 -0.0041145952499346229
leaf_weight=8.3042288040742296 0.54678776394575734 5.2207334898412219 52.118448404595256 11.612945090979339 22.068338623270392 8.6946254950016755 29.323749395087361 12.589276911690829 9.8491377420723456 3.6860215291380873 11.001168688759206 13.835580039769409 14.708790527656673 2.0039123855531207 3.3247103132307556 4.8255229126662007 6.665532197803258 1.7517161946743716 7.8057812731713048 5.7641679104417554 34.238343371078372 44.397596822120249 8.5724139623343927 15.801465760916473 2.6052242452278724 15.388938257470725 48.829382514581084 9.7942925188690406 3.891364347189664 2.269769685342907
leaf_count=184 21 69 1286 123 635 117 297 163 119 74 154 105 299 67 46 118 41 14 98 100 2504 1359 159 150 185 308 438 136 47 44
internal_value=0.00148572 0.00397003 0.000274621 0.00451286 -0.00472903 0.0112524 0.0151469 0.0193453 0.00500722 0.024717 0.0155023 0.0264802 -0.00548854 -0.0102594 0.000724551 0.0187513 -0.0106822 -0.0166861 -0.0112131 0.0331686 -0.0214929 -0.014249 0.0303142 0.0166282 -0.0237821 -0.0149374 0.0278852 0.00622825 0.0237318 0.0265796
internal_weight=421.49 384.1 313.774 225.789 95.8469 129.942 111.663 70.3254 62.7397 57.7361 21.5752 48.9235 34.3522 87.9857 34.1155 15.4018 18.2785 53.8702 74.2717 35.0879 37.3904 66.4659 10.5763 28.3875 36.8436 18.7136 54.0501 19.6434 19.6928 13.2709
internal_count=9460 6750 6006 4008 2474 1534 1370 744 868 581 382 502 554 1998 698 344 164 1300 2092 397 2710 1994 226 314 2689 354 507 255 197 198
is_linear=0
shrinkage=0.035


Tree=69
num_leaves=31
num_cat=0
split_feature=10 11 83 119 91 110 117 98 65 42 113 20 90 79 47 46 65 32 110 49 110 70 54 90 115 112 27 75 88 83
split_gain=20.2306 25.746 11.2546 11.2564 10.9182 7.78724 12.0324 7.324 10.5161 8.83857 9.45224 9.53259 7.41072 7.05636 6.28324 5.8437 6.65247 5.05778 5.08335 4.88323 5.49043 4.7241 4.60118 4.46589 4.41261 5.13588 4.85067 4.76249 4.30928 4.08727
threshold=3.5000000000000004 5.5000000000000009 1321.5000000000002 0.8704386226815618 286.94801306537175 195.25000000000003 0.39339826839826847 1.5577777777777781 4.6076923076923082 4.5000000000000009 0.072821969696969704 2.5000000000000004 59787.249153362362 2.2500000000000004 0.044610281923714766 0.033060109289617494 3.9148550724637685 4.5000000000000009 27.250000000000004 0.13809523809523813 25.250000000000004 13.468627450980394 0.43650793650793657 78226.118589743608 0.21483516483516488 0.01941930618401207 43.500000000000007 1.7119815668202767 1079.5000000000002 1531.5000000000002
decision_type=2 2 10 8 10 10 2 2 8 10 2 2 2 8 2 2 10 2 10 2 8 10 8 2 2 2 2 10 10 8
left_child=1 2 3 4 17 6 29 8 12 21 11 -11 24 19 -10 -14 -17 18 -1 20 -5 -9 -15 -22 26 -26 27 -8 -4 -3
right_child=-2 5 28 13 -6 -7 7 9 14 10 -12 -13 15 22 -16 16 -18 -19 -20 -21 23 -23 -24 -25 25 -27 -28 -29 -30 -31
leaf_value=0.011973996849286008 -0.023047331984459327 0.013326254861717502 -0.027251017405993113 0.0034189052098354254 0.03564283608932596 0.036958644204684164 0.0054994887440440567 -0.013042107314146418 0.032104086417314263 0.057419749642677098 -0.0032513466397312957 0.001526536843609356 -0.0038704807480350115 0.015904059462479841 -0.0076815672013485882 0.028918095805978695 -0.0070754401717732229 0.019323517819792718 -0.017600756659632098 0.01952853895773865 -0.022450806278174334 0.016926803646883096 -0.0069406742258643159 0.0018659267873157698 0.024733503117542178 -0.0051940488109017665 0.011391611005700032 -0.020634867340104765 0.012257841619740422 -0.02063372762264952
leaf_weight=6.6928548067808213 31.444307524710894 1.8454711660742784 26.143453981727365 15.699294036254285 12.030303001403807 10.721687893383203 8.9766409033909422 7.2500636857003 23.562043053098026 14.205741750076418 5.1042186273261896 4.9873572802171102 14.208396694622932 18.263507030904293 3.8274461664259425 23.271662548184398 5.906413070857524 6.8445042818784705 15.421520511619745 1.3518168106675137 51.841607507318258 8.8462055744603258 16.132402694784105 10.178673090413211 7.2582409344613579 13.265359208919106 7.0794084984809151 29.416407190263271 0.95647981762885947 15.180137836374341
leaf_count=64 1245 16 1558 199 126 97 125 170 180 178 105 128 237 350 31 305 42 103 385 30 1551 140 492 267 65 149 76 501 5 549
internal_value=0.00192622 0.00422656 -0.00530087 -0.00133726 0.0134045 0.0125932 0.010354 0.0131067 0.00866043 0.0255496 0.0370403 0.046213 0.00331045 -0.00700359 0.0262168 0.0137652 0.0216629 0.00027838 -0.00809253 -0.0125252 -0.0142294 0.00353642 0.00566838 -0.0186185 -0.00404799 0.00816178 -0.00982139 -0.0145948 -0.0241644 -0.0147631
internal_weight=417.914 386.469 181.556 154.456 40.9892 204.913 194.191 177.166 136.772 40.3936 24.2973 19.1931 109.383 113.467 27.3895 43.3865 29.1781 28.9589 22.1144 79.0714 77.7196 16.0963 34.3959 62.0203 65.9961 20.5236 45.4725 38.393 27.0999 17.0256
internal_count=9469 8224 5130 3567 678 3094 2997 2432 1711 721 411 306 1500 2889 211 584 347 552 449 2047 2017 310 842 1818 916 214 702 626 1563 565
is_linear=0
shrinkage=0.035


Tree=70
num_leaves=31
num_cat=0
split_feature=81 10 11 117 116 87 57 50 95 95 145 116 110 2 11 91 65 119 72 110 61 120 98 145 93 11 82 64 116 106
split_gain=21.9321 15.2782 13.8486 12.6384 14.3536 10.2519 11.3795 10.0979 8.58389 6.80866 9.50624 6.24974 6.05155 5.35374 5.12882 6.41549 4.74965 4.41734 4.20883 4.25187 4.92476 4.04418 3.78879 3.7626 3.69467 3.64782 3.639 3.52841 3.48875 3.44041
threshold=452.50265221412877 3.5000000000000004 2.5000000000000004 0.11324786324786326 0.90521114106019784 1.0000000180025095e-35 0.42462121212121218 0.072949002217294903 26003.000000000004 2336.5000000000005 0.36183420420730994 0.3120941558441559 88.250000000000014 4.5000000000000009 9.5000000000000018 4346.1728478968143 1.5147058823529413 0.82710268257554309 6.5000000000000009 50.750000000000007 0.90430402930402942 0.016001024065540197 1.7405329593267884 0.16171444558377937 13580.500000000002 16.500000000000004 125.50000000000001 0.79285714285714304 0.68496240601503777 144.44285714285715
decision_type=10 2 2 2 2 8 8 2 2 2 8 2 10 2 2 10 8 10 10 10 2 2 2 8 2 2 10 2 2 10
left_child=1 2 17 16 5 -5 8 9 18 13 14 -10 -12 -8 15 -11 -4 29 -7 20 -20 -13 26 -9 -25 -3 28 -2 -22 -1
right_child=27 25 3 4 -6 6 7 23 11 10 12 21 -14 -15 -16 -17 -18 -19 19 -21 22 -23 -24 24 -26 -27 -28 -29 -30 -31
leaf_value=-0.0069342033930653683 0.01005486064189362 -0.024522227072834257 0.00042099342729894491 0.029960711400166141 0.030035288670713124 -0.020491293642335762 -0.012246061742185394 0.0090936300128935492 -0.012357775753725543 -0.011629823592336153 0.044957817693181683 0.031463164642902247 -0.00014262282604994204 0.016783632253838481 0.024144148311794834 0.017667579846576412 0.038684208778741798 -0.017387495888283432 0.020214043908986845 -0.015955588575685912 -0.018807967875125418 -0.00085588590887137597 0.01319256508026413 0.012229790669251138 -0.018815588615466724 0.0051153792577389402 0.011640208229015153 -0.025262709948567358 0.0028391463110016483 0.015115688776473847
leaf_weight=18.662833313457671 1.1998496372252692 20.902592035010461 4.9281413350254324 12.853425811976193 25.131876714527607 24.402157480828464 14.286134395748379 9.1212934982031602 5.4778059404343393 17.854281088337306 18.004477357491854 10.757066974416377 4.2931166719645253 8.0525272805243713 12.820258438587187 10.276226444169877 18.227033216506243 28.510198093019426 7.8734523979946962 22.123313152231276 24.295797741040587 6.4151819776743642 8.1033008322119695 2.2048824001103666 18.71205255202949 4.4356434103101483 5.3973127510398617 32.828543747775257 11.533905655145643 8.7190570402890426
leaf_count=612 82 673 68 64 184 408 240 184 174 261 188 120 90 109 90 170 137 922 102 645 336 84 123 33 443 132 31 2573 61 167
internal_value=0.00216074 0.00464379 0.00657927 0.00952301 0.00712927 0.00433602 0.0023961 0.0101183 -0.0047852 0.0160084 0.0214989 0.0128938 0.0378387 -0.000625867 0.00945267 0.000123834 0.0320616 -0.00885777 -0.00906096 -0.00453832 0.00080486 0.0219192 -0.00386818 -0.00655365 -0.013815 -0.019346 -0.00828575 -0.0228888 -0.0123452 0.00133686
internal_weight=418.404 384.375 359.037 303.145 279.99 254.858 242.005 115.625 126.379 85.587 63.2484 22.6501 22.2976 22.3387 40.9508 28.1305 23.1552 55.8921 103.729 79.3271 57.2038 17.1722 49.3303 30.0382 20.9169 25.3382 41.227 34.0284 35.8297 27.3819
internal_count=9506 6851 6046 4345 4140 3956 3892 1808 2084 1148 799 378 278 349 521 431 205 1701 1706 1298 653 204 551 660 476 805 428 2655 397 779
is_linear=0
shrinkage=0.035


Tree=71
num_leaves=31
num_cat=0
split_feature=10 54 66 119 109 20 14 81 45 106 101 88 99 43 1 44 65 112 59 56 72 97 47 81 108 97 120 98 122 61
split_gain=19.2172 18.8367 14.9577 10.5199 11.1385 9.70064 8.8942 7.73105 7.63038 6.76455 6.27067 5.65655 5.06618 6.07803 5.76374 5.13543 4.73134 4.55123 4.50337 4.34771 4.43017 4.28017 4.07497 4.05266 4.30814 4.53602 4.03725 3.33563 4.01284 3.24285
threshold=3.5000000000000004 0.22474747474747478 4.2259120153140755 0.77303240518350214 281.50000000000006 1.5000000000000002 3.5000000000000004 476.97046401460818 0.10690476190476192 36.81944444444445 0.56904761904761914 1077.5000000000002 0.59687500000000016 0.36323411102172171 12.500000000000002 0.74166666666666681 3.3257575757575766 0.068833903658857609 0.69604037267080754 0.34549071618037142 7.5000000000000009 13.745118625348921 0.040956108470785575 273.96594751508638 41.500000000000007 1.7983802258258772 0.050423728813559332 1.652586206896552 2.5000000000000004 0.90731195112638419
decision_type=2 8 8 8 10 2 2 8 2 10 2 10 2 2 2 2 10 2 2 10 10 2 2 8 10 2 2 2 2 2
left_child=1 2 5 4 9 6 8 -7 17 -3 -4 12 13 15 -15 -5 18 29 -8 20 -10 22 -18 -14 -25 -26 27 -9 -29 -1
right_child=-2 3 10 11 -6 7 16 26 19 -11 -12 -13 23 14 -16 -17 21 -19 -20 -21 -22 -23 -24 24 25 -27 -28 28 -30 -31
leaf_value=0.006126831339510681 -0.023012296344294962 0.014765842877867644 0.033785382898450685 -0.017769362662225979 0.033776855938899647 0.020323191307331241 -0.011881997357090718 -0.019953747237201346 -0.011188448335368712 -0.015408561166899551 -0.0083121127356973728 0.019628876185523204 0.0082909198911701367 -0.0065948706572013386 0.032278354254404992 0.011155268848218606 0.023913119285594663 -0.0012890390795051126 0.012624592664289214 -0.0099181808640042626 0.026729030431905554 -0.01145535199048515 -0.0063204206523461608 -0.018462288282035326 -0.014828861319019296 0.015079987592126034 0.012530239630977215 -0.012255266080676694 0.01660553422197053 0.043814837804747847
leaf_weight=5.2321739727631273 29.906624096445739 11.462955272756519 34.629193599335849 16.730821574106816 11.636129396967588 7.2134415023028842 26.866940164007246 29.498885836452246 2.1744223879650253 15.475162148475645 2.9123877463862291 3.8941828766837707 6.5619366504251948 5.4650048976764065 6.5301694963127375 7.3858559615910044 19.493793747387834 3.7538514267653218 8.310830391943453 9.7809520876035076 7.3815110474824905 3.994167646393179 4.7306714393198481 81.442033537663519 6.6574490442872039 8.3381819194182736 4.1890222551301113 8.7269398216158134 5.3530011670663944 18.591195866465569
leaf_count=73 1227 146 346 532 109 70 387 681 64 494 67 39 78 107 90 196 156 67 98 309 143 28 65 2760 186 219 82 271 128 230
internal_value=0.00189763 0.00410616 0.0113144 -0.00403316 0.011234 0.00633255 0.0121387 -0.00535726 0.0229056 -0.00226699 0.0299265 -0.0083917 -0.0098299 0.0013423 0.017838 -0.00851661 0.00307897 0.0333071 -0.00524168 0.00427643 0.0172215 0.0126793 0.0179377 -0.0136277 -0.0154543 0.00141396 -0.0107935 -0.0140945 0.000193387 0.0380363
internal_weight=414.32 384.413 202.833 181.58 38.5742 165.292 110.311 54.9813 46.9141 26.9381 37.5416 143.006 139.111 36.1119 11.9952 24.1167 63.3964 27.5772 35.1778 19.3369 9.55593 28.2186 24.2245 103 96.4377 14.9956 47.7678 43.5788 14.0799 23.8234
internal_count=9448 8221 3265 4956 749 2852 1620 1232 886 640 413 4207 4168 925 197 728 734 370 485 516 207 249 221 3243 3165 405 1162 1080 399 303
is_linear=0
shrinkage=0.035


Tree=72
num_leaves=31
num_cat=0
split_feature=56 10 54 69 113 86 101 87 119 108 47 143 96 108 76 145 106 92 103 32 119 3 81 107 96 116 56 45 97 66
split_gain=17.7321 15.4474 16.2513 7.71294 8.58904 7.90062 8.01881 7.16487 6.66025 6.63812 6.26125 5.38635 7.19993 7.57865 5.91624 5.27438 4.86824 4.08304 4.03115 3.92955 4.83739 3.81337 3.64657 3.61217 5.00907 3.43588 3.71427 3.65341 3.5679 3.36052
threshold=0.62593283582089565 3.5000000000000004 0.26969696969696971 3.7500000000000004 0.02339261285909713 91.219058652512771 0.28285714285714292 1.5000000000000002 0.59099750612234125 118.50000000000001 0.094044811320754734 0.065513096529139322 1.2714987714987716 20.500000000000004 0.44782039932319934 0.509145979835815 1306.788888888889 58030.000000000007 0.14119601328903655 4.5000000000000009 1.000162128780518 11.500000000000002 332.60676822318106 1380.7679566660261 1.9915254237288138 0.39892473118279576 0.20864427860696519 0.057417582417582429 2.7324839057116246 1.7312573805550466
decision_type=8 2 8 8 2 8 2 8 8 10 2 10 2 10 8 10 8 2 2 2 10 2 8 10 2 2 10 2 2 10
left_child=1 2 3 4 11 -5 -7 -2 -4 19 17 12 13 -1 -14 -16 -11 23 25 22 -21 -13 -9 -6 -25 26 -10 -27 -29 -30
right_child=7 -3 8 5 10 6 -8 9 18 16 -12 21 14 -15 15 -17 -18 -19 -20 20 -22 -23 -24 24 -26 27 -28 28 29 -31
leaf_value=-0.017226266809210567 0.023559360111096467 -0.020982538542954836 0.015120017645004945 -0.014340621730611909 -0.022477042762730631 0.037549276533747351 -0.00093330940367168235 0.002955340212308648 0.010945545692237135 0.024368293173323462 0.022289578415876417 0.017085407339292886 0.007278693088780582 0.018814871296044814 0.037624305225758277 -0.0047869393477991615 -0.013371221749948361 0.0074892731908994849 0.0068595170038422519 0.021587908023853655 -0.010311410790377005 -0.011937827458764526 -0.02203509130254333 -0.010945101933968955 0.015832409643075432 -0.014048431206162214 -0.021231044509434888 0.024523761611879101 -0.014161640137899735 0.0132113887079042
leaf_weight=9.4480130923911947 2.3999643409624687 20.648899983614683 13.093878753483294 2.5528516247868529 13.460745864547787 29.490831170231104 7.9172310754656783 6.7444038577377787 1.8822438726201642 5.6372875189408633 7.6166621707379809 3.4829079117625943 18.362702739425004 9.1504285810515267 31.009517902508378 2.8224621769040814 2.8623574664816269 19.197585448622704 13.940337742678819 3.2442849772051003 14.897633725777267 11.26405736710876 64.660257750190794 20.299398372881118 7.9952075146138659 12.225915020331742 34.442764802835882 4.043029521591964 8.0300924880430085 4.6615137793123713
leaf_count=309 41 841 187 15 179 249 112 82 26 87 96 61 225 161 391 35 85 322 343 62 438 182 2539 513 69 232 1178 92 188 58
internal_value=0.00105152 0.00523259 0.00745032 0.0130941 0.0089995 0.026128 0.0302549 -0.0113711 -0.00447692 -0.0133277 -0.000321595 0.0160765 0.0198539 0.000735352 0.0260066 0.0339253 0.0114139 -0.00462269 -0.00842108 -0.0161556 -0.00117518 -0.00249272 -0.0196357 -0.0103967 -0.00213725 -0.0119398 -0.0184412 -0.00227068 0.00758622 -0.00321539
internal_weight=407.485 307.039 286.39 194.071 154.11 39.9609 37.4081 100.446 92.3198 98.0462 68.5696 85.5401 70.7931 18.5984 52.1947 33.832 8.49964 60.9529 79.2259 89.5466 18.1419 14.747 71.4047 41.7554 28.2946 65.2856 36.325 28.9606 16.7346 12.6916
internal_count=9398 6064 5223 2919 2543 376 361 3334 2304 3293 1179 1364 1121 470 651 426 172 1083 2117 3121 500 243 2621 761 582 1774 1204 570 338 246
is_linear=0
shrinkage=0.035


Tree=73
num_leaves=31
num_cat=0
split_feature=81 27 47 110 118 96 88 66 98 61 69 63 41 100 50 65 44 106 43 97 92 110 98 55 54 101 45 43 71 119
split_gain=17.1406 16.4616 15.026 8.67201 8.07962 13.8013 7.5722 7.24685 6.40032 6.71183 6.22969 6.8588 6.84321 5.59634 5.29092 5.21779 4.98134 4.93991 5.19487 4.42185 3.906 4.3617 3.7789 4.94337 6.68516 4.33272 3.95185 3.74436 3.65882 3.48565
threshold=420.30579107873831 3.5000000000000004 0.099019607843137278 58.250000000000007 0.61721611721611735 1.9915254237288138 1079.5000000000002 1.915332331451469 1.037749287749288 0.9768778401496927 2.7500000000000004 0.72456896551724148 11.500000000000002 0.063164893617021281 0.020513359983168528 2.3245614035087727 0.28509852216748771 144.44285714285715 0.28490259740259744 4.706138692539878 67753.500000000015 50.750000000000007 1.2886904761904765 0.88516483516483524 0.16954022988505749 0.12250000000000001 0.29864864864864871 0.42546296296296299 3.2951568382628431 1.726304380829351
decision_type=10 2 2 8 2 2 10 8 2 2 10 2 8 2 2 10 2 10 2 2 2 10 2 10 8 2 2 2 10 10
left_child=1 2 10 15 -3 6 8 -7 -6 14 11 22 17 -9 -10 -4 -11 -12 29 -18 -2 -22 -1 25 -25 -24 -27 -16 -13 -19
right_child=20 4 3 -5 5 7 -8 13 9 16 12 28 -14 -15 27 -17 19 18 -20 -21 21 -23 23 24 -26 26 -28 -29 -30 -31
leaf_value=-0.02232474209442397 -0.025469062415418572 0.030651095985913607 0.037307529688801418 -0.01039950577437416 -0.01747975330428302 -0.0026709399331347979 0.025436375338412649 0.033802381136819222 0.0090551532821841318 -0.0075782017114569633 -0.008770122706690751 -0.0034064458450924046 -0.015708316126778633 0.0055020043780996519 -0.023142490547186246 0.0034422287039750201 0.0016813798809230385 0.017369552524949348 0.027482519189883634 0.03176635138143543 0.017542413565342207 -0.016393804396623017 0.0087810557242367204 0.03242468277012777 -0.0078577470009747012 -0.021741232970439339 0.0098478636284538706 0.0087899268752791235 0.02008226795885865 -0.013768192335969917
leaf_weight=43.170184780843556 26.501923758536577 20.745585521683097 14.749529333785182 7.2278311103582373 23.173130339942873 11.676086858846245 7.4815774075686923 33.201912088319659 10.486359729431571 7.6486758301034596 7.7578746676444998 26.996309161186218 10.662139398977159 13.900986496359108 16.790793609805409 9.304568959400056 10.219700265675785 2.1116264108568448 17.199846133589745 11.773315861821173 4.2710888981819135 4.293968747369945 5.960333799943327 3.371487990021703 9.080844571813941 29.249928914010528 2.7136103110387912 2.849128231406211 6.014031993225216 6.7708414345979691
leaf_count=1160 2084 179 155 235 360 93 36 228 135 154 139 705 164 98 326 143 178 41 263 128 292 352 154 48 256 924 93 41 138 129
internal_value=0.00203243 0.00432066 -0.00242251 0.0181601 0.0121889 0.00871125 -7.83772e-05 0.0211789 -0.00369526 0.00258607 -0.00659533 -0.0104504 0.00431609 0.0267799 -0.00840022 0.0270546 0.0133528 0.0118352 0.0183889 0.0206875 -0.0197682 0.00075737 -0.0150895 -0.00743335 0.00921362 -0.0133359 -0.0180901 -0.0176665 0.00295165 -0.00277598
internal_weight=407.355 372.288 202.341 31.2819 169.947 149.202 90.4227 58.779 82.9411 59.768 171.059 126.557 44.5023 47.1029 30.1263 24.0541 29.6417 33.8402 26.0823 21.993 35.067 8.56506 93.5464 50.3762 12.4523 37.9239 31.9635 19.6399 33.0103 8.88247
internal_count=9431 6703 4747 533 1956 1777 1358 419 1322 962 4214 3478 736 326 502 298 460 572 433 306 2728 644 2635 1475 304 1171 1017 367 843 170
is_linear=0
shrinkage=0.035


Tree=74
num_leaves=31
num_cat=0
split_feature=81 11 10 69 55 98 40 119 98 101 108 118 110 11 66 45 109 20 50 117 110 46 109 76 81 30 114 11 64 29
split_gain=19.125 17.2399 16.1259 11.5469 8.78283 8.0926 7.18814 6.8772 6.07926 10.0091 5.8898 5.60793 5.69578 5.55108 6.30419 5.54339 5.43483 6.97293 5.37168 5.10118 4.77594 4.65328 4.50068 4.16463 4.01522 3.82566 4.31448 3.72756 3.63316 3.58979
threshold=452.50265221412877 2.5000000000000004 3.5000000000000004 3.7500000000000004 0.88516483516483524 0.89039039039039047 9.5000000000000018 0.77303240518350214 1.3397435897435901 0.53589743589743599 125.50000000000001 0.68857758620689669 16.250000000000004 6.5000000000000009 1.3562373310182687 0.15047169811320757 4970.5000000000009 2.5000000000000004 0.073879142300194947 0.3816526610644258 1098.5000000000002 0.14194139194139196 8054.5000000000009 1.1571011735538288 136.71661839852047 22.500000000000004 0.090097402597402607 16.500000000000004 0.83602150537634423 33.500000000000007
decision_type=10 2 2 8 10 2 2 10 2 2 10 2 10 2 10 2 10 2 2 2 10 2 10 8 8 2 2 2 2 2
left_child=1 10 3 4 6 11 7 23 22 16 -1 -6 -13 14 18 21 -10 19 -7 -18 -12 24 -9 -3 -5 26 -8 -4 -2 -15
right_child=28 2 27 15 5 13 25 8 9 -11 20 12 -14 29 -16 -17 17 -19 -20 -21 -22 -23 -24 -25 -26 -27 -28 -29 -30 -31
leaf_value=-0.017996254533593398 0.0078142673266691238 0.024465151998399041 -0.023547027052819434 -0.0025956640637352798 0.02199604967463312 0.027384529457729647 0.024804194520100586 -0.023883181906777403 -0.0084276167741851558 -0.020040096005097523 0.021451630780741554 0.015912244701158883 -0.020058221854622728 0.031375471684959362 -0.010035550858762343 -0.00034572513777641426 -0.0033896925576826402 -0.008783879096935461 -0.0046799545823118941 0.033544020213608958 -0.014372556437499424 -0.002650736361095845 0.0018578296887101931 -0.0093690143353555248 0.033900608593716762 -0.010636690270894922 -0.00079384108850397584 0.0063815363949818451 -0.025225953023342108 0.00035505746035148364
leaf_weight=44.898788768798113 2.3276476729661253 9.9741565473377669 19.084614060819153 3.282939761877059 3.0694571454077986 14.272217705845835 20.852738089859486 27.683536938391626 11.26358161959797 15.574511213228105 6.3693505916744453 3.1611518338322666 15.622761940583585 34.022225247696042 12.454082614742218 10.058417545631526 4.7860660385340514 6.9668644554913035 7.6616135900840154 15.668660202063618 3.228538541123271 4.7413035687059155 10.245590290054677 3.2490526530891666 39.662340605631471 3.8796384967863551 11.284178557805715 4.1599126383662215 29.332051157020032 5.3066905234009019
leaf_count=1522 177 129 648 20 31 255 231 532 208 439 93 20 208 294 197 174 112 155 188 250 91 57 181 56 353 40 134 128 2431 48
internal_value=0.0021095 0.00442902 0.00756762 0.00985148 0.0061627 0.0140702 0.00052121 -0.00414411 -0.00768215 9.52468e-05 -0.0129817 -0.00395844 -0.0119322 0.0193268 0.00744755 0.0232935 0.00956754 0.0171189 0.0173947 0.0259338 0.00860576 0.0278393 -0.0175234 0.0158622 0.0311309 0.0130162 0.0169193 -0.0180094 -0.0220623 0.027702
internal_weight=404.145 372.485 317.988 294.744 236.999 95.5702 141.429 105.412 92.1888 54.2597 54.4967 21.8534 18.7839 73.7168 34.3879 57.745 38.6852 27.4216 21.9338 20.4547 9.59789 47.6866 37.9291 13.2232 42.9453 36.0166 32.1369 23.2445 31.6597 39.3289
internal_count=9402 6794 5088 4312 3708 1241 2467 2062 1877 1164 1706 259 228 982 640 604 725 517 443 362 184 430 713 185 373 405 365 776 2608 342
is_linear=0
shrinkage=0.035


Tree=75
num_leaves=31
num_cat=0
split_feature=81 56 50 145 10 54 118 16 117 98 46 69 74 66 82 107 26 129 109 106 32 23 11 50 119 74 50 0 106 13
split_gain=18.5819 15.6116 11.3765 9.24485 8.64286 9.92893 8.35442 7.95469 7.89112 7.15433 5.87605 5.73081 4.9858 4.8047 4.54991 4.09941 5.16969 4.08516 4.11407 5.51969 6.9154 4.03694 3.9818 5.69296 3.97051 3.77242 3.71658 3.59931 4.09729 3.83438
threshold=434.32254476783305 0.65030120481927722 0.080229885057471279 0.2097123840105117 3.5000000000000004 0.17752100840336138 0.67156862745098056 12.500000000000002 0.69113355780022456 1.134848484848485 0.028174603174603175 1.2500000000000002 14.750000000000002 2.2339913763974155 3.5000000000000004 2457.0026143482723 6.5000000000000009 7.5000000000000009 1942.5000000000002 157.31547619047623 4.5000000000000009 1.5000000000000002 13.500000000000002 0.03468323977546111 0.62711717603783845 15.750000000000002 0.072949002217294903 0.50144097222222228 42.034482758620697 7.5000000000000009
decision_type=10 8 2 8 2 8 2 2 2 2 2 8 8 8 10 10 2 2 8 10 2 2 2 2 8 8 2 2 10 2
left_child=1 2 4 15 5 7 11 -1 12 13 -9 -7 -8 -10 -2 16 -4 18 19 20 -3 -11 23 -12 -14 -15 -6 -5 -29 -30
right_child=14 17 3 27 26 6 8 10 9 21 22 -13 24 25 -16 -17 -18 -19 -20 -21 -22 -23 -24 -25 -26 -27 -28 28 29 -31
leaf_value=0.032450719671415024 0.012163863402289095 -0.019569336614272806 0.031073495201289606 0.010312473905470564 -0.020720626904358937 -0.003270654245034442 -0.020258262241944467 -0.0061857161802448095 -0.016979472711199983 0.028791496722485301 0.017016225479456172 0.030888675762563222 0.024110134291827193 0.019152580256732433 -0.024747563959020176 -0.0098487232932161529 -0.0033316645083449107 0.012959860210214544 -0.016849130950060843 0.019875131774454591 0.019008639055215774 0.0021295094182257829 0.025558555751519673 -0.012720043237670087 -0.0062598718645171846 -0.010998383722705346 0.013386555028852247 0.0089698161780380342 -0.025120004230253099 0.0040062857760990635
leaf_weight=40.251727450639009 1.6221882067620743 14.697550621815031 9.6013216301798874 3.387854002416133 10.220173870213328 7.0636174809187677 21.93121875077486 14.796839734539388 12.438718726858498 16.078601051121954 13.31708628870547 16.976787235587835 2.6925132758915398 8.6044682953506673 31.061650219373405 4.7412119051441541 7.050581917166709 5.2557681798934928 49.061823128722608 6.6779588144272557 3.5215289816260329 11.661115698516367 25.157429471611977 9.1896302849054319 12.419847519136965 4.0618123989552268 1.4620342794805754 3.7432414405047885 29.086700500920415 5.114828646183013
leaf_count=313 105 456 131 52 329 147 569 166 117 133 131 225 39 80 2586 105 156 50 1559 149 65 101 213 142 316 51 42 42 745 99
internal_value=0.00191702 0.0042475 0.00798278 -0.0049196 0.0115568 0.0131986 0.00569568 0.02087 0.000400486 0.0087676 0.0115551 0.0220168 -0.0111589 -0.00449111 -0.0215447 0.0120345 0.0191007 -0.00913577 -0.0114272 0.000288177 -0.00962507 0.0196203 0.0171269 0.00476956 0.00379973 0.00910748 -0.0137192 -0.0140465 -0.0171688 -0.0208088
internal_weight=402.948 370.264 291.049 62.7257 228.324 216.641 113.929 102.713 89.8883 52.8447 62.461 24.0404 37.0436 25.105 32.6838 21.3931 16.6519 79.2146 73.9589 24.897 18.2191 27.7397 47.6641 22.5067 15.1124 12.6663 11.6822 41.3326 37.9448 34.2015
internal_count=9414 6723 4444 1330 3114 2743 1778 965 1406 482 652 372 924 248 2691 392 287 2279 2229 670 521 234 486 273 355 131 371 938 886 844
is_linear=0
shrinkage=0.035


Tree=76
num_leaves=31
num_cat=0
split_feature=87 83 56 69 49 110 110 97 97 63 1 119 32 117 71 65 57 55 88 100 143 106 90 56 38 9 71 75 117 98
split_gain=18.7797 21.0971 12.3198 8.54901 7.03872 8.82847 10.9015 8.57246 8.11105 7.88687 8.00762 6.82704 6.61321 5.6905 5.13596 5.09806 4.93659 4.69291 4.40869 4.36918 4.32933 4.04746 3.95036 3.8713 3.79135 3.51375 3.42371 3.32285 3.31297 3.49318
threshold=1.5000000000000002 1384.5000000000002 0.65030120481927722 3.2500000000000004 0.057983193277310933 270.75000000000006 59.750000000000007 5.004931959903737 2.1818812163974433 0.53798076923076932 15.500000000000002 1.000162128780518 3.5000000000000004 0.69592735277930673 4.9357679798190164 3.6381818181818186 0.4045454545454546 0.42724867724867727 1079.5000000000002 0.41421568627450983 0.027763902763902764 167.10000000000002 22538.158119658121 0.14854215918045707 15.500000000000002 17.500000000000004 5.6592638144258283 2.0408333333333339 0.49104573073233138 1.3585714285714288
decision_type=8 10 8 10 2 10 10 2 2 2 2 10 2 2 10 10 10 10 10 2 10 10 2 10 2 2 10 10 2 2
left_child=22 2 3 4 5 6 7 9 -7 -2 14 12 21 -9 17 26 23 -11 -3 24 -18 -4 -1 -15 -5 -12 -13 -17 -6 -30
right_child=1 18 11 19 28 8 -8 13 -10 10 25 15 -14 16 -16 27 20 -19 -20 -21 -22 -23 -24 -25 -26 -27 -28 -29 29 -31
leaf_value=-0.0011114059396033569 -0.0053666971324290236 -0.025035954915509872 -0.013232542846597976 0.024268682002153763 -0.0047776210714754949 -0.0042671389187039031 -0.014891952034672256 -0.020834902356496713 0.036687391039364518 -0.0055647670127187019 -0.009905453491233028 -0.024042619912262309 0.029456299551845866 0.01713986864840809 -0.0065859298600379063 -0.0095255123532702792 0.01949363193060414 0.038687313379831077 0.011938445226884933 -0.009025034922461421 -0.007409541449634246 0.013752288251827191 0.040219144406550278 -0.010022843804954829 -0.0054228312388342088 0.018593410141218646 0.0061739110362259569 0.018990893479559748 -0.00065405048338037803 0.037591654240310954
leaf_weight=3.0456009209156063 17.406327782198787 38.283884983509779 15.454681256785994 43.797121425159276 2.799696121364831 8.1268451008945721 47.038866514340043 13.468522764742373 10.312420982867478 1.9859402040019691 11.250240915454922 36.637553661130369 4.5373752294108263 2.9252739995717993 2.551298649981617 6.4821743760257942 18.439806835725907 22.908196384087205 1.4531961083412159 3.7117765974253407 7.4989786706864825 5.5144153917208305 13.111004047095774 37.330051993951201 4.0801618956029406 2.8708871081471434 3.1470446120947591 4.1225517317652702 3.5323139196261755 8.3252898771315795
leaf_count=25 311 2738 534 433 63 172 1412 349 66 54 198 1230 79 19 52 119 140 321 7 52 57 99 139 398 28 47 101 57 39 99
internal_value=0.0018995 0.00013789 0.00301924 0.0065099 0.00328992 0.00132996 -0.0011939 0.00381044 0.0215774 0.0133841 0.0209693 -0.00904916 0.00507648 -0.00364865 0.0305462 -0.0160122 0.0010659 0.0348168 -0.0225006 0.0186675 0.0117754 -0.00485462 0.0340067 -0.00637338 0.0214648 -0.000764566 -0.02123 0.00409311 0.0233031 0.0293837
internal_weight=402.15 385.993 346.256 270.36 218.771 204.114 185.674 138.636 18.4393 58.9729 41.5666 75.8958 25.5065 79.6626 27.4454 50.3893 66.1941 24.8941 39.7371 51.5891 25.9388 20.9691 16.1566 40.2553 47.8773 14.1211 39.7846 10.6047 14.6573 11.8576
internal_count=9438 9274 6529 4310 3797 3596 3358 1946 238 983 672 2219 712 963 427 1507 614 375 2745 513 197 633 164 417 461 245 1331 176 201 138
is_linear=0
shrinkage=0.035


Tree=77
num_leaves=31
num_cat=0
split_feature=11 10 83 69 98 110 55 20 44 110 88 110 94 46 106 50 47 93 45 109 44 82 117 0 54 108 87 106 72 115
split_gain=18.7447 17.8298 12.2756 9.41634 10.2839 13.6678 8.0305 7.26822 7.71573 6.94912 6.88522 6.55159 7.6173 6.82351 5.95188 5.622 4.76165 4.73343 4.73005 4.99544 4.62494 4.22095 4.20675 4.15551 4.07387 3.79216 3.70691 3.65468 3.41462 3.29785
threshold=2.5000000000000004 3.5000000000000004 1618.5000000000002 3.2500000000000004 1.5694980694980696 185.75000000000003 0.53907203907203916 2.5000000000000004 0.17712418300653598 86.250000000000014 1079.5000000000002 22.750000000000004 64416.000000000007 0.033060109289617494 1159.3809523809525 0.070692347735554412 0.040956108470785575 84264.500000000015 0.23013871374527115 188.50000000000003 0.95833333333333337 17.500000000000004 0.11324786324786326 3.2949363425925928 0.29705882352941182 261.50000000000006 3.5000000000000004 434.90000000000003 10.500000000000002 0.060915275200989494
decision_type=2 2 10 8 2 10 10 2 2 10 10 10 2 2 8 2 2 2 2 10 2 10 2 2 10 10 8 10 8 2
left_child=20 2 3 4 5 11 -6 8 -8 17 -4 15 23 21 -7 27 18 -10 19 -5 25 -14 -11 29 -15 26 -1 -2 -18 -13
right_child=1 -3 10 16 6 14 7 -9 9 22 -12 12 13 24 -16 -17 28 -19 -20 -21 -22 -23 -24 -25 -26 -27 -28 -29 -30 -31
leaf_value=0.01337075368144626 0.0029926637077600541 -0.018987152094596008 -0.020816729833046541 0.0020374571483182534 -0.0047442737753467636 0.041207634468203136 -0.00098890498469362035 -0.0078550253543834773 0.043458895020204426 0.019829321374630556 0.020951473847308891 -0.015186052706064218 -0.01778421406102814 0.022082677415973945 -0.0012712439528662822 -0.01501855329210988 -0.01285772161718033 -0.0034020927929813388 -0.0049959326783365092 0.032406871271141759 0.010514123064652136 0.013544243889962577 -0.013624172736778135 -0.019958924942973737 -0.010633858673209257 0.0063414196095926446 -0.022204242260249911 0.025173482515457802 0.014301136384230863 0.0083925477780712708
leaf_weight=0.65619309153407712 19.992721694521606 27.173316343687475 20.664009001106027 8.4905267581343633 14.279280350543557 8.8953734124079311 9.4169389335438591 6.1018416518345466 28.615758256055418 3.8529954478144628 1.7331237420439709 6.8597485963255194 13.56108243390918 18.277116518467668 5.2862931359559306 5.7033710349351159 6.1194734042510364 2.1123802028596392 4.3186212116852394 43.733481768518686 4.8003767700865856 3.2009827410802236 4.7379023693501949 41.408620902337134 2.6431816620752207 5.0142549294978371 47.776504744775593 14.48689725063741 6.6107247732579717 13.80066266749054
leaf_count=15 129 1210 1641 74 319 64 224 146 407 40 10 95 336 260 105 39 71 39 103 402 144 35 150 940 65 105 1955 88 85 184
internal_value=0.00287544 0.00603663 0.00845897 0.0104173 0.00664197 0.00144084 0.0173598 0.023031 0.027269 0.0333849 -0.0143508 -0.00227868 -0.00701525 0.00500737 0.0291695 0.00895467 0.0213174 0.0402122 0.025352 0.0280789 -0.0146992 -0.0100642 0.00315491 -0.0141434 0.0166952 -0.0176695 -0.0205162 0.01432 0.00130148 -0.000869717
internal_weight=400.324 342.076 314.903 292.506 223.233 154.116 69.1171 54.8378 48.736 39.319 22.3971 139.934 99.7514 37.6824 14.1817 40.183 69.2728 30.7281 56.5426 52.224 58.2473 16.7621 8.5909 62.069 20.9203 53.447 48.4327 34.4796 12.7302 20.6604
internal_count=9480 7261 6051 4400 3665 2340 1325 1006 860 636 1651 2171 1915 696 169 256 735 446 579 476 2219 371 190 1219 325 2075 1970 217 156 279
is_linear=0
shrinkage=0.035


Tree=78
num_leaves=31
num_cat=0
split_feature=83 10 54 16 81 11 63 117 110 119 110 117 56 66 50 68 90 42 13 68 106 145 81 55 101 63 110 97 109 104
split_gain=14.8511 12.5462 12.5408 13.1602 10.0884 8.36451 6.49743 6.36405 7.7337 5.93697 5.54825 5.35322 6.34036 5.24597 5.83185 4.92247 4.87119 4.64261 4.57234 4.41206 5.12096 4.34529 4.46268 5.31513 7.227 6.60415 4.18339 4.07719 4.18436 4.01744
threshold=1618.5000000000002 3.5000000000000004 0.22474747474747478 12.500000000000002 273.96594751508638 14.500000000000002 0.53139076576576583 0.20294117647058826 1098.5000000000002 3.2050106332779884 295.50000000000006 0.66018867924528313 0.20156250000000003 1.864579661458843 0.030457637600494747 2.5000000000000004 71368.500000000015 4.5000000000000009 8.5000000000000018 3.5000000000000004 548.85000000000014 0.46956617597579814 91.999818727576056 0.65301003344481623 0.49358974358974367 0.52013513513513521 57.250000000000007 3.1699263843908034 281.50000000000006 0.66115363586659381
decision_type=10 2 8 2 8 2 2 2 8 10 10 2 10 10 2 10 2 10 2 10 10 10 8 10 2 2 8 2 10 2
left_child=1 2 3 21 15 9 -7 8 10 13 27 12 -9 14 29 -4 -2 -14 -8 20 -13 22 -1 24 25 -24 -18 -6 -29 -5
right_child=16 -3 4 5 7 6 18 11 -10 -11 -12 19 17 -15 -16 -17 26 -19 -20 -21 -22 -23 23 -25 -26 -27 -28 28 -30 -31
leaf_value=-0.0093773570810829574 -0.02582731349794317 -0.018451782911830656 -0.0040170190667588234 0.02373407626456114 -0.010057447856484155 -0.0095194668701654214 0.033325040994252375 0.018065552196626887 -0.014562468343055062 -0.019087669266378979 0.031341177599906823 -0.0030433517521573153 -0.023969013780862816 0.012911145183336047 -0.0192195519028668 0.03113493931691725 0.017776700319776725 0.0055018983187262145 0.0013816323592608349 -0.010558031928851193 0.023890142637751677 -0.0018615443784577807 -0.0097444747488448537 0.032871838008333307 -0.013586942264286519 0.027000202948663902 -0.015546157554235097 -0.01017567733353081 0.030039627387572029 -0.010593205417713173
leaf_weight=2.3487891331315032 23.146016720682386 22.108906830660999 5.504426063969734 5.0473700761795062 10.640949685126548 6.1736935377120998 15.202201068401338 2.1189830321818581 9.7545654047280532 17.315874235704541 10.691644962877033 19.659784236922864 39.314684656448662 23.856846515089273 15.127186841331421 11.186513449996708 4.8241895297542188 5.7468393947929135 8.15230520442128 25.473665958270431 9.2063407907262427 8.072665576823054 4.939975822344425 46.355284981429577 6.789265612140297 21.510327829048038 3.7951389187946925 1.9029352441430081 3.7328946655616164 3.359090412966907
leaf_count=15 1861 788 91 78 307 56 127 38 367 191 91 454 1564 333 438 61 318 200 87 349 147 93 58 461 133 244 299 49 67 53
internal_value=0.00251417 0.00461327 0.00636292 0.0124088 -0.000990142 0.00297014 0.0169439 -0.00432919 0.00747105 -0.00416466 0.0164718 -0.00874802 -0.016758 0.0025893 -0.00830318 0.0212886 -0.0187412 -0.0200364 0.0243845 -0.000967291 0.00780553 0.0216135 0.0239002 0.0253785 0.0119966 0.0196794 0.00278362 0.00163478 0.0180607 0.0111823
internal_weight=393.059 361.294 339.185 184.251 154.934 94.2346 29.5282 138.243 36.723 64.7064 26.9684 101.52 47.1805 47.3905 23.5336 16.6909 31.7653 45.0615 23.3545 54.3398 28.8661 90.0163 81.9436 79.5949 33.2396 26.4503 8.61933 16.2768 5.63583 8.40646
internal_count=9418 6940 6152 2367 3785 1363 270 3633 881 1093 514 2752 1802 902 569 152 2478 1764 214 950 601 1004 911 896 435 302 617 423 116 131
is_linear=0
shrinkage=0.035


Tree=79
num_leaves=31
num_cat=0
split_feature=10 54 16 83 27 118 110 45 65 100 111 87 107 118 116 143 63 92 65 81 119 87 71 2 105 110 108 119 41 88
split_gain=14.3465 12.8904 9.38824 9.35048 11.5483 10.1258 8.38143 5.76259 5.64896 5.9753 5.19178 5.07668 5.01283 6.38121 4.47537 4.45875 4.27979 4.22347 4.10892 4.00994 3.79293 3.58562 3.49242 3.46378 3.314 4.22889 4.25579 3.29318 3.18037 4.0115
threshold=3.5000000000000004 0.22474747474747478 12.500000000000002 1321.5000000000002 1.5000000000000002 0.61721611721611735 1234.0000000000002 0.15235814296241715 4.2899159663865554 0.29814814814814822 0.027587519025875192 13.500000000000002 1797.8972565093279 0.90260840108401097 0.76967285587975254 0.019235394235394238 0.59624206069160202 68969.500000000015 2.6043478260869573 168.07894622118144 3.1086914497846494 1.0000000180025095e-35 4.9251979824256171 3.5000000000000004 1.0000000180025095e-35 57.750000000000007 2.5000000000000004 0.5699973352604083 1.5000000000000002 1079.5000000000002
decision_type=2 8 2 10 2 2 10 2 10 2 2 10 10 2 2 8 2 2 8 8 8 8 10 2 2 10 8 8 8 10
left_child=1 2 7 4 24 6 -6 11 9 10 17 -1 13 -12 19 22 -10 21 -11 -7 28 -4 -9 -13 -3 26 -26 -27 -21 -30
right_child=-2 3 8 -5 5 14 -8 15 16 18 12 23 -14 -15 -16 -17 -18 -19 -20 20 -22 -23 -24 -25 25 27 -28 -29 29 -31
leaf_value=0.025220399207912296 -0.02096218159287927 -0.012297340467578679 0.010839011441529598 -0.022575987847391725 0.039020836420128137 0.017821781579670501 -0.010306883297555275 0.01896824966798925 0.027550150400614724 0.026445545564234191 0.032236498511873983 -0.013332634977059958 -0.010855450688096971 -0.006114680201294815 0.021119716560135206 -0.016874949393974242 -0.0036105431301865277 0.010042452519787479 -0.0058058367906256873 0.0043260626670960879 0.013282250431539121 -0.018677173027970461 -0.011645430122604024 0.014781470008948104 -0.011166190036524528 0.012447584455957192 0.022682736225184713 -0.018765196541303368 -0.022000922204065427 0.011866919015849083
leaf_weight=62.069227863103151 26.850902983918786 61.894230977632105 2.4257094869390121 21.531781700439751 14.461130930110814 4.199180804193019 3.1148197250440708 10.089625232852997 10.971140659414234 8.4684269912540877 7.5760943023487943 6.2866209195926768 8.8147290823981148 6.8712759334594011 6.1559647610411039 6.4949662368744603 6.5815281774848691 5.5533104278147212 5.1873043319210419 8.6546975774690491 4.5408218558877698 40.129600398242474 2.6544778654351822 5.2378134746104479 3.0151317408308396 1.9096407387405605 9.823836020193994 8.937329163774848 22.151208437047902 1.8389475345611561
leaf_count=650 1241 1796 22 1490 117 38 79 199 99 155 129 139 251 111 69 158 67 99 108 189 71 892 51 100 75 28 199 338 464 8
internal_value=0.00161201 0.00351988 0.00956593 -0.00341635 -4.17147e-05 0.0106238 0.0299323 0.0173303 0.0020604 -0.00196093 -0.00620093 0.0215331 0.00646998 0.0171139 0.00131625 0.000128186 0.0176561 -0.01236 0.0159219 -0.00358854 -0.00783204 -0.016032 0.011107 5.14109e-05 -0.00829545 0.00248269 0.0138319 -0.0110765 -0.012143 -0.0178059
internal_weight=394.491 367.641 195.412 172.229 150.697 65.1168 17.576 92.8327 102.579 85.0265 71.3707 73.5937 23.2621 14.4474 47.5408 19.2391 17.5527 48.1086 13.6557 41.3849 37.1857 42.5553 12.7441 11.5244 85.5802 23.6859 12.839 10.847 32.6449 23.9902
internal_count=9432 8191 3230 4961 3471 1035 196 1297 1933 1767 1504 889 491 240 839 408 166 1013 263 770 732 914 250 239 2436 640 274 366 661 472
is_linear=0
shrinkage=0.035


Tree=80
num_leaves=31
num_cat=0
split_feature=87 83 96 108 49 110 54 55 98 70 110 101 87 88 20 4 98 61 118 54 71 41 115 65 115 110 71 44 93 98
split_gain=17.8587 19.2382 11.0895 9.30022 10.1135 8.86352 8.68989 8.57045 9.95897 11.849 6.83411 6.10582 6.97824 5.6066 5.2784 5.08132 5.0261 4.73292 6.78407 4.67972 4.46047 5.02968 5.28397 4.29754 4.24501 4.18399 3.83056 3.72934 3.9221 3.28476
threshold=1.0000000180025095e-35 1384.5000000000002 3.3229166666666674 94.500000000000014 0.059411764705882358 1520.5000000000002 0.44949494949494956 0.83130081300813019 0.89039039039039047 12.755952380952383 82.250000000000014 0.12250000000000001 158.50000000000003 1079.5000000000002 1.5000000000000002 3.5000000000000004 1.9614814814814816 0.96730220955096236 0.60263157894736852 0.13423423423423428 2.3119756630949415 3.5000000000000004 0.17694497153700192 1.5147058823529413 0.13221420643729193 29.750000000000004 2.1245889496801307 0.74166666666666681 14273.500000000002 1.1644144144144146
decision_type=8 10 2 10 2 10 8 10 2 8 10 2 10 10 2 2 2 2 2 10 8 10 2 8 2 10 8 2 2 2
left_child=-1 2 3 4 6 16 7 11 15 25 14 20 17 -3 26 -9 -5 18 -13 24 -2 -22 -23 -21 -19 -10 -11 28 -8 -6
right_child=1 13 -4 5 29 -7 27 8 9 10 -12 12 -14 -15 -16 -17 -18 19 -20 23 21 22 -24 -25 -26 -27 -28 -29 -30 -31
leaf_value=0.033941538559560822 -0.012607154837414727 -0.024907314618664557 0.025230777166445811 0.034803468399618287 -0.0061879869599821193 -0.015916018608638588 0.0075077342077727238 0.0083416240351753233 0.008193537367010879 0.0052375602653671523 -0.0043195397465381471 0.016502027555054536 0.019842909331226309 0.014505263178388806 0.0042918801721262547 -0.021923336203070066 -0.0025216169778497373 -0.0080176118799921182 -0.022343824171279652 0.0093722905040639817 -0.007128977016236041 0.029414017741304827 -0.0030095450874309585 -0.016904002614340691 0.022601033506817633 -0.015580949198202222 0.041197478910013262 0.0070435255812502234 -0.023768946097852097 0.02629690829299787
leaf_weight=15.114523300901054 8.1035617412999255 37.194051442667842 20.212347015738487 16.727097935974605 2.6412518471479443 3.7738498356193295 3.2989497799426308 7.4477472128346589 13.396664379164578 6.007686895318332 7.6525377025827757 2.5562025997787705 4.6194188809022299 1.7045934759080399 10.015738116577266 13.273638920858501 4.7413073116913429 6.1171412309631696 47.941585200838745 6.7357052685692933 9.6816623555496353 14.216929957270624 7.7996562840417019 23.811926805414259 8.2612160639837366 13.43735673651099 23.135595688596368 4.6487685935571781 32.203789179213345 15.770915067754684
leaf_count=129 134 2817 177 154 48 109 80 94 87 85 213 35 33 9 137 166 71 155 1229 195 186 213 89 573 169 338 249 139 1126 229
internal_value=0.00180825 9.31609e-05 0.00288229 0.00109332 -0.000801975 0.0195743 -0.00264077 6.81051e-05 0.00798293 0.01386 0.0236735 -0.00536399 -0.00984176 -0.0217248 0.0290137 -0.0115384 0.0276411 -0.0121952 -0.0190679 -0.00333418 0.0057333 0.0115008 0.0194964 -0.0106068 0.010867 -0.00428905 0.0356371 -0.0166999 -0.0202946 0.0213106
internal_weight=392.243 377.129 338.23 318.018 292.776 25.2423 274.363 234.212 94.367 73.6456 46.8116 139.845 100.043 38.8986 39.159 20.7214 21.4684 95.4238 50.4978 44.926 39.8018 31.6982 22.0166 30.5476 14.3784 26.834 29.1433 40.1515 35.5027 18.4122
internal_count=9468 9339 6513 6336 6002 334 5725 4380 1369 1109 684 3011 2389 2826 471 260 225 2356 1264 1092 622 488 302 768 324 425 334 1345 1206 277
is_linear=0
shrinkage=0.035


Tree=81
num_leaves=31
num_cat=0
split_feature=96 87 83 117 97 116 55 98 70 61 98 50 113 65 71 101 0 48 61 60 120 83 93 27 65 26 65 48 65 119
split_gain=14.0916 15.0061 13.8898 10.1904 13.8695 12.8683 7.52997 7.21155 7.8633 5.23989 8.45733 5.73859 5.58634 4.93361 4.64081 4.48795 5.14095 4.69385 5.26013 4.28697 4.18794 3.55526 3.46576 3.29304 3.22806 3.14762 4.34858 3.657 3.12308 3.08829
threshold=3.3229166666666674 1.5000000000000002 1384.5000000000002 0.12916666666666668 1.9644910455513627 0.37567204301075274 0.88516483516483524 1.0571895424836604 12.019230769230772 0.96946386946386964 1.2182539682539686 0.11351921274601688 0.029198635976129584 1.5773809523809526 1.1040711977693534 0.13188405797101452 13.060613425925927 0.059411764705882358 0.94943101905127236 0.89943820224719107 0.026144907723855096 1911.5000000000002 54806.500000000007 3.5000000000000004 2.2886904761904767 5.5000000000000009 2.1464285714285718 0.037268518518518527 3.9354166666666672 0.37282449471082063
decision_type=2 8 10 2 2 2 10 2 10 2 2 2 2 10 8 2 2 2 2 2 2 10 2 2 8 2 8 2 10 10
left_child=1 -1 3 4 24 15 9 20 -9 12 -11 19 25 -6 -10 16 23 29 -19 -12 -8 -4 -22 -5 -3 27 -27 -7 -21 -17
right_child=-2 2 21 5 13 6 7 8 14 10 11 -13 -14 -15 -16 17 -18 18 -20 28 22 -23 -24 -25 -26 26 -28 -29 -30 -31
leaf_value=0.028597201180073448 0.0257223337272727 -0.020549896403204551 -0.024388088582732229 -0.0031522332244651279 0.0035358414952088974 0.020531673985091828 -0.0068626898952239036 -0.0025500822802026969 -0.0038404401062720728 -0.012661034112758053 -0.0045163618694038484 -0.0098522732791092252 -0.020642232517319795 0.040016465508930787 0.036526098759044591 0.01103720175312555 -0.010581923177848977 0.024716503791339463 -0.013613965950328068 0.032137079333980433 -0.0066125690569812613 0.0082056900257499957 0.028360736524505461 0.024843405063156247 0.0044960052476391513 0.0111122035319722 -0.021802731537477985 -0.010956609373137617 -0.00041183546849369673 -0.020381493183198766
leaf_weight=15.128512995317577 21.248479817062616 6.3035487839952138 33.762382355518639 7.5125981215387565 7.1938831945881274 9.3706888509914297 25.434457900933921 10.442783212289212 2.9965671049430993 16.87366102822125 5.0027116276323822 6.1998562421649686 23.927278261631727 15.314041323959826 21.138565454632044 1.0482070017606009 23.304082492366433 3.4514987077563992 4.522014707326889 17.408614049665633 3.0223049484193316 2.1892189150676122 4.4395594969391823 6.5105542549863458 11.075843736529349 4.3976990105584237 6.7972089685499677 2.882158667780458 4.1554010491818181 64.41036343947053
leaf_count=163 191 215 2568 177 122 103 324 129 34 225 83 138 467 122 188 33 707 88 153 267 33 172 43 76 295 76 131 38 43 2048
internal_value=0.000947683 -0.000816882 -0.0024681 2.33931e-05 0.0155055 -0.00245679 0.00373564 0.0122865 0.0223521 -0.00252217 0.00519606 0.0148506 -0.0103334 0.0311187 0.0317153 -0.0114174 -0.00125198 -0.0161754 0.0061093 0.0212629 0.000153117 -0.0216438 0.0172257 0.0129589 -0.00714987 0.00196537 -0.00943397 0.0120961 0.0269679 -0.0191308
internal_weight=387.465 366.216 351.088 315.136 39.8873 275.249 164.49 67.4742 34.5779 97.0153 49.6402 32.7666 47.375 22.5079 24.1351 110.759 37.3272 73.4321 7.97351 26.5667 32.8963 35.9516 7.46186 14.0232 17.3794 23.4478 11.1949 12.2528 21.564 65.4586
internal_count=9452 9261 9098 6358 754 5604 2322 751 351 1571 756 531 815 244 222 3282 960 2322 241 393 400 2740 76 253 510 348 207 141 310 2081
is_linear=0
shrinkage=0.035


Tree=82
num_leaves=31
num_cat=0
split_feature=87 83 116 55 54 98 72 117 99 108 44 107 110 95 98 96 128 66 83 145 145 73 60 98 11 4 111 29 0 41
split_gain=14.6524 16.1521 11.0528 7.75972 7.49518 8.60826 12.3511 7.11814 7.00676 6.73997 5.94219 5.92687 8.07624 5.56514 5.36355 5.03169 4.97241 4.67752 4.56938 4.31255 4.19689 4.13175 4.09151 3.88619 3.69492 3.51508 3.29669 3.81879 3.8058 3.10922
threshold=1.5000000000000002 1384.5000000000002 0.90521114106019784 0.56736587333602262 0.44949494949494956 1.3956521739130436 9.5000000000000018 0.12916666666666668 0.34549071618037142 246.50000000000003 0.34641025641025647 1402.9552991402286 61.250000000000007 26747.000000000004 0.87867647058823539 1.1129326047358836 0.22048611111111113 1.0000000180025095e-35 1911.5000000000002 0.12864089823286681 0.2536624966472919 8.5000000000000018 0.93682289884821535 1.8268365817091456 2.5000000000000004 4.5000000000000009 0.09449404761904763 8.5000000000000018 148.07754050925931 17.500000000000004
decision_type=8 10 2 8 8 2 8 2 2 10 2 10 10 2 2 2 2 8 10 8 10 8 2 2 2 2 2 2 2 10
left_child=-1 2 3 13 5 7 10 -5 -9 21 -7 -10 14 15 -13 23 -15 -17 -3 -16 -21 -6 -12 -2 -4 -22 27 28 -8 -18
right_child=1 18 24 4 9 6 26 8 11 -11 22 12 -14 16 19 17 29 -19 -20 20 25 -23 -24 -25 -26 -27 -28 -29 -30 -31
leaf_value=0.030135305484810707 0.019061018512207793 -0.02366472041904787 -0.0052021584424945151 0.025281823278595211 0.012805238556751126 -0.0087083275291846961 0.037242399947293919 0.016616710568574073 -0.015745657703677168 0.017469811217718116 0.030652964054424268 -0.011886516551201714 -0.018401356315253359 -0.0074267849235484388 -0.010475679849942719 0.012115747563868616 0.038410198560591198 -0.01982671056402318 0.010857559343765475 0.031991728693421845 0.021150439461737135 -0.017140598224991081 -0.0062662826121383458 -0.013624084940688468 0.028560360906060008 -0.0049372225839254217 -0.005864184032040743 0.0067456827260642914 -0.0024671650159092335 -0.004615601909414133
leaf_weight=16.579228947870433 6.3954055160284025 33.58955995272845 3.0727990269660976 7.9596563577651969 2.8486285116523495 26.540062359534204 29.440311894752085 15.475815874524413 37.561821937561035 5.9955597762018433 5.1865970939397794 7.8906424092128864 13.17102053388953 6.5072221858426911 3.9091968182474366 2.9689448773860923 2.4749910179525618 47.502816947177052 2.4383109370246521 11.936140414327385 5.3199650850147036 36.058159433305264 3.5120733445510268 2.8866825550794601 20.105582494288683 12.718871048651634 2.0103357303887597 10.977506072260438 2.5803598230704656 1.5071692932397125
leaf_count=170 137 2572 93 63 85 547 438 135 526 82 78 94 405 215 59 69 45 1182 174 137 62 1195 77 87 176 161 52 238 61 43
internal_value=0.00209868 0.000459706 0.00296037 0.00104338 0.00403543 0.00697974 0.015424 0.000739195 -0.00210865 -0.00823944 -0.000391435 -0.0059327 0.00152938 -0.00881182 0.00910857 -0.0128896 0.0110798 -0.017025 -0.0202898 0.0148975 0.0192311 -0.0137395 0.0189004 0.00768509 0.0239555 0.00567693 0.0266076 0.0285785 0.0341414 0.0286213
internal_weight=387.121 370.542 334.514 311.336 241.093 196.19 80.2472 115.943 107.983 44.9023 35.2387 92.5077 54.9458 70.2432 41.7748 59.7538 10.4894 50.4718 36.0279 33.8842 29.975 38.9068 8.69867 9.28209 23.1784 18.0388 45.0085 42.9982 32.0207 3.98216
internal_count=9458 9288 6542 6273 4495 3133 1491 1642 1579 1362 702 1444 918 1778 513 1475 303 1251 2746 419 360 1280 155 224 269 223 789 737 499 88
is_linear=0
shrinkage=0.035


Tree=83
num_leaves=31
num_cat=0
split_feature=10 11 81 69 119 11 46 143 99 98 27 47 108 38 45 43 72 90 66 46 27 47 32 108 108 0 20 57 2 0
split_gain=13.7608 12.6537 8.35903 7.67571 6.809 8.66072 8.42461 5.16147 6.73969 6.11947 5.45928 7.5694 5.51629 5.51645 4.92908 4.47749 4.17123 4.10149 4.07658 4.02176 3.98928 3.90388 3.83746 3.6998 3.54293 3.33716 3.31439 3.66114 3.73387 3.24751
threshold=3.5000000000000004 2.5000000000000004 420.30579107873831 3.2500000000000004 0.77303240518350214 4.5000000000000009 0.12588028169014087 1.0000000180025095e-35 0.68301435406698574 0.87068004459308812 34.500000000000007 0.057831661092530663 26.500000000000004 11.500000000000002 0.15235814296241715 0.30368906455862982 11.500000000000002 70168.223695844397 1.5189263736608203 0.052015692640692647 12.500000000000002 0.036811201445347795 3.5000000000000004 31.500000000000004 166.50000000000003 13.060613425925927 2.5000000000000004 0.30638852672750988 1.0000000180025095e-35 90.339537037037047
decision_type=2 2 10 8 10 2 2 8 2 2 2 2 10 2 2 2 10 2 8 2 2 2 2 10 8 2 2 10 2 2
left_child=1 22 3 4 20 16 7 8 9 -7 11 12 13 -9 18 29 -6 -4 -5 -13 -3 -20 24 -24 -1 -26 27 -11 -29 -10
right_child=-2 2 17 14 5 6 -8 10 15 26 -12 19 -14 -15 -16 -17 -18 -19 21 -21 -22 -23 23 -25 25 -27 -28 28 -30 -31
leaf_value=-0.019611018256711393 -0.020552599584429457 0.024156964290013207 -0.021079825147503482 -0.0052553107492617785 -0.020523450135469985 -0.010155323228181096 0.026010241401315942 -0.022125205751325261 0.016032891414220866 -6.0141368140576772e-05 0.014493335681903497 -0.0057225118341903284 0.016296239191296115 0.009469342778930941 -0.001892514973694014 -0.01684573169188314 0.0019256663210311493 0.0080301355689579423 0.029320715907128862 0.022376614555420987 -0.0065197499930494283 0.0034769322022555399 -0.0076504557815969152 0.025001249868175097 0.017557295819626298 -0.010440436878469895 -0.0011855458739793948 -0.0011569757524899397 0.039339314049746339 -0.0098070780940741897
leaf_weight=35.442981169559062 26.012790505774319 24.133592882193629 14.575649948790671 4.3744647856801739 21.504347020760179 4.6486755842342964 16.893471689894795 39.222012205980718 11.712884953245526 4.4411992952227655 12.07002806663513 8.5518728271126765 2.6344911623746148 5.1060233190655699 11.668732888065277 10.795539619401096 15.136561380699275 5.3835006467998019 40.205136271193624 8.5638267379254085 4.0936495848000041 10.250037014484404 6.0908945715054852 2.4040465150028467 4.0222085705026966 7.441943908110261 4.7587899314239612 2.876582000404599 16.824290805496275 5.1604726919904342
leaf_count=1538 1257 287 1359 55 624 46 195 680 195 49 94 140 38 44 203 222 373 437 355 101 35 96 235 59 77 305 69 33 183 115
internal_value=0.00186731 0.0037416 0.00654809 0.00813075 0.00475333 0.00214835 0.00581469 0.00250476 0.00968825 0.0191784 -0.00351143 -0.00770646 -0.0145934 -0.017895 0.0181495 -0.00299294 -0.0121319 -0.0131924 0.0222165 0.0102173 0.0193965 0.0248574 -0.010999 0.00742945 -0.0147306 0.00173141 0.0246986 0.0291287 0.0343891 0.00769481
internal_weight=387.001 360.988 305.586 285.627 219.128 190.901 154.26 137.367 61.2184 33.5495 76.1483 64.0782 46.9625 44.328 66.4984 27.6689 36.6409 19.9592 54.8296 17.1157 28.2272 50.4552 55.4021 8.49494 46.9071 11.4642 28.9009 24.1421 19.7009 16.8734
internal_count=9499 8242 6028 4232 3523 3201 2204 2009 912 380 1097 1003 762 724 709 532 997 1796 506 241 322 451 2214 294 1920 382 334 265 216 310
is_linear=0
shrinkage=0.035


Tree=84
num_leaves=31
num_cat=0
split_feature=10 11 45 83 49 56 65 59 117 74 117 110 118 96 110 44 93 100 98 54 143 41 73 66 54 97 117 76 108 64
split_gain=12.8569 14.274 9.37946 11.3696 9.84883 8.04193 7.82655 7.90143 11.1548 4.8157 4.89156 5.54146 5.49544 4.24973 4.10311 4.0718 4.06578 4.01664 6.37519 3.80648 3.96585 3.97047 3.61135 3.49792 4.78479 3.49354 4.19805 3.42634 3.24565 3.09408
threshold=3.5000000000000004 2.5000000000000004 0.069366479550922219 1614.5000000000002 0.062019230769230778 0.20864427860696519 4.2264957264957275 0.6906926406926408 0.21498599439775914 18.750000000000004 0.11324786324786326 50.750000000000007 0.91077943615257062 3.3229166666666674 61.750000000000007 0.95833333333333337 86045.000000000015 0.063164893617021281 1.6228448275862071 0.11483516483516486 0.035791589363017941 19.500000000000004 8.5000000000000018 1.3562373310182687 0.15894736842105264 2.5949206877225417 0.83192090395480245 0.50072992856063969 352.00000000000006 0.93969696969696981
decision_type=2 2 2 8 2 10 8 2 2 8 2 10 2 2 10 2 2 2 2 10 8 10 8 10 8 2 2 8 10 2
left_child=1 15 6 -4 5 17 7 8 -3 10 -7 12 19 -14 27 16 22 -5 -19 20 21 -12 -1 24 -10 -21 -27 -9 -24 -25
right_child=-2 2 3 4 -6 9 -8 14 23 -11 11 -13 13 -15 -16 -17 -18 18 -20 25 -22 -23 28 29 -26 26 -28 -29 -30 -31
leaf_value=0.0075490967018647182 -0.020239432090247096 0.026983206664158252 0.02020972641839618 0.02340803948883495 0.025509945554667741 0.01207335201302335 0.027555728315866616 0.006505080769079556 0.025554214621406592 0.011543311171261717 0.036590618259731381 -0.023969641774350528 -0.021406338768223638 0.010056766637178353 -0.00090168427788863 0.010954326688200731 0.013935638694386457 -0.018558692542645357 0.018918628047848454 0.014905117469009381 -0.0095543164417985528 -0.0065646042724470909 -0.022994900901611125 -0.016225372997167222 -0.0051497732534242311 -0.017735922838170229 0.010133364792246099 0.034668680248497043 0.0053724258672824664 0.006491962189032357
leaf_weight=3.8541178209707132 25.478081110864878 10.547295333817599 25.946774368174374 10.513341350480916 8.604125830344854 6.1384624745696774 30.663460403680801 10.858123825863006 4.0097567643970278 8.2006310373544675 4.7955422243103358 35.225291284732521 25.167763256467882 3.2866064347326747 8.4989166781306249 4.7160524418577543 1.8623381974175561 7.5054214075207693 5.0624163635075092 4.3500816486775902 2.2470774864777932 1.7534129992127416 40.68038235604763 30.618709553964436 16.169480189681053 16.756634471938018 5.7088666493073097 15.631313508376477 3.6556860124692312 6.3300614608451715
leaf_count=148 1272 125 276 146 166 90 300 132 71 207 85 1670 434 25 239 147 50 120 76 107 56 35 1810 422 455 406 52 183 77 119
internal_value=0.00162746 0.00343427 0.00641595 0.000913243 -0.00308987 -0.00572639 0.0131958 0.00782631 0.000500343 -0.00954996 -0.011639 -0.0136135 -0.00659641 -0.0168123 0.020162 -0.0122976 -0.0152844 0.0114461 -0.00237463 0.00263121 0.0177479 0.0271965 -0.0176174 -0.00616716 0.00481425 -0.00433728 -0.0100984 0.0259903 -0.0203485 -0.0120235
internal_weight=384.836 359.358 304.59 171.262 145.316 136.712 133.327 102.664 67.6753 113.63 105.43 99.2913 64.066 28.4544 34.9884 54.7686 50.0525 23.0812 12.5678 35.6116 8.79603 6.54896 48.1902 57.128 20.1792 26.8156 22.4655 26.4894 44.3361 36.9488
internal_count=9501 8229 5997 3951 3675 3509 2046 1746 1192 3167 2960 2870 1200 459 554 2232 2085 342 196 741 176 120 2035 1067 526 565 458 315 1887 541
is_linear=0
shrinkage=0.035


Tree=85
num_leaves=31
num_cat=0
split_feature=0 116 92 50 55 56 46 115 56 82 70 10 66 46 70 65 108 87 90 99 101 40 0 13 55 92 3 106 61 61
split_gain=13.7484 9.51857 9.85113 8.52114 6.7943 5.56469 5.94489 5.96279 5.15239 4.716 4.49555 5.02554 4.43272 4.35802 4.703 4.17087 4.01136 3.69245 3.7464 3.86495 3.48647 3.46512 4.62842 5.33523 4.09192 3.4341 3.27198 3.26556 2.95971 2.95488
threshold=3.2949363425925928 0.44033898305084751 61613.500000000007 0.020204081632653064 0.56736587333602262 0.62593283582089565 0.038218111002921142 0.072077922077922088 0.25866188769414583 1.0000000180025095e-35 11.860389610389612 3.5000000000000004 2.3548094402014068 0.078689370485036131 13.224747474747476 2.5857843137254908 5.5000000000000009 1.0000000180025095e-35 44913.619658119664 0.63245614035087727 0.49358974358974367 1.0000000180025095e-35 117.36208333333335 4.5000000000000009 0.54606060606060614 69880.000000000015 12.500000000000002 1895.1545454545458 0.94713553795994421 0.94073748902546106
decision_type=2 2 2 2 8 8 2 2 8 8 10 2 8 2 8 10 10 8 2 2 2 2 2 2 8 2 2 8 2 2
left_child=3 2 8 4 -1 6 7 -3 16 -10 -8 -12 -9 14 15 -4 20 -5 28 -20 -2 22 23 24 -16 27 -23 -6 -19 -18
right_child=1 5 13 17 25 -7 10 12 9 -11 11 -13 -14 -15 21 -17 29 18 19 -21 -22 26 -24 -25 -26 -27 -28 -29 -30 -31
leaf_value=-0.006842772421559255 -0.021289874171655964 0.020283295549302489 -0.016481738183838551 0.022294879978486785 0.027858333664622252 -0.010198263782264357 -0.00089819506853160884 -0.019322469328780886 0.015060721609072895 -0.021612719009207589 0.025293535479760432 -0.0096583692110100323 0.0043698475060418903 -0.012670462798634577 -0.0033698953865900815 0.011459726890053028 0.025236049267704046 -0.0074474012468587836 0.004092999879433813 -0.018589185664571309 0.0087078444685835601 -0.016246395871287251 -0.0044284579223074026 -0.0074654285101041894 0.047123916933154479 0.0042087348935145466 0.015225866468023966 -0.0041375726331097824 0.016386955599796842 -0.003115560435117363
leaf_weight=9.418153581209479 8.9826843827031571 6.2494513290002933 9.523067472502591 2.8132604751735917 47.51326601812616 20.958093349356204 14.557246012147514 16.265250984113667 1.17148714698851 68.369801840279251 32.978938298299909 3.1590386591851702 14.968127995729445 10.937265498563645 1.563585881143809 7.2711582421325138 3.9739433093927783 6.6727373320609358 12.526234594173731 18.79036979842931 3.8312385510653248 3.8753473795950404 3.8498448040336362 1.7850692039355625 8.2689868826419115 13.415402578189967 2.5187703371047974 2.9285452449694267 11.497256102040408 7.1181542151607573
leaf_count=194 236 125 433 24 584 639 202 336 10 2983 346 150 217 434 55 184 75 136 183 435 102 181 134 65 225 203 82 70 224 151
internal_value=0.00145843 -0.00325789 -0.00906451 0.0106917 0.0180002 0.00441632 0.00825075 -0.00224711 -0.015489 -0.0200261 0.0155175 0.0214356 -0.00893208 0.00335092 0.00881599 -0.00453062 -0.00110968 -0.000225215 -0.00343388 -0.0102022 -0.0123942 0.0180038 0.0250799 0.0332487 0.0406651 0.0218951 -0.00260772 0.0257951 0.00791577 0.011727
internal_weight=377.752 252.177 143.04 125.575 73.2754 109.136 88.1781 37.4828 93.4473 69.5413 50.6952 36.138 31.2334 49.5931 38.6558 16.7942 23.906 52.2999 49.4866 31.3166 12.8139 21.8616 15.4675 11.6176 9.83257 63.8572 6.39412 50.4418 18.17 11.0921
internal_count=9418 7365 5350 2053 1051 2015 1376 678 3557 2993 698 496 553 1793 1359 617 564 1002 978 618 338 742 479 345 280 857 263 654 360 226
is_linear=0
shrinkage=0.035


Tree=86
num_leaves=31
num_cat=0
split_feature=88 83 10 54 117 110 94 119 76 112 92 35 119 109 97 94 70 101 98 92 142 11 51 35 125 128 110 106 76 109
split_gain=12.7716 14.0662 7.66278 9.13937 9.28522 11.2122 8.62737 6.24791 5.55089 5.55718 5.28891 4.96207 4.94828 4.79078 4.54696 4.41728 4.46728 5.09968 6.38296 4.29347 4.05432 4.00453 3.97074 4.38677 3.78607 4.30574 3.76669 3.56159 3.3938 3.43797
threshold=1079.5000000000002 1537.5000000000002 3.5000000000000004 0.44949494949494956 0.11324786324786326 37.250000000000007 80486.250000000015 0.82710268257554309 0.37850674739933959 0.14185110663983905 67753.500000000015 7.5000000000000009 2.6140399558113243 281.50000000000006 1.5253991221971623 53790.750000000007 13.639610389610391 0.6132478632478634 1.491935483870968 76371.000000000015 9.5000000000000018 16.500000000000004 0.053101503759398504 33.500000000000007 2.5000000000000004 0.054093567251461992 54.250000000000007 36.81944444444445 0.94302562993293104 6047.0000000000009
decision_type=10 10 2 8 2 10 2 10 8 2 2 2 10 10 2 2 8 2 2 2 2 2 2 2 2 2 8 10 8 10
left_child=1 2 3 4 -1 8 12 13 24 19 -3 -8 15 27 -15 16 28 18 -18 20 22 -4 23 -10 25 -6 -12 -5 -7 -30
right_child=-2 10 21 7 5 6 11 -9 9 -11 26 -13 -14 14 -16 -17 17 -19 -20 -21 -22 -23 -24 -25 -26 -27 -28 -29 29 -31
leaf_value=0.028804813777880245 0.032397005772432236 -0.027057149129541137 -0.021706379600292328 0.0065941276802317286 0.0066536686567499502 -0.013233090693285526 0.03387500378395384 -0.018812642581085913 0.026325555359692093 -0.014227640627228524 0.018048228495891105 -0.0080855444670584892 -0.019403612085468501 -0.010447029694342724 0.029647561158566076 -0.010467078735930646 0.0018013057681062793 -0.011605990011629331 0.041467423524996008 -0.003658427606327595 -0.0041760208327817168 0.009315050670969046 -0.0052578298787241753 0.00081620708117089563 0.011515379909198915 -0.020498010485635779 -0.014469367908463232 -0.01736810793926636 -0.010205261629592925 0.026776132601592718
leaf_weight=18.406931338831782 11.914594415575264 22.501110379584137 16.308126526884738 11.337793932296341 9.5005868440493959 14.072123943828048 6.1035390538163465 25.313918847590685 69.171354865655303 3.631993167102336 4.3033520206809035 2.6692528910934925 22.66184320114553 2.0076975766569358 6.5395300453528762 32.159548107534647 9.8338152552023548 3.4099445613101116 6.1419990034773937 9.1863437686115486 6.5272200480103484 3.5848881592974058 4.586202227510511 9.6597467008978111 13.981050660833715 11.08637362718582 3.3827280006371439 10.105900404509155 1.894922656938433 2.0841904636472464
leaf_count=187 64 2029 672 359 116 428 123 877 581 59 289 92 577 67 60 922 258 110 126 87 39 127 75 89 104 96 302 375 67 47
internal_value=0.00266263 0.00125652 0.00343898 0.00486125 0.00763031 0.00543695 -0.00333379 -0.00756163 0.0117798 0.0156948 -0.0198221 0.0228075 -0.00686427 0.00326604 0.0198498 -0.00175434 0.00608158 0.0160399 0.0233007 0.0174216 0.0196539 -0.0153679 0.0216492 0.0234348 -0.000371071 -0.00911623 0.0036746 -0.00584742 -0.00577238 0.0132889
internal_weight=374.069 362.154 331.967 312.074 256.769 238.362 101.031 55.3048 137.331 102.763 30.1872 8.77279 92.2584 29.9909 8.54723 69.5965 37.437 19.3858 15.9758 99.1309 89.9445 19.893 83.4173 78.8311 34.568 20.587 7.68608 21.4437 18.0512 3.97911
internal_count=9404 9340 6720 5921 4183 3996 2750 1738 1246 930 2620 215 2535 861 127 1958 1036 494 384 871 784 799 745 670 316 212 591 734 542 114
is_linear=0
shrinkage=0.035


Tree=87
num_leaves=31
num_cat=0
split_feature=0 110 88 92 68 55 98 55 66 58 91 70 50 81 115 51 90 41 119 69 49 27 100 71 42 90 61 116 50 90
split_gain=14.4057 10.0985 7.65114 7.6313 6.54843 6.23214 5.66534 7.28944 5.012 4.93554 4.82694 4.68083 4.46174 4.48126 4.35095 4.22081 4.18732 3.82894 5.00343 3.63488 4.18434 3.5717 3.50568 3.72644 3.32615 3.32103 3.30839 3.19748 3.17204 3.05932
threshold=3.2949363425925928 37.250000000000007 1079.5000000000002 37041.500000000007 12.500000000000002 0.50247524752475259 1.0519568151147101 0.82247899159663873 2.5114021650893998 0.85416666666666685 3873.295274851906 18.828571428571433 0.020204081632653064 168.07894622118144 0.072077922077922088 0.033994607087827429 72249.47968936681 6.5000000000000009 2.3343234844943228 3.2500000000000004 0.085144927536231887 1.5000000000000002 0.087595907928388769 4.5840905961775222 1.5000000000000002 20575.532258064519 0.89897959183673481 0.92022727272727278 0.047247023809523815 74445.315476190488
decision_type=2 10 10 2 8 8 2 10 10 2 10 10 2 10 2 2 2 10 10 10 2 2 2 8 10 2 2 2 2 2
left_child=3 4 11 9 6 -5 10 14 29 -1 27 16 13 21 -8 26 19 18 -16 20 -3 24 23 -14 -7 -19 -11 -2 -20 -9
right_child=1 2 -4 5 -6 12 7 8 -10 15 -12 -13 22 -15 17 -17 -18 25 28 -21 -22 -23 -24 -25 -26 -27 -28 -29 -30 -31
leaf_value=-0.010263871808302273 -0.027449548627263724 -0.020961217412432565 0.021309158381147913 -0.018143004608634709 0.018417514339671821 -0.011467214299008563 0.016226785967454162 0.031984553751912143 -0.0062753247785137471 -0.0030083446392290473 0.0056488528602074654 0.013051837503242687 0.017890820749602965 -0.0094353356884167554 -0.012690269161681221 -0.0027483362203953167 -0.0021327101867777546 0.007597452406084176 -0.0034455413115589578 0.0023656087324042899 0.0098236302699255696 0.028069342736583881 -0.015229146968955316 -0.0096810263531320467 0.013817572762083483 -0.0213096788857353 0.029443465514168501 0.0059932357251749006 0.02965593003229066 -0.0032478983880954737
leaf_weight=3.1904215174727133 14.374927862081682 79.958525982685387 4.482819151133298 9.4793955748900753 23.226877104956657 5.6026309728622463 6.2475920189172021 13.773541976232087 5.3093033907935014 3.2657974865287533 8.8727449611760658 4.8034715754911295 8.7415632954798639 5.4263435741886488 7.5633060391992357 5.7786569166928521 31.765451016835868 3.3911862811073687 4.2049543941393477 9.4199361400678736 2.9630917236208907 16.602742692455649 11.412016275338827 6.4349115109071144 12.034811753779648 19.094789327587932 37.8631930090487 2.3578697694465509 4.3663339097984135 2.5701891351491204
leaf_count=59 310 3508 24 259 368 125 106 172 46 48 90 138 146 173 180 127 1246 50 74 249 87 143 198 130 138 537 512 66 85 31
internal_value=0.00103277 -0.00384545 -0.0102381 0.0104545 0.00366513 0.00302599 -0.000810872 0.00462259 0.0191791 0.0203907 -0.0133757 -0.0120898 0.0071153 0.0139208 -0.00362092 0.0232635 -0.0135307 -0.00832362 0.00409847 -0.0171406 -0.0193651 0.0183529 -0.00363407 0.00669821 0.00502694 -0.0163611 0.0268199 -0.0224424 0.0181303 0.026981
internal_weight=374.579 248.747 133.393 125.832 115.354 75.7344 92.1267 66.5212 21.653 50.0981 25.6055 128.91 66.255 39.6665 44.8682 46.9076 124.107 38.6206 16.1346 92.3416 82.9216 34.2402 26.5885 15.1765 17.6374 22.486 41.129 16.7328 8.57129 16.3437
internal_count=9425 7367 5252 2058 2115 1312 1747 1281 249 746 466 5228 1053 579 1032 687 5090 926 339 3844 3595 406 474 276 263 587 560 376 159 203
is_linear=0
shrinkage=0.035


Tree=88
num_leaves=31
num_cat=0
split_feature=96 82 81 117 110 110 106 82 117 65 100 70 110 93 65 56 76 46 100 119 98 101 66 109 108 92 71 93 95 101
split_gain=12.734 9.43044 9.74194 7.11158 10.9269 9.87787 13.6692 7.28632 6.56863 6.24902 6.05268 5.60006 6.37662 5.45572 4.99532 4.58494 5.16847 4.56424 3.92076 7.24663 5.95542 4.41088 5.84932 3.91028 3.84429 3.56659 3.20891 3.09649 3.06827 3.0662
threshold=3.3229166666666674 1.0000000180025095e-35 357.33930270589445 0.12916666666666668 1234.0000000000002 82.250000000000014 621.25739130434795 562.50000000000011 0.65345368916797497 1.6417112299465242 0.63961038961038974 14.509259259259261 20.750000000000004 46501.000000000007 2.8038461538461541 0.37590579710144933 0.5767792001148434 0.090326340326340335 0.084523809523809543 3.1457188272462893 0.85960591133004927 0.17752100840336138 1.8723123015304985 7775.5000000000009 165.50000000000003 74741.000000000015 4.1571319204407384 67963.000000000015 28702.000000000004 0.22902097902097904
decision_type=2 8 10 2 8 10 10 8 2 10 2 8 10 2 8 10 8 2 2 10 2 2 8 10 10 2 10 2 2 2
left_child=1 -1 3 4 9 6 7 -5 15 24 18 12 -10 -13 -12 16 -8 -14 19 29 -21 22 27 -18 -3 -7 -22 -20 -17 -9
right_child=-2 2 -4 5 -6 25 8 10 11 -11 14 13 17 -15 -16 28 23 -19 21 20 26 -23 -24 -25 -26 -27 -28 -29 -30 -31
leaf_value=0.02593566574285739 0.025772811806950111 -0.012970618431606419 -0.017860374820135225 0.01691963512400755 -0.014512443852191883 -0.020031784453685735 -0.0060439683726545325 -0.018615053647667294 0.027230906909394555 0.03298590695995364 0.026205619934076489 -0.0031477605358427741 -0.01157920620039724 0.041418263944670852 -0.011100798115802984 -0.017629236570771277 -0.00048457804758135649 0.015333568809194821 0.023737029129508688 -0.014662970516318343 0.026641701010892933 -0.023724259380649506 -0.016376011377527665 0.036549127712877445 0.016683251135460223 0.0072843525368677742 -0.0020101813472212511 -0.0083341757655513871 0.010157587056037832 -0.0011218766895394563
leaf_weight=11.305026181042193 19.974634693935513 6.4635163350030798 33.685279000550508 11.93764799274504 9.1890876563265902 34.775484081357718 10.293376859277489 25.373303183354437 9.5111916940659267 19.271391266025603 6.69375242386013 3.2903178203851011 16.009855480864648 13.589402781799434 3.5028128121048221 13.403948792256417 5.1577012501656991 7.2593678012490264 6.1057301461696643 4.6758616510778692 12.390336177311839 32.713408248499036 11.213661627843974 5.0398842561990023 5.0717793107032776 4.2529982710257164 5.6944903554394832 2.4765590392053127 2.9493399048224083 21.739730335772038
leaf_count=74 197 193 2873 80 345 1275 255 475 79 173 91 42 261 148 70 531 111 82 72 31 118 615 149 108 53 136 66 54 109 534
internal_value=0.00161603 -8.21001e-05 -0.00129739 0.00075701 0.0136465 -0.00136536 0.00149913 -0.0050547 0.0121261 0.0228995 -0.00757629 0.0198262 0.00899554 0.033997 0.0139541 0.000618787 0.0105761 -0.00195611 -0.00984744 -0.00394619 0.0108042 -0.0166744 -0.0025895 0.0238213 0.00116969 -0.0165659 0.0191386 0.0148212 -0.0114128 -0.0114252
internal_weight=375.011 355.036 343.731 310.046 39.9958 270.05 231.022 144.517 86.5044 30.8067 132.58 49.6601 32.7804 16.8797 10.1966 36.8443 20.491 23.2692 122.383 69.8737 22.7607 52.5094 19.796 10.1976 11.5353 39.0285 18.0848 8.58229 16.3533 47.113
internal_count=9400 9203 9129 6256 764 5492 4081 2355 1726 419 2275 612 422 190 161 1114 474 343 2114 1224 215 890 275 219 246 1411 184 126 640 1009
is_linear=0
shrinkage=0.035


Tree=89
num_leaves=31
num_cat=0
split_feature=87 81 96 57 50 11 44 107 116 46 113 106 94 106 83 82 110 94 145 2 145 2 110 141 47 88 108 72 110 107
split_gain=11.9732 14.5656 10.2205 7.60473 7.18653 6.59299 5.88188 6.65569 10.9685 5.57834 5.4889 5.19866 5.17103 4.82953 4.75535 4.64753 4.41539 4.37298 4.19893 3.85047 4.09091 4.29534 3.65911 4.81036 5.33922 3.32951 3.30436 3.29234 3.13014 3.08365
threshold=1.5000000000000002 332.60676822318106 3.3229166666666674 0.42462121212121218 0.072949002217294903 2.5000000000000004 0.5131670131670133 1837.7640941860936 0.3120941558441559 0.048583792289535806 0.087595907928388769 687.16666666666674 59934.250000000007 161.55555555555557 1911.5000000000002 1.0000000180025095e-35 164.75000000000003 27420.750000000004 0.12864089823286681 5.5000000000000009 0.05243233409802011 1.0000000180025095e-35 310.25000000000006 1.0000000180025095e-35 0.099019607843137278 916.50000000000011 56.500000000000007 9.5000000000000018 93.250000000000014 1797.8972565093279
decision_type=8 10 2 10 2 2 2 10 2 2 2 10 2 10 10 10 10 2 8 2 8 2 10 2 2 10 10 10 10 8
left_child=17 2 3 6 5 26 7 22 -9 27 11 -11 16 18 15 -3 -8 -1 -7 20 -15 -22 23 25 -25 -2 -5 -10 -23 -30
right_child=1 14 -4 4 -6 13 12 8 9 10 -12 -13 -14 19 -16 -17 -18 -19 -20 -21 21 28 -24 24 -26 -27 -28 -29 29 -31
leaf_value=-0.005157925451535714 -0.02207419347614132 0.014942507186513189 0.024558747983339155 -0.014065259550108893 -0.0063819943044444169 0.018374910911762011 -0.013660525335662147 -0.015933495060576581 -0.012420761414672028 -0.004365600032698023 -0.00771670197245998 0.038406717208440848 0.023527655831761782 -0.0018058696952481974 0.011593248838693561 -0.026517233659054697 0.018495174388191631 0.034886873492654499 -0.0092254352567771418 -0.0012673558588995643 0.00016941849559166212 0.034718012010609901 0.011375082706558605 -0.010180592675867546 0.020563540887503076 0.0050187907725265119 0.0096266926400712226 0.013333868269728186 0.018955340823314962 -0.0096256795503944607
leaf_weight=2.6963279405608764 52.64378329180181 0.5058473907411124 19.149096991866827 13.459591755643489 34.773517961613834 5.2437212280929115 11.423175323754551 20.35058765206486 9.9414486046880466 3.1467333007603946 3.524054109118878 12.937286350876091 11.312528165988622 6.5876943413168183 2.3076498694717875 30.396494489628822 2.8187647731974712 12.198764107190071 14.812442918308077 8.7132392954081279 6.8739346032962194 32.348091572523117 3.5208497885614625 17.049553696997467 5.0882728528231373 4.3198091546073547 7.4337786957621566 5.3477162942290297 5.2540618637576673 4.2536307368427524
leaf_count=30 1156 17 189 550 897 69 220 688 235 44 82 188 202 94 179 2615 38 132 208 124 99 363 49 422 62 35 170 94 58 103
internal_value=0.00174042 0.000258216 0.00264177 0.000881475 0.00675165 0.0111944 -0.00418986 -0.00706747 0.00225795 0.0135338 0.0238771 0.0309878 0.00995127 0.0153906 -0.0201944 -0.0238521 -0.00414406 0.0281634 0.000217474 0.0197833 0.0229293 0.02613 -0.0130762 -0.0147761 -0.000627424 -0.0197804 -0.00540458 -0.00234653 0.0299205 0.00725799
internal_weight=370.432 355.537 322.327 303.178 139.754 104.98 163.425 137.87 55.2478 34.8972 19.6081 16.084 25.5545 84.0868 33.21 30.9023 14.2419 14.8951 20.0562 64.0307 55.3174 48.7297 82.6223 79.1014 22.1378 56.9636 20.8934 15.2892 41.8558 9.50769
internal_count=9412 9250 6439 6250 2735 1838 3515 3055 1331 643 314 232 460 1118 2811 2632 258 162 277 841 717 623 1724 1675 484 1191 720 329 524 161
is_linear=0
shrinkage=0.035


Tree=90
num_leaves=31
num_cat=0
split_feature=81 88 54 119 109 16 95 93 95 86 128 10 119 101 118 110 70 54 103 107 90 59 0 116 92 0 15 2 65 143
split_gain=11.6759 10.7755 9.93169 11.2249 9.12978 6.38731 6.3921 7.38227 5.42509 5.15066 5.12362 5.0559 4.68353 4.08412 3.95874 4.39919 3.95319 4.03326 3.87738 4.5612 6.14266 5.91975 5.17731 3.85543 3.8302 3.62129 3.37345 3.18949 3.08538 3.02395
threshold=452.50265221412877 1076.5000000000002 0.16954022988505749 0.78582996308391106 255.50000000000003 12.500000000000002 26003.000000000004 80322.500000000015 248.50000000000003 261.39943343151418 0.46410256410256417 2.5000000000000004 1.8494473742943793 0.53589743589743599 0.31666666666666671 1098.5000000000002 12.60357142857143 0.087595907928388769 0.86436781609195412 2682.4693851852958 69883.720192307708 0.5982456140350878 103.7189178240741 0.91010101010101019 68338.500000000015 2.4328125000000003 1.5000000000000002 5.5000000000000009 1.2928571428571431 0.080015540015540038
decision_type=10 10 8 8 10 2 2 2 2 8 2 2 10 2 2 8 10 10 2 8 2 2 2 2 2 2 2 2 10 8
left_child=1 2 5 4 8 10 11 12 -4 -5 13 16 -8 26 15 -11 17 -7 19 -16 -21 -22 -23 -12 -2 -20 -1 29 -6 -28
right_child=24 -3 3 9 28 6 7 -9 -10 14 23 -13 -14 -15 18 -17 -18 -19 25 20 21 22 -24 -25 -26 -27 27 -29 -30 -31
leaf_value=0.0016584805186201145 -0.026249023185664098 0.029964118979414107 0.012052346120979831 0.011101172561369907 0.001209665476267649 0.013620263285884037 -0.010307926934144842 -0.0073957227444188516 -0.014625256692973846 0.025392217984938032 -0.019218090236420866 -0.015809615657779212 0.030669872822963521 -0.0042564706868263216 -0.0168244221754951 -0.0082133719382863849 0.012137510139912197 -0.018416968846100289 0.018728307324672656 -0.012042230874347828 -0.011448496420977445 0.038863843002738249 -0.0090037381232445958 0.014342767166206685 0.0029372980908958265 -0.0073841952890032958 0.038776853681171737 -0.00062037298144191212 0.038061240437706707 0.0018594082285901703
leaf_weight=6.1498439880087963 18.239932790398601 12.618653854355214 14.889820513315501 12.78315964899957 3.8243611734360448 2.8959108879789701 1.5479676080867708 9.6858096262440068 12.607974210754035 3.9383108746260378 4.3094816822558633 20.780176921747625 17.28257065359503 4.4638587012886992 88.802669637836516 6.4557217890396723 22.288148459047079 9.7398701161146146 5.9387214444577721 18.748900426551703 3.6062106275930983 5.6201478978618979 1.5873101670294998 2.930743083357811 5.9978136457502833 11.555805573239921 22.158800594508655 3.280844757333397 10.109132306650279 3.5984762404113999
leaf_count=63 2043 77 235 156 45 27 49 231 295 29 44 572 314 92 2204 286 257 123 80 600 115 131 55 35 582 318 215 44 85 48
internal_value=0.00151519 0.00327478 0.00182905 -0.00305848 0.0122319 0.00913981 0.00299272 0.0151358 -0.000547795 -0.00729326 0.0188281 -0.00395828 0.0258453 0.0233404 -0.00921483 0.00863149 0.00419024 -0.0092947 -0.0108381 -0.0130447 -0.000899487 0.016119 0.0289519 -0.00532357 -0.0197594 0.00367256 0.0269353 0.0312586 0.0309371 0.0347599
internal_weight=368.437 344.199 331.581 200.468 41.4313 131.113 84.2205 28.5163 27.4978 159.037 46.892 55.7041 18.8305 39.6518 146.254 10.394 34.9239 12.6358 135.86 118.365 29.5626 10.8137 7.20746 7.24022 24.2377 17.4945 35.188 29.0381 13.9335 25.7573
internal_count=9450 6825 6748 4634 660 2114 1573 594 530 3974 541 979 363 462 3818 315 407 150 3503 3105 901 301 186 79 2625 398 370 307 130 263
is_linear=0
shrinkage=0.035


Tree=91
num_leaves=31
num_cat=0
split_feature=83 27 47 117 66 116 94 58 88 65 106 65 100 70 91 110 49 110 119 85 83 48 119 69 66 49 74 38 50 32
split_gain=11.079 7.91003 9.72808 6.98923 8.16421 7.32318 6.3859 5.95914 5.32128 5.16099 5.23528 4.85754 4.8193 4.50186 6.14913 5.64831 5.51663 4.22255 4.00609 3.87811 3.83116 4.68878 3.70115 5.4366 3.61055 3.56095 3.38213 3.33989 3.3229 3.23896
threshold=1537.5000000000002 3.5000000000000004 0.099019607843137278 0.21498599439775914 1.9500635676244293 0.37567204301075274 80648.250000000015 0.46998799519807927 1079.5000000000002 2.2565789473684217 965.09722222222229 1.5773809523809526 0.15894736842105264 14.509259259259261 4954.8420557718573 82.250000000000014 0.064866760168302964 22.250000000000004 1.9019677081383384 504.40969899665555 1253.5000000000002 0.064172958133150312 0.77303240518350214 3.7500000000000004 0.81988459163814542 0.019704911667637357 15.750000000000002 3.5000000000000004 0.079077644606565925 11.500000000000002
decision_type=10 2 2 2 8 2 2 2 10 10 8 10 2 10 10 8 2 10 8 10 10 2 10 10 8 2 8 2 2 2
left_child=1 2 13 11 6 19 20 -7 -2 10 28 -3 25 16 18 17 22 -16 26 27 21 -5 -1 24 -24 -9 -15 -6 -4 -11
right_child=8 3 9 4 5 7 -8 12 -10 29 -12 -13 -14 14 15 -17 -18 -19 -20 -21 -22 -23 23 -25 -26 -27 -28 -29 -30 -31
leaf_value=0.0013024842619821953 -0.021732573420159301 -0.0014011399807876562 0.037618317775999485 -0.017732855338917601 -0.021745452746035825 -0.0086044550851411966 0.021709600956833826 0.028931734191379739 0.016237856203331229 -0.014048746617417987 -0.0069246671155892316 0.033779034767620009 -0.00066284339642635516 0.022160312991534765 -0.0080557773961588506 -0.010596900168367094 0.016740087070803766 0.035935513114236296 -0.014461858001791407 0.014702897100795113 0.011718701798328183 0.01175518619721296 -0.0012249553476733762 0.008229208471554627 -0.020416565814828043 -0.0016529538601902309 -0.0049541017213307822 0.0066782356098666288 -0.0021037838484508826 0.013012554094423924
leaf_weight=25.190656861755997 26.927035314962271 5.7461811942048397 12.509951762855058 35.038439068943262 10.208079603966327 6.5388702731579533 4.5091954013332716 40.342206836212426 1.5696697160601605 6.979960907250641 3.3299467116594306 15.858082353137432 9.7190214511938375 4.9933412671089181 1.3318891944363684 2.9811982279643425 5.6049108738079658 9.3273403858765942 16.635430523194373 4.0286058527417472 4.8316273037344208 4.3093245886266223 15.605012401007114 9.2844902034848911 58.926537566818297 4.6152128232642999 9.6779542420990765 4.7489310260862103 2.4278719788417211 4.9821880552917719
leaf_count=686 2604 89 173 610 222 46 76 367 9 158 105 139 116 116 17 105 102 201 391 65 117 61 530 151 1713 40 242 81 56 62
internal_value=0.00172177 0.00356445 -0.00120077 0.00941928 0.00578933 0.0123712 -0.00519493 0.0179248 -0.0175295 0.0155259 0.0251587 0.0259172 0.0215525 -0.00474526 0.00430709 0.020347 -0.00832696 0.0296216 -0.00452117 -0.00553891 -0.00986895 -0.0135421 -0.0102935 -0.0136558 -0.016728 0.0259408 0.00756125 -0.0133087 0.0322537 -0.00226443
internal_weight=368.779 340.282 189.789 150.494 128.89 80.2009 48.6886 61.2153 28.4967 30.2299 18.2678 21.6043 54.6764 159.559 44.9472 13.6404 114.612 10.6592 31.3067 18.9856 44.1794 39.3478 109.007 83.816 74.5315 44.9574 14.6713 14.957 14.9378 11.9621
internal_count=9450 6837 4808 2029 1801 937 864 569 2613 554 334 228 523 4254 1072 323 3182 218 749 368 788 671 3080 2394 2243 407 358 303 229 220
is_linear=0
shrinkage=0.035


Tree=92
num_leaves=31
num_cat=0
split_feature=81 88 56 69 47 47 116 56 55 109 92 120 117 117 122 0 145 70 143 65 26 8 71 50 110 101 56 63 65 122
split_gain=10.8435 8.06402 9.03783 7.31145 7.08603 6.98592 5.70527 5.39192 4.85842 4.57297 4.15325 4.05977 5.10385 4.72577 5.05741 4.44349 4.36246 5.17285 4.83973 4.81424 3.91775 3.57744 3.54726 3.43794 3.41396 3.37662 3.36282 3.32979 3.2678 3.26698
threshold=434.32254476783305 1076.5000000000002 0.20864427860696519 2.7500000000000004 0.050316455696202543 0.14854215918045707 0.29198717948717956 0.65030120481927722 0.89039039039039047 268.50000000000006 67753.500000000015 0.019049346879535561 0.3816526610644258 0.12916666666666668 1.0000000180025095e-35 0.89696759259259273 0.25529966493361106 15.242647058823531 0.075254745254745278 1.5634920634920637 31.500000000000004 1.5000000000000002 3.7688056246936479 0.1327044025157233 50.750000000000007 0.58114035087719318 0.23145604395604399 0.86811594202898557 1.9045454545454548 1.0000000180025095e-35
decision_type=10 10 8 10 2 2 2 8 8 10 2 2 2 2 2 2 10 10 10 10 2 2 10 2 10 2 10 2 8 2
left_child=1 2 -1 5 9 7 -6 11 -9 22 -2 12 13 14 -4 -13 17 18 23 29 21 25 -5 27 -12 26 -11 -14 -10 -18
right_child=10 -3 3 4 6 -7 -8 8 28 20 24 15 16 -15 -16 -17 19 -19 -20 -21 -22 -23 -24 -25 -26 -27 -28 -29 -30 -31
leaf_value=0.015347405252636297 -0.024691531849429918 0.027945414881641439 -0.013629386612663106 -0.014307061166489565 0.014323184885137561 0.017814690764454466 -0.019160630557423643 -0.024591653505606211 -0.016090139875072653 -0.002371627124769805 0.018596858784861538 0.011214417093891952 0.031657535545476519 -0.02174468922866668 0.019675308237141118 -0.019110097856830578 -0.0096107555662282036 -0.0074054232692200459 -0.008811660458953886 -0.010632024426316345 -0.0074994304616552761 -0.0048484743291192971 0.013891552390522232 -0.0033775255149353953 -0.013465038661375736 -0.0017546261348014265 0.029246612974860024 -0.0020130712576146115 0.0068670171875400794 0.025172848117557076
leaf_weight=56.135546006262302 18.092340795323256 12.142544504255055 5.968393901363017 8.789492757059632 5.0894977161660817 12.371258151717482 13.460939669050275 23.917372956871986 7.3821129295974997 3.7805883642286053 3.4475603713653973 4.1122125070542124 22.081206542439766 13.490943016484378 6.6878711860626936 20.325173120945692 1.7589218365028525 9.0506935492157918 4.117419244721531 24.033062074333429 4.344714516773819 4.4984347075223914 4.2503012623637906 3.9794734586030236 3.0735602108761668 5.2476600240916005 36.438600630499423 3.4867629585787645 14.930296123959122 5.088144026696682
leaf_count=582 2051 75 140 154 98 212 207 926 330 35 278 57 378 537 76 465 55 197 102 524 64 48 51 93 333 117 487 63 512 98
internal_value=0.00276328 0.00448808 0.00320083 0.000429022 0.00856989 -0.00352319 -0.00888347 -0.0055359 -0.0150985 0.0136588 -0.0176203 -0.00152933 0.00175878 -0.0103255 0.00455759 -0.0129692 0.00643584 0.0131094 0.0188691 -0.00333586 0.0178216 0.0205053 -0.00381302 0.0234435 0.00419988 0.0232456 0.0263409 0.0274876 -0.00228351 0.0159524
internal_weight=361.573 336.96 324.817 268.682 85.9002 182.781 18.5504 170.41 46.2298 67.3498 24.6135 124.18 99.7429 26.1472 12.6563 24.4374 73.5957 42.7156 33.6649 30.8801 54.31 49.9653 13.0398 29.5474 6.52112 45.4668 40.2192 25.568 22.3124 6.84707
internal_count=9345 6683 6608 6026 1261 4765 305 4553 1768 956 2662 2785 2263 753 216 522 1510 833 636 677 751 687 205 534 611 639 522 441 842 153
is_linear=0
shrinkage=0.035


Tree=93
num_leaves=31
num_cat=0
split_feature=0 20 82 54 55 107 88 115 45 76 42 56 20 56 98 92 125 69 94 0 55 43 112 122 86 121 41 119 65 41
split_gain=9.59105 7.68987 7.27345 8.41478 5.69373 5.07372 4.77056 5.96548 4.63065 4.52052 5.9587 4.19782 4.0552 5.39106 5.02387 4.39916 4.01192 3.71414 5.05386 3.92872 3.53051 3.35909 3.35337 3.28095 3.17058 3.11876 3.08769 3.01964 2.96676 2.93742
threshold=3.2949363425925928 1.0000000180025095e-35 1.0000000180025095e-35 0.20416666666666669 0.59761904761904772 2586.7177786518037 1077.5000000000002 0.20373573158076794 0.12365342291208156 0.36474203406690248 1.0000000180025095e-35 0.22287581699346407 1.5000000000000002 0.18808962264150947 1.0421099290780145 76371.000000000015 7.5000000000000009 2.2500000000000004 69369.000000000015 74.426556712962977 0.55086206896551737 0.47673160173160178 0.05345238095238096 1.5000000000000002 362.15589910114267 7.5000000000000009 6.5000000000000009 1.258691035968732 2.7445652173913051 4.5000000000000009
decision_type=2 2 8 8 10 8 10 2 2 8 10 8 2 10 2 2 2 10 2 2 8 2 2 2 10 2 10 10 10 10
left_child=1 8 -2 4 5 16 7 -3 9 -1 -11 -5 14 -14 25 21 -4 18 -13 -20 -12 -16 -9 27 -21 -6 -15 -19 -10 -25
right_child=2 6 3 11 12 -7 -8 22 28 10 20 17 13 26 15 -17 -18 23 19 24 -22 -23 -24 29 -26 -27 -28 -29 -30 -31
leaf_value=0.0016157338533759082 0.021515321773152071 -0.013401334758653525 -0.01586580939142615 0.0088564705160706931 -0.012903759357462482 0.015213594103272467 0.025048482621477991 0.016571636332944263 -0.0092222113286450774 -0.0055100249429317263 -0.0016644786042392544 -0.02298143559171829 0.018563442360432326 0.0085631229282002157 0.026921388718838129 -0.0099755920174747249 0.011221299366218662 0.004567388972879346 0.0093901580385451471 -0.019545650291935723 0.034458520772466132 -0.0050394212350449875 -0.0098683575892315797 0.019551704998605798 0.013495582602306235 0.012375093258565313 -0.018257592630335787 -0.01914032879114597 0.013540730193817695 -0.0063775297835363468
leaf_weight=12.067742316052316 9.1017823778092843 31.097454968839884 34.607201358769089 8.6345728663727623 9.5332658733241242 5.9489360288716844 2.4751563612371674 14.110439460724594 11.162544898223134 4.7102803327143183 3.1661521447822443 49.241336325183511 5.1107605053111937 3.8183646323159364 28.313972122035924 2.695560230407863 4.3523638448677948 8.1323420940898377 11.979661266785117 11.861056518740948 30.046127751469612 2.9639865495264521 4.6071324734948567 7.0900346976704878 0.7500412114895888 5.3217701567336908 14.763066154439 11.998335608746855 7.4073349647223941 6.2372615104541183
leaf_count=150 63 729 1344 159 122 193 26 166 283 111 54 2150 65 101 523 45 99 218 488 533 306 49 93 145 42 50 445 363 111 132
internal_value=0.000984315 0.00883939 -0.00303049 -0.00441912 0.00216983 -0.00715072 -0.00130263 -0.00477733 0.0161374 0.0212423 0.0265721 -0.0109073 0.00803054 -0.00340242 0.0133787 0.0200125 -0.0119076 -0.0128214 -0.0169863 -0.0031266 0.0312477 0.0236156 0.00935528 -0.00261736 -0.0143069 -0.00301188 -0.0120991 -0.0105597 0.000803991 0.0089874
internal_weight=363.306 120.85 242.456 233.354 117.429 44.9085 52.2902 49.815 68.5602 49.9903 37.9226 115.925 72.5207 23.6922 48.8286 33.9735 38.9596 107.29 73.8321 24.5908 33.2123 31.278 18.7176 33.458 12.6111 14.855 18.5814 20.1307 18.5699 13.3273
internal_count=9358 2029 7329 7266 3036 1636 1014 988 1015 621 471 4230 1400 611 789 617 1443 4071 3213 1063 360 572 259 858 575 172 546 581 394 277
is_linear=0
shrinkage=0.035


Tree=94
num_leaves=31
num_cat=0
split_feature=88 83 96 117 110 106 106 66 115 97 49 84 47 95 55 50 59 119 125 108 56 126 65 93 93 110 43 65 87 64
split_gain=11.2322 11.2282 9.40993 7.20389 10.7373 8.74984 8.41396 9.02249 8.80434 6.80294 5.66943 5.88986 5.66096 5.23586 5.16551 5.72655 4.62351 4.97141 3.75226 3.7493 4.11621 3.60022 3.52192 3.51567 3.26765 3.25666 3.24736 3.15843 3.12882 3.07198
threshold=1079.5000000000002 1341.5000000000002 3.3229166666666674 0.12916666666666668 82.250000000000014 1306.788888888889 621.25739130434795 1.4010953360514657 0.21975609756097564 3.9064569759293932 0.06030303030303031 641.25000000000011 0.14459930313588851 350.50000000000006 0.92450142450142458 0.079595736122284808 0.7947860962566845 2.7309416174248997 5.5000000000000009 1.5000000000000002 0.64400921658986188 1.5000000000000002 2.1464285714285718 13074.500000000002 85974.500000000015 20.250000000000004 0.26500600240096045 1.5147058823529413 1.0000000180025095e-35 0.79285714285714304
decision_type=10 10 2 2 10 8 10 10 2 2 2 8 2 2 10 2 2 8 2 10 8 2 8 2 2 10 2 8 10 2
left_child=1 2 3 5 6 13 10 9 18 14 11 -5 16 -1 15 19 24 -18 21 -8 -21 25 -14 -6 -13 -9 -10 -15 -3 -30
right_child=-2 28 -4 4 23 -7 7 8 26 -11 -12 12 22 27 -16 -17 17 -19 -20 20 -22 -23 -24 -25 -26 -27 -28 -29 29 -31
leaf_value=-0.0053876284694161719 0.029742270330348378 0.0083034661719254971 0.024352900187833267 0.016087375812624267 0.010742728319198177 -0.0064412591050416138 -0.0031443939069746465 0.0091359311916753925 -0.0075026303662043825 -0.0076908682670743626 0.018916963315036808 -0.014037096760167286 0.028341466739708478 0.0014817981655021707 0.042284670005012168 -0.010940636662768377 -0.0088153908669057965 0.021351226669636666 0.010715096153558378 0.035984374182185849 -0.0065679066133348327 0.009626632177836417 -0.0082130439248400723 -0.020103333682412322 0.011823418891409039 -0.023108149578537275 0.025757573150753735 0.037002242207005993 0.009515898334476686 -0.023030132402702446
leaf_weight=4.2309098588302758 11.444416191428898 2.5367718907073131 17.054860200732946 9.1929773679003102 1.9675448071211565 14.451238473877309 4.6859413674101296 1.7446649558842242 2.2381448186933985 6.327594928443431 7.6211792621761552 95.04312112275511 3.676671862602233 4.1065405840054181 11.707071776501833 6.1690616756677619 10.565057179890575 7.1459597339853635 4.713168090209364 9.5740121155977214 1.7499320525676019 3.0874856505542985 2.3043107371777296 36.362130953930318 2.7006454002112141 22.693942689336836 10.368992139585314 15.63494144566357 1.2604284714907432 30.047212392557412
leaf_count=140 64 63 180 85 47 410 129 11 44 166 100 1650 42 63 202 203 253 103 80 166 58 64 47 1415 51 494 133 133 86 2737
internal_value=0.00147071 0.000143984 0.00228562 0.000652783 -0.00151091 0.0138636 0.00154963 0.00990388 -0.00110021 0.0209403 -0.0037567 -0.00572815 -0.00795051 0.0251032 0.0265881 0.012048 -0.00988876 0.00537709 -0.0106448 0.0214017 0.029411 -0.0153871 0.016931 -0.017463 -0.012782 -0.0196455 0.0193991 0.0314061 -0.0176341 -0.0205898
internal_weight=362.407 350.963 317.118 300.063 261.64 38.4236 223.31 85.06 44.8464 40.2136 138.25 130.629 121.436 23.9724 33.886 22.1789 115.455 17.711 32.2393 16.0099 11.3239 27.5261 5.98098 38.3297 97.7438 24.4386 12.6071 19.7415 33.8444 31.3076
internal_count=9419 9355 6469 6289 5543 746 4081 1750 826 924 2331 2231 2146 336 758 556 2057 356 649 353 224 569 89 1462 1701 505 177 196 2886 2823
is_linear=0
shrinkage=0.035


Tree=95
num_leaves=31
num_cat=0
split_feature=88 83 96 0 14 11 0 50 54 21 71 82 75 50 55 42 40 76 119 91 96 119 92 119 94 145 110 46 3 45
split_gain=10.6716 10.1987 8.78845 7.40023 6.10026 6.03314 5.28307 5.01531 5.00549 8.21581 8.0582 6.88277 4.98649 4.68875 4.29565 4.24734 4.12097 4.06565 3.953 3.74364 5.53063 3.93352 3.74297 3.73115 3.62332 3.47588 3.33268 3.28951 3.11675 2.88499
threshold=1079.5000000000002 1537.5000000000002 3.5131578947368425 4.7096238425925927 3.5000000000000004 2.5000000000000004 1.772025462962963 0.073879142300194947 0.16954022988505749 11.500000000000002 3.4627264257128716 1.0000000180025095e-35 1.8733974358974361 0.1023024594453166 0.75093984962406024 1.5000000000000002 12.500000000000002 0.72448159784410093 0.6635483734958425 4870.3741247449989 1.283482142857143 0.77303240518350214 78194.500000000015 0.8144879441188323 71494.250000000015 0.15960888851363472 47.250000000000007 0.14400921658986179 22.500000000000004 0.24795081967213117
decision_type=10 10 2 2 2 2 2 2 8 2 8 8 10 2 8 8 2 10 8 8 2 8 2 10 2 8 8 2 2 2
left_child=1 2 3 4 5 18 17 22 9 10 12 -10 -5 27 15 23 -17 -6 -1 21 -21 -16 29 -13 -3 -11 -26 -12 -22 -7
right_child=-2 24 -4 8 6 7 -8 -9 11 25 13 14 -14 -15 19 16 -18 -19 -20 20 28 -23 -24 -25 26 -27 -28 -29 -30 -31
leaf_value=0.013563080987130445 0.028395373933370886 -0.026173051399894332 0.025194881497759936 0.015548288309401968 -0.014454353075265889 0.02920500229983735 0.015260071063353652 -0.0005888628592058278 0.026210014905117218 0.010873908416273491 0.034386827007505685 0.013714503286317452 -0.01577274370141598 -0.0044643151526303042 0.0082878532291726231 -0.028453487106037532 0.0047337970847317603 0.0097963854177881803 -0.016532722098021386 -0.0084623945111593074 0.033763979692602676 -0.012375225800340131 -0.0059401192222828343 -0.012036739703233235 0.015832447734153748 -0.01316320903475007 -0.014803178958035025 -0.0038913261599779602 -0.004958852232803573 -0.0024706028889540303
leaf_weight=4.0937262196093771 12.04754453152418 18.082546390593055 13.609469823539255 5.1767350863665369 28.112590511329472 35.208516832441092 10.535023834556339 12.797269721981136 2.1906210035085669 5.3056882927194229 17.678218829445548 5.9719337294809547 11.693707486148922 4.3888971526175728 10.999908585567026 26.727590558584783 3.8421938614919773 7.4599400972947469 8.9019027566537261 7.798388338647781 5.0783002628013492 41.908860721159726 2.9790612552314988 13.990285160019992 3.8983497284352771 29.553057899698615 3.5299094747751951 2.0499554639682165 1.8781336145475505 3.0456678485497823
leaf_count=57 68 1948 156 93 300 371 103 250 13 71 320 173 246 141 223 869 65 89 280 337 105 1194 32 502 293 617 364 33 35 67
internal_value=0.00135697 3.3799e-05 0.0018339 0.000421839 0.00736915 0.0137455 -0.00233807 0.0185757 -0.00366707 0.00324867 0.0131646 -0.00797995 -0.00480442 0.0244009 -0.00965166 -0.0169093 -0.0242032 -0.00878818 -0.00591796 -0.00344095 0.0100163 -0.00773463 0.0239441 -0.00312899 -0.0193219 -0.00859952 0.00117578 0.0304268 0.0256076 0.026689
internal_weight=360.534 348.486 322.976 309.366 113.134 67.0261 46.1076 54.0305 196.232 75.8463 40.9875 120.386 16.8704 24.1171 118.196 50.532 30.5698 35.5725 12.9956 67.6636 14.7548 52.9088 41.2332 19.9622 25.5108 34.8587 7.42826 19.7282 6.95643 38.2542
internal_count=9415 9347 6742 6586 1549 1057 492 720 5037 1521 833 3516 339 494 3503 1609 934 389 337 1894 477 1417 470 675 2605 688 657 353 140 438
is_linear=0
shrinkage=0.035


Tree=96
num_leaves=31
num_cat=0
split_feature=88 83 0 56 82 69 122 4 94 55 45 98 42 90 98 110 21 6 94 0 110 46 55 1 99 65 110 108 119 55
split_gain=10.7644 10.6743 8.24723 7.0911 6.30857 6.11627 6.38191 7.40401 5.62751 4.4771 4.24032 5.59907 4.49855 3.97549 3.86069 5.86833 4.23667 3.82069 3.78566 4.49907 3.67142 3.59103 3.57645 4.57139 3.17733 3.14195 3.85799 3.09321 2.97436 2.75893
threshold=1079.5000000000002 1537.5000000000002 4.7096238425925927 0.20611577964519143 1.0000000180025095e-35 2.7500000000000004 1.5000000000000002 6.5000000000000009 71263.000000000015 0.84327485380116973 0.051836094939543227 1.5972972972972974 1.0000000180025095e-35 34495.647025171631 1.3021739130434786 85.250000000000014 1.5000000000000002 1.5000000000000002 36119.250000000007 118.31396990740741 54.250000000000007 0.11658109332527938 0.91396854764107316 8.5000000000000018 0.34891304347826091 4.6306818181818192 195.25000000000003 56.500000000000007 0.5699973352604083 0.42724867724867727
decision_type=10 10 2 8 8 8 2 2 2 10 2 2 10 2 2 10 2 2 2 2 8 2 10 2 2 10 10 10 10 10
left_child=1 2 10 18 -5 9 22 13 -3 21 12 25 -1 -8 24 16 -16 -14 -4 -20 -10 28 23 -7 -11 26 -12 -26 -6 -13
right_child=-2 8 3 4 5 6 7 -9 20 14 11 29 17 -15 15 -17 -18 -19 19 -21 -22 -23 -24 -25 27 -27 -28 -29 -30 -31
leaf_value=-0.0059669287000823513 0.030564725775510459 -0.0275717546046737 -0.0040123136079044074 0.025855774673870541 0.005216178855420678 0.017054430097931412 0.00015274562603259621 -0.013060083942893604 0.017865462731147749 0.013322038260433551 -0.011323315402936978 -0.0095025446359858611 0.023605683689652962 0.02719365978432817 -0.010166736180800202 -0.013972729307100857 0.027737835890736067 -0.0065148642596203361 0.026217615967096226 -0.0047342313224492541 -0.0141475075806737 0.0028340389321417376 -0.019716475956907772 -0.010808214195533827 -0.019401260096686239 0.013788255381436411 0.015923903095719463 0.0078353889347751969 -0.021998928963147153 0.019250989715578138
leaf_weight=6.812013992574065 10.974148232489823 17.724774071946744 10.520768150687216 3.2932581026107064 3.5475363573059431 7.8882680092938271 9.3321999926120061 7.5513285268098107 4.6695561693049958 2.1838818872347501 35.249296872876585 1.7258375706151152 42.065598599147052 18.765425118617713 1.9034239193424607 5.0520523400045922 10.250912145245819 3.6758539564907542 17.551892621442679 5.9025939721614114 3.2587621207349002 8.7548068691976351 12.504169242922218 11.464035004843025 18.089354262221608 5.695699354633688 3.0540714543312779 3.5939249196089795 47.671145410742611 22.040865618269891
leaf_count=149 63 1922 109 19 86 172 127 143 333 23 509 54 463 285 61 212 193 26 204 86 331 259 417 297 599 62 34 100 1732 361
internal_value=0.00245704 0.00116419 0.00297767 -0.00130257 -0.00425216 -0.00556837 0.00250011 0.01192 -0.0186164 -0.0108223 0.0100594 0.00380155 0.0170974 0.0195923 -0.00157432 0.00956425 0.0205687 0.0207817 0.012248 0.0189651 0.00432463 -0.0165474 -0.00822828 0.00171874 -0.0098701 -0.00367411 -0.007563 -0.0142646 -0.0198177 0.0158743
internal_weight=362.767 351.793 326.14 205.821 171.846 168.552 67.5054 35.649 25.6531 101.047 120.319 67.7658 52.5535 28.0976 41.0735 17.2064 12.1543 45.7415 33.9753 23.4545 7.92832 59.9735 31.8565 19.3523 23.8672 43.9991 38.3034 21.6833 51.2187 23.7667
internal_count=9431 9368 6782 5124 4725 4706 1441 555 2586 3265 1658 1020 638 412 1188 466 254 489 399 290 664 2077 886 469 722 605 543 699 1818 415
is_linear=0
shrinkage=0.035


Tree=97
num_leaves=31
num_cat=0
split_feature=10 87 87 11 32 118 97 112 94 117 76 64 47 20 110 55 55 65 117 90 99 93 143 97 98 49 90 44 94 21
split_gain=9.37494 8.23637 9.7923 7.74851 7.38621 11.3787 10.3092 5.38243 5.3051 4.99092 4.9526 4.77376 5.30944 4.34321 4.24282 4.2415 4.1373 4.02519 3.96008 3.81416 6.0538 4.69647 3.72732 5.23839 4.31305 4.63101 3.68337 3.4824 3.39469 3.21078
threshold=3.5000000000000004 1.0000000180025095e-35 118.50000000000001 9.5000000000000018 3.5000000000000004 0.67156862745098056 1.769621509501855 0.031009615384615389 78356.500000000015 0.66018867924528313 0.68755165095232862 0.94893524554541508 0.10948202054794522 2.5000000000000004 20.250000000000004 0.45798022598870064 0.52419984387197516 2.1464285714285718 0.12916666666666668 61618.066468253972 0.68990384615384626 77880.500000000015 0.10267094017094018 15.178355765055761 0.84731934731934744 0.020942982456140354 80107.341666666689 0.33166666666666672 27420.750000000004 1.0000000180025095e-35
decision_type=2 8 8 2 2 2 2 2 2 2 8 2 2 2 8 10 10 8 2 2 2 2 10 2 2 2 2 2 2 2
left_child=1 28 14 4 5 6 8 9 -4 10 -6 12 18 15 -3 -5 -8 -14 -7 -20 21 -21 23 24 -17 -26 -11 -10 -1 -22
right_child=-2 2 3 13 7 11 16 -9 27 26 -12 -13 17 -15 -16 22 -18 -19 19 20 29 -23 -24 -25 25 -27 -28 -29 -30 -31
leaf_value=-0.0020526729414396881 -0.018297739878897011 0.0079826698904605382 -0.016311919344863233 -0.011868243144373016 -0.012252036616071143 0.006389147277531571 -0.00767769287084797 -0.0064997099996030126 -0.0093199087365927278 0.030224309193868822 0.016357334073713189 0.008166385216845826 0.023228997977092145 -0.0036083010436650134 -0.022820236903727642 -0.003032092545988423 0.029480699468626484 -0.0084144337332047875 -0.022151485899894591 0.022993023584230068 0.010951622819048447 -0.0065404731870141695 -0.0048699806055162902 -0.0031889269185701652 0.034465285668385914 0.0040056693362471602 -0.0042585485275865118 0.028910537036168006 0.033527830842883383 -0.020608245999893367
leaf_weight=3.5260463692247859 22.116085734218359 4.2269719615578678 14.434180547483267 2.7342614373192182 10.133857437409462 8.2483520801179093 2.1925373710691956 14.18210205901414 1.7328642699867476 20.296922316774729 9.6199349672533554 14.307007058523594 5.0511795897036764 14.12181574013084 21.125308222137392 4.8244896382093421 20.578201225027442 5.8849603915587076 49.052915530279279 6.9476988310925689 1.4328974103555108 11.064876717049627 5.5747480187565079 7.9258616100996724 31.989284778945148 9.0439149141311628 3.1299868356436482 2.3926647072657943 9.6281568799167854 22.076727734412998
leaf_count=26 1233 110 573 47 349 168 60 326 89 203 304 476 113 244 1598 42 375 128 1292 114 54 198 52 79 331 106 36 60 84 614
internal_value=0.00154366 0.00309207 0.00177947 0.00364688 0.000266735 -0.00351093 0.0115002 0.0105673 -0.00704731 0.0162655 0.00217028 -0.00876339 -0.0112298 0.0129017 -0.0172155 0.0166457 0.0251647 0.00890354 -0.0137793 -0.0158542 -0.00683354 0.0073717 0.0187792 0.0214362 0.0255873 0.0289161 0.0256785 0.0165444 0.0260518 -0.0171014
internal_weight=359.597 337.481 324.327 298.974 222.76 165.397 41.3304 57.3628 18.5597 43.1807 19.7538 124.067 109.76 76.2144 25.3523 62.0926 22.7707 10.9361 98.8235 90.5751 41.5222 18.0126 59.3583 53.7836 45.8577 41.0332 23.4269 4.12553 13.1542 23.5096
internal_count=9484 8251 8141 6433 5532 4314 1157 1218 722 892 653 3157 2681 901 1708 657 435 241 2440 2272 980 312 610 558 479 437 239 149 110 668
is_linear=0
shrinkage=0.035


Tree=98
num_leaves=31
num_cat=0
split_feature=81 96 98 45 118 32 55 42 84 110 99 128 51 98 122 46 119 66 47 26 30 46 107 98 75 107 71 118 69 97
split_gain=9.04743 6.94507 6.35928 7.88504 6.15657 7.20571 6.97336 6.5705 5.70717 5.1609 4.13258 4.09368 3.92638 4.59665 4.54418 6.25473 3.96617 3.73911 5.80186 4.8687 4.6838 3.70723 3.52747 3.51321 3.47924 3.93147 3.42373 3.36251 3.31635 3.30515
threshold=452.50265221412877 3.2583333333333337 0.84731934731934744 0.10050505050505053 0.96899038461538478 4.5000000000000009 0.82247899159663873 1.0000000180025095e-35 1006.7500000000001 135.25000000000003 0.36939571150097467 0.21240601503759401 0.022857889237199586 1.4472222222222224 1.0000000180025095e-35 0.062828947368421068 2.6711893223647643 0.89657211263641667 0.025158227848101272 3.5000000000000004 9.5000000000000018 0.19523809523809527 1901.569081328141 1.3397435897435901 1.9023809523809525 1657.5532078206209 4.1646962804546641 0.69883720930232573 3.2500000000000004 2.5121537731917418
decision_type=10 2 2 2 2 2 8 8 8 10 2 2 2 2 2 2 10 10 2 2 2 2 10 2 8 8 10 2 10 2
left_child=1 2 9 4 6 26 17 -8 -5 10 -1 -9 13 24 21 16 29 23 19 20 -19 -15 -17 -4 25 -10 -6 -25 -13 -16
right_child=-2 -3 3 8 5 -7 7 11 12 -11 -12 28 -14 14 15 22 -18 18 -20 -21 -22 -23 -24 27 -26 -27 -28 -29 -30 -31
leaf_value=0.0059373067071996988 -0.01817330015638819 0.022079569184765651 -0.0011765480856655186 0.014300076284821349 -0.019200821478356781 0.01954944586767806 -0.010825874377826124 0.031411718410609121 -0.013327095394776294 0.011000476568326195 -0.023428728003773672 -0.004868739163120043 -0.017088647541901199 -0.01187007230554403 -0.0018063460797123458 -0.01791111188305582 -0.0018691223941021348 0.023565791936611621 -0.012509416239323666 -0.0086534615240556906 -0.0099787611884487228 0.015719929028210199 0.010491301210148175 -0.0037048296140885983 -0.018068430645103439 0.01873045088093683 0.0074814535991203253 0.032579122474403206 0.020031048503220249 0.038134812719287564
leaf_weight=5.268936567008498 21.544488543178886 17.01973395422101 9.3261106833815592 15.116054353304206 19.540287258569158 6.2792058503255239 4.501522413454949 31.551338988356292 4.070082084275783 6.2990459753200403 22.162636889144778 10.160076867789032 24.179200680460781 21.503006686456505 2.5409782007336679 6.5920967888087016 5.0383514538407317 17.338613484986134 23.492135279811919 10.078540968708692 3.5452544540166846 3.0795293953269711 5.5092655867338181 2.848819530569016 22.457373503595591 5.0532539188861856 4.7858230052515855 8.5302305798977596 7.9327443428337565 9.6639275662600976
leaf_count=79 2609 184 235 166 431 80 144 498 105 119 466 92 768 640 69 159 128 189 463 252 30 81 136 78 595 119 88 143 63 228
internal_value=0.00153875 0.00305301 0.00171051 0.00346679 0.00850259 -0.00498463 0.0117616 0.020805 -0.00306458 -0.0116477 -0.0177425 0.0244013 -0.00597673 -0.00206413 0.00410451 0.0125041 0.0236846 0.00435535 -0.00076942 0.00863887 0.0170437 -0.006341 -0.00569378 0.0153615 -0.011719 0.00477395 -0.0135709 0.0251373 0.0080218 0.031711
internal_weight=357.009 335.464 318.444 284.714 159.911 30.6053 129.305 54.1457 124.803 33.7306 27.4316 49.6442 109.687 85.5079 53.9272 29.3446 17.2433 75.1597 54.4545 30.9624 20.8839 24.5825 12.1014 20.7052 31.5807 9.12334 24.3261 11.3791 18.0928 12.2049
internal_count=9437 6828 6644 5980 2786 599 2187 797 3194 664 545 653 3028 2260 1441 720 425 1390 934 471 219 721 295 456 819 224 519 221 155 297
is_linear=0
shrinkage=0.035


Tree=99
num_leaves=31
num_cat=0
split_feature=88 81 96 50 118 98 45 110 82 65 145 104 70 55 117 10 104 96 100 92 98 50 72 60 128 65 59 92 87 74
split_gain=10.0992 10.0454 8.16254 7.26407 7.87944 8.27061 9.79828 7.97429 6.81539 6.43471 5.08165 4.82494 8.76121 5.70641 4.67396 3.83991 3.82322 3.81847 5.21876 4.48667 3.78449 5.03355 3.55201 4.07615 4.4313 3.54196 3.49333 3.35792 3.21954 2.75251
threshold=1079.5000000000002 273.96594751508638 3.3229166666666674 0.10050505050505053 0.68857758620689669 1.037749287749288 0.075235849056603785 1098.5000000000002 8.5000000000000018 1.720779220779221 0.18137655786203979 0.45022522522522529 13.864468864468867 0.59761904761904772 0.46076923076923088 1.5000000000000002 0.6239754098360657 1.9915254237288138 0.063164893617021281 14458.000000000002 1.491935483870968 0.20416666666666669 6.5000000000000009 0.83176100628930827 0.4393382352941177 4.1055555555555561 0.91485507246376818 74741.000000000015 1.0000000180025095e-35 7.2500000000000009
decision_type=10 10 2 2 2 2 2 8 10 8 10 2 10 10 2 2 2 2 2 2 2 2 10 2 2 8 2 2 10 8
left_child=1 2 3 4 7 17 22 9 -3 -1 20 15 16 -14 -15 -8 -13 19 25 -6 -5 -22 -7 -24 -25 -19 -17 -9 -10 -21
right_child=-2 8 -4 10 5 6 11 27 28 -11 -12 12 13 14 -16 26 -18 18 -20 29 21 -23 23 24 -26 -27 -28 -29 -30 -31
leaf_value=-0.0015883363101531326 0.028873244312988766 0.014653310692626499 0.022299130135535486 -0.01500033501368692 0.0077291326300864696 3.1230330430781715e-07 0.0067000505858591138 -0.017659731724029088 0.0063398558099802384 0.032409539238133847 -0.022128233680525172 0.012750566435362326 -0.0049665794390475696 -0.0056775699772255777 0.039872985111170212 -0.018335395856834164 -0.013808118254717259 -0.0022712351674178005 -0.018372642650968066 0.0067851171049609976 0.020415523821636968 -0.010825883157281412 -0.0071572405063758254 0.028695010935976085 -0.0041501488818468267 0.023668311221686868 0.010932546433029502 0.01249106306745831 -0.024863743123060771 -0.022767170087749367
leaf_weight=8.5822415836155432 9.8160099908709508 3.8667395501397541 16.572538077831268 8.4011982232332247 5.6441036025062195 13.034544297493992 9.8092576703056675 7.5250903023406845 2.5640234211459747 21.443998999893665 22.70875824149698 4.6841816753149059 5.4662224892526892 2.018319563008844 9.3017735052853805 32.486525679938495 19.964465147815645 12.601619388908153 7.094193758442997 2.0873840134590855 10.427984235808255 6.6122298855334511 3.5303509607911101 29.445531708188355 4.5322604384273282 6.7211184278130522 2.418267265893518 2.7757578315213323 30.265619014855474 33.339408425614238
leaf_count=217 59 244 186 268 131 177 167 290 57 327 727 104 156 65 124 798 510 128 50 49 241 222 56 371 36 56 36 118 2723 791
internal_value=0.000574049 -0.000628916 0.00152198 -9.40061e-06 0.00249337 -0.000426858 0.00450268 0.0156949 -0.0167629 0.0238525 -0.0117575 -0.00274072 0.00553877 0.0219599 0.0325003 -0.0101985 -0.00746184 -0.0100332 0.000485068 -0.0161169 -0.000386471 0.00858693 0.0159842 0.0208854 0.0243435 0.00976213 -0.0151919 -0.00810819 -0.0219109 -0.0204021
internal_weight=355.742 345.926 309.229 292.657 244.507 204.18 136.692 40.3271 36.6964 30.0262 48.1502 86.149 41.435 16.7863 11.3201 44.7141 24.6486 67.4878 26.4169 41.0709 25.4414 17.0402 50.5427 37.5081 33.9778 19.3227 34.9048 10.3008 32.8296 35.4268
internal_count=9484 9425 6401 6215 4757 3805 2600 952 3024 544 1458 1960 959 345 189 1001 614 1205 234 971 731 463 640 463 407 184 834 408 2780 840
is_linear=0
shrinkage=0.035


Tree=100
num_leaves=31
num_cat=0
split_feature=96 87 83 97 44 107 91 27 45 117 87 145 50 113 98 51 66 94 1 11 30 55 96 11 46 1 64 83 60 59
split_gain=7.6253 8.01948 7.53323 4.60529 7.36508 6.32397 8.36543 5.81337 5.66868 5.56227 5.70875 5.41606 5.44957 5.39695 5.28642 5.15461 4.80883 4.33292 4.20521 5.21998 4.00832 3.95361 3.90754 3.72887 5.00461 3.84982 3.40233 3.64505 3.36481 3.32121
threshold=3.2182539682539688 1.5000000000000002 1537.5000000000002 6.0068863739008629 0.26975051975051983 1657.5532078206209 2870.2375154442875 2.5000000000000004 0.071796759941089847 0.40967365967365971 118.50000000000001 0.33847850552296571 0.096464019851116647 0.044610281923714766 0.82843137254901966 0.015504807692307694 2.516793406529676 27420.750000000004 14.500000000000002 5.5000000000000009 1.0000000180025095e-35 0.66441441441441451 1.6631205673758866 2.5000000000000004 0.13245614035087722 19.500000000000004 0.79285714285714304 1911.5000000000002 0.87841832963784194 0.55086206896551737
decision_type=2 8 10 2 2 8 8 2 2 2 10 8 2 2 2 2 10 2 2 2 2 10 2 2 2 2 2 10 2 2
left_child=1 17 3 4 7 23 -7 22 13 10 -8 18 14 15 -13 -5 20 -1 19 -11 28 -21 -3 -6 25 -25 -4 -28 -16 -10
right_child=-2 2 26 8 5 6 9 -9 29 11 -12 12 -14 -15 16 -17 -18 -19 -20 21 -22 -23 -24 24 -26 -27 27 -29 -30 -31
leaf_value=-0.0061591274200828005 0.020134130256193823 -0.02410131375937485 0.011686287370817748 0.017199015569522601 -0.00077639497626179549 -0.021845362537936969 -0.014281986635616578 0.0065579826447744616 0.0049144745248394777 -0.01088890742724823 0.019751597873546703 -0.0096039424823726616 -0.0078460675074098641 -0.013307841230156776 -0.00018321229463511116 -0.011195442404195902 -0.0013162210241308384 0.02971906670394419 -0.0099537460782614089 -0.00055637336268742196 -0.0022238422635327158 0.027383300371376929 0.0026921415104756937 0.029289290835729863 -0.0075381011379873379 -0.0012773670905664402 -0.02668408349280791 0.0080608549736303822 0.049012253822148258 -0.018599538065204518
leaf_weight=3.5880642104893914 18.081928792409599 21.324869598262016 0.97591797262430446 23.275771233253185 12.678168344311414 11.798009701073168 23.671107999514792 15.606176301371304 6.6992297647520891 7.5415586326271322 3.0269697639159849 2.0692232670262518 4.4647890231572083 13.61356024071574 1.8534249812364603 6.9066518722102037 4.0256595071405163 10.532443128526209 17.801197675522417 9.4319531759247202 2.0800308557227245 12.094421341083942 7.6841133208945385 28.196817510761321 4.5627928841859093 5.4733610986731938 19.992875132244084 2.0228664744645348 11.840412789955733 37.762342074420303
leaf_count=34 209 936 74 222 425 359 756 381 94 174 56 34 129 147 53 91 66 124 356 217 28 143 175 534 73 105 2271 172 189 772
internal_value=0.000678648 -0.000661608 -0.001954 -0.000304858 0.00254895 0.00600282 0.00113977 -0.0093758 -0.00678289 0.00476611 -0.00791641 0.00960202 0.0208835 0.00215815 0.0271175 0.0100339 0.0321178 0.0213757 0.00186143 0.00949598 0.0389136 0.017344 -0.0176517 0.0156163 0.0205132 0.0247977 -0.0193081 -0.0225906 0.0440857 -0.0149179
internal_weight=350.677 332.595 318.474 295.483 207.225 162.61 111.699 44.6152 88.2576 99.9007 26.6981 73.2027 26.3335 43.796 21.8688 30.1824 19.7995 14.1205 46.8691 29.0679 15.7739 21.5264 29.009 50.9111 38.233 33.6702 22.9917 22.0157 13.6938 44.4616
internal_count=9399 9190 9032 6515 5189 3697 2560 1492 1326 2201 812 1389 499 460 370 313 336 158 890 534 270 360 1111 1137 712 639 2517 2443 242 866
is_linear=0
shrinkage=0.035


Tree=101
num_leaves=31
num_cat=0
split_feature=96 87 83 117 68 110 106 55 66 54 93 47 44 88 125 64 119 72 90 116 65 59 106 40 92 141 121 98 74 95
split_gain=8.3486 8.35584 8.20826 8.24206 9.26897 6.05278 8.27878 7.22385 6.41566 5.83223 5.18012 4.85686 4.5461 4.50634 4.26658 4.0476 4.12225 5.76338 3.9897 3.86861 3.75445 3.63311 3.31945 3.22524 3.18392 3.14347 4.72906 3.10554 3.34008 2.97464
threshold=3.3229166666666674 1.5000000000000002 1321.5000000000002 0.17028985507246377 2.5000000000000004 95.250000000000014 621.25739130434795 0.92450142450142458 2.5114021650893998 0.13423423423423428 80031.500000000015 0.14459930313588851 0.56594202898550738 1079.5000000000002 1.0000000180025095e-35 0.96407056798623081 3.1086914497846494 8.5000000000000018 39085.565789473687 0.70938416422287409 1.8360215053763442 0.79193722943722955 1306.788888888889 23.500000000000004 73657.000000000015 1.0000000180025095e-35 1.0000000180025095e-35 1.1830143540669857 15.750000000000002 15724.500000000002
decision_type=2 8 10 2 10 10 10 10 10 8 2 2 2 10 2 2 8 8 2 2 8 2 8 2 2 2 2 2 8 2
left_child=1 23 3 4 12 6 11 9 20 10 27 15 -3 -4 18 16 25 21 -11 -19 -9 -18 -6 -1 -7 -5 -27 -8 -29 -20
right_child=-2 2 13 5 22 24 7 8 -10 14 -12 -13 -14 -15 -16 -17 17 19 29 -21 -22 -23 -24 -25 -26 26 -28 28 -30 -31
leaf_value=0.029390245040018491 0.02243319986490374 -0.013006434876526637 -0.021074001464585157 -0.018682989783535456 0.035719876359879374 -0.022015000421475708 -0.0062369147514440065 0.0020719148650791704 -0.0069770705704265351 -0.012828476538769937 -0.0090384785418336812 0.015928320618086276 0.013884663713360113 0.013475713013626843 -0.014519242481486375 0.011958606182552969 -0.014422313515984997 0.019362714030075563 0.022043651733768866 -0.0067359472525829614 0.035541247035956181 0.013841236105976146 0.0027069508656297108 -0.0040924697390685499 0.0070608582604063507 0.01543882732195526 -0.012742697913347679 0.033093383297334571 -0.0054838870046145412 -0.0095069893453135733
leaf_weight=10.696643728762863 16.788780707865953 13.455703496001663 28.051406326703731 47.973714873194695 14.300440843217077 19.223378242459152 2.035786782391372 5.8926665466278854 5.8302453672513357 4.8224537093192366 5.7494390141218892 7.5836386531591407 8.2900236370041949 1.9113274216651905 25.184671385213733 8.3515092786401492 28.004708942025903 14.865874401293697 9.7239614576101285 7.572506681084632 16.242536048404872 2.5852911192923775 5.7064496716484419 3.1144621502608052 3.1865186793729654 7.0165999522432712 13.705938708037136 11.534286228939887 1.7634090939536697 1.7424295833334316
leaf_count=110 200 444 2793 1105 134 855 34 154 70 103 177 106 167 11 630 93 380 195 209 89 249 26 95 53 123 158 320 238 45 51
internal_value=0.00143801 7.58685e-05 -0.00122894 0.00067649 0.0141784 -0.0018065 5.89603e-05 0.0080321 0.0212948 0.000965852 0.0141489 -0.00528174 -0.00207567 -0.0172581 -0.00653697 -0.00706216 -0.00878751 -0.00122431 0.0063161 0.0109325 0.0286548 -0.0104247 0.0287277 0.0227589 -0.0173468 -0.0141466 -0.0020543 0.0229279 0.027877 0.0158183
internal_weight=352.907 336.118 322.307 292.344 41.7526 250.592 228.182 90.5219 27.9654 62.5564 21.0829 137.66 21.7457 29.9627 41.4735 130.076 121.725 53.0284 16.2888 22.4384 22.1352 30.59 20.0069 13.8111 22.4099 68.6963 20.7225 15.3335 13.2977 11.4664
internal_count=9417 9217 9054 6250 840 5410 4432 1960 473 1487 494 2472 611 2804 993 2366 2273 690 363 284 403 406 229 163 978 1583 478 317 283 260
is_linear=0
shrinkage=0.035


Tree=102
num_leaves=31
num_cat=0
split_feature=11 101 98 75 10 46 66 117 101 10 98 51 87 49 20 69 74 96 114 41 70 54 69 107 110 110 114 61 109 87
split_gain=7.67012 6.95194 6.57071 7.9015 5.82877 5.61226 5.79224 6.89417 5.05794 4.52829 4.36543 4.19271 4.9515 4.10098 3.85048 3.81775 3.77519 3.79307 3.76717 4.71865 3.57852 3.46731 3.4549 3.2543 4.11132 3.04649 3.39549 2.83614 2.57641 3.05939
threshold=2.5000000000000004 0.21583850931677021 1.5577777777777781 1.7231800766283527 3.5000000000000004 0.06472559698366151 3.9539109921659366 0.21498599439775914 0.55086206896551737 1.5000000000000002 1.0571895424836604 0.02790758047767394 125.50000000000001 0.062019230769230778 2.5000000000000004 3.2500000000000004 9.2500000000000018 1.8429276315789476 0.10652482269503548 2.5000000000000004 12.877500000000003 0.28991596638655465 2.2500000000000004 1918.1811832005017 16.250000000000004 195.25000000000003 0.17061994609164424 0.93431837791199324 3331.5000000000005 1.5000000000000002
decision_type=2 2 2 10 2 2 8 2 2 2 2 2 8 2 2 8 8 2 2 10 10 10 8 10 10 10 2 2 8 10
left_child=28 5 3 16 8 6 7 -2 14 -10 23 12 -7 -11 18 -8 -3 -18 19 -4 27 -14 -20 24 -9 26 -5 -12 29 -1
right_child=1 2 4 25 -6 11 15 10 9 13 20 -13 21 -15 -16 -17 17 -19 22 -21 -22 -23 -24 -25 -26 -27 -28 -29 -30 -31
leaf_value=0.0046736640344594519 0.020096463240374396 -0.011801615898681129 -0.0042843351771314521 -0.020883428221364079 -0.014849324115013999 -0.0075164893654527587 -0.00091624740447404976 0.0052069339892858741 0.016402755629562147 -0.01295127792254251 0.0068260877725787013 -0.003052252011802808 0.02834688262020155 0.017578159705797718 -0.0058013959097349506 0.025868614499217651 -0.0012370684955533169 0.02978489626675742 -0.016057306691822166 0.036379271039491276 0.010494160455348241 0.0030039766792791032 0.016281514436014929 0.0014987267656025234 -0.028199640388595439 0.0098485421875614074 0.0050408790125277816 -0.019687496278406283 -0.018938836154303355 -0.016191285501720481
leaf_weight=20.097896494902674 9.3016596259549242 4.1644077748060253 3.0463972385041513 43.77964804880321 10.191823517438023 4.6896760147064915 9.5706891133449989 3.9685442922636929 8.7830116464756411 22.794540364760909 4.9024019008502346 9.7505363980308157 35.450708596501499 2.1274013598449519 4.5564127638936034 13.438941341359167 7.9111427189782244 6.0254703592509031 3.2650759229436508 15.221113584470002 19.896838150918484 9.4367361511103791 2.9308266448788345 9.3571141269057971 16.278909277636558 2.1938890093006185 5.1228383947163811 7.4863354093395174 20.277939148712903 8.3037731801159662
leaf_count=703 118 120 71 1315 637 182 180 34 242 779 101 205 411 62 177 184 295 62 81 304 420 207 41 224 326 48 136 183 1034 478
internal_value=0.00146845 0.0036249 -0.00193465 -0.00933379 0.00523546 0.00866981 0.00304685 -0.00211817 0.00935429 -0.000222422 -0.00670951 0.0166672 0.0204699 -0.00784335 0.0188751 0.0165529 0.00884228 0.0164982 0.0236757 0.0301345 0.00222717 0.0238541 -0.000320563 -0.0153691 -0.0219174 -0.0159869 -0.017952 -0.0102497 -0.010746 -0.00293716
internal_weight=344.323 295.643 142.114 69.1974 72.9166 153.529 94.2014 71.1918 62.7248 33.705 61.8901 59.3277 49.5771 24.9219 29.0198 23.0096 18.101 13.9366 24.4634 18.2675 32.2856 44.8874 6.1959 29.6046 20.2475 51.0964 48.9025 12.3887 48.6796 28.4017
internal_count=9360 7145 4370 1976 2394 2775 1770 1406 1757 1083 1288 1005 800 841 674 364 477 357 497 375 704 618 122 584 360 1499 1451 284 2215 1181
is_linear=0
shrinkage=0.035


Tree=103
num_leaves=31
num_cat=0
split_feature=88 86 45 143 65 63 117 110 98 50 68 14 110 107 71 27 73 110 95 68 121 109 57 87 64 117 119 60 119 61
split_gain=8.61917 9.51669 6.378 7.67486 5.42775 5.10195 5.95814 9.6065 7.53915 9.0306 10.3944 7.858 5.27596 4.67608 5.09435 4.42425 4.14189 4.02246 4.27069 4.48507 4.19004 3.93745 3.9176 3.45779 4.02334 3.35094 3.24632 3.23476 3.09856 3.08369
threshold=1079.5000000000002 287.39754870672448 0.10050505050505053 1.0000000180025095e-35 2.8208556149732629 0.39642857142857152 0.21498599439775914 82.250000000000014 1.320714285714286 0.11050061050061051 4.5000000000000009 8.5000000000000018 1098.5000000000002 1187.0618664435249 5.7411078958198525 14.500000000000002 18.500000000000004 86.250000000000014 9875.5000000000018 9.5000000000000018 1.0000000180025095e-35 161.50000000000003 0.30638852672750988 1.5000000000000002 0.79285714285714304 0.96996753246753264 0.6913074388294379 0.91977011494252892 2.290840652533245 0.96730220955096236
decision_type=10 10 2 8 10 2 2 10 2 2 10 2 10 10 8 2 10 10 2 10 2 10 10 10 2 2 8 2 10 2
left_child=1 2 5 17 -5 -1 12 8 11 10 -10 13 21 25 15 28 27 18 20 22 -4 -7 -20 -3 -25 -8 -19 -6 -15 -12
right_child=-2 23 3 4 16 6 7 -9 9 -11 29 -13 -14 14 -16 -17 -18 26 19 -21 -22 -23 -24 24 -26 -27 -28 -29 -30 -31
leaf_value=-0.010907682088245711 0.026092733184208516 0.0088296361245050452 0.01394976799402768 -0.019831575895648535 -0.0057622605189707249 -0.0029035150630199952 -0.018704338002163149 -0.020412504420888017 0.040528956300412394 -0.0066143544878455958 -0.0066193091788490357 0.022297918547385293 -0.011403173656643579 0.0058539499408977328 0.023717696957479346 0.008613079127953097 -0.012429832949829899 0.011642474644023784 0.00109441560201081 -0.0081950295816392363 -0.0098584117313864437 0.032902052359454211 0.036654233918622117 0.010841777255984361 -0.026241294285039622 0.0047378385656837389 -0.015989192780345062 0.022614091555044756 -0.018929161395642682 0.017000759102874307
leaf_weight=15.965409692842512 11.399868827313183 2.3649981268681612 10.513129518367352 38.352054617367685 5.4383377633057552 3.5931227006949547 23.01981200044975 12.104668183717875 19.234101202338934 12.051659295801072 11.15780360857025 12.831503741443155 2.2657834640704086 6.1563304597511914 6.9026183006353667 20.213655789848417 10.528322004247455 3.2517914450727377 5.5675948210991946 3.1735820397734633 16.752842504996806 17.665747479069978 9.5084111257456225 1.3747151857242013 21.66485455725342 7.8352846717461935 12.721225460525602 7.3478781534358859 14.984433656092731 7.0489613497629753
leaf_count=523 69 92 297 1412 111 150 376 520 264 318 193 133 79 137 105 199 217 53 160 48 395 250 213 60 1932 130 533 159 255 113
internal_value=0.00130714 0.000115486 0.00188552 -0.00423401 -0.012505 0.00579815 0.00756265 0.00466095 0.00743054 0.0177508 0.0254488 0.00124624 0.0223647 -0.00329073 0.0035017 -0.00206696 0.000920841 0.00437754 0.00946903 0.0204897 6.06236e-05 0.0274497 0.0270651 -0.0186017 -0.0224899 -0.0129209 -0.00892942 0.0123178 -0.0119729 0.00421808
internal_weight=352.991 341.591 316.186 123.155 61.6666 193.031 177.065 153.541 141.436 49.4925 37.4409 91.9436 23.5247 79.1121 48.257 41.3544 23.3145 61.4886 45.5156 18.2496 27.266 21.2589 15.076 25.4046 23.0396 30.8551 15.973 12.7862 21.1408 18.2068
internal_count=9496 9427 7343 3598 1899 3745 3222 2743 2223 888 570 1335 479 1202 696 591 487 1699 1113 421 692 400 373 2084 1992 506 586 270 392 306
is_linear=0
shrinkage=0.035


Tree=104
num_leaves=31
num_cat=1
split_feature=87 87 50 45 11 38 106 54 93 117 90 133 72 47 66 68 145 1 1 43 93 100 82 61 115 117 92 61 54 1
split_gain=8.65994 7.38558 6.5308 6.95316 5.14462 5.07037 5.05628 5.54517 6.81551 4.36349 4.11714 4.06519 4.81784 4.29208 3.76924 3.63982 3.59373 4.66787 3.45832 4.42568 3.45531 3.31812 3.2431 3.20769 3.08178 5.87515 3.64455 3.43335 3.36912 3.03431
threshold=1.5000000000000002 118.50000000000001 0.10050505050505053 0.067231638418079109 2.5000000000000004 17.500000000000004 621.25739130434795 0.13423423423423428 81758.500000000015 0.76253132832080206 78553.572981366466 0 11.500000000000002 0.026432231020027949 1.4653272553344878 6.5000000000000009 0.2097123840105117 14.500000000000002 14.500000000000002 0.27055180180180188 75164.000000000015 0.53589743589743599 163.50000000000003 0.85880398671096347 0.060915275200989494 0.21498599439775914 57603.000000000007 0.91913687881429829 0.25543478260869573 13.500000000000002
decision_type=8 8 2 2 2 2 10 10 2 2 2 1 8 2 8 8 8 2 2 2 2 2 8 2 2 2 2 2 8 2
left_child=-1 9 3 4 15 22 11 8 29 -2 18 12 13 14 -5 -3 17 -4 -9 -20 -21 -13 -6 -18 25 -24 -27 -26 -28 -8
right_child=1 2 16 6 5 -7 7 10 -10 -11 -12 21 -14 -15 -16 -17 23 -19 19 20 -22 -23 24 -25 27 26 28 -29 -30 -31
leaf_value=0.025172411204371633 -0.023511018925995976 -0.014132798764045756 0.016217386716093248 -0.0079159160905245395 -0.0088193510062012301 -0.011487755420348088 0.039103981025516751 -0.012547565956159638 -0.012372134643178875 0.0043706484722827801 0.019552801222658813 -0.015560072531543739 -0.015243241836840581 -0.0067864513085853185 0.025064771497004361 0.010394816004327064 0.007134032789544326 -0.014799106518863351 -0.012175347525509778 0.02640108278060305 -0.00765739885637456 0.0088861838024986584 0.023393184712568033 -0.01745274105772774 0.001554818122651611 -0.015673306496031502 0.020562567816693918 0.025079037555609987 -0.011311527929877684 0.0046579708056772315
leaf_weight=14.751949325203894 16.968739410396669 12.112312644720079 10.408794150687752 2.9017105489037993 3.1445234841667107 5.2782543292269102 8.4894584021531063 22.978106693830341 3.1724011432379475 8.01151772495359 5.4058105647563925 39.912402801215649 8.0997056532651168 9.3088863873854262 13.979535980150102 8.4249660787172598 5.0511570950038722 4.9597823242656878 5.6365180220454922 7.2418208136223239 2.5784597424790263 4.6779323704540721 9.5429592723958212 30.929470373317599 9.5545626538805646 10.875285961665215 5.2975976979359976 52.355946522671729 2.6618511904962361 6.0582585311494759
leaf_count=166 1688 537 286 93 77 47 169 733 113 362 136 966 222 142 178 263 160 159 186 183 66 87 104 1113 157 194 59 624 66 126
internal_value=0.00264082 0.00129706 0.00285395 0.00511856 0.0111497 0.0143439 -0.000209718 0.0070005 0.0210338 -0.0153314 -0.000244297 -0.00591869 0.00296209 0.0101334 0.0188823 -0.00400571 -0.00803681 0.00503199 -0.00495902 0.00663167 0.0178921 -0.0123581 0.0163126 -0.0135518 0.0176048 0.00648534 -0.0051916 0.0218361 0.00965148 0.0296199
internal_weight=350.771 336.019 311.038 259.689 119.248 98.711 140.441 61.5608 17.7201 24.9803 43.8407 78.8802 34.2898 26.1901 16.8812 20.5373 51.3492 15.3686 38.4349 15.4568 9.82028 44.5903 93.4327 35.9806 90.2882 28.3777 18.8347 61.9105 7.95945 14.5477
internal_count=9462 9296 7246 5528 2128 1328 3400 1712 408 2050 1304 1688 635 413 271 800 1718 445 1168 435 249 1053 1281 1273 1204 423 319 781 125 295
cat_boundaries=0 1
cat_threshold=2
is_linear=0
shrinkage=0.035


Tree=105
num_leaves=31
num_cat=0
split_feature=10 11 110 110 98 65 55 70 57 107 118 20 145 70 61 82 56 92 32 26 64 20 114 21 89 110 59 108 42 108
split_gain=7.30292 7.07886 6.25689 8.69583 6.44906 7.23951 6.93143 10.2957 6.48781 6.31061 6.04363 6.49822 5.27493 5.23771 5.12003 4.62425 4.60475 3.89688 3.66631 3.59177 3.58532 3.42394 3.34473 3.23168 3.12008 2.97505 2.91628 2.87315 2.79875 2.63971
threshold=3.5000000000000004 2.5000000000000004 260.25000000000006 61.250000000000007 1.0571895424836604 5.2111111111111121 0.82247899159663873 12.019230769230772 0.48683298683298687 1380.7679566660261 0.82167318982387483 2.5000000000000004 0.082495230817912588 15.577380952380954 0.90081967213114766 1.0000000180025095e-35 0.59838709677419366 35625.000000000007 4.5000000000000009 5.5000000000000009 0.94482496194824972 1.5000000000000002 0.23861283643892342 7.5000000000000009 543.75000000000011 12.750000000000002 0.68927203065134113 23.500000000000004 2.5000000000000004 135.50000000000003
decision_type=2 2 10 10 2 10 10 8 10 10 2 2 8 10 2 8 10 2 2 2 2 2 2 2 8 10 2 10 10 10
left_child=1 18 3 4 5 8 9 26 14 -6 17 22 -9 24 -3 -5 27 -11 29 -20 25 -14 28 -18 -10 -16 -8 -17 -12 -1
right_child=-2 2 -4 15 6 -7 7 12 13 10 11 -13 21 -15 20 16 23 -19 19 -21 -22 -23 -24 -25 -26 -27 -28 -29 -30 -31
leaf_value=-0.017084916041842167 -0.017282083197327044 0.011597138578498247 0.0218949880599403 0.018714580414218078 -0.0067094302252304035 0.019947633583958475 -0.015944046839160432 -0.0052836789032891995 -0.009740539440274875 -0.021126391858681485 0.00070849177362402639 -0.0063882060064873614 0.038380067652808901 -0.017004761065067535 0.0022577949926979044 -0.021124498282795747 0.017211558363396114 0.0073228884783261743 0.024396378727594044 -0.010033502856792163 0.0034272051774682983 0.0072693838297338987 -0.0064710992657036302 -0.012571172759531823 0.017458838176731259 -0.032244758836136686 0.0094358640779504573 -0.0015432632319030816 0.032604505234609574 0.0033681427051212688
leaf_weight=34.05039842100814 20.647656925953925 3.0416257963515845 17.844068468082696 2.3942252919077864 36.399546159431338 9.0389261487871391 7.3024738086387497 3.6660770759917787 3.1871398608200314 5.5875522177666417 4.11002961453051 8.0259721889160556 24.792492427863181 5.7863274579867712 2.8018306288868251 31.439969890750945 7.0047235582023841 9.260146437212823 2.9291161736473432 3.1147569976747036 4.0925574484281233 8.2672638962976617 1.9173708469606925 2.7146930196322501 17.603763469960541 18.422103989403695 5.6798116774298251 13.386346396058796 21.914564061444253 7.8090150863863519
leaf_count=1770 1240 62 294 20 675 118 117 60 56 146 86 188 279 83 24 1423 344 222 95 128 92 138 24 200 246 266 83 412 353 215
internal_value=0.000718162 0.00211224 0.00429689 0.00268564 0.00610023 -0.00292414 0.0102711 0.0200832 -0.00803756 0.00389303 0.0114083 0.0184538 0.0286176 0.00416342 -0.0183824 -0.00888173 -0.0115628 -0.00600832 -0.00967819 0.0101434 -0.0233029 0.0325773 0.0254759 0.00744848 0.0122093 -0.0281279 -0.005304 -0.0160187 0.0284932 -0.0133171
internal_weight=344.233 323.585 275.682 257.838 200.898 63.9743 136.923 49.7081 54.9353 87.2152 50.8156 35.9679 36.7258 26.5772 28.3581 56.94 54.5457 14.8477 47.9033 6.04387 25.3165 33.0598 27.942 9.71942 20.7909 21.2239 12.9823 44.8263 26.0246 41.8594
internal_count=9459 8219 6011 5717 3318 947 2371 677 829 1694 1019 651 477 385 444 2399 2379 368 2208 223 382 417 463 544 302 290 200 1835 439 1985
is_linear=0
shrinkage=0.035


Tree=106
num_leaves=31
num_cat=0
split_feature=87 56 96 97 55 98 63 118 110 101 100 110 91 98 24 143 97 0 0 94 56 9 9 126 145 110 57 94 26 91
split_gain=8.65477 5.81922 6.55968 5.54398 5.08017 5.92783 8.95045 8.84706 8.17351 5.701 7.56459 5.2375 5.02937 5.88983 4.6205 4.08049 3.90471 3.7386 3.68528 3.67966 3.6416 3.61836 3.38404 3.30963 3.28938 3.28801 3.11161 2.80155 2.76537 2.6265
threshold=1.5000000000000002 0.64747307373653695 1.2875939849624063 3.5149807587738739 0.50247524752475259 1.589572192513369 0.52985739750445637 0.70135135135135152 59.750000000000007 0.18350168350168353 0.063164893617021281 88.250000000000014 2640.6775888285802 0.84731934731934744 6.5000000000000009 0.071469271469271484 2.0594798518729114 161.24529513888891 17.768263888888892 27420.750000000004 0.85839598997493749 18.500000000000004 3.5000000000000004 1.5000000000000002 0.38492427968692366 195.25000000000003 0.42462121212121218 55662.500000000007 31.500000000000004 154.2306146578008
decision_type=8 8 2 2 10 2 2 2 10 2 2 10 10 2 2 10 2 2 2 2 8 2 2 2 10 10 10 2 2 10
left_child=19 4 3 -3 24 7 -7 16 9 12 14 15 27 21 -11 17 22 23 -13 -1 26 -14 -6 -8 -2 -10 -5 29 -15 -9
right_child=1 2 -4 20 5 6 11 8 25 10 -12 18 13 28 -16 -17 -18 -19 -20 -21 -22 -23 -24 -25 -26 -27 -28 -29 -30 -31
leaf_value=-0.0038722621464754308 -0.012702073675565126 -0.0061678795020837212 -0.016984841417011075 -0.0020442912798496462 -0.01442501687793827 -0.0068053237383065533 0.037074464944460234 0.0046697739513720318 -0.024386781833193646 -0.0080729877733099181 -0.02052985586764541 0.015627611898109711 -0.019174958647639729 0.024575952881054759 0.017670634230841555 -0.0033600886664014477 0.028883980442847696 -0.0031563888454974954 -0.013959146117469007 0.03090978278392166 -0.0089797472415071126 0.012328677426443767 0.015045462874374209 -0.0029430609788269075 0.009710174493275301 0.010385940847052379 0.037485492900248794 0.0070723472353031586 -0.0024969413096535662 -0.021183260013386378
leaf_weight=3.5079543413594356 32.905044811777771 23.12225594278425 40.696505657397211 2.5882423226721558 4.555244264192881 17.136871497612447 25.250636255368597 5.0712458016350892 19.036214218009267 12.762056044768544 22.217168641276658 4.5551889087073487 5.7266606874763948 27.2646894059144 12.147284548263995 3.8474914189428082 12.561953837517647 2.773668040521442 6.2087289509363472 11.316564408130942 1.6559227234683938 3.2704997472465038 4.5397850102744997 1.9966792045161117 6.2227605851367107 1.0478293639607716 4.8287537349388003 11.364047653041778 4.3822512365877619 8.7091990979388338
leaf_count=38 1282 1099 1630 159 127 471 486 80 884 281 366 86 75 308 137 112 212 72 270 139 105 38 126 46 257 17 150 157 48 140
internal_value=0.00132061 -3.43988e-05 -0.0084277 0.00321816 0.00247542 0.00459512 0.0133127 0.000805445 -0.00278524 0.00117875 -0.00765741 0.0209446 0.00760217 0.0145865 0.00533648 0.0269285 0.0192428 0.0307358 -0.000452901 0.0237785 0.0208311 -0.00741 0.000404109 0.0341403 -0.00844134 -0.020864 0.0284226 -0.00423437 0.0209979 -0.012959
internal_weight=343.269 328.445 72.8917 32.1952 255.553 216.425 61.7693 154.656 132.999 112.915 47.1265 44.6324 65.7886 40.6441 24.9093 33.8685 21.657 30.021 10.7639 14.8245 9.07292 8.99716 9.09503 27.2473 39.1278 20.084 7.417 25.1445 31.6469 13.7804
internal_count=9398 9221 3143 1513 6078 4539 1543 2996 2531 1630 784 1072 846 469 418 716 465 604 356 177 414 113 253 532 1539 901 309 377 356 220
is_linear=0
shrinkage=0.035


Tree=107
num_leaves=31
num_cat=0
split_feature=10 0 101 98 82 54 20 105 50 60 61 81 87 123 57 106 91 122 115 143 23 98 71 16 114 42 0 92 115 87
split_gain=9.07386 6.59009 5.9903 5.00715 5.00554 5.18384 5.75257 4.42513 4.22677 3.83993 3.54639 3.52073 3.48767 4.6638 4.0144 5.27723 3.87621 3.50523 3.48346 3.76529 3.30436 3.2548 3.11551 3.04123 2.96438 2.82826 2.77659 2.84408 2.76244 2.69329
threshold=3.5000000000000004 3.2949363425925928 0.12250000000000001 1.5972972972972974 8.5000000000000018 0.16954022988505749 2.5000000000000004 1.0000000180025095e-35 0.15301003344481609 0.93132920719127632 0.90731195112638419 273.96594751508638 1.0000000180025095e-35 1.0000000180025095e-35 0.63961038961038974 830.43750000000011 4870.3741247449989 2.5000000000000004 0.39811320754716989 0.047605172605172615 1.0000000180025095e-35 2.6515151515151518 4.0393888659823265 27.500000000000004 0.077524038461538478 1.0000000180025095e-35 0.52861689814814827 64044.500000000007 0.25625390869293313 262.50000000000006
decision_type=2 2 2 2 8 8 2 2 2 2 2 8 10 2 8 8 10 2 2 10 2 2 10 2 2 10 2 2 2 8
left_child=1 2 8 9 24 6 7 23 25 28 -5 20 13 14 16 18 -13 -17 19 21 -7 -16 -9 29 -3 -1 -11 -28 -4 -6
right_child=-2 4 3 10 5 11 -8 22 -10 26 -12 12 -14 -15 15 17 -18 -19 -20 -21 -22 -23 -24 -25 -26 -27 27 -29 -30 -31
leaf_value=-0.0015023270307651911 -0.019622372177899416 0.027705283797479441 -0.021387001001073821 -0.0093059635700530538 -0.0063524439361123952 -0.0074545694787214734 -0.013106486221700504 -0.015598652655657031 -0.010177363369037275 -0.010219812226940843 0.019245406259931375 -0.012910040640911108 -0.02125384196789832 -0.015590739042770571 0.034061968059497044 -0.015314022529076919 0.0093542403903238164 0.015112497528395413 -0.0088422277861341953 -0.0077143878592451746 0.021856721197328836 -0.0066459128445908707 0.010024634513713845 -0.010352766344854759 -0.0047509761252762057 0.023199592624628246 0.018915120182202327 -0.0087088471692973336 0.0040637190861106866 0.019144622004828176
leaf_weight=5.8267661491408935 20.051562472712249 5.9851974006742221 14.559352081734689 3.6836711326614049 3.3397441711276761 5.2304610945284349 13.461846512742339 9.2700004107318801 3.2651874166913322 6.1362108006142106 17.394220907241106 29.448734459467232 17.861952216364443 31.72767573967576 12.149696283973759 10.140153703279791 9.1746177431195957 2.1434251358732572 2.0783260995522133 1.8485864270478476 5.2055518236011267 1.1099188020452846 5.4433947815559796 2.3779225423932067 3.1626659296452999 40.071922013070434 10.740458245854823 3.0482822260819367 5.2144100558944038 38.826419522520155
leaf_count=145 1225 121 295 85 178 87 428 195 90 103 338 841 1584 925 349 395 239 34 63 66 50 37 105 61 71 471 184 62 61 522
internal_value=0.000685941 0.00224114 0.00898262 0.0013257 -0.00141526 -0.00276833 0.00450093 0.0092095 0.017452 -0.0058833 0.0134281 -0.00690838 -0.00869259 -0.00553829 -0.000108325 0.00882573 -0.00715538 -0.00716875 0.0192966 0.0244037 0.00950998 0.0297677 -0.00598078 0.0143242 0.0187708 0.0202242 0.00456697 0.0121158 -0.0152099 0.0166658
internal_weight=339.978 319.927 109.94 60.7766 209.986 200.838 72.7193 59.2575 49.1639 39.6987 21.0779 128.119 117.683 99.8211 68.0935 29.4701 38.6234 12.2836 17.1865 15.1082 10.436 13.2596 14.7134 44.5441 9.14786 45.8987 19.925 13.7887 19.7738 42.1662
internal_count=9410 8185 1834 1128 6351 6159 1489 1061 706 705 423 4670 4533 2949 2024 944 1080 429 515 452 137 386 300 761 192 616 349 246 356 700
is_linear=0
shrinkage=0.035


Tree=108
num_leaves=31
num_cat=0
split_feature=50 10 54 41 83 80 54 55 1 108 123 46 96 93 63 63 0 3 63 55 113 59 76 70 113 4 41 1 73 106
split_gain=6.26647 6.51952 5.19534 6.32684 5.26737 4.83436 5.84407 4.81652 6.95465 5.29652 4.90922 5.33825 4.59728 4.67425 4.08044 4.53511 4.02384 3.78339 3.57405 3.51273 3.64758 3.49905 3.49322 3.3802 3.35742 3.3112 3.22248 3.15183 3.17681 2.87668
threshold=0.20416666666666669 3.5000000000000004 0.1126984126984127 8.5000000000000018 1537.5000000000002 314.90000000000003 0.42261904761904767 0.78281378178835126 7.5000000000000009 43.500000000000007 1.0000000180025095e-35 0.020942982456140354 2.8944444444444448 85164.500000000015 0.62867965367965384 0.5617207942127137 104.60442129629631 3.5000000000000004 0.52679425837320581 0.45060975609756104 0.023904761904761908 0.85934065934065951 0.37850674739933959 14.509259259259261 0.099450549450549472 5.5000000000000009 6.5000000000000009 14.500000000000002 19.500000000000004 981.39333333333354
decision_type=2 2 8 8 10 10 10 8 2 10 2 2 2 2 2 2 2 2 2 10 2 2 8 8 2 2 10 2 8 10
left_child=1 2 19 4 5 7 -7 8 16 -10 14 24 13 21 15 18 26 -16 27 -1 -21 -5 -13 -22 -12 -6 -4 -9 -29 -11
right_child=-2 -3 3 12 25 6 -8 10 9 29 11 22 -14 -15 17 -17 -18 -19 -20 20 23 -23 -24 -25 -26 -27 -28 28 -30 -31
leaf_value=-0.0097634779733289951 -0.018242662016485441 -0.014823634493472206 0.021608495828790746 -0.020104557557214284 -0.020149660003406521 0.025939136667492101 -0.0047756166528802046 -0.0070153607477478012 -0.014232640043314466 0.023707367130702244 -0.022108841950465603 -0.01002997304137802 0.014044365581297569 0.012979102754201487 -0.0019425398332432807 -0.014409292237389322 -0.0098563115939046854 0.029334302651086705 0.028082916361396086 0.025572328017171339 -0.0035372380375555505 0.010141738781467393 0.017700348143021169 0.01961433287936418 0.0096600336669020043 0.010401214949968953 -0.0086787117971756124 -0.0029231694709248631 0.028753777034975836 -0.0074915511605983106
leaf_weight=3.813522696029394 13.490766110364346 19.33903696667403 18.174491410143681 34.383609332609922 11.469353208318351 21.858444151002917 8.6639514933340234 13.894168721511965 45.64775896910578 3.8495912635698906 11.703670787625017 4.3810465000569847 4.7442229408770791 3.6361759700812391 5.1107938606292036 6.6574078034609547 5.5860470319166771 20.038471817970276 5.615785618312656 21.814148210454732 17.428630920592699 2.2679955707862964 12.152908807620404 7.349685058463364 2.2448421074077478 2.4207501783967009 2.4316352186724535 5.6672707283869359 3.4045533007010826 2.9915940351784229
leaf_count=104 632 1194 352 847 1243 252 278 317 1099 62 304 75 53 65 170 173 166 332 79 338 323 47 187 110 58 264 55 146 43 69
internal_value=0.0016306 0.00270724 0.00402131 0.00190065 0.00443407 0.00597623 0.0177756 0.0034038 -0.00285597 -0.00993096 0.00869013 -0.00253062 -0.00937677 -0.0133809 0.0141145 0.00517103 0.0106414 0.0237102 0.0111981 0.0137629 0.0164481 -0.0172402 0.00972979 0.00547027 -0.0157961 -0.0134815 0.0170377 0.00278663 0.0149576 0.0126618
internal_weight=342.232 328.742 309.403 258.997 213.965 200.074 30.5224 169.552 78.6811 52.4889 90.8709 30.4825 45.032 40.2878 60.3885 35.2392 26.1922 25.1493 28.5818 50.406 46.5925 36.6516 16.534 24.7783 13.9485 13.8901 20.6061 22.966 9.07182 6.84119
internal_count=9437 8805 7611 6736 5724 4217 530 3687 1803 1230 1884 624 1012 959 1260 758 573 502 585 875 771 894 262 433 362 1507 407 506 189 131
is_linear=0
shrinkage=0.035


Tree=109
num_leaves=31
num_cat=0
split_feature=88 83 63 50 145 118 77 100 55 92 14 54 104 86 61 56 110 59 70 90 76 145 93 119 21 3 66 75 2 110
split_gain=7.75686 6.61067 5.60835 5.38953 5.89694 5.48646 5.86251 6.09674 4.62553 4.45161 4.40786 4.38269 4.25515 4.12949 3.85595 3.84561 3.60673 3.54232 4.5483 4.41742 3.39885 3.35323 3.07522 2.90701 2.82268 2.86117 2.81299 3.75647 3.87764 2.78708
threshold=1079.5000000000002 1537.5000000000002 0.39642857142857152 0.030457637600494747 0.12132231426506027 0.68857758620689669 1.5000000000000002 0.087595907928388769 0.5727513227513229 68338.500000000015 6.5000000000000009 0.20416666666666669 0.12660256410256412 291.51187775724128 0.92172181372549022 0.60990338164251223 1098.5000000000002 0.76043478260869579 11.80909090909091 10774.891194968555 0.37850674739933959 0.040587173765820099 80179.500000000015 2.6140399558113243 16.500000000000004 51.500000000000007 1.141859587446435 2.0513157894736849 4.5000000000000009 54.250000000000007
decision_type=10 10 2 2 8 2 10 2 10 2 2 10 2 8 2 10 10 2 8 2 8 10 2 10 2 2 10 10 2 8
left_child=1 2 -1 5 15 16 8 26 -7 -3 13 24 -12 -6 -9 21 20 19 -19 -15 -4 -5 -20 -14 -10 -26 -8 -28 -29 -11
right_child=-2 9 3 4 10 6 7 14 11 29 12 -13 23 17 -16 -17 -18 18 22 -21 -22 -23 -24 -25 25 -27 27 28 -30 -31
leaf_value=-0.013223317416412311 0.026102268762639727 -0.024112198436498918 -0.00074665731017838381 -0.0039251367473546097 0.01272073586676457 -0.0048040605195092045 -0.022577472866718337 -0.011208357769887 0.028667043674525799 0.018039413120220841 0.027517194918712438 0.0028056600503132837 0.014620242511362824 0.011806217291085868 0.015976765752404174 -0.010041379405273051 -0.0046519660332433295 0.018281877871490868 -0.015325716632299471 -0.01654995292718239 0.029766752439575696 0.028213265459359569 0.0093125101136308439 -0.013315286880949464 -0.0099962801341390226 0.016021029585388036 0.012613217321594972 -0.021924597242362894 0.010780957846405495 -0.01175353478956701
leaf_weight=22.012767422944307 10.419679045677183 15.501148459967228 5.139258311595774 3.8296459848061231 6.7835156689397982 16.919165801722556 14.106178268790243 4.9511017971672144 21.457268786616623 3.5821979148313394 4.5397560913115731 25.412379204295576 2.4200507672503573 3.967075021006166 16.883242493029684 3.1920586195774368 4.5490485355257979 7.1212180741131332 13.833371827378871 59.557631977368146 20.312915602233261 10.897875232156364 5.2642718013375989 7.3219998273998499 4.983960257843135 6.4002064075320959 7.1716479687020209 8.873927320353685 2.9395189136266699 2.4567636135034263
leaf_count=678 62 2016 98 87 87 354 428 92 220 271 46 544 38 74 272 119 157 194 413 1658 398 168 146 122 39 80 116 92 36 297
internal_value=0.00183157 0.000695162 0.002095 0.00346762 -0.00183641 0.0076588 0.00416715 -0.00431105 0.0102443 -0.0160946 -0.00498402 0.0146492 0.0107313 -0.0077232 0.00887251 0.0144686 0.0200419 -0.00985828 0.000914506 -0.0140469 0.0244946 0.0209795 -0.00801111 -0.00377071 0.022232 0.00505614 -0.0130327 -0.00271256 -0.0130006 0.00608522
internal_weight=342.801 332.381 310.841 288.828 128.728 160.1 130.099 54.9256 75.173 21.5401 110.809 58.2538 14.2818 96.5271 21.8343 17.9196 30.0012 89.7436 26.2189 63.5247 25.4522 14.7275 19.0976 9.74205 32.8414 11.3842 33.0913 18.9851 11.8134 6.03896
internal_count=9402 9340 6756 6078 3152 2926 2273 1036 1237 2584 2778 883 206 2572 364 374 653 2485 753 1732 496 255 559 160 339 119 672 244 128 568
is_linear=0
shrinkage=0.035


Tree=110
num_leaves=31
num_cat=0
split_feature=81 96 98 55 70 42 45 145 56 116 110 99 34 75 70 70 66 129 63 95 26 43 117 63 55 66 110 94 145 45
split_gain=6.01074 4.65103 6.37738 7.30834 8.07493 8.2642 7.31301 5.40218 5.63833 4.64835 4.43791 4.50966 4.32928 6.03526 4.98306 3.85246 6.24047 3.95408 3.82658 4.00564 3.76811 3.65402 3.38352 3.38168 3.3776 3.32741 3.02918 2.92086 2.91585 2.71184
threshold=452.50265221412877 3.3229166666666674 0.89039039039039047 0.82247899159663873 11.392307692307694 1.0000000180025095e-35 0.10690476190476192 0.10171052919288331 0.61152570480928703 0.39173060528559256 135.25000000000003 0.36515151515151517 3.5000000000000004 2.0444664031620561 11.33854166666667 14.509259259259261 2.0343637680652829 11.500000000000002 0.64670014347202309 4347.5000000000009 7.5000000000000009 0.29805897723030988 0.89699381078691431 0.68642083699151313 0.5447860962566845 3.2000456024516404 27.750000000000004 81082.000000000015 0.13285612957176671 0.14371772805507746
decision_type=10 2 2 8 8 8 2 8 10 2 10 2 2 8 10 10 10 2 2 2 2 2 2 2 10 10 10 2 10 2
left_child=1 2 10 7 -5 -6 -7 8 20 27 11 -1 14 29 18 17 21 -16 25 -20 -4 24 -11 26 -17 -9 -18 -8 -26 -14
right_child=-2 -3 3 4 5 6 9 12 -10 22 -12 -13 13 -15 15 16 23 -19 19 -21 -22 -23 -24 -25 28 -27 -28 -29 -30 -31
leaf_value=0.0053311350845179645 -0.015833647163011597 0.019267986438451609 0.034834177115595659 -0.0075227005270143543 -0.011280107734484292 0.026395731002808693 -0.014793444131713738 -0.014626720045758955 -0.01355128191484087 0.022879483183233743 0.010032918410787335 -0.022110648563679842 0.029536024013089815 -0.013607582805182305 -0.017269765223363424 -0.015268115395529193 -0.0032656419121976569 0.0085053085054947377 -0.0034354549878470165 0.024140343078865971 -0.0013453573230223065 -0.02214825509026579 -0.008203141196479179 -0.010001878457403449 -0.0068339419080727139 0.014533483324324033 0.030443376984568733 0.013756428568550796 0.023217161231611858 -0.0043416361625679368
leaf_weight=7.4898144453763953 18.392204604111612 14.208747331053017 7.4384485254995507 21.631709084380418 9.6305284705013019 48.247324830852449 12.819368035532536 11.707286631688474 2.8286872804164878 10.586316407658158 6.6018947465345255 25.033968795556575 8.3830217607319302 4.3207000354304919 55.999663261231035 3.5503218164667514 3.2138225557282549 5.2551817307248703 8.8586655873805302 11.295124424621461 4.4197615114971995 10.239508348051457 3.0053111724555484 2.0340668265707782 3.5527356425300223 2.2282825326547018 7.5061509516090155 1.5365447690710414 5.0831996123306453 2.2193612763658175
leaf_count=94 2583 178 122 437 346 666 403 358 99 154 122 520 108 82 1529 136 33 46 212 257 96 280 27 44 87 21 115 35 91 53
internal_value=0.00133304 0.00254467 0.00147332 0.00344965 0.0102917 0.0149486 0.0187543 -0.00131427 0.0159762 0.00355862 -0.0109026 -0.0159229 -0.00353315 0.011901 -0.00567174 -0.00961304 -0.000220739 -0.0145835 0.00528119 0.0137458 0.0249499 -0.0106623 0.0156489 0.0159711 0.0026246 -0.00735762 0.0225131 -0.0089735 0.0128817 0.0233258
internal_weight=339.318 320.926 306.717 267.591 107.457 85.8254 76.1949 160.134 14.6869 27.9475 39.1257 32.5238 145.447 14.9231 130.524 96.4347 35.1798 61.2548 34.0894 20.1538 11.8582 22.4258 13.5916 12.754 12.1863 13.9356 10.72 14.3559 8.63594 10.6024
internal_count=9334 6751 6573 5837 2068 1631 1285 3769 317 619 736 614 3452 243 3209 2361 786 1575 848 469 218 594 181 192 314 379 148 438 178 161
is_linear=0
shrinkage=0.035


Tree=111
num_leaves=31
num_cat=0
split_feature=10 11 118 110 98 116 70 48 103 91 141 42 94 78 104 65 97 83 11 117 97 63 70 32 108 117 97 94 50 35
split_gain=6.69024 6.39113 6.29618 8.14856 5.17831 5.4593 4.93494 4.77023 5.13214 4.855 4.59223 8.16415 4.40259 5.18185 4.60612 4.2311 4.12304 4.0874 4.0066 3.67164 3.74949 3.5297 3.44888 3.3575 3.96404 3.28724 3.23891 3.20214 3.06096 2.95201
threshold=3.5000000000000004 2.5000000000000004 0.61721611721611735 59.750000000000007 1.5577777777777781 0.83558558558558571 15.343137254901963 0.045199182839632285 0.6310068649885584 4560.4185777846715 1.0000000180025095e-35 6.5000000000000009 57521.250000000007 2.5000000000000004 0.38913470993117016 3.552777777777778 1.8973726154077137 1786.5000000000002 16.500000000000004 0.83827375762859646 10.909553247970949 0.53798076923076932 14.677083333333334 3.5000000000000004 125.50000000000001 0.82200460829493094 1.7983802258258772 82770.000000000015 0.070692347735554412 5.5000000000000009
decision_type=2 2 2 10 2 2 10 2 2 10 2 10 2 10 2 8 2 8 2 2 2 2 10 2 8 2 2 2 2 2
left_child=1 23 28 4 5 6 12 8 16 -9 11 25 19 14 -14 -7 -5 -15 -2 22 -21 -12 -4 24 -1 27 -26 -6 -3 -25
right_child=18 2 3 7 10 15 -8 9 -10 -11 21 -13 13 17 -16 -17 -18 -19 -20 20 -22 -23 -24 29 26 -27 -28 -29 -30 -31
leaf_value=-0.018565601444563082 -0.022282871926146072 0.02678348842820447 -0.014996271063316349 0.0091976502331100173 -0.019326748657236211 -0.0048940585079366413 -0.013259019457256072 -0.0090035864006197258 0.010505979488186278 0.029195808237262217 -0.00261467874451964 0.026431029999562834 0.0042175131666654653 0.0178320083865975 0.03202615217468361 0.02485168441238636 -0.020680447092644896 -0.011905583019735702 0.0088463514513992623 0.013245544321439833 -0.014165436304549585 0.033721234526073195 0.011129487616628958 0.020274800796943947 -0.0096833014260275189 0.0089806503508524527 0.017086158595496111 0.012035888357492978 -0.00089709869598391593 -0.0097615950721255083
leaf_weight=27.483103637583554 15.939252719283106 17.463372095022354 26.631768846418712 3.66811236180365 13.396673796698453 6.1355831483379033 22.764361380599439 4.5996786197647443 6.5510089793242505 3.2262596427462995 3.1142796836793449 10.193943356629459 16.067050651647154 3.164554059039804 11.760872269049285 15.948468731716273 35.431509196292609 14.161941594444214 3.6860509859397999 17.909882708452646 3.8110295524820677 14.527426087297497 3.8428239477798334 4.5110901370644561 7.1366357714869064 8.110244967043398 5.3999201152473688 1.4623666093684722 5.8524496871978036 2.9903425062075257
leaf_count=1480 1052 297 639 136 448 45 343 171 238 127 59 195 285 34 150 184 1634 261 203 130 33 168 78 163 350 98 102 28 182 126
internal_value=0.0017997 0.00311848 0.0052155 0.00334534 0.00667972 0.00301478 -0.000178523 -0.00823099 -0.0125381 0.0119867 0.0157483 0.00632972 0.00337853 0.0108284 0.0190581 0.0172096 -0.0171524 -0.00369712 -0.0158271 -0.00344958 0.00668547 0.028146 -0.0105975 -0.00815024 -0.0120591 -0.0057216 0.00343123 -0.013987 0.0209039 0.0091859
internal_weight=336.942 317.317 269.796 246.48 193.003 142.198 120.114 53.4766 45.6506 7.82594 50.8049 33.1632 97.3499 45.1544 27.8279 22.0841 39.0996 17.3265 19.6253 52.1955 21.7209 17.6417 30.4746 47.5211 40.0197 22.9693 12.5366 14.859 23.3158 7.50143
internal_count=9439 8184 5963 5484 3178 2182 1953 2306 2008 298 996 769 1610 730 435 229 1770 295 1255 880 163 227 717 2221 1932 574 452 476 479 289
is_linear=0
shrinkage=0.035


Tree=112
num_leaves=31
num_cat=0
split_feature=87 87 96 97 83 54 119 117 117 143 57 61 85 116 41 94 76 41 56 20 46 145 111 41 96 110 97 110 97 45
split_gain=6.39473 6.99988 4.80384 4.69108 4.65701 4.79666 4.66143 7.04688 5.26428 4.94696 4.63023 5.06024 4.39171 4.21874 3.88004 3.87238 3.60159 4.07534 3.51033 4.56143 3.03246 2.98033 2.65322 2.63486 3.74364 4.4359 4.0576 2.9741 2.76331 2.39908
threshold=1.5000000000000002 118.50000000000001 3.2583333333333337 11.420216075618333 1253.5000000000002 0.20416666666666669 2.510465975790916 0.43534002229654406 0.12916666666666668 0.075254745254745278 0.39767441860465119 0.92172181372549022 716.37500000000011 0.66397849462365599 16.500000000000004 27420.750000000004 0.32934872455970216 2.5000000000000004 0.20156250000000003 1.0000000180025095e-35 0.065861769809138243 0.30822211703388275 0.040270270270270282 1.5000000000000002 1.7101018675721564 195.25000000000003 2.8501306488516893 1098.5000000000002 1.6560425911039272 0.20881782945736438
decision_type=8 8 2 2 8 8 10 2 2 10 8 2 10 2 10 2 8 10 8 2 2 10 2 8 2 8 2 10 2 2
left_child=15 13 3 4 12 6 7 8 -6 14 21 -12 -3 -2 16 -1 -9 -18 -7 23 -5 22 -8 27 25 28 -27 -20 -25 -26
right_child=1 2 -4 20 5 18 10 9 -10 -11 11 -13 -14 -15 -16 -17 17 -19 19 -21 -22 -23 -24 24 29 26 -28 -29 -30 -31
leaf_value=-0.0047198332886751182 -0.02232877137196446 0.023585302414247559 0.018808048005045572 -0.023821196084326385 0.015718434754774611 0.014066618140732233 -0.0057639508358691529 -0.00097016443212095157 -0.016583822109350846 -0.0092093659323075339 -0.014244587229386808 0.016775646985932792 -0.0078328180267377683 0.0082890605173229701 -0.0087078266540333328 0.029291468779370514 -0.0037748489349758328 0.037084649509950239 0.011173916149251607 -0.014802087284503678 0.0020356869823750889 -0.016828716393127659 0.015168251111970401 0.0083400759101478431 0.013145764905926127 -0.0082419966294736777 0.02440102375807986 -0.013585973789536366 -0.019993717140140713 -0.011659137452997115
leaf_weight=3.9579668622463933 19.938624424859885 15.160195078235121 13.436623524874447 10.359254356008025 5.2853969768621054 7.0290474114008239 19.874829012900594 4.0907019386068049 11.088509123772381 3.2643962246365836 4.3707091547548798 20.937278512399644 4.6831716485321513 4.2465586028993121 1.57309429347515 9.8818156896159035 2.394748069811615 21.174884005449712 25.454357276670638 40.629117751028389 7.5601265132427207 17.454877213574946 5.5761170638725153 2.0790922804735628 13.230801783036439 6.7356175375170988 3.2207311745733023 2.9232650944031766 26.738253168296069 2.1903279959224156
leaf_count=41 1907 193 170 139 54 100 392 77 459 94 72 261 74 153 59 132 36 405 807 1497 98 398 96 74 162 245 32 122 1017 59
internal_value=0.00107276 -8.31235e-05 0.00149239 0.000366131 0.00164063 0.000185785 0.00521157 0.0129097 -0.00491902 0.0213507 -0.000808729 0.00995225 0.0160863 -0.0164537 0.0256099 0.0208936 0.0285959 0.0329991 -0.00435834 -0.00591715 -0.014848 -0.00753234 0.000559717 -0.000949867 -0.00533546 -0.0107749 0.00694483 0.00697021 -0.0170186 0.00763057
internal_weight=336.54 322.701 298.516 285.079 267.16 247.316 117.086 48.8717 16.3739 32.4978 68.2138 25.308 19.8434 24.1852 29.2334 13.8398 27.6603 23.5696 130.231 123.202 17.9194 42.9058 25.4509 82.5724 54.1948 38.7737 9.95635 28.3776 28.8173 15.4211
internal_count=9425 9252 7192 7022 6785 6518 2403 1184 513 671 1219 333 267 2060 577 173 518 441 4115 4015 237 886 488 2518 1589 1368 277 929 1091 221
is_linear=0
shrinkage=0.035


Tree=113
num_leaves=31
num_cat=0
split_feature=10 11 82 98 110 119 20 98 49 114 128 110 91 143 81 110 47 143 74 70 34 120 0 48 45 41 4 70 42 73
split_gain=6.91479 6.68225 5.86928 5.8351 9.75309 5.76795 5.20325 4.83165 5.37891 5.15915 5.246 5.70188 5.07482 4.16839 3.74082 3.61955 3.57254 4.08843 3.7137 3.40188 3.35991 3.25267 2.9832 2.85523 2.76174 3.39764 3.06468 2.64895 2.56389 2.5025
threshold=3.5000000000000004 4.5000000000000009 1.0000000180025095e-35 0.87867647058823539 16.250000000000004 0.77303240518350214 2.5000000000000004 1.320714285714286 0.0310889175257732 0.21103238866396765 0.097619047619047633 127.25000000000001 1566.1057405313429 0.092107892107892123 254.34767271043299 37.250000000000007 0.15319426336375494 0.051376319758672712 15.250000000000002 13.468627450980394 6.5000000000000009 0.062996031746031758 2.1192997685185189 0.023669467787114849 0.07634032634032635 3.5000000000000004 5.5000000000000009 15.486842105263159 2.5000000000000004 20.500000000000004
decision_type=2 2 8 2 10 10 2 2 2 2 2 10 10 8 8 10 2 8 10 10 2 2 2 2 2 10 2 10 10 10
left_child=1 2 -1 4 -3 22 7 8 12 10 11 20 29 24 -7 23 17 -16 -19 -12 21 -9 -4 -8 25 -14 28 -21 -26 -5
right_child=-2 3 5 6 -6 14 15 9 -10 -11 19 -13 13 -15 16 -17 -18 18 -20 27 -22 -23 -24 -25 26 -27 -28 -29 -30 -31
leaf_value=0.026580549919681073 -0.01610534459923247 0.019606945594769044 0.016452594196147963 -0.01700164098883019 -0.021170560060619299 0.011563446224801415 0.015106508814121603 0.036849111300560816 -0.01810379756572935 -0.0087079241113558453 -0.0032962988630344408 -0.0020025584694879843 -0.0023482259145365561 -0.010920719182929191 -0.020596557056876335 -0.01707461393380531 0.0089268452456452325 -0.0077519324546291004 0.021864466995865601 0.02282288276029314 -0.0039068918864966773 -0.0042234696414411273 -0.001810718958641248 -0.010188044329508445 -0.0091155008126357854 0.026305428207958025 -0.010109236539889101 -0.0033845750593626007 0.018716238758757411 0.0086659440963212982
leaf_weight=2.6959360921755424 19.142634377814829 6.2603942714631584 12.813145846128462 9.0855581080540997 16.264242401812226 4.7634197380393735 9.0626508803106862 31.774822887033224 6.5170715623535207 5.9323384924791744 16.643152480013669 6.2877751397900274 5.2077434682287302 4.877526566386222 43.618327141739428 10.354798508808015 5.2585564446635535 18.863418712280694 1.6456826687790442 13.299912198912354 1.9512607310898591 1.4916751282289613 26.238055562600493 4.5855300817638627 2.114603164605799 23.932129833381623 7.4181528338231137 4.8005130793899289 10.510574104264377 3.2567250560969105
leaf_count=16 1239 86 230 163 247 61 138 675 107 97 315 176 79 99 1994 477 177 781 57 214 81 45 990 72 65 301 144 84 192 34
internal_value=0.00201211 0.0033371 -0.00327145 0.00712294 -0.00833413 -0.0050767 0.00924041 0.0115464 0.00452659 0.0171583 0.0195828 0.0274793 0.00785983 0.0123456 -0.0105696 -0.00508215 -0.0127642 -0.0150599 -0.00155565 0.00787911 0.0323376 0.0346962 0.00536896 0.00615501 0.0154478 0.0215906 0.00398942 0.0166441 0.0127912 -0.009683
internal_weight=336.668 317.526 115.897 201.629 22.5246 113.201 179.105 155.102 72.9201 82.1815 76.2491 41.5055 66.403 54.0607 74.1494 24.003 69.386 64.1274 20.5091 34.7436 35.2178 33.2665 39.0512 13.6482 49.1832 29.1399 20.0433 18.1004 12.6252 12.3423
internal_count=9436 8197 4306 3891 333 4290 3558 2871 1184 1687 1590 977 1077 880 3070 687 3009 2832 838 613 801 720 1220 210 781 380 401 298 257 197
is_linear=0
shrinkage=0.035


Tree=114
num_leaves=31
num_cat=0
split_feature=11 117 117 92 97 116 54 76 73 74 55 28 130 4 120 23 143 125 84 101 97 63 26 80 108 92 80 110 123 101
split_gain=6.3827 6.35267 6.1433 7.04516 5.64968 6.39323 4.71238 6.16055 5.59404 4.0898 4.73056 3.86245 3.97528 3.83565 4.03494 3.64508 4.88348 3.54444 3.43544 4.01692 4.04582 3.23376 3.21082 3.11292 2.82543 3.44621 3.38653 3.0473 2.74865 2.77792
threshold=2.5000000000000004 0.11324786324786326 0.37617924528301894 11131.000000000002 5.004931959903737 0.90521114106019784 0.15894736842105264 0.40458561829460077 16.500000000000004 11.250000000000002 0.72821969696969713 9.5000000000000018 21.500000000000004 4.5000000000000009 0.039344685242518065 4.5000000000000009 0.077064479638009067 1.0000000180025095e-35 699.50000000000011 0.11324786324786326 5.9517652948901354 0.77664399092970526 11.500000000000002 571.75000000000011 56.500000000000007 80608.000000000015 517.62500000000011 1098.5000000000002 1.5000000000000002 0.1181455633100698
decision_type=2 2 2 2 2 2 8 8 10 10 10 2 2 2 2 2 10 2 8 2 2 2 2 10 10 2 8 10 2 2
left_child=24 17 3 -3 6 9 7 -4 22 -6 18 12 15 14 -10 16 -9 -2 -11 -20 -21 -5 -8 28 25 26 -1 -26 29 -12
right_child=1 2 4 21 5 -7 8 11 13 10 23 -13 -14 -15 -16 -17 -18 -19 19 20 -22 -23 -24 -25 27 -27 -28 -29 -30 -31
leaf_value=0.0087901992655086934 0.00024690480251547144 0.016869837729921289 -0.0058464656275829096 -0.023871785150115475 -0.01512423080170964 0.017425957835501583 0.016090102683879708 0.042338123288488121 -0.0051875979800120979 0.01461604353711261 0.00014036820270672834 -0.0075446173118824782 -0.0043026966829797231 -0.016922942315709247 0.023733978063472608 0.0026081831673897913 -0.0036112578846620512 0.029347065655846018 0.0046485838924080975 0.0024881824812215177 -0.024800998580591684 0.0046933218208968204 -0.0070508922890895557 -0.010686225742693716 0.010655511293227058 0.0067777822094841258 -0.023106277650528487 -0.01518502517684377 -0.0051082810149357316 0.021926065084756786
leaf_weight=2.072894352488226 7.5049119517207172 4.3629016424529281 8.3289257609285396 21.063207870814953 27.097316572442651 13.994203944690524 31.799277657177299 17.919270994607373 15.177120870444925 2.8449586560018352 10.293995005078616 2.1614077612757674 3.0146914115175596 15.590962971560655 3.5251779258251181 5.2761500012129536 2.3828836805187157 11.788360589649526 11.458343627396969 7.9451679680496481 19.727055395953357 4.1712320675142101 6.1250561280176035 5.7628199481405309 11.231619011610745 4.8041925858706227 24.989349639043212 3.591595154721289 7.7046245140954843 19.125275292433798
leaf_count=43 133 150 210 1131 553 181 835 311 382 47 113 52 219 517 66 168 61 121 183 266 633 169 148 171 313 223 1502 165 88 229
internal_value=0.00126266 0.00325747 0.00166495 -0.0121738 0.00360696 -0.00147475 0.00917384 0.0182395 0.00340426 -0.00448118 -0.000430315 0.0246679 0.0278634 -0.00638262 0.00412051 0.0317382 0.0372971 0.020408 -0.00829954 -0.0114328 -0.0177841 -0.0191547 0.0119667 0.00733411 -0.0100954 -0.0153071 -0.0196733 0.00214358 0.0110678 0.0154309
internal_weight=332.835 286.145 266.852 29.5973 237.255 125.954 111.301 39.0833 72.2176 111.96 84.8622 30.7544 28.593 34.2933 18.7023 25.5783 20.3022 19.2933 41.9755 39.1306 27.6722 25.2344 37.9243 42.8867 46.6897 31.8664 27.0622 14.8232 37.1239 29.4193
internal_count=9383 7137 6883 1450 5433 2464 2969 1021 1948 2283 1730 811 759 965 448 540 372 254 1129 1082 899 1300 983 601 2246 1768 1545 478 430 342
is_linear=0
shrinkage=0.035


Tree=115
num_leaves=31
num_cat=1
split_feature=88 83 131 112 43 112 63 44 47 76 42 16 95 109 109 15 28 66 38 87 90 59 119 110 98 114 66 76 73 82
split_gain=6.33987 8.4483 4.37316 4.92601 4.60551 5.69162 5.0066 4.9175 4.64699 4.36411 4.03949 3.91633 3.91871 4.6978 3.84961 4.48744 3.75626 3.51986 3.42152 3.36584 3.32021 3.34555 3.13382 2.91532 3.80247 3.37281 5.25114 2.93254 3.08536 2.82136
threshold=1079.5000000000002 1341.5000000000002 0 0.071796759941089847 0.37057844361215153 0.062114197530864203 0.45889639639639646 0.5270467836257311 0.15590277777777781 0.31915851703780818 1.0000000180025095e-35 12.500000000000002 26003.000000000004 7122.5000000000009 8302.5000000000018 1.5000000000000002 6.5000000000000009 3.1276935246515039 3.5000000000000004 1.5000000000000002 63010.090909090919 0.6906926406926408 0.5699973352604083 111.25000000000001 0.79361054766734285 0.15765107212475635 2.8268478796278171 1.0195867980824203 12.500000000000002 8.5000000000000018
decision_type=10 10 1 2 2 2 2 2 2 8 10 2 2 10 10 2 2 10 2 10 2 2 10 10 2 2 10 10 8 10
left_child=1 2 3 10 5 7 9 8 -4 -6 -1 16 13 -13 15 -8 23 -11 22 -3 -7 -22 -9 24 -12 26 27 28 -26 -21
right_child=-2 19 4 -5 6 20 14 18 -10 17 11 12 -14 -15 -16 -17 -18 -19 -20 29 21 -23 -24 -25 25 -27 -28 -29 -30 -31
leaf_value=-0.0087496184657419387 0.023387074822802036 0.0084015137778614985 -0.016582190738504327 -0.0090929209880501825 0.012498814087352129 -0.0039444972727948856 -0.0062243469925747381 0.012015335000468056 0.011190511233050161 -0.02079124914268856 -0.0046902024314301244 0.0079379225983740517 0.016234582792729164 -0.018426135761684254 -0.0091381636092428015 0.0219720417791105 -0.0084760146770479616 0.010567994923303251 0.020456340953399769 0.0079637647869289074 -0.0041932199225796869 0.029219762855671984 -0.011449780100132988 0.001557774538452295 0.00082761313343751879 0.00099065346513285951 -0.00044789728345849956 -0.0022935940866043547 0.040296021526996802 -0.02374120876284844
leaf_weight=8.9781315987929684 10.355385422706602 3.0036311424337354 62.62584243575111 15.092775811441241 6.2317470824345973 10.880959973670544 6.3353905500844112 5.8950371183455053 4.8047646200284353 14.035895101260396 4.0280177965760222 12.660152437165381 10.769655158743261 11.261360120028256 5.2234639828093341 28.623395347502083 3.6794952237978569 2.3405385445803395 4.8597019030712536 1.5033458522520984 3.7147761490195972 6.7391075892373919 15.26897562574595 10.050647564232348 2.8664771672338309 6.2239304678514591 5.9999300679191938 1.8915694942697872 25.539641954004765 22.617866927757859
leaf_count=305 62 107 1661 357 130 294 171 109 95 383 58 256 225 211 91 484 88 26 52 206 87 140 323 232 73 102 66 30 398 2601
internal_value=0.00141182 0.000363904 0.00217584 0.00691289 -0.00140376 -0.0055707 0.0058559 -0.00925443 -0.0139674 -0.00644091 0.010182 0.0123198 0.0024329 -0.00551317 0.0127217 0.0167227 0.0173876 -0.0148858 0.00324028 -0.0167051 0.00925878 0.0198313 -0.00386668 0.0196205 0.0229911 0.0258309 0.0294546 0.0346008 0.0370332 -0.0207371
internal_weight=334.102 323.746 296.621 119.042 177.58 114.789 62.7904 93.4543 67.4306 22.6082 103.949 94.9709 34.6912 23.9215 40.1822 34.9588 60.2797 16.3764 26.0237 27.1248 21.3348 10.4539 21.164 56.6002 46.5496 42.5215 36.2976 30.2977 28.4061 24.1212
internal_count=9423 9361 6447 2401 4046 2761 1285 2240 1756 539 2044 1739 692 467 746 655 1047 409 484 2914 521 227 432 959 727 669 567 501 471 2807
cat_boundaries=0 1
cat_threshold=35
is_linear=0
shrinkage=0.035


Tree=116
num_leaves=31
num_cat=0
split_feature=87 96 119 109 32 107 46 47 74 73 116 103 56 65 110 90 27 60 47 69 10 45 126 120 70 74 73 112 49 116
split_gain=5.43218 5.28708 4.91734 6.51946 6.17915 4.83876 3.97131 7.06733 5.28813 4.54678 4.46639 3.59866 3.34799 3.2076 3.1237 3.09052 3.03878 5.42546 4.75039 4.43094 3.95563 3.74193 3.66959 3.66294 3.03719 4.09107 2.85824 2.84926 2.82858 2.81372
threshold=1.5000000000000002 3.60952380952381 0.77303240518350214 255.50000000000003 4.5000000000000009 480.11424872922703 0.091326105087572995 0.040956108470785575 17.250000000000004 21.500000000000004 0.24190177638453506 0.49736842105263163 0.33558558558558566 1.6417112299465242 90.250000000000014 80979.736111111124 12.500000000000002 0.90705980066445191 0.040956108470785575 3.7500000000000004 1.5000000000000002 0.38278388278388281 1.5000000000000002 0.034190531852717719 14.310096153846155 16.750000000000004 13.500000000000002 0.01941930618401207 0.048583792289535806 0.46737588652482276
decision_type=8 2 8 10 2 8 2 2 8 8 2 2 10 10 8 2 2 2 2 10 2 2 2 2 10 10 10 2 2 2
left_child=-1 2 3 4 -2 24 8 11 16 14 -9 12 27 -5 29 -11 19 23 20 21 -19 28 -22 26 -4 -26 -18 -8 -7 -10
right_child=1 -3 5 13 -6 6 7 10 9 15 -12 -13 -14 -15 -16 -17 17 18 -20 -21 22 -23 -24 -25 25 -27 -28 -29 -30 -31
leaf_value=0.018727776840809004 -0.010210255015239198 0.02004617653026115 -0.021699424156955419 -0.0020247846375375175 0.01875851903441219 -0.015909992191146166 0.013226879839248107 -0.0079911478825064192 0.039227412788591896 -0.010029459681372024 0.030182601309389406 0.014567308551637631 -0.016764423595719259 0.033064169162450037 -0.0053468726045526145 0.016114040693774916 0.0084612829278559454 -0.0051537288883574959 -0.010516433882517974 0.0078357347192302262 0.025719276286747264 0.014747600722592676 -0.0077896728678502189 0.0078047324231918618 0.015141904258571827 -0.016711765974590898 -0.026874032670945618 -0.011551479886640539 0.0039124454867865525 0.00071015765054241746
leaf_weight=13.515319132711737 22.752656048629436 9.3184897527098638 21.239365348592404 3.4127256898209444 8.3724527205340546 79.674931252375245 9.4534335257485527 2.5195638923905781 4.8073764350265265 13.819097225554289 12.376538814511148 6.9819695013575247 15.828459140146149 9.1108504948206228 2.2954961098730573 2.9429259831085792 0.98057438852265377 7.5955387852154699 9.3827764922752959 11.569199971389024 17.812800660729412 1.944936922751366 2.4711233424022785 4.1107582126278421 5.7706174952909333 4.1288917041383684 10.709010404534636 4.6766208466142407 7.8908836883492759 3.2902586767449975
leaf_count=170 633 144 742 58 112 2793 190 112 123 454 259 154 616 86 85 88 26 127 397 222 441 86 70 124 180 148 426 101 182 44
internal_value=0.000295899 -0.000767753 -0.00170788 0.00857197 -0.000900047 -0.00353339 -0.00164863 0.00649479 -0.00408882 0.00904504 0.0233402 -0.00227078 -0.00771722 0.0256528 0.0228412 -0.00279169 -0.00661408 0.000205081 0.00739103 -0.0100348 0.0141005 -0.0126369 0.0209038 -0.0144447 -0.015464 0.000706584 -0.0222631 0.00415025 -0.0140089 0.0298226
internal_weight=330.756 317.24 307.922 43.6487 31.1251 264.273 233.134 51.8366 181.298 27.1552 14.8961 36.9405 29.9585 12.5236 10.3931 16.762 154.143 53.0626 37.2622 101.08 27.8795 89.5108 20.2839 15.8003 31.1389 9.89951 11.6896 14.1301 87.5658 8.09764
internal_count=9393 9223 9079 889 745 8190 7120 1432 5688 794 371 1061 907 144 252 542 4894 1611 1035 3283 638 3061 511 576 1070 328 452 291 2975 167
is_linear=0
shrinkage=0.035


Tree=117
num_leaves=31
num_cat=0
split_feature=88 50 118 110 65 100 90 76 106 98 45 110 54 96 93 74 116 48 91 117 93 56 97 115 60 114 11 88 45 145
split_gain=6.83821 5.77963 5.78372 7.92506 6.35942 6.15538 6.61218 5.54319 5.94361 5.684 6.12637 5.52214 5.18209 4.80224 4.60241 4.28629 3.6553 3.56794 3.699 3.32352 3.66208 3.13065 4.08382 3.4862 3.05436 3.04277 4.05734 2.99078 3.0989 2.97959
threshold=1079.5000000000002 0.10050505050505053 0.67156862745098056 61.250000000000007 1.939338235294118 0.61250000000000016 65741.500000000015 0.3896352499341208 687.16666666666674 1.0784615384615386 0.15419580419580423 1098.5000000000002 0.11882352941176472 3.3541666666666674 13580.500000000002 9.7500000000000018 0.21320346320346323 0.047247023809523815 4560.4185777846715 0.11324786324786326 29953.000000000004 0.23145604395604399 3.8002471256992725 0.080322580645161304 0.90070422535211281 0.095413165266106451 9.5000000000000018 683.50000000000011 0.2215007215007215 0.48769535840917738
decision_type=10 2 2 10 8 2 2 8 10 2 2 8 8 2 2 8 2 2 10 2 2 10 2 2 2 2 2 10 2 10
left_child=1 2 4 5 -1 7 -7 12 13 -10 15 27 -4 16 -3 -11 -9 19 -19 -5 -21 23 -23 -16 -18 26 -26 28 -6 -22
right_child=-2 14 3 17 11 6 -8 8 9 10 -12 -13 -14 -15 21 -17 24 18 -20 20 29 22 -24 -25 25 -27 -28 -29 -30 -31
leaf_value=-0.006318634285853361 0.02407288834453369 0.016223631086065348 0.0084735242430473562 0.0021570119833525347 0.038747898939271407 0.034843456085627472 -0.008141898793223511 0.018828663641474893 -0.0055635947262668503 -0.0054460692021227391 -0.0044815052561370389 -0.0029461964946750764 -0.015689036773521785 0.020182367659747888 0.01979908209802804 0.034963990756098837 0.0053610852769158321 -0.010772668231261341 0.024182723469375767 0.0041108431463547932 -0.029448051708782293 -0.025242163099605766 -0.0031878942442101982 -0.010545333983022777 -0.010520311891181709 -0.017426895119491286 0.0099608112368594678 -0.0014554665657334558 0.0019725766041338621 0.0054046960075826798
leaf_weight=11.568122010678051 10.697345767170189 3.3869711626321068 11.765037592034785 8.186269721016286 14.995699259918192 8.9244913635775429 4.0657158116810015 3.9590934440493575 9.4749673013575357 2.2930490402504864 6.5291309417225412 7.6726426393724969 31.531948271207511 7.7610730547457925 3.5651697432622296 19.021661930251867 23.045189659111202 3.3723650709725908 2.2580771795473993 4.3804437501821694 21.536134172230962 21.912273049820215 19.309172115754336 5.4616828891448677 22.791792137082666 22.929647458717227 15.779571118764578 3.0414646873250595 3.9134660423733285 1.8101687366142858
leaf_count=507 67 96 181 218 205 132 98 150 191 44 227 321 649 118 82 374 500 151 99 228 1277 1133 803 138 445 491 253 132 89 95
internal_value=0.00150742 0.000415309 0.00251816 0.000255539 0.0138261 0.00334943 0.0228661 0.00132694 0.00485217 0.0157843 0.0227899 0.0214692 -0.00892586 4.40927e-05 -0.009576 0.0304079 -0.00270662 -0.0127257 0.0080267 -0.0165626 -0.0215747 -0.0126259 -0.0163738 0.00422479 -0.0047101 -0.00860324 -0.00195993 0.0289667 0.033141 -0.0262691
internal_weight=336.94 326.242 272.607 231.416 41.1914 189.872 12.9902 176.882 133.585 37.3188 27.8438 29.6233 43.297 96.2664 53.6353 21.3147 88.5053 41.5435 5.63044 35.913 27.7267 50.2483 41.2214 9.02685 84.5462 61.501 38.5714 21.9506 18.9092 23.3463
internal_count=9494 9427 7175 5921 1254 3853 230 3623 2793 836 645 747 830 1957 2252 418 1839 2068 250 1818 1600 2156 1936 220 1689 1189 698 426 294 1372
is_linear=0
shrinkage=0.035


Tree=118
num_leaves=31
num_cat=0
split_feature=69 47 86 121 55 94 54 69 56 54 63 128 121 59 72 75 110 107 63 118 63 63 65 3 116 1 40 113 109 143
split_gain=4.47886 4.36888 3.51061 4.38613 3.451 4.62627 4.47392 4.37491 6.56921 5.18767 5.01378 6.06841 4.16541 4.06863 3.88118 3.66095 3.5885 3.31076 3.16017 2.87605 4.20055 2.91643 2.88583 2.79301 2.76288 2.71951 2.70939 2.69788 2.64014 2.53597
threshold=3.2500000000000004 0.040270270270270282 80.722294882315595 1.0000000180025095e-35 0.94782214156079869 80843.000000000015 0.20416666666666669 1.2500000000000002 0.65496715927750426 0.34848484848484856 0.60544848035581922 0.21240601503759401 2.5000000000000004 0.6906926406926408 6.5000000000000009 1.6715686274509807 86.250000000000014 37.006750590480557 0.51630627437079057 0.86240703177822864 0.54631217838765023 0.69467984934086646 1.8603896103896107 13.500000000000002 0.22128060263653485 19.500000000000004 10.500000000000002 0.050316455696202543 5803.5000000000009 0.009546593757120074
decision_type=10 2 8 2 8 2 8 10 10 8 2 2 2 2 10 10 8 8 2 2 2 2 8 2 2 2 2 2 10 10
left_child=4 2 -2 -4 7 6 12 8 9 13 11 18 -6 23 -13 26 17 -7 -9 20 22 -21 -8 -1 -3 -20 -12 -25 -16 -14
right_child=1 24 3 -5 5 16 19 10 -10 -11 15 14 29 -15 28 -17 -18 -19 25 21 -22 -23 -24 27 -26 -27 -28 -29 -30 -31
leaf_value=-0.014011097215778132 -0.011229888697841903 0.011650852763274972 -0.0068518783873827488 0.020261037218004062 0.023624030828354625 -0.0046534704809818072 -0.0048079210842446275 -0.017999162463608515 -0.015725639849220721 -0.011966845531267341 -0.0086613106705453902 -0.008651606941302608 0.010796245935070605 0.022294565329506737 0.027971585586190048 -0.02010387573335027 -0.0050590785295727848 0.039099727276459273 0.0066589157112288879 -0.019671480855721214 -0.0079610599044424007 0.0020978420232980704 0.023205217198310132 0.018698409481044936 -0.015639310164636665 -0.016939047547887748 0.016804324047835648 -0.010511643270145969 0.0023231435909143935 -0.0099418035130745853
leaf_weight=5.5159732131287447 3.0303896628320208 2.4639872834086409 6.2854397599585345 36.839952474460006 11.053085633553566 1.4646997647359938 4.599721009377391 18.997612344101071 12.10544727835804 7.3081017320509991 8.6144626119639707 5.8033439749851849 8.4119939990341681 23.241942974273115 8.7489059874787944 41.726915024919435 2.9581058779731402 4.8226992031559348 17.683464473113421 16.967302845790986 18.129492192296311 10.129781848751007 8.3034303758759052 6.1348399287089688 9.0906430692411941 3.1290751935448489 3.2229796601459375 2.0422111889347434 9.1924981325864774 10.664123645052312
leaf_count=210 20 50 179 538 190 36 225 659 690 327 249 137 111 613 141 1425 138 125 556 548 709 289 222 214 186 122 81 115 198 127
internal_value=0.000279993 0.00871957 0.0132969 0.0160081 -0.00164284 0.00351261 0.000496871 -0.0045579 0.00326327 0.00952806 -0.00830036 -0.00137853 0.0104844 0.0147009 0.0112745 -0.0156944 0.0220224 0.0313608 -0.00934138 -0.00510014 0.00217633 -0.0124743 0.0146653 -0.000704099 -0.00805854 0.000517132 0.00120342 0.0101827 0.0182007 -0.000453996
internal_weight=328.683 57.7104 46.1558 43.1254 270.972 97.5044 88.2589 173.468 56.3485 44.2431 117.119 63.5549 30.1292 36.935 23.7447 53.5644 9.2455 6.2874 39.8102 58.1297 31.0326 27.0971 12.9032 13.693 11.5546 20.8125 11.8374 8.17705 17.9414 19.0761
internal_count=9430 973 737 717 8457 2720 2421 5737 2169 1479 3568 1813 428 1152 476 1755 299 161 1337 1993 1156 837 447 539 236 678 330 329 339 238
is_linear=0
shrinkage=0.035


Tree=119
num_leaves=31
num_cat=0
split_feature=87 45 56 81 88 106 118 98 56 97 93 118 69 60 98 101 36 55 11 94 55 116 60 118 113 97 21 50 71 106
split_gain=6.91096 6.20136 5.80168 5.70947 5.14838 3.89242 5.27571 8.09044 4.45234 4.32931 4.83861 3.76436 3.62306 3.42743 3.3887 6.22508 4.97792 3.37412 2.78371 2.78242 2.75672 2.71438 3.11466 3.67939 2.67532 2.64263 2.63736 3.23338 2.5802 2.81568
threshold=1.5000000000000002 0.07634032634032635 0.20864427860696519 243.08262478922265 1062.5000000000002 1535.8750000000002 0.77032967032967048 1.0571895424836604 0.77888888888888907 8.6611028217211494 18270.500000000004 0.84045454545454557 4.2500000000000009 0.84045454545454557 1.4267857142857145 0.54692082111436957 5.5000000000000009 0.66441441441441451 9.5000000000000018 27420.750000000004 0.73993558776167478 0.83558558558558571 0.75500000000000012 0.67156862745098056 0.10300618921308578 3.2013635975726493 11.500000000000002 0.18019480519480521 4.2423951497212116 681.91666666666686
decision_type=8 2 8 8 8 10 2 2 10 2 2 2 8 2 2 2 2 10 2 2 10 2 2 2 2 2 2 2 10 10
left_child=19 4 11 -4 -2 6 -6 9 13 10 -8 -3 -12 -9 21 17 -17 28 -11 -1 -13 22 -5 -24 26 -19 27 -15 -16 -30
right_child=1 2 3 14 5 -7 7 8 -10 18 12 20 -14 24 15 16 -18 25 -20 -21 -22 -23 23 -25 -26 -27 -28 -29 29 -31
leaf_value=-0.0038274989329293387 -0.0085755440578915328 0.022531399685382481 0.015310913486700958 0.0092664440092023442 0.0239837401172419 -0.0097699473362933727 0.01486079126440972 -0.005805774497389983 -0.01300667108490911 -0.0062366649627719857 -0.021023636502551048 -0.013230129052711277 0.0056802369426636147 0.030510407622606935 -0.011583042641274067 -0.017240002769996703 0.015985450908427526 -0.0042882818059166499 0.020858518259234234 0.028276078601603343 0.0098084452886546963 0.0045186331588776526 0.002039777939782723 -0.023825090009335134 -0.0053510860393688967 0.021072346241661453 0.0058472456851980372 -0.0037703596664683823 -0.0088572776866797254 0.020745482061955825
leaf_weight=2.8350942116230717 24.30155619722791 9.3774092562962341 8.0583593528717739 2.0001126287970683 20.477960066404194 10.107053597457705 3.5110264704562715 5.0577228167094281 3.1544105040375134 4.8503816677257401 24.222012478392575 7.4807501728646448 5.5971788372844449 26.415438632015142 13.743572370149197 35.427886936813593 2.4117483207955948 4.9381767953746047 6.2110171327367425 10.301929352805017 8.0799523219466192 5.3462325590662649 7.0465392295736811 39.858483184129 2.9174805921502402 13.086099153850226 12.978043126408009 2.6277237972244611 3.2057989884633562 3.9795900860335678
leaf_count=30 1110 180 66 94 467 314 77 106 107 67 517 182 96 363 615 1670 71 187 76 134 91 56 282 1537 64 298 185 79 166 161
internal_value=0.00119134 -1.26314e-05 -0.00466762 -0.00746783 0.0049861 0.00778378 0.00962303 0.00558571 0.0142395 -0.00516821 -0.0111577 0.00959029 -0.0159153 0.0169848 -0.00937981 -0.00419964 -0.0135038 0.0053465 0.0107345 0.0222026 -0.00179118 -0.0157392 -0.0181675 -0.0201172 0.0198742 0.0147018 0.0220084 0.0273106 -0.00399178 0.00932304
internal_weight=329.607 316.47 164.041 139.103 152.429 128.127 118.02 97.5424 53.1508 44.3916 33.3302 24.9381 29.8192 49.9964 131.044 76.7929 37.8396 38.9532 11.0614 13.137 15.5607 54.2514 48.9051 46.905 44.9387 18.0243 42.0212 29.0432 20.929 7.18539
internal_count=9448 9284 5656 5203 3628 2518 2204 1737 904 833 690 453 613 797 5137 3168 1741 1427 143 164 273 1969 1913 1819 691 485 627 442 942 327
is_linear=0
shrinkage=0.035


Tree=120
num_leaves=31
num_cat=0
split_feature=81 27 8 60 44 44 98 55 101 110 64 55 75 118 19 97 65 117 69 128 86 49 98 117 90 46 63 93 75 4
split_gain=6.24216 4.54068 6.62644 5.08877 5.64617 4.98491 8.21015 6.33904 5.11357 4.42854 4.42395 4.20136 7.70795 3.91171 3.71252 3.6698 3.44391 3.15051 3.051 2.86854 2.83993 2.78755 3.94519 2.71484 3.46433 2.70279 2.66643 2.65724 2.62955 2.59342
threshold=434.32254476783305 1.5000000000000002 1.5000000000000002 0.90661337209302328 0.53889369057908387 0.26975051975051983 1.3585714285714288 0.63438086303939978 0.22048611111111113 111.25000000000001 0.87627551020408168 0.88516483516483524 1.7537878787878791 0.83752357008170975 2.5000000000000004 3.2013635975726493 1.2928571428571431 0.71060794044665021 1.7500000000000002 0.26491228070175443 142.42454162214739 0.033060109289617494 1.3956521739130436 0.66018867924528313 61618.066468253972 0.071008403361344549 0.53798076923076932 79568.000000000015 2.6201923076923079 6.5000000000000009
decision_type=10 2 2 2 2 2 2 10 2 10 2 8 8 2 2 2 10 2 8 2 10 2 2 2 2 2 2 2 10 2
left_child=1 5 3 4 20 14 11 8 19 25 -2 12 -7 18 23 -10 -5 -15 -13 -8 -3 28 -23 -1 -25 26 -9 -26 -18 -28
right_child=10 2 -4 16 -6 6 7 9 15 -11 -12 13 -14 17 -16 -17 21 -19 -20 -21 -22 22 -24 24 27 -27 29 -29 -30 -31
leaf_value=-0.023329099445980047 0.01257286171805499 -0.012572242851137318 -0.0093556576194915291 -0.0019721171452581577 0.021744692964236707 0.011742410714108009 0.023343482391657951 0.00038711515812624094 0.0090327595903831586 -0.0048610226249598057 -0.021848443010662438 -0.0066913366708595302 -0.021015448792647416 -0.020305401459333201 0.012186822457567833 -0.018072550830929335 0.021887950271008164 0.0028527489969818018 0.021718257563430085 -0.0091504034836853449 0.0076845294849417498 -0.018279426896069255 0.015136485170885073 -0.015774874641602727 0.022924463448732203 0.0074359305376409165 0.04830826181334745 -0.0066292989329245905 -0.00080977344105275537 0.0034898706088767827
leaf_weight=17.113142181187872 2.3355825135950008 22.945172435604039 20.139172703027725 11.563467474188654 5.9948694482445708 8.3757667047902924 7.6584026953205484 2.2875673240050736 5.5005640177987543 4.4094513161107889 15.846941576804966 3.8031857125461075 27.673236982896924 6.1898788409307626 3.1414709542877963 13.290616758633403 60.710861675441265 17.349353393539786 11.03751140832901 1.5092294597998259 8.2474396703764778 3.504517786204814 3.8533329851925373 6.2758389664813858 3.3982823202386498 8.9530008593574149 8.1199797345325333 3.5818908745422959 6.5239690952002993 2.7386010959744445
leaf_count=882 327 452 295 297 74 228 158 51 183 154 2365 145 738 239 67 476 814 177 275 32 118 35 47 138 60 162 175 74 78 53
internal_value=0.00190009 0.00317962 0.00760481 0.0106307 -0.000247777 -0.000840297 0.00237669 0.0121388 6.67784e-06 0.0229031 -0.0156689 -0.00508171 -0.0129011 0.00290327 -0.0119162 -0.00990741 0.0150821 -0.00572748 0.0145863 0.0166527 -0.00689459 0.0176837 -0.00173569 -0.0157799 -0.0023138 0.0283177 0.0365715 0.0113216 0.0197819 0.0416689
internal_weight=324.072 305.89 143.483 123.344 37.1875 162.407 128.896 54.4674 27.9588 26.5086 18.1825 74.4289 36.049 38.3799 33.5106 18.7912 86.1561 23.5392 14.8407 9.16763 31.1926 74.5927 7.35785 30.3692 13.256 22.0991 13.1461 6.98017 67.2348 10.8586
internal_count=9369 6677 2210 1915 644 4467 3246 1444 849 595 2692 1802 966 836 1221 659 1271 416 420 190 570 974 82 1154 272 441 279 134 892 228
is_linear=0
shrinkage=0.035


Tree=121
num_leaves=31
num_cat=0
split_feature=69 98 55 47 45 110 46 30 106 118 81 101 34 106 107 26 86 87 110 107 56 32 82 74 87 70 119 1 3 21
split_gain=5.43882 4.04996 8.57722 3.66408 5.69598 3.84061 3.91504 3.68497 3.54442 3.53268 3.32299 3.25816 4.15819 3.92155 3.13376 4.52733 3.49833 3.96086 3.27521 3.26606 3.12426 3.11378 3.10798 2.98402 2.90365 3.73311 2.8313 2.70873 2.58754 2.57371
threshold=2.7500000000000004 1.2526595744680853 0.77525466893039063 0.040956108470785575 0.20483682983682985 45.750000000000007 0.099180327868852475 6.5000000000000009 700.34949832775931 0.48333333333333339 185.75823001011639 0.86607142857142871 1.0000000180025095e-35 1088.3742857142859 2316.1544089155918 1.5000000000000002 292.55655156954839 510.00000000000006 87.250000000000014 2105.7015433094944 0.20611577964519143 1.0000000180025095e-35 482.50000000000006 13.750000000000002 1.5000000000000002 11.33854166666667 0.37282449471082063 12.500000000000002 4.5000000000000009 3.5000000000000004
decision_type=8 2 10 2 2 10 2 2 8 2 8 2 2 10 10 2 10 10 8 10 10 2 10 10 8 10 8 2 2 2
left_child=1 9 20 4 7 6 10 14 -7 28 -5 12 13 -4 15 16 17 19 -16 21 27 -2 -11 -17 -22 29 -6 -3 -1 -26
right_child=3 2 11 5 26 8 -8 -9 -10 22 -12 -13 -14 -15 18 23 -18 -19 -20 -21 24 -23 -24 -25 25 -27 -28 -29 -30 -31
leaf_value=-0.0099792523595615325 0.02822609939349837 0.01854818897143139 0.026559607138160444 0.011239107415563304 0.012531957154446665 0.022876867255951758 0.01065757592463258 -0.0053440390360068929 -0.0081639036816832256 -0.013115704854570509 -0.022866678538086022 -0.0043258469937658417 -0.010513527832386677 -0.0027902106728478846 0.03634166241108687 -0.011206287403881732 -0.010813659938546365 -0.010550640890442057 0.0017687682561748439 -0.0070877508215703112 0.012074782286161549 0.00016421581959225517 0.0099216525122898334 0.0097869181257665451 -0.0099380393230550403 -0.016484903807419363 -0.016870696166275238 -0.0072466765003441104 0.019783042689019616 0.013835487228163534
leaf_weight=1.9098363746888924 28.996004023822024 6.0864921319298428 23.931577205192301 1.092772357165823 1.3951119598932535 5.2360350037924919 3.9204411618411532 10.731048711342735 4.5458502718247482 69.460614253068343 15.635323025519027 8.6145461935084295 2.8192207028623661 5.8076412978116414 9.1669541853480005 13.76813655998558 2.2758611752651623 2.2999109681695691 5.0987173910252759 2.368071394506841 2.9653726499527684 5.7171891597099593 4.327557345153763 10.013799019157885 5.5319780274294299 40.841767003526911 10.474056308390573 5.344502235064283 4.5504621975123882 7.2883879202418029
leaf_count=120 459 140 497 7 24 133 50 150 163 2270 307 351 116 219 131 272 149 52 132 32 56 92 128 151 253 2030 449 143 53 266
internal_value=0.000535628 -0.00324157 0.00117005 0.00584952 0.00892562 -0.00429226 -0.0120207 0.0119314 0.0105695 -0.00896293 -0.0185651 0.012933 0.0174674 0.0212514 0.0144354 0.00979616 0.0161479 0.0187488 0.0276509 0.0216037 -0.00634419 0.0242069 -0.0112207 -0.00220216 -0.00964129 -0.0117682 -0.0107246 0.00795272 0.0104694 0.00366708
internal_weight=322.215 189.48 109.231 132.735 102.305 30.4304 20.6485 90.4357 9.78189 80.2485 16.7281 41.173 32.5584 29.7392 79.7046 65.439 41.657 39.3812 14.2657 37.0813 68.0585 34.7132 73.7882 23.7819 56.6275 53.6621 11.8692 11.431 6.4603 12.8204
internal_count=9395 6642 4071 2753 2093 660 364 1620 296 2571 314 1183 832 716 1470 1207 784 635 263 583 2888 551 2398 423 2605 2549 473 283 173 519
is_linear=0
shrinkage=0.035


Tree=122
num_leaves=31
num_cat=0
split_feature=54 16 11 81 118 64 93 88 118 29 30 42 66 123 80 47 3 41 55 71 110 118 93 84 107 119 117 115 94 76
split_gain=5.3115 5.02799 4.93678 4.87401 4.40862 3.99621 3.96167 3.61184 3.31894 3.30805 3.28424 3.23257 3.2259 4.42373 4.77955 4.29414 5.27867 3.45107 3.40834 3.69892 3.38568 3.66074 3.18482 3.29378 3.09587 3.80101 3.07218 2.93894 2.84462 2.83631
threshold=0.16954022988505749 12.500000000000002 14.500000000000002 168.07894622118144 0.88944444444444459 0.94893524554541508 15685.000000000002 1079.5000000000002 0.80795574288724981 34.500000000000007 12.500000000000002 3.5000000000000004 1.9500635676244293 1.0000000180025095e-35 538.25297619047626 0.034286833855799378 13.500000000000002 6.5000000000000009 0.81698564593301448 0.57735026918962584 904.75000000000011 0.85640648011782039 26926.500000000004 893.25000000000011 2981.0439776902999 0.93947638167683001 0.10357142857142858 0.1991379310344828 5533.5000000000009 0.37850674739933959
decision_type=8 2 2 8 2 2 2 8 2 2 2 10 10 2 10 2 2 8 10 8 8 2 2 8 8 10 2 2 2 8
left_child=1 10 4 -2 8 -6 28 -4 -3 11 29 -10 13 14 17 16 26 18 19 -8 21 -20 -15 -24 25 -21 -14 -28 -5 -1
right_child=3 2 7 6 5 -7 12 -9 9 -11 -12 -13 15 22 -16 -17 -18 -19 20 24 -22 -23 23 -25 -26 -27 27 -29 -30 -31
leaf_value=0.00038484379346643226 0.017527799748387037 -0.010007999419720763 -0.0083904646941170332 -0.0075858801650630281 -0.020628029541236624 0.011733444459977566 0.020613896106372983 0.016547962577911159 -0.011472199365942119 -0.011344149474258739 -0.0086387417223602603 0.020813789977564744 0.014544201489479441 0.0058249956609502012 -0.01900271650228269 -0.012673423033512201 0.021458002169070216 -0.016846924797578374 0.024090727935594816 0.003134271778888822 -0.011621896609388799 0.0014406132073989276 0.0045922931414207986 -0.024258072657430421 0.008616547719208981 -0.021850245389366727 -0.020236594831381727 0.0069989240188353579 0.017213897071011182 0.021830713844552218
leaf_weight=9.6152792591601592 8.9448900604620558 10.438305027317258 5.9533159288112101 4.9295558300800648 19.860705875325952 2.3400199983734629 1.4974475735798467 24.648586214520037 1.3053004802204728 3.0733050063718101 3.6302181163337073 15.865004280814899 3.0756938573904398 4.2152254008688024 14.815504323923959 11.169997451594098 14.600524653913451 7.4051275635138145 14.801458233501764 9.8445190521888453 3.766988413874059 16.864021737128496 3.9578715453390023 30.320744421100244 6.7077903733588746 15.948731106240301 8.7083814262878132 4.3970508789643636 12.56330869742669 33.654675220372155
leaf_count=148 96 456 234 143 470 104 39 432 50 119 70 473 33 137 1199 294 261 267 365 210 161 448 179 1181 204 505 273 98 290 527
internal_value=0.00101347 0.00637294 0.000993049 -0.00257637 -0.00537036 -0.0156872 -0.00395089 0.0111994 0.00324682 0.01071 0.0149312 0.0163256 -0.00562297 -0.00826727 -0.00367595 0.00258717 0.00912202 0.000259814 0.00309348 -0.00452299 0.0100573 0.0138694 -0.0175197 -0.0207664 -0.00827517 -0.0133538 -0.00444675 -0.0116894 0.0100925 0.0175986
internal_weight=328.92 130.385 83.4845 198.535 52.8826 22.2007 189.59 30.6019 30.6819 20.2436 46.9002 17.1703 172.097 130.145 91.6516 41.9516 30.7817 76.8361 69.431 33.9985 35.4325 31.6655 38.4938 34.2786 32.501 25.7933 16.1811 13.1054 17.4929 43.27
internal_count=9466 3083 2338 6383 1672 574 6287 666 1098 642 745 523 5854 4895 3398 959 665 2199 1932 958 974 813 1497 1360 919 715 404 371 433 675
is_linear=0
shrinkage=0.035


Tree=123
num_leaves=31
num_cat=0
split_feature=88 83 96 118 110 54 3 11 21 0 46 11 54 3 63 47 11 128 27 54 93 92 145 74 110 28 115 117 97 95
split_gain=6.53488 6.00331 4.04147 4.50624 5.53138 3.93614 7.04696 4.71995 4.62152 4.63331 4.39157 3.47031 4.20347 4.96566 3.8855 3.70947 3.41647 3.33993 3.29086 3.09819 4.11912 3.09392 4.37065 3.05192 3.82681 4.60467 3.95732 3.91093 7.77225 3.2468
threshold=1079.5000000000002 1341.5000000000002 3.8166666666666669 0.31666666666666671 1234.0000000000002 0.16954022988505749 17.500000000000004 9.5000000000000018 6.5000000000000009 9.818535879629632 0.028174603174603175 14.500000000000002 0.12158167036215818 50.500000000000007 0.60107526881720441 0.10948202054794522 6.5000000000000009 0.31909090909090915 11.500000000000002 0.34848484848484856 56154.500000000007 67753.500000000015 0.25234236088862017 17.250000000000004 27.750000000000004 4.5000000000000009 0.064866760168302964 0.20294117647058826 3.93788073073455 10410.000000000002
decision_type=10 10 2 2 8 8 2 2 2 2 2 2 10 2 2 2 2 2 2 8 2 2 10 10 10 2 2 2 2 2
left_child=1 2 3 4 -1 6 17 8 9 19 16 14 13 -13 -12 -16 -8 18 -5 -7 -21 -3 -23 24 26 27 -11 28 -26 -25
right_child=-2 21 -4 5 -6 7 10 -9 -10 23 11 12 -14 -15 15 -17 -18 -19 -20 20 -22 22 -24 29 25 -27 -28 -29 -30 -31
leaf_value=0.028556659789420555 0.024870885199337524 -0.020839245374639867 0.020432208559982318 0.030954895702987165 -0.006934317997630229 0.012847802371986881 0.01203787134997873 0.014552250364789453 -0.017714220526320507 0.023451805218517665 0.0088470071607687599 0.035417441797318282 -0.011051270974285696 0.0016448566629378512 -0.015374777167450488 0.012142677903405246 -0.018147324204768875 -0.0054792502450765578 -0.001072645147524419 0.0085129799620959502 -0.018589700616074845 -0.01389208781560463 0.021858814172825959 -0.0059903739204163718 -0.016148064893877209 0.014143548629444152 -0.0060474480093591163 -0.022539242954097597 0.02506561650034736 0.025131883499549253
leaf_weight=9.6525247199460829 8.7992901578545553 18.218734756112102 8.5816752389073354 14.777303314767783 5.9395379894413063 26.532312211580575 2.0822326103225377 10.888788064941762 25.980109424330294 3.2321089841425445 19.660254333633929 7.3639987632632318 3.2715794267132869 10.281665272079406 21.285253114532683 3.7394374264404169 17.291223023552448 3.5214001405984154 4.4970836890861383 10.615541164297612 7.6096822693943968 4.2122928122989824 2.7993259290233254 6.0087418644689006 9.8250831393524987 2.7387132300063959 12.958295430056749 35.310654645785689 4.0161972204223266 2.3346577659249306
leaf_count=74 58 2204 136 234 273 400 67 143 489 56 343 115 35 161 511 51 330 45 62 204 198 420 252 187 335 120 232 1532 62 57
internal_value=0.00129521 0.00025906 0.00177736 0.000861721 0.016636 -0.000353589 0.00468063 -0.00382458 -0.00561781 -0.00242531 -0.000305477 0.00413281 0.0143389 0.0204471 -0.00160693 -0.00992549 -0.0130991 0.0199788 0.0248005 0.0061025 -0.00436919 -0.0145997 0.00353874 -0.00748762 -0.0099624 -0.0142821 0.00398558 -0.0170256 -0.000711197 0.00887235
internal_weight=324.026 315.226 289.996 281.414 15.5921 265.822 107.771 158.051 147.162 121.182 84.9756 65.6022 20.9172 17.6457 44.6849 25.0247 19.3735 22.7958 19.2744 44.7575 18.2252 25.2304 7.01162 76.4245 68.0811 51.8906 16.1904 49.1519 13.8413 8.3434
internal_count=9386 9328 6452 6316 347 5969 1954 4015 3872 3383 1613 1216 311 276 905 562 397 341 296 802 402 2876 672 2581 2337 2049 288 1929 397 244
is_linear=0
shrinkage=0.035


Tree=124
num_leaves=31
num_cat=0
split_feature=63 69 63 114 55 98 110 45 0 65 20 100 66 98 98 32 60 43 43 69 27 69 56 38 100 71 88 68 47 109
split_gain=4.49878 4.31252 5.389 5.10632 5.3121 5.41692 8.05745 6.80427 4.56836 4.93218 4.5459 3.84375 3.81669 3.7662 3.81275 4.03303 3.39206 3.38553 3.19703 3.13859 3.01108 3.61766 3.39676 3.30897 2.8615 3.26128 2.8584 2.68444 2.65437 2.55014
threshold=0.39642857142857152 3.2500000000000004 0.64321074964639335 0.086067019400352746 0.50247524752475259 1.589572192513369 109.25000000000001 0.039736842105263161 2.4328125000000003 3.590326340326341 2.5000000000000004 0.074537037037037054 0.57814224635573275 1.4267857142857145 1.5400641025641029 6.5000000000000009 0.81678321678321686 0.46720430107526884 0.59545454545454557 1.2500000000000002 26.500000000000004 1.2500000000000002 0.43792808219178087 3.5000000000000004 0.39696969696969703 6.6348583130479142 845.50000000000011 4.5000000000000009 0.099019607843137278 7092.5000000000009
decision_type=2 10 2 2 8 2 10 2 2 10 2 2 8 2 2 2 2 2 2 10 2 10 10 2 2 8 10 10 2 10
left_child=18 3 11 4 12 7 10 26 24 13 16 -3 -2 28 19 -16 -7 -14 -1 -15 21 23 -23 -9 25 -5 -6 -8 -10 -4
right_child=1 2 29 8 5 6 27 20 9 -11 -12 -13 17 14 15 -17 -18 -19 -20 -21 -22 22 -24 -25 -26 -27 -28 -29 -30 -31
leaf_value=-0.022376001048450944 0.012647030233333011 0.025722515562787041 -0.0096966447645448275 -0.0087744790095891853 0.015201697113563614 -0.0023839152166795032 -0.014857439531656058 -0.005029042115479874 -0.025779881965491101 0.012457774355967698 -0.0066562837254603669 0.00012377479817361138 -0.019891670827222225 -0.0097333584182638273 -0.019741497946023825 0.0081425461569339733 0.032949514089440662 0.011242537404075128 0.0012732533921749403 0.024871747523221622 0.0076727311821047986 -0.023433543630113986 0.0002706111701933951 0.023393775007034729 0.021329903350775122 0.016907738233540776 -0.007747505026689039 0.0121100368368141 0.005654199526317634 0.011358886266424706
leaf_weight=11.247083256719636 3.582195553462955 22.328086519148201 15.011675411369653 16.262292281258858 36.132550466572866 3.0384311659727308 8.4885156780946982 13.953859537374226 25.211398192914206 5.445665700826793 3.1317125975619993 9.8145487057045084 18.888026233529676 1.7425794056616748 13.366821597795935 6.3034770418889812 23.439836320001632 1.8345365072600532 11.411452208179979 3.7051793015561998 11.932184699689968 18.970373344840485 10.552464738488196 1.918274592841043 4.4323767893947652 3.5065952604636541 4.7442657672800115 2.3951716478914014 1.8973881532438088 6.0337248467840245
leaf_count=417 150 340 280 291 726 105 364 584 843 96 147 163 970 74 692 167 626 73 443 124 225 420 400 64 67 77 234 45 44 117
internal_value=0.00114933 0.00236587 0.0109312 0.000323941 0.00388014 0.00655313 0.0165504 0.0018287 -0.00657193 -0.011638 0.0249578 0.018975 -0.00988904 -0.0150194 -0.00397318 -0.0109666 0.0291603 -0.0154858 -0.0123885 0.0144419 -0.005793 -0.00974259 -0.0161488 0.00318725 0.00542625 -0.00172548 0.0119841 -0.0069788 -0.0230419 -0.00263829
internal_weight=320.723 298.064 53.188 244.876 163.002 138.698 40.4937 98.204 81.8738 57.6725 29.61 32.1426 24.3048 52.2268 25.1181 19.6703 26.4783 20.7226 22.6585 5.44776 57.3272 45.395 29.5228 15.8721 24.2013 19.7689 40.8768 10.8837 27.1088 21.0454
internal_count=9368 8508 900 7608 5133 3940 1287 2653 2475 2040 878 503 1193 1944 1057 859 731 1043 860 198 1693 1468 820 648 435 368 960 409 887 397
is_linear=0
shrinkage=0.035


Tree=125
num_leaves=31
num_cat=0
split_feature=87 50 118 110 48 65 14 110 65 9 43 84 46 57 145 101 59 94 94 2 90 56 114 117 66 56 126 44 70 68
split_gain=6.80414 4.89916 5.07083 6.58756 6.57544 7.25433 6.4699 5.24719 4.74855 4.72969 4.21996 4.04244 4.86886 5.92714 3.76571 4.80711 3.84031 3.71361 3.62611 3.62101 3.61477 3.60775 3.43309 3.21595 3.09967 3.67513 3.19583 2.90999 2.7865 2.67576
threshold=1.5000000000000002 0.081799933087989302 0.61721611721611735 1098.5000000000002 0.059411764705882358 5.1756548536209559 3.5000000000000004 61.250000000000007 2.5857843137254908 3.5000000000000004 0.27953488372093033 799.75000000000011 0.05345238095238096 0.80909090909090919 0.10006122337686098 0.18065268065268067 0.84105263157894739 78751.750000000015 27420.750000000004 3.5000000000000004 17613.500000000004 0.63702239789196324 0.068404634581105184 0.11324786324786326 1.7198854558615129 0.23570261437908499 1.5000000000000002 0.32282878411910676 10.80909090909091 2.5000000000000004
decision_type=8 2 2 8 2 10 2 10 10 2 2 8 2 8 10 2 2 2 2 2 2 10 2 2 8 10 2 2 8 8
left_child=18 2 3 29 5 7 9 11 14 -6 -10 19 13 22 15 -3 -17 -5 -1 -4 -9 24 -13 -22 26 -26 -14 -12 -11 -2
right_child=1 8 4 17 6 -7 -8 20 10 28 27 12 21 -15 -16 16 -18 -19 -20 -21 23 -23 -24 -25 25 -27 -28 -29 -30 -31
leaf_value=-0.0045733859189494097 0.00083427545564122092 -0.017495411971446349 -0.028091496004378168 -0.017154224046223243 -0.009784309222895915 0.018294683543356852 -0.0074858591941364327 0.0083377546232521194 -0.010825529608686874 -0.0028419494865791206 -0.0026161774268383437 -0.017226391875338636 0.026217116638902978 0.015038349706025496 -0.022208832515580295 0.022698960926705231 -0.0090662385605888088 0.014994845031009689 0.030141857501954198 0.0029404256926600513 0.00012996310981784127 -0.0086507811381698399 -0.0002356419643073805 -0.024928840151343341 0.016785881705916435 -0.0057863963015157326 -0.0063508306883445021 0.022200806633986783 0.034630558109451613 0.030616373420112829
leaf_weight=3.3558101863600305 4.9009348109830233 7.5719495806843069 6.5788147978018952 7.0723304497078043 1.8424682586919576 14.567936714738606 8.213119264924897 4.0284527598414561 11.353836693102496 1.9592495020478988 8.1175308807287383 27.802887935191393 16.681131483288485 10.188712396193294 24.229139265371487 6.7354156174696964 4.2059181870426983 2.339049409609288 9.5393971158191544 6.2225516887847334 8.0550972353667039 8.6056518668774498 26.45893743284978 22.569179457612336 9.7861157362349349 17.655109014827758 2.4055100609548381 9.336295895976944 14.237211780389769 14.698664166964589
leaf_count=38 149 360 166 354 85 220 189 166 389 51 242 624 296 293 1312 250 202 108 131 121 216 308 580 1412 108 297 37 208 289 196
internal_value=0.00137228 0.000152395 0.0025924 0.0151221 0.000529473 -0.00197129 0.0153768 -0.00421909 -0.00756704 0.0251517 0.00316261 -0.000841063 0.00141846 -0.00495425 -0.0143725 -0.00157497 0.0114745 -0.00673381 0.022354 -0.0164182 -0.015391 0.0086606 -0.00966032 -0.0192445 0.0123912 0.00360981 0.0216463 0.0126464 0.0304965 0.0248525
internal_weight=321.314 308.419 236.869 29.011 207.858 181.606 26.252 167.038 71.5501 18.0389 28.8077 132.385 119.584 64.4505 42.7424 18.5133 10.9413 9.41138 12.8952 12.8014 34.6527 55.1335 54.2618 30.6243 46.5279 27.4412 19.0866 17.4538 16.1965 19.5996
internal_count=9397 9228 6265 807 5458 4844 614 4624 2963 425 839 2830 2543 1497 2124 812 452 462 169 287 1794 1046 1204 1628 738 405 333 450 340 345
is_linear=0
shrinkage=0.035


Tree=126
num_leaves=31
num_cat=0
split_feature=96 50 41 54 125 93 116 96 65 44 74 74 74 1 63 55 76 87 120 59 11 99 60 96 109 65 61 27 111 24
split_gain=5.42317 4.2905 5.04882 5.3815 5.27585 4.37397 3.79225 6.53036 8.64513 6.50642 5.14345 4.91112 4.14609 6.10686 3.95304 3.65791 4.06035 3.48576 4.40592 3.77411 3.34041 3.25075 3.2377 3.19667 3.95823 3.87435 2.98213 2.92048 2.91346 2.82223
threshold=3.60952380952381 0.20416666666666669 7.5000000000000009 0.1126984126984127 2.5000000000000004 81870.500000000015 0.36435786435786438 1.1017241379310347 1.720779220779221 0.44353369763205835 10.250000000000002 14.750000000000002 11.250000000000002 8.5000000000000018 0.69920634920634928 0.73746867167919816 0.77542334752383424 14.500000000000002 0.023952954675846246 0.85449735449735453 8.5000000000000018 0.77097902097902116 0.92214439655172431 1.9016129032258067 8204.5000000000018 3.552777777777778 0.94943101905127236 27.500000000000004 0.065503432494279187 21.500000000000004
decision_type=2 2 8 8 2 2 2 2 10 2 10 10 8 2 2 10 10 8 2 2 2 2 2 2 10 10 2 2 2 2
left_child=1 2 6 4 5 27 7 8 -1 10 20 12 13 -9 -11 16 29 -5 19 -19 -8 -13 -10 24 25 28 -25 -4 -12 -6
right_child=-2 -3 3 17 15 -7 9 11 22 14 23 21 -14 -15 -16 -17 -18 18 -20 -21 -22 -23 -24 26 -26 -27 -28 -29 -30 -31
leaf_value=-0.0065230531776701 0.022529726654696606 -0.016678535184077945 0.032785801404548481 0.012478859752440178 -0.025657411697091178 -0.0081951163517926216 -0.013844156536396441 0.018947186473435174 0.00037640654389580543 -0.01142990608186099 0.039941664762468604 0.018567607336255072 -0.021425716302342371 -0.014747029094703948 0.0094637180223886997 0.0089854827597902285 0.010240589099630592 -0.024251583070646895 0.00039233961565476839 0.007280251227797044 0.015556621862766169 -0.0052011402493778343 0.029132256437666166 -0.0068340376998642328 -0.0035719607532116843 -0.0023338381378722665 0.0156279313139371 -0.0031024821452596708 0.0018644900732508506 0.0049251191201550174
leaf_weight=19.599517815280706 9.3040078375488502 11.930418682983143 8.7028440115973336 2.8445894282776854 12.096569812158128 3.5293103046715251 8.4429300494957698 6.869139714632186 6.3627522324677583 20.219144313596189 18.836666854796942 7.9001856378745297 24.665921335574239 9.8147208106238377 15.000827318755908 11.021066311979665 3.9669235516339532 30.666721652960405 17.124697506893426 3.067944607930257 2.5071414476260534 11.935986601281911 16.281002924777567 8.0996385142207146 3.4658026762772343 3.0732109798118463 13.816936763003469 2.4720640443265429 3.309152396162971 2.9033348299562922
leaf_count=760 149 603 186 132 415 137 229 267 188 390 480 262 1103 430 259 149 142 893 412 66 27 527 330 110 96 81 186 110 115 96
internal_value=0.00145681 0.00047841 0.00142731 -0.00490766 0.00386848 0.0180762 0.00458458 -0.00012897 0.00981678 0.00938125 0.0158331 -0.00721846 -0.013575 0.000295781 -0.00246072 -0.00468577 -0.012847 -0.0119185 -0.014278 -0.0208144 -0.00434608 0.00609752 0.0225816 0.0201979 0.0272671 0.031395 0.00759927 0.0263418 0.0356434 -0.0199865
internal_weight=319.831 310.527 298.597 98.3961 44.6921 14.7042 200.201 103.429 42.2433 96.7715 61.5515 61.186 41.3498 16.6839 35.22 29.9879 18.9668 53.704 50.8594 33.7347 10.9501 19.8362 22.6438 50.6014 28.6848 25.219 21.9166 11.1749 22.1458 14.9999
internal_count=9330 9181 8578 2738 1235 433 5840 3867 1278 1973 1324 2589 1800 697 649 802 653 1503 1371 959 256 789 518 1068 772 676 296 296 595 511
is_linear=0
shrinkage=0.035


Tree=127
num_leaves=31
num_cat=0
split_feature=87 86 40 63 45 98 43 106 32 20 44 91 117 24 46 145 77 106 50 0 26 145 65 99 0 116 50 93 98 119
split_gain=6.50113 5.14158 3.856 3.74421 4.59051 4.62178 5.35407 4.52316 4.68426 3.94048 4.45753 3.80824 4.22531 4.4113 3.87056 3.76797 3.7492 3.30339 3.2869 2.99482 2.99474 2.99421 2.8684 2.85925 2.70422 2.6851 2.54676 2.65215 2.49718 2.37725
threshold=1.5000000000000002 303.99371850685986 23.500000000000004 0.39642857142857152 0.075235849056603785 1.4472222222222224 0.36140661938534285 161.55555555555557 4.5000000000000009 2.5000000000000004 0.26975051975051983 3626.2504369875401 0.40967365967365971 7.5000000000000009 0.038218111002921142 0.21154760933055852 1.5000000000000002 2443.0519480519483 0.022857889237199586 128.40510995370374 5.5000000000000009 0.072310937869378741 5.2111111111111121 0.65646853146853157 48.354253472222233 0.82596153846153852 0.17445652173913045 29953.000000000004 0.84731934731934744 3.5641097262822887
decision_type=8 10 2 2 2 2 2 8 2 2 2 10 2 2 2 10 10 10 2 2 2 8 10 2 2 2 2 2 2 8
left_child=2 3 -1 -2 7 6 25 8 22 10 20 14 -13 -14 23 17 18 21 28 -3 -7 -9 -5 -12 -25 -6 27 -23 -17 -18
right_child=1 19 -4 4 5 9 -8 15 -10 -11 11 12 13 -15 -16 16 29 -19 -20 -21 -22 26 -24 24 -26 -27 -28 -29 -30 -31
leaf_value=0.030374322513936375 -0.01047022471409898 -0.021014508069786452 -0.0058166078760329741 -0.015065816941010784 -0.015306861785658049 0.0068826939903915011 0.0078423007017646568 -0.0011546919572620806 0.015830685233095731 -0.011344887053940928 -0.0074899177547067099 -0.0012594526285862296 0.041925415645006181 0.0021879927979878869 -0.011356489974007115 -0.0021346857150114566 -0.015797105049204525 -0.0075052545366500233 -0.00040751739978805415 0.0077634651989740558 -0.013863000044647061 0.0045526423974387338 0.0114300825842595 0.031570114975360136 -0.001109006875302567 0.0077621265212337942 -0.0027495961854296061 0.030598208856478553 0.024849519660122308 0.0087855767505769459
leaf_weight=10.288028839975594 19.856044155312702 13.341906453249978 2.8724663974717251 20.268322269432254 44.094445357332006 13.830081021646039 17.664056469220668 6.2256965124979606 6.656076787505298 10.526942302705718 3.1115042646415558 5.7680854331702021 9.2798616420477611 5.2592248059809199 8.7883697685319913 4.4993572474923011 10.3261912507005 3.1556863985024384 19.793285970808938 2.9719021343626073 10.88525873608887 7.8715079380199304 2.3603163668885818 4.5603715053293836 4.1061270525678992 3.987715207040309 3.1055429191328576 28.570318114478141 13.146905062720178 3.2489883941598245
leaf_count=114 735 1320 54 499 1407 500 379 126 103 513 96 205 221 149 247 66 232 110 446 290 356 108 44 108 127 43 111 490 178 28
internal_value=0.00268635 0.00145911 0.0230485 0.00263284 0.00376481 -0.000604589 -0.00712377 0.00840523 -0.00326779 0.00511847 0.00837724 0.014866 0.024008 0.0317894 0.00290934 0.0118183 0.00447958 0.0183452 0.00990963 -0.0151806 -0.00304946 0.0206909 -0.0107337 0.0137662 0.0213459 -0.0128427 0.0238736 0.0262004 0.019017 -0.00913247
internal_weight=320.421 307.26 13.1605 290.946 271.09 141.862 65.7462 129.228 29.2847 76.1158 65.5889 40.8735 20.3072 14.5391 20.5664 99.9435 51.0147 48.9288 37.4395 16.3138 24.7153 45.7731 22.6286 11.778 8.6665 48.0822 39.5474 36.4418 17.6463 13.5752
internal_count=9405 9237 168 7627 6892 4351 1829 2541 646 2522 2009 1153 575 370 578 1895 950 945 690 1610 856 835 543 331 235 1450 709 598 244 260
is_linear=0
shrinkage=0.035


Tree=128
num_leaves=31
num_cat=0
split_feature=96 98 55 70 119 107 84 0 92 110 106 101 109 79 73 106 42 113 119 118 0 110 110 99 71 61 63 54 74 73
split_gain=5.33384 4.62046 5.02676 6.61446 4.85809 5.14218 6.0446 4.81403 4.88937 3.97297 4.09631 3.97028 5.23087 3.63621 3.43433 3.36427 3.3154 3.29205 3.22988 2.99193 2.84599 2.8063 3.5787 2.67634 2.62861 2.57627 2.53863 2.53729 2.37308 2.33347
threshold=3.5131578947368425 0.84731934731934744 0.82247899159663873 14.627314814814817 0.8144879441188323 1480.9531032170096 665.25000000000011 2.5939004629629632 64735.500000000007 37.250000000000007 167.10000000000002 0.22048611111111113 6047.0000000000009 1.2500000000000002 18.500000000000004 144.44285714285715 7.5000000000000009 0.02062074829931973 0.6635483734958425 0.2678571428571429 42.506122685185197 87.250000000000014 28.250000000000004 0.35634920634920642 1.1040711977693534 0.93969696969696981 0.73123827392120078 0.28991596638655465 13.750000000000002 12.500000000000002
decision_type=2 2 8 10 10 10 8 2 2 10 8 2 10 8 10 10 10 2 8 2 2 10 10 2 8 2 2 8 10 10
left_child=1 18 4 9 15 6 -6 11 16 10 26 27 -13 -11 -10 20 -9 25 -1 -15 28 22 -5 -20 -12 -18 -4 -7 29 -3
right_child=-2 2 3 21 5 7 -8 8 14 13 24 12 -14 19 -16 -17 17 -19 23 -21 -22 -23 -24 -25 -26 -27 -28 -29 -30 -31
leaf_value=0.0079278893626883503 0.021850902169485861 -0.0042701280276616575 -0.015791767213856955 0.0029894183714703607 0.015515813407431942 0.026435320542334478 -0.017682070765017235 -0.015896913065837414 -0.0036572599449726556 0.011254593197047498 -0.0073546236663431632 0.022075324749890227 -0.013543339749522595 0.010346986048778848 0.023582408253462257 0.025031689647261331 0.026783483474128424 -0.0088430721870805997 0.0019490132831340816 -0.014987560056560986 -0.010686628199603442 -0.00080704884442384594 0.031188307050952383 -0.021762550984339615 0.018361868184436261 -0.0047677587603701587 0.0090319732718447138 -0.0050424277872685389 -0.0060311020949904105 0.030198404629655323
leaf_weight=5.1781935598701265 8.9297315645962936 1.8791010235436312 7.7280537998303753 8.9321645025629568 3.8583499554079017 11.624562202487141 44.357379691442475 34.097550520906225 9.5190769466571492 6.9848836013115934 3.0203741891309646 2.4827499254606655 10.745258933864532 3.2036211353261015 5.8357865267898879 6.758767992258071 3.2443270678631988 10.278567894827573 6.6037661626469371 28.810969986720011 8.8061431727837753 6.809335184050723 16.725125288823619 19.923488301225007 24.861437137238681 3.0627051242627203 4.2250681556761265 2.1178310643881568 3.4651185623370111 2.9482772094197571
leaf_count=100 150 57 141 115 91 169 1528 1471 389 231 30 57 326 65 183 101 85 456 113 1207 273 250 386 660 361 136 80 53 72 49
internal_value=0.000665915 -0.00028727 0.00124084 0.0068302 -0.00261762 -0.0051401 -0.0138173 -0.000166414 -0.00523431 0.00100998 0.00828923 0.0111204 -0.00263656 -0.00652226 0.00994524 0.0106176 -0.0103132 0.00218948 -0.0119626 -0.0113972 0.000545533 0.0189419 0.02346 -0.0164868 0.0148813 0.016129 -0.00694137 0.0215332 0.0120065 0.0214351
internal_weight=317.018 308.088 276.383 111.301 165.082 141.224 48.2157 93.0084 66.038 78.8344 39.8349 26.9704 13.228 38.9995 15.3549 23.8574 50.6832 16.5856 31.7054 32.0146 17.0986 32.4666 25.6573 26.5273 27.8818 6.30703 11.9531 13.7424 8.2925 4.82738
internal_count=9385 9235 8362 2866 5496 4944 1619 3325 2720 2115 612 605 383 1503 572 552 2148 677 873 1272 451 751 501 773 391 221 221 222 178 106
is_linear=0
shrinkage=0.035


Tree=129
num_leaves=31
num_cat=0
split_feature=88 83 63 90 100 66 26 50 66 94 63 90 60 110 143 57 57 108 0 50 111 43 57 50 92 59 110 143 38 143
split_gain=5.78884 5.22202 4.46911 4.40769 4.21476 6.77964 7.02883 6.39718 6.21953 5.48727 4.26341 4.10392 3.51087 4.50943 4.3851 3.28103 5.12872 3.38649 3.25674 3.17771 4.83075 3.93991 3.30077 5.20346 3.84057 3.26335 3.09057 3.07814 2.94522 2.83621
threshold=1079.5000000000002 1537.5000000000002 0.39642857142857152 74629.346153846171 0.063164893617021281 0.95430841948384015 8.5000000000000018 0.079595736122284808 2.0343637680652829 76947.250000000015 0.67327315541601263 14201.355769230771 0.75500000000000012 61.750000000000007 0.057037911583366137 0.74456521739130443 0.33854166666666669 47.500000000000007 125.93443865740743 0.022857889237199586 0.030536130536130541 0.44948979591836741 0.22902097902097904 0.072949002217294903 42499.500000000007 0.79193722943722955 81.250000000000014 0.071469271469271484 6.5000000000000009 0.093264374514374526
decision_type=10 10 2 2 2 10 2 2 10 2 2 2 2 10 10 10 8 10 2 2 2 2 10 2 2 2 8 8 2 10
left_child=1 2 -1 -3 8 6 -6 26 9 11 28 -4 13 -13 -14 16 -11 18 -18 20 -7 22 23 -21 -25 -24 -8 -16 29 -10
right_child=-2 3 4 -5 5 19 7 -9 10 15 -12 12 14 -15 27 -17 17 -19 -20 21 -22 -23 25 24 -26 -27 -28 -29 -30 -31
leaf_value=-0.012737004166848932 0.022212950257648936 -0.023846287293640314 0.01312390590829004 0.0073620265461359921 -0.0051483519202999003 -0.007292699578311395 0.034537237502729481 -0.0092792266069093524 0.024313399718157051 -0.007269471013834977 -0.0094198859837089973 0.027940453207256889 -0.013491728649196127 -0.011102705588420777 0.024234921100025227 -0.0055170897566106381 0.044047481578083199 -0.0042953634011887462 -0.0017300334151706346 -0.016185936224577903 0.017882190545842992 0.011803172258322824 -0.024389084672429076 0.030450558177244888 -0.0076336204432676229 0.0045227498751406392 -0.0036547504117546009 -0.0044295034246569177 -0.0016820453736649528 -0.0039670910696749306
leaf_weight=20.099332877900451 10.33611064776778 13.707372897537427 10.904051105491815 5.135729858884587 20.195268664974719 24.467488010413945 13.767870333511382 4.1225310773588708 38.031273688189685 3.5199603801593193 4.4953904277645043 3.0643301522359243 50.157918074168265 2.8674649717286229 2.7575154514051947 4.7080502556636921 7.1243180246092361 1.7252215752378113 1.823308430612087 6.8327993941493315 8.6771446703933162 3.5981968794949344 29.474828520324081 3.1207571439445019 2.7158700842410326 3.9152253605425349 1.974485139828176 8.2444106638431549 6.8100391859188667 3.4024273632094255
leaf_count=664 67 2116 222 515 497 397 206 147 486 100 100 75 1480 123 54 159 158 46 49 226 132 61 674 88 106 92 68 251 61 47
internal_value=0.00121999 0.000183302 0.00144318 -0.0155803 0.00269975 -0.00206573 0.00906202 0.021639 0.00655286 0.00107671 0.0156496 -0.00323083 -0.00661475 0.0126211 -0.00929324 0.0158094 0.0224781 0.0314783 0.037443 -0.00765886 0.000778085 -0.0128462 -0.0157391 -0.000177899 0.0173838 -0.0208514 0.0300207 0.00808257 0.0186508 0.021814
internal_weight=321.777 311.441 292.597 18.8431 272.498 122.862 40.0602 19.8649 149.636 96.8965 52.7391 77.9957 67.0916 5.9318 61.1598 18.9009 14.1928 10.6728 8.94763 82.8023 33.1446 49.6577 46.0595 12.6694 5.83663 33.3901 15.7424 11.0019 48.2437 41.4337
internal_count=9467 9400 6769 2631 6105 2694 918 421 3411 2717 694 2205 1983 198 1785 512 353 253 207 1776 529 1247 1186 420 194 766 274 305 594 533
is_linear=0
shrinkage=0.035


Tree=130
num_leaves=31
num_cat=0
split_feature=10 11 66 96 98 110 68 50 59 125 93 95 14 120 57 44 110 110 29 65 113 27 114 11 91 32 108 72 117 76
split_gain=6.12182 5.9425 3.77329 5.55324 4.85128 5.19522 5.01049 4.47971 4.70758 5.51154 4.28321 4.22339 4.09161 3.5914 4.53665 3.67097 3.4958 3.45821 3.36564 3.26059 3.21998 3.02066 2.95011 2.80709 2.70838 2.66694 3.05242 2.53799 2.40324 2.39104
threshold=3.5000000000000004 2.5000000000000004 4.2259120153140755 1.1129326047358836 1.320714285714286 86.250000000000014 6.5000000000000009 0.095564253098499682 0.66331582137805623 1.5000000000000002 83188.500000000015 31993.500000000004 3.5000000000000004 0.020942982456140354 0.42462121212121218 0.50225225225225234 58.250000000000007 37.250000000000007 4.5000000000000009 1.2928571428571431 0.013986697965571207 19.500000000000004 0.19770114942528741 4.5000000000000009 7787.2331111356025 3.5000000000000004 31.500000000000004 11.500000000000002 0.41277890466531447 0.78592999857595935
decision_type=2 2 8 2 2 10 10 2 2 2 2 2 2 2 10 2 10 10 2 10 2 2 2 2 10 2 10 10 2 10
left_child=1 25 3 19 11 6 7 8 9 -6 22 13 -11 15 21 20 -4 -13 -17 -3 -5 -15 -10 -2 -21 -1 -27 28 -9 -8
right_child=23 2 16 4 5 -7 29 27 10 12 -12 17 -14 14 -16 18 -18 -19 -20 24 -22 -23 -24 -25 -26 26 -28 -29 -30 -31
leaf_value=-0.011452626896901633 0.008514234417703017 -0.0078744044280566281 0.019069718820883607 -0.0075975862044469992 -0.014984244003923827 -0.013584670548246223 -0.0096861147211745185 0.012371963952333942 0.036393319069101294 0.028263437018473541 -0.0056984189751724907 0.025039241359895416 -0.0047109525203248197 -0.017134764721683009 0.016171745543273695 -0.010899975060459314 -0.00018189940113588434 -0.0082154118122131636 0.014517287304460695 0.025526769109099737 -0.027968222785524435 0.0080028192839249716 -0.003046031689943272 -0.020521413448881337 -0.0071544206308925863 -0.0075422795723581564 0.02317069063545418 0.013045286321108445 -0.015935889823014034 0.011205233016552574
leaf_weight=36.542213996639475 2.1885722456499961 2.7050442313775447 35.736114809755236 31.840826375409961 6.400342439068484 9.0196487039793265 17.056192098418254 0.88102145120501418 19.969636990688748 6.9587712842039746 2.45201446651481 5.4055151361972076 5.4881546141114086 9.9866729837376642 12.317678179126231 7.4280928864609441 15.998426608974112 3.0074477130547166 8.3252200558781606 18.656481103273112 13.329998690402133 5.8182350746355942 1.7519145761616517 14.629416982876135 1.4063746877945948 4.7916764705441883 2.3601575614884496 4.3627536320127538 9.2196537442505342 4.9355659615248433
leaf_count=1928 155 98 540 682 183 511 339 57 351 172 71 46 139 203 205 139 520 129 158 399 263 116 36 1069 72 232 56 112 358 89
internal_value=0.0023275 0.00355913 0.00557298 0.00330514 0.00109459 0.00683448 0.00981872 0.0149118 0.0200633 0.00493814 0.0289885 -0.00419654 0.0165408 -0.00664285 0.00331618 -0.0111428 0.013625 0.0145204 0.00279378 0.0179116 -0.0157972 -0.00818157 0.0332376 -0.0156576 0.0222656 -0.00778492 0.00795669 -0.00162886 -0.0101878 -0.00379036
internal_weight=320.97 304.152 260.458 208.723 185.955 88.4957 79.476 57.4843 43.0208 18.8473 24.1736 97.4597 12.4469 89.0467 28.1226 60.9241 51.7345 8.41296 15.7533 22.7679 45.1708 15.8049 21.7216 16.818 20.0629 43.694 7.15183 14.4634 10.1007 21.9918
internal_count=9428 8204 5988 4928 4359 2418 1907 1479 952 494 458 1941 311 1766 524 1242 1060 175 297 569 945 319 387 1224 471 2216 288 527 415 428
is_linear=0
shrinkage=0.035


Tree=131
num_leaves=31
num_cat=0
split_feature=88 86 69 63 112 94 47 145 20 59 117 66 123 110 110 47 27 117 75 106 109 32 62 98 145 145 51 76 38 62
split_gain=6.69991 6.42694 4.37346 4.66572 3.99838 5.17907 4.87036 4.39247 4.13486 4.04047 3.78649 4.8525 6.32918 3.10481 3.09565 3.06312 2.92298 2.84849 2.77161 2.66243 2.57217 2.56422 5.96259 3.52342 3.227 3.87558 2.8307 2.8226 2.5682 2.93318
threshold=1079.5000000000002 287.39754870672448 3.2500000000000004 0.63967213114754118 0.015686515748031499 82061.500000000015 0.079156223893066008 0.2536624966472919 1.5000000000000002 0.76043478260869579 0.39339826839826847 1.6169038511071376 1.0000000180025095e-35 21.750000000000004 191.25000000000003 0.040956108470785575 19.500000000000004 0.83827375762859646 1.9897959183673473 1345.306220095694 7092.5000000000009 1.5000000000000002 0.36323411102172171 1.3585714285714288 0.33134577889666511 0.4339473105233338 0.041451890034364267 0.50508743797847233 1.5000000000000002 0.46556784827274783
decision_type=10 10 10 2 2 2 2 8 2 2 2 10 2 10 10 2 2 2 10 10 10 2 2 2 10 10 2 10 2 2
left_child=1 2 4 15 7 6 16 8 10 -8 14 12 13 -12 -1 -4 -6 -3 -13 -16 -5 24 23 -23 28 27 -25 -26 29 -9
right_child=-2 17 3 20 5 -7 9 21 -10 -11 11 18 -14 -15 19 -17 -18 -19 -20 -21 -22 22 -24 26 25 -27 -28 -29 -30 -31
leaf_value=-0.015874688991813435 0.024488533892093753 -0.022324838326284718 0.021439541094755082 -0.011053328503466032 -0.018488746102111105 0.017422376625217631 -0.0081006284646762284 -0.018162625000802183 -0.008819002286299225 0.023280071954268761 0.00045472777177370992 0.015295163861787061 -0.00023410609329475082 0.042562030373277965 0.020325254387832396 -0.0045230939088337129 -0.0014374938731893249 0.0050545833006005276 -0.0083317223888878019 -0.0083013758394782904 0.010916887336655759 -0.0023445063120058076 -0.016539659299353023 0.02915927709225238 -0.0057169253327966889 -0.011088222839825681 -0.0053714917659276971 0.018947370040818486 0.0065537466763671568 0.0055706182994898195
leaf_weight=5.6300721534062159 8.8207447007298452 16.78223301819526 26.409032369498167 12.853362590540202 41.97968957060948 4.8750529591925433 6.478555608307941 31.838988125789911 9.3630803241394442 4.832904395647347 2.5711987223476198 5.3501063957810393 7.5402121411170802 12.386826332192866 4.478588261641562 4.8909954610280684 17.905023328494281 3.8770720055326811 9.8722619041800481 3.2147155434358865 5.5538126400206229 8.6920030298642867 6.0100531382486215 10.271134980954228 5.616568291326991 10.247470308328046 1.8876107791438688 12.546794108115135 5.5071764367166898 5.3026493741199365
leaf_count=291 59 1856 393 207 1371 110 189 1120 292 81 40 76 189 275 51 80 327 190 176 88 90 228 194 250 115 319 65 289 174 216
internal_value=0.000652714 -0.000421301 0.00107542 0.00999015 -0.000984226 -0.00732131 -0.0100477 0.00219145 0.00923394 0.00833323 0.0130368 0.0181393 0.0269299 0.0372513 -0.00241701 0.0173184 -0.0138942 -0.0172029 0.00170084 0.00980527 -0.00350851 -0.00239059 0.00609197 0.0145527 -0.00578671 0.00307398 0.0237954 0.0117328 -0.0113925 -0.0145153
internal_weight=313.586 304.765 284.106 49.7072 234.399 76.0712 71.1962 158.328 60.4071 11.3115 51.044 37.7206 22.4982 14.958 13.3234 31.3 59.8847 20.6593 15.2224 7.6933 18.4072 97.9204 26.8608 20.8507 71.0596 28.4108 12.1587 18.1634 42.6488 37.1416
internal_count=9401 9342 7296 770 6526 2078 1968 4448 1478 270 1186 756 504 315 430 473 1698 2046 252 139 297 2970 737 543 2233 723 315 404 1510 1336
is_linear=0
shrinkage=0.035


Tree=132
num_leaves=31
num_cat=0
split_feature=10 11 119 106 117 60 11 113 109 97 91 0 111 71 34 122 98 75 91 119 71 95 43 55 41 86 89 115 143 11
split_gain=5.10142 3.93957 4.82411 5.64179 6.51172 5.26882 7.53422 4.14826 3.94556 4.69265 4.59556 5.71562 3.90333 3.69386 3.42862 3.40618 3.22332 3.14705 3.1181 3.48109 3.00285 2.96564 2.84262 2.74868 2.67597 2.63066 2.54713 2.4918 2.48879 2.44628
threshold=3.5000000000000004 9.5000000000000018 0.77303240518350214 422.30952380952385 0.66018867924528313 0.92214439655172431 4.5000000000000009 0.015504807692307694 255.50000000000003 1.5253991221971623 120.65610275081001 110.88914351851854 0.040270270270270282 5.4060146738192518 5.5000000000000009 14.500000000000002 1.890873015873016 2.7434210526315792 5950.6914959484229 2.4883507064641059 2.3830193894898124 6174.5000000000009 0.46720430107526884 0.55409356725146208 8.5000000000000018 266.7153320362932 440.50000000000006 0.054299754299754303 0.099857549857549868 4.5000000000000009
decision_type=2 2 10 10 2 2 2 2 10 2 10 2 2 10 2 2 2 10 10 10 8 2 2 10 10 8 10 2 10 2
left_child=1 2 8 13 5 17 -7 27 10 -10 11 26 15 -4 20 16 -9 25 19 23 21 -6 24 -8 -22 -5 -1 -3 -29 -2
right_child=29 7 3 4 14 6 18 12 9 -11 -12 -13 -14 -15 -16 -17 -18 -19 -20 -21 22 -23 -24 -25 -26 -27 -28 28 -30 -31
leaf_value=0.021328294899294848 0.0078134885461247257 0.0023528529724250154 -0.015655881166533901 0.0068119850921550045 0.017166492970730085 -0.011446199402858874 -0.0029755744751553512 -0.012050700291498045 -0.010558396643462409 0.028255747589469703 -0.013528020008128406 -0.014782780077392267 0.016510807350224522 0.0078023374044333431 -0.011512659944299484 0.015511731691594432 0.014391155582997627 0.0090074477372418093 -0.0023314721227996713 -0.0024575570296828785 0.026026972784487248 -0.0098955885477632136 -0.0059778765912643292 0.034735203282653691 -0.0005302471261957359 -0.022369881537029981 -0.0055112249338782364 0.027630839353904316 -0.003586385025479795 -0.019049436689507395
leaf_weight=18.336631586775191 2.2994055312592563 10.182256817119198 41.83018695213832 2.0687291908543619 2.5200574779883018 20.814061891520396 1.9428088262211591 28.769268404459584 2.0388625687919548 13.108930649468673 10.779061679961158 5.0472253896296015 11.338875348446889 6.7795566371642044 3.6823246078565708 4.4194823321886352 2.4151107978541395 2.7125745895318678 8.3287134449928981 4.6911001929547629 23.986524231731895 9.612169527448712 3.0329057725612065 9.4624012662097794 5.3008556016720823 23.159656462259591 3.1465283483266822 18.578219765098769 2.3824100878555319 14.985086028464137
leaf_count=460 155 196 1346 119 35 1063 81 467 79 142 361 203 205 161 67 66 50 93 299 152 329 147 73 239 95 1216 144 248 31 1094
internal_value=0.00168605 0.00284104 0.000402256 -0.00249676 0.00161909 -0.00487304 0.00261412 0.00934434 0.0091931 0.0217077 0.00214722 0.00965124 0.00222647 -0.0119616 0.0110189 -0.00379567 -0.00829726 -0.0155522 0.0145048 0.0217042 0.0138607 -0.000904903 0.018782 0.0293624 0.0218439 -0.019246 0.0170989 0.0182811 0.0240753 -0.0145245
internal_weight=317.752 300.467 222.382 169.925 121.315 73.18 45.2391 78.0856 52.4572 15.1478 37.3094 26.5304 46.9427 48.6097 48.1348 35.6039 31.1844 27.941 24.425 16.0963 44.4525 12.1322 32.3203 11.4052 29.2874 25.2284 21.4832 31.1429 20.9606 17.2845
internal_count=9416 8167 6904 5515 4008 3262 1834 1263 1389 221 1168 807 788 1507 746 583 517 1428 771 472 679 182 497 320 424 1335 604 475 279 1249
is_linear=0
shrinkage=0.035


Tree=133
num_leaves=31
num_cat=0
split_feature=87 86 55 63 98 117 117 117 44 26 145 120 106 109 99 0 110 145 110 143 75 56 104 97 0 109 91 119 98 107
split_gain=4.32787 4.39481 4.24199 4.72502 3.64246 4.50302 7.61712 4.32667 4.30069 4.53435 4.62678 4.14148 4.9167 4.13901 4.08517 3.36919 3.24938 3.1478 3.09796 3.01315 2.95093 2.83549 3.95326 3.40382 2.82359 2.81466 2.78866 2.69278 3.31513 2.60117
threshold=1.5000000000000002 303.99371850685986 0.56736587333602262 0.39642857142857152 1.589572192513369 0.21498599439775914 0.70320320320320329 0.77849927849927869 0.26975051975051983 2.5000000000000004 0.28748712076900379 0.029198635976129584 2024.5312500000002 6411.5000000000009 0.56594202898550738 128.40510995370374 28.250000000000004 0.46956617597579814 1098.5000000000002 0.060583860583860595 2.145502645502646 0.28669275929549903 1.0000000180025095e-35 4.1403711993729244 0.82528356481481502 344.50000000000006 3802.3330066555568 0.5699973352604083 1.2679487179487181 1817.8094299498894
decision_type=8 10 8 2 2 2 2 2 2 2 10 2 10 10 2 2 10 10 10 10 8 10 2 2 2 10 10 8 2 10
left_child=-1 2 21 -4 5 18 11 -8 9 10 -6 12 -7 19 -10 -3 -11 -16 25 27 -13 23 -23 -2 -15 -5 -26 -9 -29 -27
right_child=1 15 3 4 8 6 7 13 14 16 -12 20 -14 24 17 -17 -18 -19 -20 -21 -22 22 -24 -25 26 29 -28 28 -30 -31
leaf_value=0.01914972134064943 0.014874042559118462 -0.020930480830290619 -0.011231054985445296 -0.00075407163485151883 0.025181308081113397 -0.019012775242394649 0.020042092426070104 0.0094198571459608652 -0.002351709379968368 0.0088989921647359468 -0.010748233632037212 0.01606322228368744 0.014477230211688083 -0.0070495900711619952 0.030203407544229195 0.0089119007150699307 -0.018481549508035957 -0.0050331816654026586 -0.009903173060089622 0.010638283124912851 -0.012369902902649667 0.0019620396377587296 -0.019593123350109168 -0.0072647738237129993 -0.005383306195655883 0.034380385465430714 0.019797546308218252 -0.019493918305629739 0.0040573407648634976 0.002263264030128059
leaf_weight=13.173162656370549 11.049619058612736 12.362654466414822 16.312372173881158 5.6155939097516301 8.5907415447291005 34.025496120098978 17.307712216395885 4.174404574558138 6.3579612644389298 4.5802943203598252 3.1226324511226258 7.517941161990163 2.5061315244529387 5.7279035216197398 22.295495739905167 3.1416481682099393 9.7429082836024445 2.0374106375966212 1.8603612887673069 7.4830582616850725 2.548036211170257 16.279093896271661 20.361647484125569 13.59344553388655 4.4693772094324258 9.2786079414654505 21.476678193546832 20.641006489750001 8.1507774665951711 4.894783552736043
leaf_count=176 301 1328 589 201 258 1408 246 55 173 57 111 266 89 59 462 290 378 49 77 79 104 593 931 368 44 109 188 257 70 124
internal_value=0.00253447 0.00152769 0.00258674 0.00475052 0.00619467 0.00325272 0.000650868 0.00653807 0.0134462 0.00218168 0.015253 -0.0101866 -0.015249 0.00220819 0.021358 -0.0141849 -0.00968871 0.026898 0.0164114 -0.00500045 0.00714922 -0.00530322 -0.0109307 0.00349645 0.0108406 0.0203838 0.015291 -0.00948383 -0.0132129 0.0267714
internal_weight=320.679 307.506 292.001 230.718 214.405 157.678 136.029 89.4309 56.7274 26.0366 11.7134 46.5976 36.5316 72.1232 30.6909 15.5043 14.3232 24.3329 21.6493 40.4492 10.066 61.2838 36.6407 24.6431 31.674 19.789 25.9461 32.9662 28.7918 14.1734
internal_count=9440 9264 7646 5453 4864 3376 2865 998 1488 804 369 1867 1497 752 684 1618 435 511 511 461 370 2193 1524 669 291 434 232 382 327 233
is_linear=0
shrinkage=0.035


Tree=134
num_leaves=31
num_cat=0
split_feature=87 86 14 109 88 45 59 65 90 126 95 117 18 0 10 44 71 93 117 110 98 50 75 95 109 118 109 60 110 85
split_gain=5.55662 6.013 4.20499 4.10486 3.89908 4.1598 6.29559 4.84312 3.86962 3.20559 4.94507 3.47347 3.98632 3.26783 4.35172 3.12179 2.96658 2.90716 2.96832 2.88017 2.69387 3.30084 2.55808 2.51511 3.40179 2.49929 2.59488 2.46642 2.36946 2.35357
threshold=1.5000000000000002 303.99371850685986 9.5000000000000018 7364.5000000000009 932.50000000000011 0.067231638418079109 0.68377192982456159 4.3887362637362655 24730.904761904767 1.0000000180025095e-35 11292.500000000002 0.46076923076923088 1.0000000180025095e-35 19.949218750000004 1.5000000000000002 0.37965517241379315 4.1571319204407384 83904.500000000015 0.10357142857142858 27.250000000000004 1.134848484848485 0.052177858439201454 1.890873015873016 574.50000000000011 58.500000000000007 0.68237250554323736 2640.0000000000005 0.84877072612921689 22.750000000000004 772.43750000000011
decision_type=8 10 2 8 10 2 2 8 2 2 2 2 2 2 2 2 8 2 2 10 2 2 8 2 10 2 8 2 10 10
left_child=3 2 4 -1 5 6 7 8 16 10 13 -12 -13 15 27 -7 -2 18 -11 28 25 -22 -16 24 -8 26 -10 -15 -20 -6
right_child=1 -3 -4 -5 29 9 23 -9 20 17 11 12 -14 14 22 -17 -18 -19 19 -21 21 -23 -24 -25 -26 -27 -28 -29 -30 -31
leaf_value=0.030564818632326192 0.016339846495853384 -0.017899865699873549 0.021359690673316022 -0.004684931669685471 0.01988663296704837 0.013361555434928195 0.012554135564048951 0.016043250548520158 0.017622777767045933 0.007996584304837507 -0.0064349538046178031 0.022884471968634107 -0.0047703220985010515 0.018688790327724674 -0.0013805090079937554 -0.010222591217175062 -0.0092342880665695921 0.0069997193443546244 -0.010499420880907294 -0.021887062851236035 0.010081530723584545 -0.013649860442665598 -0.026871135321432284 0.017367410201715935 -0.013605650068318821 -0.022469206030208841 -0.011772142591823569 -0.0065869143427790058 0.011056625824794867 -0.0058909580976668624
leaf_weight=8.3147095642052555 9.4180152521003002 15.23749982845038 7.9198391251265994 4.1183832027018079 14.189177126856523 11.914482409134509 7.9631550675258023 9.2595757003873569 1.8271784558892274 4.2703625094145528 8.9761421217117441 17.864185664337132 6.7785579026676706 3.1088673193007725 7.1658638785593238 6.985373497940599 4.9587046511005619 7.1119872378185383 12.308485775487499 28.235695136012509 10.775267641292887 8.1963267566170526 14.439553568372501 37.20799573441036 6.4862915149424225 20.177982475608587 3.0935862206388265 7.1278464824426919 4.9953656417783341 3.134048970649018
leaf_count=105 152 1600 119 60 794 255 177 128 41 62 377 402 161 101 237 131 103 202 134 1141 199 278 551 637 171 489 163 244 81 109
internal_value=0.00167984 0.000558222 0.00183277 0.0208937 0.00090883 -0.000288048 0.00442346 -0.00260481 -0.00659064 -0.00428375 0.000146547 0.00976495 0.0157559 -0.00653037 -0.0126892 0.00432983 0.00741233 -0.0103313 -0.0132187 -0.0158024 -0.0114485 -0.000879757 -0.020265 0.0130522 0.000332284 -0.017964 0.00252349 0.0047031 -0.0031929 0.0149481
internal_weight=313.561 301.127 285.89 12.4331 277.97 260.647 119.364 67.7066 58.4471 141.283 84.3609 33.6189 24.6427 50.742 31.8421 18.8999 14.3767 56.9219 49.8099 45.5395 44.0703 18.9716 21.6054 51.6574 14.4494 25.0987 4.92076 10.2367 17.3039 17.3232
internal_count=9404 9239 7639 165 7520 6617 2538 1553 1425 4079 2459 940 563 1519 1133 386 255 1620 1418 1356 1170 477 788 985 348 693 204 345 215 903
is_linear=0
shrinkage=0.035


Tree=135
num_leaves=31
num_cat=0
split_feature=87 83 58 54 23 116 116 63 20 14 110 123 145 1 9 63 118 94 55 92 13 64 98 112 1 54 75 76 0 99
split_gain=4.16349 6.76539 3.85505 3.66527 5.2623 3.76611 3.7559 3.74141 3.91534 6.31604 5.29543 4.60856 4.2842 5.28945 4.45261 3.57609 3.40015 3.04269 3.02248 2.99742 2.99226 2.9771 2.8979 2.77862 2.71552 2.69144 2.45884 2.41556 2.37862 2.37557
threshold=1.5000000000000002 1321.5000000000002 0.85416666666666685 0.096006144393241177 1.5000000000000002 0.76230831315577086 0.37377450980392163 0.39642857142857152 1.5000000000000002 3.5000000000000004 1098.5000000000002 1.0000000180025095e-35 0.2536624966472919 10.500000000000002 3.5000000000000004 0.46690997566909981 0.63818181818181829 27420.750000000004 0.37198879551820735 68338.500000000015 2.5000000000000004 0.95932156646442368 1.2182539682539686 0.10275263951734541 10.500000000000002 0.17752100840336138 2.2037735849056612 0.50072992856063969 148.07754050925931 0.46291208791208799
decision_type=8 10 2 8 2 2 2 2 2 2 8 2 10 2 2 2 2 2 10 2 2 2 2 2 2 10 8 10 2 2
left_child=17 2 21 6 7 16 -4 29 9 10 11 12 13 14 -9 27 -6 -1 -8 -3 -21 -2 -16 28 -14 -10 -17 -11 -15 -5
right_child=1 19 3 4 5 -7 18 8 25 15 -12 -13 24 23 22 26 -18 -19 -20 20 -22 -23 -24 -25 -26 -27 -28 -29 -30 -31
leaf_value=-0.0055302458988442877 -0.017338244979473932 -0.02267984953230915 -0.0071162686071653417 0.011139299675722992 0.011437674958305241 0.010375368814256686 -0.0088744425998279752 -0.0076155219548717408 0.0075119560133445791 -0.0067701548166877326 -0.010467700953322811 -0.00072826673472992261 0.013856792804247705 0.038923588230938382 -0.0028174143892052213 -0.020837312650622612 -0.010375461792587942 0.025327507161318111 0.022587739646370834 -0.012660616389830079 0.016974984778967046 0.0099079036728417502 0.027240193653355466 -0.00040065244825424534 -0.0081906556970951679 -0.016066356294938626 0.0048247949788649295 0.022632073180712073 0.001284052064097288 -0.014203476185026201
leaf_weight=3.2548562618903807 14.836178084835412 15.607758449157702 5.6746789026074138 1.9816177338361729 5.7933603818528345 12.03442584723234 1.6354242218658352 9.3209441960789281 6.2276061233133069 2.9770648553967503 6.8168959501199415 16.007878933567554 9.0791335264220852 24.619757461361594 4.2959636636078349 10.793018112890419 67.169594476930797 9.4712815172970277 22.550127699039876 3.6378494170494369 3.1680448963306844 2.9263859605416647 8.7196859493851644 2.6562357367947689 8.7402961486950499 9.3274511918425542 4.1854007011279473 2.7308344347402453 2.5846322621218851 12.86601279908791
leaf_count=37 234 2168 205 39 154 110 89 303 118 31 287 386 175 440 86 130 1918 130 362 349 292 39 118 70 212 276 50 36 67 499
internal_value=0.00161734 0.000629434 0.00223553 0.00339214 0.00174139 -0.00498463 0.0139829 0.0057474 0.00769638 0.00993692 0.0137121 0.0160979 0.019737 0.0244427 0.00872365 -0.00637723 -0.00802101 0.0181015 0.0193044 -0.0159807 0.00248113 -0.0116591 0.0192908 0.0332633 0.00361751 -0.00709551 -0.0142537 0.0112962 0.0361021 -0.00886701
internal_weight=311.69 298.964 276.551 258.788 228.928 84.9974 29.8602 143.93 129.083 113.528 92.8414 86.0245 70.0166 52.1972 22.3366 20.6863 72.963 12.7261 24.1856 22.4137 6.80589 17.7626 13.0156 29.8606 17.8194 15.5551 14.9784 5.7079 27.2044 14.8476
internal_count=9410 9243 6434 6161 5505 2182 656 3323 2785 2391 2144 1857 1471 1084 507 247 2072 167 451 2809 641 273 204 577 387 394 180 67 507 538
is_linear=0
shrinkage=0.035


Tree=136
num_leaves=31
num_cat=0
split_feature=0 92 106 94 50 65 110 0 48 2 113 124 98 77 70 94 50 110 4 48 9 55 29 63 118 82 18 76 60 55
split_gain=3.91765 5.17468 5.25735 4.56891 4.47512 3.61708 3.55828 4.70084 3.31802 3.85539 3.94416 3.25033 4.11321 3.24501 3.88705 3.76763 3.14709 3.77864 3.10444 2.94101 3.64987 2.91117 2.88418 2.91053 3.28127 2.85921 2.7873 2.67363 2.48339 2.44293
threshold=2.7513599537037039 68338.500000000015 286.24807987711216 83947.000000000015 0.030457637600494747 2.9354166666666672 22.750000000000004 121.37158564814816 0.060120481927710849 1.0000000180025095e-35 0.050316455696202543 1.0000000180025095e-35 0.82843137254901966 1.5000000000000002 9.2613636363636385 24400.000000000004 0.081799933087989302 88.250000000000014 4.5000000000000009 0.019049346879535561 14.500000000000002 0.56736587333602262 27.500000000000004 0.77664399092970526 0.40833333333333338 1.0000000180025095e-35 1.0000000180025095e-35 0.51697347450054421 0.92511682242990667 0.60826939471440766
decision_type=2 2 8 2 2 10 8 2 2 2 2 2 2 10 8 2 2 10 2 2 2 8 2 2 2 8 2 8 2 10
left_child=4 5 -3 11 13 8 26 22 9 10 -2 12 -4 14 -1 18 17 27 -15 20 29 -16 23 24 -8 -11 -7 -14 -10 -6
right_child=1 2 3 -5 19 6 7 -9 28 25 -12 -13 16 15 21 -17 -18 -19 -20 -21 -22 -23 -24 -25 -26 -27 -28 -29 -30 -31
leaf_value=-0.0088218214775788381 0.015797514253613948 -0.0050935202628420622 -0.009351658896122916 -0.011767581338408301 0.010752640565372323 0.019986181780191351 0.010434871456574983 0.014020645239855278 -0.009151536206233395 0.0083700320365583513 -0.015478738448719524 -0.004868827805821924 0.0082234692350079287 0.027171835974651594 -0.001016627769134533 -0.0055164841290129864 0.003162980406458891 0.0011208077800222407 -0.0061687187238465462 -0.014467192957413491 0.020135671934503604 0.025996719717776139 0.0091984407463431839 0.0081491384235634432 -0.021070354176659548 -0.015413198406288773 -0.0068825512138517972 0.050074407589237355 0.015207912772539609 -0.0094420217473132097
leaf_weight=3.0196740478277198 8.9633459376636875 20.826831821817905 1.7064492106437779 3.1085308988112947 6.0693670150358292 13.109116625040771 1.6583166480995775 9.631923411972819 4.2340525563340625 3.674125242047011 2.96006782259792 3.7728700118605039 4.8631077955942645 5.3045557362493145 5.3144857625011346 20.278855200158432 6.1667833214160046 3.7982422248460344 2.8019840973429382 10.598731236765159 6.5053448444232336 27.691135072149336 4.843099672580137 3.5286355600692323 22.84674781630747 68.614310423145071 3.589143037563189 8.1681326066609472 8.0760004248004389 17.827085762284696
leaf_count=58 392 707 89 128 165 153 19 260 208 31 153 121 128 70 101 419 272 181 35 261 122 369 131 65 658 3267 63 200 233 386
internal_value=0.00164575 -0.00115547 0.00789535 0.0159859 0.00697875 -0.0043524 0.00234781 -0.00320091 -0.00837555 -0.0108131 0.00575382 0.0203207 0.0243399 0.0124051 0.0187355 0.00276813 0.0280636 0.0343735 0.0176908 -0.00196761 0.00381786 0.0220856 -0.0094311 -0.0135547 -0.0175313 -0.0137411 0.0139558 0.0410674 0.00660616 -0.00333982
internal_weight=313.551 208.14 52.4109 31.5841 105.411 155.729 59.207 42.5087 96.5219 84.2118 11.9234 28.4756 24.7027 64.4107 36.0253 28.3854 22.9963 16.8295 8.10654 41.0005 30.4018 33.0056 32.8768 28.0337 24.5051 72.2884 16.6983 13.0312 12.3101 23.8965
internal_count=9445 7459 1826 1119 1986 5633 1349 1133 4284 3843 545 991 870 1052 528 524 781 509 105 934 673 470 873 742 677 3298 216 328 441 551
is_linear=0
shrinkage=0.035


Tree=137
num_leaves=31
num_cat=0
split_feature=87 49 0 66 14 27 106 106 104 91 2 65 83 76 71 143 1 82 110 29 119 93 99 92 117 56 46 98 69 48
split_gain=5.09441 4.48544 3.30164 4.3593 3.24749 3.86326 3.12477 3.25683 2.89009 7.5677 6.34214 5.32854 4.69906 4.01951 3.60595 3.29841 3.32435 3.14021 2.67141 3.80765 4.34723 4.29605 2.97414 2.86571 2.7574 2.65796 2.57358 2.43559 2.29424 2.27858
threshold=1.5000000000000002 0.062019230769230778 1.0201388888888892 4.2442768773691428 3.5000000000000004 4.5000000000000009 1098.9166666666667 234.10714285714289 0.084219858156028379 3873.295274851906 4.5000000000000009 2.5857843137254908 813.50000000000011 0.6324555320336761 4.4177667557775928 0.18179897026050876 1.0000000180025095e-35 1.0000000180025095e-35 59.250000000000007 5.5000000000000009 2.4786859031110993 53260.500000000007 0.84807692307692317 40034.000000000007 0.11324786324786326 0.14379699248120303 0.11043360433604336 1.1644144144144146 1.7500000000000002 0.02790758047767394
decision_type=8 2 2 10 2 2 8 10 2 8 2 8 10 8 10 10 2 8 8 2 8 2 2 2 2 10 2 2 10 2
left_child=-1 2 4 8 6 -6 7 28 9 10 17 -11 15 -12 25 16 -10 -4 19 20 21 -18 26 -22 -20 -13 -21 -3 -2 -23
right_child=1 27 3 -5 5 -7 -8 -9 12 11 13 14 -14 -15 -16 -17 18 -19 24 22 23 29 -24 -25 -26 -27 -28 -29 -30 -31
leaf_value=0.019851164752010587 0.012074429840748134 -0.0078376938243050025 0.015460203329682837 0.014411759726862022 -0.015178036720964695 0.0084614346873241666 -0.003660285697325487 0.026356394530889785 0.015252721819956348 -0.0043400003883870171 -0.0048955646214392055 -0.00526784368217536 -0.022692055883733051 0.021844228128111126 -0.0073977011115666895 0.018536698714493541 -0.004705611172886333 -0.013987592353020962 0.0009666952063236313 -0.021930008819543829 0.0079090037207159847 0.031419371406146389 0.0046986425093611586 -0.014815633512478731 -0.021012757920993528 0.030636048523780737 0.005558542566552296 0.020142407154094013 -0.012827506489966282 -0.0024896959864291641
leaf_weight=13.067918249405919 4.418180015869444 1.8971329077612633 0.77708387654274602 12.79025103128515 10.591423546895387 13.794980187201871 8.2501921737566573 15.483685360522939 4.2143824072554699 11.486183504108341 10.51743643009104 1.3574471212923587 15.453068696195258 9.1716542632784677 2.1745696496218434 2.6891457284800699 6.7755965874530402 48.561292295111343 9.0904348837211746 16.896927477791913 7.3563320594839778 8.1898831771686655 7.9899402610026291 11.745858516078441 20.190715651959181 16.511207726085559 3.0011164955794802 15.074809099547563 3.7365681086666882 2.1261527566239229
leaf_count=170 118 63 7 212 160 226 211 244 110 569 321 12 1528 313 72 69 148 1589 226 365 126 145 214 227 1097 352 39 342 88 45
internal_value=0.00179425 0.000703431 -0.00046195 -0.00234778 0.00677948 -0.00264118 0.0133653 0.0189091 -0.00364216 0.00070698 -0.00575835 0.0137123 -0.00729419 0.00946176 0.0228586 -0.00395595 -0.00544916 -0.0121439 -0.00711147 -0.00266061 0.00463395 0.0154477 -0.0113929 -0.00623903 -0.0150434 0.0273531 -0.0175004 0.0159429 0.000125489 0.0258994
internal_weight=315.382 302.314 285.342 229.067 56.275 24.3864 31.8886 23.6384 216.276 100.557 69.0275 31.5294 115.72 19.6891 20.0432 100.266 97.5773 49.3384 93.363 64.0818 36.1938 17.0916 27.888 19.1022 29.2812 17.8687 19.898 16.9719 8.15475 10.316
internal_count=9408 9238 8833 7786 1047 386 661 450 7574 3235 2230 1005 4339 634 436 2811 2742 1596 2632 1309 691 338 618 353 1323 364 404 405 206 190
is_linear=0
shrinkage=0.035


Tree=138
num_leaves=31
num_cat=0
split_feature=11 10 70 21 9 41 11 84 143 43 44 0 107 108 13 96 61 60 107 11 90 93 47 32 54 107 95 97 98 115
split_gain=4.80487 4.60375 3.9338 4.09531 5.50423 4.05101 3.41467 3.11913 3.09989 2.92013 3.26724 2.82396 2.55779 2.55377 2.50702 3.50448 4.21677 2.79535 2.5024 2.40983 2.39569 2.72953 4.16794 3.87151 3.63261 3.48409 3.68124 3.14317 4.21195 3.93422
threshold=2.5000000000000004 3.5000000000000004 8.6794871794871806 7.5000000000000009 17.500000000000004 8.5000000000000018 16.500000000000004 1178.5000000000002 1.0000000180025095e-35 0.3983534505379166 0.95833333333333337 28.397314814814816 1846.4116826416596 6.5000000000000009 6.5000000000000009 2.8944444444444448 0.92022727272727278 0.9388999502239922 3446.7201113770693 4.5000000000000009 82208.250000000015 81758.500000000015 0.047338935574229697 8.5000000000000018 0.34848484848484856 2095.2858590069841 14043.500000000002 5.9517652948901354 1.8480769230769234 0.26272648835202767
decision_type=2 2 8 2 2 8 2 10 8 2 2 2 10 8 2 2 2 2 10 2 2 2 2 2 8 10 2 2 2 2
left_child=9 2 -2 5 8 7 19 18 11 10 -1 13 -8 -5 -6 16 -16 -18 20 -3 21 23 24 25 -23 27 -27 28 29 -4
right_child=1 6 3 4 14 -7 12 -9 -10 -11 -12 -13 -14 -15 15 -17 17 -19 -20 -21 -22 22 -24 -25 -26 26 -28 -29 -30 -31
leaf_value=-0.018578160699911483 -0.013129024388817103 0.0065436029111495021 0.028361244707658904 0.017579226065253275 0.020844329355445907 -0.012452522906786442 -0.0096789657042781179 -0.012829833475058382 -0.011267604415952304 0.0040928341698137864 0.0071783099155066869 -0.0072963409039842097 0.022096734976842395 -0.0088797574434620469 0.016612481610954306 0.019255828625761414 -0.021115047679442261 0.0031714039962324847 -0.0060203155011966164 -0.023892216895162317 -0.0039159237949338756 0.039107441361644582 -0.0035623482312932843 0.023009528819932207 -0.0046620653709457897 -0.013879335454779061 0.0098980398962921264 -0.00026928888324400643 -0.00087658038414809502 -0.0059057962897213281
leaf_weight=25.094797872239727 9.9586868756450695 1.6913349661044801 20.986784951062877 12.259569527814165 11.797615744872017 5.7520188500639042 1.8598287862259888 2.6695995396003118 40.088732825824991 13.047897037584333 4.7024546652100971 13.275794801069422 1.688259173883125 2.5955399237573156 4.0544007371645483 5.9824450127780429 9.5091350199654716 7.7684023510664693 6.3815067468676707 11.382316631963475 7.6961597953923038 10.773688892833885 3.5117426970973602 20.679167007096112 1.5690665182191885 13.764042609371247 9.2878115561325085 19.981476954417303 11.561165294377131 3.0584789472632101
leaf_count=1370 242 109 534 159 188 188 143 277 729 737 147 323 76 54 62 106 223 153 178 886 167 215 87 385 58 411 291 493 364 76
internal_value=0.00159017 0.00333909 0.0045767 0.00554456 0.000362629 0.00943019 -0.0123132 0.0108042 -0.00553711 -0.00868618 -0.014066 0.00309732 0.00952174 0.0118843 0.0101143 0.00297158 -0.00438446 -0.0119343 0.011752 -0.0192338 0.0128744 0.0141126 0.0266571 0.0109284 0.0338033 0.0065659 -0.00424254 0.0110283 0.0166207 0.0237363
internal_weight=314.43 271.585 254.963 245.004 107.332 137.673 16.6217 131.921 68.2196 42.8451 29.7973 28.1309 3.54809 14.8551 39.112 27.3144 21.3319 17.2775 129.251 13.0737 122.87 115.173 15.8545 99.3189 12.3428 78.6398 23.0519 55.5879 35.6064 24.0453
internal_count=9431 7177 5963 5721 1997 3724 1214 3536 1265 2254 1517 536 219 213 732 544 438 376 3259 995 3081 2914 360 2554 273 2169 702 1467 974 610
is_linear=0
shrinkage=0.035


Tree=139
num_leaves=31
num_cat=0
split_feature=88 119 54 107 104 123 60 92 75 1 145 70 54 110 75 96 117 96 40 110 93 117 60 70 107 0 10 94 38 116
split_gain=4.16676 4.42075 5.37087 4.97166 5.63612 4.13823 3.75738 3.5453 3.45435 3.39835 3.58421 3.3871 5.40159 3.42859 3.41643 4.10778 3.46695 3.32263 3.31945 3.18507 3.07229 2.62892 2.48212 3.32596 2.49225 3.24388 2.47421 3.19187 2.88986 2.43461
threshold=1079.5000000000002 0.77303240518350214 0.26969696969696971 1402.9552991402286 0.084219858156028379 1.5000000000000002 0.81934731934731941 62004.500000000007 2.3021739130434784 2.5000000000000004 0.47658819729088053 14.509259259259261 0.14907407407407411 20.750000000000004 1.7165178571428574 1.3230550284629983 0.49104573073233138 3.60952380952381 12.500000000000002 50.750000000000007 18836.000000000004 0.46076923076923088 0.77097902097902116 13.256578947368423 3086.8176607518276 73.533865740740751 1.5000000000000002 46559.750000000007 4.5000000000000009 1.0000000180025095e-35
decision_type=10 8 8 10 2 2 2 2 8 2 10 8 10 10 10 2 2 2 2 10 2 2 2 8 8 2 2 2 2 2
left_child=1 7 3 17 5 6 -5 -1 18 -8 -11 13 21 -6 19 16 29 26 20 -15 -4 -13 -10 -24 -25 -26 27 -3 -28 -16
right_child=-2 2 8 4 11 -7 9 -9 22 10 -12 12 -14 14 15 -17 -18 -19 -20 -21 -22 -23 23 24 25 -27 28 -29 -30 -31
leaf_value=0.017218431131150493 0.019999300967541236 -0.010379378495699289 0.0053961518838961092 -0.0093320893235738171 0.011358491809543576 -0.0082296845378555371 -0.0048662999121761022 -0.0022299480107620694 0.017065214755108853 0.029865544980538533 -0.006020161027581664 -0.0053470700985346837 -0.0057825514794833006 0.016557887709797575 0.011110834114452415 -0.020423017830248278 0.022450614844798197 0.015259157008425932 0.0087283493352898582 -0.010802194586205939 -0.019137771234228947 0.027906401490930651 0.015277409305747093 -0.017295604025204286 0.016141275671092557 -0.012905075513007038 -0.015239001102315396 0.014184084941129441 0.0073450292575766704 -0.017214942539545825
leaf_weight=27.751501179533079 9.7470946311950666 7.448421444976705 5.0421792431734493 2.1647695042192927 9.5354026970453543 4.4841931688133618 3.1507348560262463 16.081453450955451 4.1653755388688323 27.210005159955475 2.1291011318098745 1.8237498165108288 11.657271900679914 7.4249769584275764 1.693208988057451 22.737041596323252 2.3290137448348105 4.0439339485019437 4.3561273906379929 4.5522948130965233 40.44920097431168 10.87602257914841 4.0545383188873556 12.555422894190999 5.2808526200242323 3.8890817344654351 36.435323756188154 8.807240504305808 5.2226945394650093 5.1324730247724801
leaf_count=567 66 102 198 78 138 154 74 373 174 542 45 94 347 169 36 796 77 88 147 253 2042 247 131 464 201 190 988 112 148 382
internal_value=0.00182484 0.000923507 -0.000883577 0.00249458 0.0066477 0.0166401 0.02049 0.0105855 -0.00815641 0.0234567 0.026764 0.000916899 0.0105676 -0.00401254 -0.0081739 -0.0136073 0.00455524 -0.0052527 -0.0133815 0.00604017 -0.0161534 0.0229695 0.00121158 -0.00370599 -0.00944421 0.00361553 -0.00778385 0.00313499 -0.0119239 -0.00846148
internal_weight=312.231 302.484 258.651 178.858 116.9 39.1388 34.6546 43.833 79.7928 32.4898 29.3391 77.7615 24.357 53.4044 43.869 31.8917 9.1547 61.9576 49.8475 11.9773 45.4914 12.6998 29.9453 25.7799 21.7254 9.16993 57.9137 16.2557 41.658 6.82568
internal_count=9423 9357 8417 4870 3432 893 739 940 3547 661 587 2539 688 1851 1713 1291 495 1438 2387 422 2240 341 1160 986 855 391 1350 214 1136 418
is_linear=0
shrinkage=0.035


Tree=140
num_leaves=31
num_cat=0
split_feature=87 83 83 54 41 11 111 56 27 72 76 59 86 45 74 63 117 57 90 110 99 65 30 1 115 108 32 70 98 69
split_gain=4.78289 4.74108 4.8889 4.00793 3.60665 4.63588 4.21343 4.11889 3.28254 3.13368 3.09355 2.92566 2.78502 3.31765 3.81252 4.43048 3.93232 3.62281 2.77246 3.87305 3.08684 3.07802 2.63593 2.49716 3.09775 2.4829 2.5157 2.33458 2.27248 2.26664
threshold=1.5000000000000002 1537.5000000000002 1911.5000000000002 0.093386627906976757 6.5000000000000009 2.5000000000000004 0.024845679012345682 0.30116279069767443 19.500000000000004 9.5000000000000018 0.92833475409433641 0.79830508474576278 317.43984202213289 0.050641025641025648 14.750000000000002 0.72046511627906984 0.10357142857142858 0.90454545454545465 78553.572981366466 16.250000000000004 0.70900537634408611 1.4580419580419581 1.0000000180025095e-35 11.500000000000002 0.26713615023474185 31.500000000000004 3.5000000000000004 16.81666666666667 0.87068004459308812 1.7500000000000002
decision_type=8 10 10 8 8 2 2 8 2 8 10 2 8 2 8 2 2 10 2 8 2 8 2 2 2 10 2 10 2 10
left_child=-1 3 -3 9 5 25 10 -8 11 -2 18 -9 22 -14 15 16 -15 23 19 -6 -20 -21 -7 24 27 -5 -27 -16 -18 -25
right_child=1 2 -4 4 6 12 7 8 -10 -11 -12 -13 13 14 17 -17 28 -19 20 21 -22 -23 -24 29 -26 26 -28 -29 -30 -31
leaf_value=0.018971444699610984 0.0031146473826488487 -0.022978690560417535 0.014831753485689587 -0.015579758705012109 0.0085574509887095061 0.024243199585874953 0.015386887065472522 -0.023291646491667723 0.010752909225571058 0.026018817255758241 0.0081325859197160233 0.0070433282004815157 0.010081415853536215 0.011047718879986117 0.030370203576719334 0.010418757372025123 0.007681419666931936 -0.013116111612826418 0.019885388970464334 0.0036684683001928244 -0.012417720563874536 -0.024463725277166282 -0.0029627794494907819 -0.012548733939811301 -0.0056066097217308828 -0.0055366580240544666 0.018991943765734872 -0.0035427072315533182 -0.01869223210021255 0.010536077640764264
leaf_weight=11.47756017744541 21.353739073500041 14.317861761897801 1.6614157678559411 19.127254749881104 3.3930057901889077 10.455083074513821 13.113001741468908 8.4850524584762734 4.4634486231952897 7.6107132583856574 4.8505460009910157 2.8101091510616234 43.58486830862239 3.9948937729932359 10.35804337682203 9.3254400296136719 1.7859733435325313 4.327078226953744 2.3581713587045661 4.0832463046535841 2.5069595002569258 32.600798100698739 4.6954210633411995 5.0432823263108713 2.9721711156889787 12.745091000571845 2.2518611876294008 1.8145846631377924 31.83347070356831 5.8444506265223026
leaf_count=164 495 2325 175 977 52 132 200 268 80 126 109 68 804 42 207 188 39 116 30 122 101 702 50 142 50 505 58 39 914 122
internal_value=0.000620992 -0.000401463 -0.0164495 0.000796197 -0.000729025 0.00214134 -0.00669482 0.0035836 -0.00757856 0.0120773 -0.0124378 -0.0158992 0.0050448 0.00290376 -0.00150994 -0.00746533 -0.0126014 0.00745145 -0.0152498 -0.0180737 0.00538267 -0.0212679 0.0171686 0.0124326 0.0197365 -0.00859873 0.00197422 0.0257552 -0.0164781 -0.000740981
internal_weight=305.245 293.767 15.9793 277.788 248.823 170.159 78.6643 28.8716 15.7586 28.9645 49.7927 11.2952 136.035 120.884 77.2994 46.9398 37.6143 30.3596 44.9422 40.0771 4.86513 36.684 15.1505 26.0325 15.1448 34.1242 14.997 12.1726 33.6194 10.8877
internal_count=9402 9238 2500 6738 6117 4385 1732 616 416 621 1116 336 2845 2663 1859 1183 995 676 1007 876 131 824 182 560 296 1540 563 246 953 264
is_linear=0
shrinkage=0.035


Tree=141
num_leaves=31
num_cat=0
split_feature=88 83 118 50 42 47 66 96 101 92 95 42 46 66 50 13 73 76 83 54 120 56 65 95 145 51 106 90 72 96
split_gain=5.93001 6.40988 3.53266 5.38015 4.28291 4.15996 5.0998 3.90828 3.29717 3.11794 3.1079 3.46036 4.12691 3.43186 4.59258 3.85844 3.5547 3.53098 3.05832 2.94613 2.83264 2.69704 2.95496 2.55961 2.50254 2.4428 2.41408 2.34121 2.33431 2.55721
threshold=1079.5000000000002 1341.5000000000002 0.70659971305595415 0.038278388278388288 1.0000000180025095e-35 0.099019607843137278 1.1588098448225657 3.3229166666666674 0.74537037037037046 62958.500000000007 28180.500000000004 4.5000000000000009 0.082903780068728533 1.5278249227036318 0.058481532147742828 2.5000000000000004 21.500000000000004 0.33210558207753588 913.00000000000011 0.40833333333333338 0.011696306429548565 0.13840996168582378 1.7559523809523812 65.500000000000014 0.28098501558044942 0.06186224489795919 830.43750000000011 8298.1825396825425 6.5000000000000009 1.4234028683181228
decision_type=10 10 2 2 10 2 10 2 2 2 2 8 2 10 2 2 8 10 10 8 2 8 8 2 8 2 10 2 10 2
left_child=1 2 3 4 -1 7 9 10 -6 26 11 12 13 14 16 19 23 -15 -14 -16 -12 -13 -23 -4 -5 -3 -7 -24 -19 -30
right_child=-2 25 5 24 8 6 -8 -9 -10 -11 20 21 18 17 15 -17 -18 28 -20 -21 -22 22 27 -25 -26 -27 -28 -29 29 -31
leaf_value=-0.0036802570859646271 0.023333867590538446 -0.020322091761926311 0.008694062454245555 0.0065386085148345652 0.026627548679090125 0.032848492746269282 -0.0063887588539021265 0.015633041220068401 -0.0026502662892597803 -0.00061596073753217967 0.017627215713579766 0.011018423214458634 -0.015242467548512868 -0.0073783270667869888 0.030004941307245337 -0.0071570664212320598 0.0072495703116805523 -0.0024758694392921585 0.012351858902609503 -0.004091804069307323 -0.0053926763895074748 0.0043696123847277212 0.0083434657453933039 -0.021382529874144279 -0.017089021903889206 0.0060220237625876073 -0.0014233139011654032 -0.015750102284205519 -0.0015382796406140837 0.028220013501250387
leaf_weight=8.8053860059007985 9.1281022094190103 18.667091654613618 1.326406785286969 6.2671979796141359 22.825029056053612 10.296810286585247 11.049280918668954 9.218739112839101 4.6492224046960464 6.281477616634219 10.631916254293175 3.0814352985471478 22.75055570341647 5.6494588986970511 6.0571644403971705 6.4435512409545472 6.7194694569334379 4.3993773222900954 2.0674797594547263 2.8184253256767997 8.10527476062998 9.8074823603965324 2.3142598178237668 16.739193967077881 7.2549999156035492 2.9033386842347673 2.5320934578776351 61.730487579014152 3.7491784752346602 13.704023633152245
leaf_count=334 63 2481 60 174 402 139 247 156 138 122 236 24 606 105 155 245 178 84 30 144 224 302 26 599 286 408 55 1112 114 149
internal_value=0.00117612 0.00012648 0.00167142 0.00964891 0.0160983 -0.000245088 0.0108725 -0.00217113 0.0220279 0.0201078 -0.00342593 -0.00496912 -0.000309655 0.00420794 -0.00237228 0.0107227 -0.0109073 0.0126922 -0.011258 0.0216047 0.00863096 -0.0102063 -0.0117344 -0.0177683 -0.00732927 -0.0163103 0.027582 -0.0143383 0.0182887 0.0229085
internal_weight=307.974 298.846 277.275 49.8018 36.2796 227.474 30.1597 197.314 27.4743 19.1104 188.095 169.358 92.4243 67.6062 40.1042 15.3191 24.7851 27.502 24.818 8.87559 18.7372 76.9337 73.8522 18.0656 13.5222 21.5704 12.8289 64.0447 21.8526 17.4532
internal_count=9398 9335 6446 1334 874 5112 563 4549 540 316 4393 3933 2469 1833 1381 544 837 452 636 299 460 1464 1440 659 460 2889 194 1138 347 263
is_linear=0
shrinkage=0.035


Tree=142
num_leaves=31
num_cat=0
split_feature=11 110 54 91 91 2 57 143 29 91 98 110 55 48 98 100 0 91 32 26 60 32 43 23 110 48 50 0 68 60
split_gain=4.2267 3.61988 3.67039 4.32258 3.56648 5.97 5.03136 4.46942 3.92234 3.66796 3.5541 3.72004 3.43654 3.32512 4.37917 3.14645 3.19477 4.12735 3.0188 3.21468 3.00769 2.85033 2.76699 2.58455 2.51444 2.37073 2.183 2.59167 2.65841 2.34663
threshold=2.5000000000000004 260.25000000000006 0.093386627906976757 6401.6746088137779 3765.4381051164778 4.5000000000000009 0.27429467084639503 0.090940656565656586 17.500000000000004 4313.7888401462933 0.7543103448275863 90.250000000000014 0.43875000000000003 0.016001024065540197 1.8268365817091456 0.36939571150097467 1.9403009259259261 4346.1728478968143 4.5000000000000009 5.5000000000000009 0.84045454545454557 13.500000000000002 0.42052631578947369 2.5000000000000004 21.250000000000004 0.030076888285843515 0.15707236842105265 0.94059027777777782 3.5000000000000004 0.76696832579185525
decision_type=2 10 8 10 10 2 8 10 2 10 2 10 10 2 2 2 2 10 2 2 2 2 2 2 10 2 2 2 8 2
left_child=18 2 12 4 5 21 9 10 -7 -6 -8 15 -2 -14 -15 16 -12 -18 22 -20 -5 26 -1 -23 -22 -26 27 28 -4 -29
right_child=1 -3 3 20 6 8 7 -9 -10 -11 11 -13 13 14 -16 -17 17 -19 19 -21 24 23 -24 -25 25 -27 -28 29 -30 -31
leaf_value=-0.017268601800534501 -0.0084630402392287026 0.016766902625927713 0.014459657275533531 0.011365289660534614 0.011112499344089222 0.014082955109400582 -0.010056345025502653 -0.009666452991425498 -0.012475251688148054 -0.018061275091485387 0.0051063532627581287 -0.0055808114655412017 0.025080017738132915 -0.011321686130504107 0.020354007004679521 -0.0041351542882827582 0.0039576551352708154 0.040995271684089764 0.023381848649519036 -0.0096534532714067697 0.0049756160442826006 0.016887498889906802 0.0023024996984877112 -0.01033298030250639 -0.022438659994758973 -0.00039634393551307094 0.0056559143223088191 0.007298473017516089 -0.0085602159449597922 -0.016092865416135978
leaf_weight=26.221832250477746 5.3165257882792494 16.478772916598246 5.7916007260791931 3.1742603252641848 4.3941707194317123 32.169548081932589 2.1409140550531438 5.1037176456302396 4.2773390014190218 8.6515742407646012 8.413067858899014 3.9491587919183067 15.281159656355159 8.6130117762368155 3.8272009459324172 2.9942450867965809 5.8900575751904425 15.701502635609357 2.7221928234212092 2.9106999505311251 5.3909610339906058 7.1114598272833955 10.853527894942088 2.5435610816348344 20.225461476948116 8.0723175243474525 8.4468865566886944 2.9911920179147264 9.3830580117646605 47.86902261688374
leaf_count=1420 355 314 95 126 107 829 49 128 93 342 131 223 293 223 78 108 142 321 95 139 63 105 621 65 794 285 268 109 144 1401
internal_value=0.00127713 0.00295991 0.0017279 -4.64761e-05 0.00227758 -0.00118814 0.00908768 0.0143878 0.00983717 -0.00787843 0.0182686 0.0209129 0.0117485 0.0163257 0.00146481 0.0244007 0.0274322 0.0335356 -0.00835204 0.00979917 -0.0101904 -0.00624804 -0.0119465 0.00863764 -0.0134278 -0.0171545 -0.00859965 -0.0106929 0.00163179 -0.014187
internal_weight=306.91 264.202 247.723 214.685 177.822 120.584 57.2384 44.1927 36.4469 13.0457 39.0889 36.948 33.0379 27.7214 12.4402 32.9989 30.0046 21.5916 42.7083 5.63289 36.863 84.1368 37.0754 9.65502 33.6887 28.2978 74.4818 66.0349 15.1747 50.8602
internal_count=9466 7191 6877 5928 4660 3109 1551 1102 922 449 974 925 949 594 301 702 594 463 2275 234 1268 2187 2041 170 1142 1079 2017 1749 239 1510
is_linear=0
shrinkage=0.035


Tree=143
num_leaves=31
num_cat=0
split_feature=76 9 63 20 81 27 118 117 96 98 95 110 110 14 41 142 117 96 95 11 128 43 145 96 78 90 0 29 1 41
split_gain=3.24756 4.64649 4.86556 3.85157 3.772 4.37367 3.48363 3.76369 5.06221 4.4511 4.02052 3.40763 3.76463 3.36093 3.12684 2.63065 3.0733 3.20281 2.55695 4.44041 4.32877 2.52459 3.58458 2.48848 2.48711 2.4754 2.47112 3.17391 2.45153 2.27595
threshold=0.40458561829460077 5.5000000000000009 0.49545454545454554 2.5000000000000004 254.34767271043299 1.5000000000000002 0.89512961508248245 0.39339826839826847 1.0779352226720651 1.4472222222222224 7043.5000000000009 195.25000000000003 22.250000000000004 5.5000000000000009 11.500000000000002 4.5000000000000009 0.88589511754068717 1.7343137254901964 15366.500000000002 10.500000000000002 0.081666666666666679 0.36687763713080174 0.26060926633763193 2.3900966183574881 2.5000000000000004 78372.981884057983 29.937106481481486 1.5000000000000002 16.500000000000004 4.5000000000000009
decision_type=8 2 2 2 10 2 2 2 2 2 2 10 10 2 10 2 2 2 2 2 2 2 10 2 8 2 2 2 2 10
left_child=11 2 -2 6 5 29 7 8 -3 21 -11 12 23 -5 -12 16 17 24 19 20 26 22 -9 -1 -8 -18 27 -14 -7 -4
right_child=1 3 4 13 -6 28 15 9 -10 10 14 -13 18 -15 -16 -17 25 -19 -20 -21 -22 -23 -24 -25 -26 -27 -28 -29 -30 -31
leaf_value=0.016697061157568461 -0.016168066909669744 0.016097403253182589 -0.0054646665010449945 -0.015129750439877488 -0.014426618536372763 0.022671952239580444 0.01776829890782379 0.011629518386218857 -0.016991344285669632 -0.0062236816760999581 0.03750070913058217 0.012494603438946377 0.021579484820342568 0.0075654299198425427 -0.00033072361019165978 -0.013262580242094197 0.017337809869770751 -0.015352928017487655 -0.022848256539802859 0.016093886465969091 -0.023398547320158253 0.018587850138735384 -0.012729252070866741 -0.0045181611900906088 -0.0047848654046096549 -0.0063582548299713536 -0.0098158865859999476 -0.0076078411230246007 -0.0012999078638251502 0.014761434974184719
leaf_weight=7.0038586456794318 19.457761043217033 5.8075551546644402 32.953412746079266 12.143042137846352 9.2691665648017061 14.649106083437802 6.2677834110800186 10.053396004950633 6.942599389469251 2.0049329551402506 17.840196069562811 7.9438094710931173 5.5744603485800344 10.726771047571672 2.9330918842460951 5.7084401878528288 21.80542776640505 9.1217974454630149 13.358892457326872 4.8618121829349539 12.449971761321647 9.9037890417966974 9.5618442797567678 11.908635172992943 9.3507277918979526 4.0049941735342136 9.9374651284888369 4.5830176342278719 6.4124982268549493 3.3734453497454515
leaf_count=106 841 122 1125 658 786 303 185 234 441 65 488 185 132 333 100 96 243 169 496 74 329 179 284 124 326 40 584 161 140 105
internal_value=0.00146629 0.00354224 -0.00279251 0.00729271 0.0019676 0.00555952 0.00972467 0.0149626 -0.00163082 0.0187973 0.0291705 -0.00453434 -0.00718234 -0.00503736 0.0331312 0.00294163 0.00580053 -0.00286708 -0.0118424 -0.00568137 -0.0106444 0.00772709 -0.000418344 0.00518696 0.00637985 0.0132258 0.000345124 0.0102448 0.0165242 -0.0020277
internal_weight=307.914 230.292 86.1154 144.176 66.6576 57.3885 121.307 65.0474 12.7502 52.2973 22.7782 77.6219 69.6781 22.8698 20.7733 56.2592 50.5507 24.7403 50.7656 37.4067 32.5449 29.519 19.6152 18.9125 15.6185 25.8104 20.0949 10.1575 21.0616 36.3269
internal_count=9454 7263 3300 3963 2459 1673 2972 1913 563 1350 653 2191 2006 991 588 1059 963 680 1776 1280 1206 697 518 230 511 283 877 293 443 1230
is_linear=0
shrinkage=0.035


Tree=144
num_leaves=31
num_cat=0
split_feature=10 54 41 96 93 110 110 117 76 93 82 75 93 70 96 11 34 107 97 55 50 117 71 110 111 59 112 115 14 61
split_gain=3.3402 3.6621 3.48966 3.39756 2.99369 2.86368 4.77824 3.82634 5.68496 4.61557 4.58503 4.37952 4.56433 4.26894 5.11429 4.20444 3.77528 3.86219 3.45535 3.36961 3.24709 3.08871 2.98062 2.83901 2.76577 2.78554 2.5443 2.53652 2.48482 4.53471
threshold=3.5000000000000004 0.093386627906976757 9.5000000000000018 2.8805704099821754 85347.000000000015 1098.5000000000002 310.25000000000006 0.66018867924528313 0.52242008110066041 59277.000000000007 3.5000000000000004 2.1213235294117649 79225.500000000015 14.804761904761907 1.1129326047358836 9.5000000000000018 5.5000000000000009 1187.0618664435249 2.8901154071475355 0.5727513227513229 0.10501253132832082 0.16002844950213374 6.6348583130479142 81.250000000000014 0.022857889237199586 0.64334637964774966 0.076197387518142243 0.1991379310344828 4.5000000000000009 0.97332859174964448
decision_type=2 8 8 2 2 10 10 2 8 2 8 10 2 10 2 2 2 10 2 10 2 2 10 10 2 2 2 2 2 2
left_child=1 -1 5 4 24 6 7 10 9 27 -3 12 -11 14 18 22 17 26 19 -12 -19 -8 -16 -15 -4 -26 -10 -9 -2 -30
right_child=28 2 3 -5 -6 -7 21 8 16 11 13 -13 -14 23 15 -17 -18 20 -20 -21 -22 -23 -24 -25 25 -27 -28 -29 29 -31
leaf_value=0.014156512958508616 -0.019820813283408231 0.021630028930777073 -0.020691357592244577 0.01323787098853506 0.010734815815205204 -0.013804523461408834 0.026145990191509757 -0.020483135633706493 0.010217511925891355 0.027246429623389551 0.013610383578299324 -0.012687479896345595 -0.0025885479332497857 0.015120372888408553 -0.022042822166720551 0.0075689567128494279 -0.010411998886002563 0.028454755255854884 0.016372282782092785 -0.015873830533485581 -0.0037569139730001307 -0.0059319108048130178 0.0078233019814096475 -0.0057423901534770965 0.012609197384364361 -0.011434645739696223 -0.010914545331101252 0.00075182749439089676 -0.013231235247038066 0.023971867718899101
leaf_weight=27.258315686136484 9.3620477316435409 3.8466518439818165 20.614336445461959 4.3438515928573898 3.3691237114835522 6.546973545337095 12.541343165561555 12.161741399206223 23.884231548290703 9.738262256374588 2.6442338919732746 5.5289882118813685 9.5655614258721453 13.875520013272764 35.394704096252099 5.5622089640237382 3.9678494301624587 23.677784670144323 9.1345688507426512 9.3087825765833241 3.1797289908863595 2.6229636862408361 2.0889192507602266 10.270796482684089 5.6302294104825696 8.3033557641319913 4.7448679844383141 10.942521482473238 4.4790043397806576 2.0722190367523581
leaf_count=499 754 58 609 69 70 338 130 199 515 137 107 64 158 525 2019 160 72 296 311 462 88 84 101 491 100 238 126 161 358 115
internal_value=0.00208361 0.00300909 0.00161372 -0.00707863 -0.0106772 0.00339395 0.00422069 0.00251222 0.00686364 -0.00206406 -0.00265243 0.00771885 0.0149714 -0.00481321 -0.00935421 -0.0157144 0.0136636 0.0161036 0.0041522 -0.0072609 0.02465 0.0205024 -0.0196536 0.0067835 -0.0138585 -0.000954943 0.00561312 -0.0120815 -0.0115024 0.00381911
internal_weight=306.662 290.748 263.49 42.2609 37.917 221.229 214.682 199.518 107.392 47.9371 92.1264 24.8328 19.3038 88.2797 64.1334 43.0458 59.4545 55.4866 21.0876 11.953 26.8575 15.1643 37.4836 24.1463 34.5479 13.9336 28.6291 23.1043 15.9133 6.55122
internal_count=9414 8187 7688 1086 1017 6602 6264 6050 1816 719 4234 359 295 4176 3160 2280 1097 1025 880 569 384 214 2120 1016 947 338 641 360 1227 473
is_linear=0
shrinkage=0.035


Tree=145
num_leaves=31
num_cat=0
split_feature=10 11 44 108 116 98 96 120 116 44 27 45 70 108 55 75 55 34 80 86 11 94 2 97 60 0 97 94 111 119
split_gain=4.6353 4.66273 4.62341 3.42494 3.40103 3.21488 5.74213 5.20875 4.78605 4.17779 5.39739 3.34243 4.83608 3.42454 3.30478 3.26549 3.25121 3.67276 3.06239 2.8918 2.83423 2.8309 2.81976 2.69445 2.62126 2.38305 2.37822 2.26277 2.13321 2.12969
threshold=3.5000000000000004 2.5000000000000004 0.95833333333333337 56.500000000000007 0.83558558558558571 1.5694980694980696 1.0976190476190479 0.048583792289535806 0.28679653679653688 0.26975051975051983 2.5000000000000004 0.075235849056603785 14.080128205128206 2.5000000000000004 0.82247899159663873 1.9459064327485383 0.5447860962566845 6.5000000000000009 517.62500000000011 209.44753394541917 16.500000000000004 65847.000000000015 3.5000000000000004 5.5589714948963955 0.90754985754985762 129.98652777777781 7.3807730245895211 73926.500000000015 0.047338935574229697 3.0885983521933764
decision_type=2 2 2 10 2 2 2 2 2 2 2 2 8 10 10 8 10 2 8 8 2 2 2 2 2 2 2 2 2 10
left_child=1 2 3 18 5 6 -3 8 19 10 26 12 13 -10 -9 -12 22 -18 -1 -8 -2 25 -11 -16 -17 -13 -7 -15 -6 -14
right_child=20 4 -4 -5 28 9 7 14 11 16 15 21 29 27 23 24 17 -19 -20 -21 -22 -23 -24 -25 -26 -27 -28 -29 -30 -31
leaf_value=0.0090613234310149178 -0.019872143913702251 0.017731539021200251 0.016083422674918628 0.0028566263844661847 0.021006512228842242 -0.017289962130063015 0.0083950348331092023 -0.0031573558172631748 -0.00075143574537527859 -0.013823461462078596 -0.007641589828308034 -0.017619670659000115 -0.015417145391416774 0.025146363225571358 0.029858460870701486 -0.0042654810393428491 0.024415315882647868 -0.0076095572187419051 -0.021738505875007516 -0.020290462604556466 0.0077800375712721087 0.00374427829924828 0.012379488331997309 -0.0026998379207159215 0.027004077519324814 0.0059435652810664588 0.0074346346905423801 -0.001349833127465501 -0.0041494236877914984 0.0054069754272849718
leaf_weight=1.8168689170852328 12.854097296483813 15.724960731342433 4.3852482629008582 12.124278285773469 17.660024441778663 14.216570140793921 2.2587877854239222 8.243345222668724 15.347154057584701 5.1000511175952834 4.2636863009538475 22.690603213617582 11.491877052234488 14.897003689315172 7.6073702666908485 2.7289184455294171 28.326367666944865 2.715881875017657 22.279817219357938 23.387785956496373 3.0872831905726335 14.848745672963558 5.045978878159076 3.1088230989407748 8.5209165145643038 3.8952774177305391 3.1963862013071767 4.313951867632567 3.2595584895461789 6.2771051297895601
leaf_count=48 1047 351 141 444 235 489 29 245 214 158 206 514 203 196 136 139 610 89 1583 1132 200 303 148 69 216 103 55 62 32 57
internal_value=0.00203381 0.00313414 -0.00726629 -0.0117012 0.00493895 0.00348782 0.000525696 -0.00197988 -0.00479535 0.00922397 -0.000262445 -0.000825397 0.00487017 0.0119438 0.0130524 0.012741 0.016015 0.0209465 -0.0182582 -0.0168066 -0.0139379 -0.00776813 -0.0010071 0.0225592 0.0204404 -0.0137729 -0.0121053 0.0201465 0.0170425 -0.00848886
internal_weight=305.675 289.733 40.6062 36.221 249.127 228.208 154.093 138.368 119.408 74.1148 32.9265 93.7617 52.3271 34.5581 18.9595 15.5135 41.1883 31.0422 24.0967 25.6466 15.9414 41.4346 10.146 10.7162 11.2498 26.5859 17.413 19.211 20.9196 17.769
internal_count=9454 8207 2216 2075 5991 5724 3614 3263 2813 2110 1105 1652 732 472 450 561 1005 699 1631 1161 1247 920 306 205 355 617 544 258 267 260
is_linear=0
shrinkage=0.035


Tree=146
num_leaves=31
num_cat=0
split_feature=87 86 63 75 59 11 23 106 98 84 13 0 116 56 117 145 63 128 2 0 90 63 114 117 114 93 58 2 145 43
split_gain=5.42081 4.27442 3.29773 3.30182 4.098 3.81192 7.07247 4.67842 4.74938 3.97127 3.51265 3.42599 3.2626 3.78733 3.24303 3.1976 3.17741 3.37545 3.31233 3.30709 2.85456 2.80851 2.66772 2.6355 2.64583 2.61802 2.54279 2.39391 2.38653 2.36892
threshold=1.5000000000000002 303.99371850685986 0.39642857142857152 1.7165178571428574 0.67890835579514841 14.500000000000002 1.5000000000000002 161.55555555555557 1.8268365817091456 731.75000000000011 8.5000000000000018 15.682447916666669 0.084039548022598873 0.18808962264150947 0.74862637362637374 0.19060760764434614 0.80196078431372564 0.29520697167755999 5.5000000000000009 144.44697337962967 22538.158119658121 0.6358901515151516 0.051503094606542892 0.88589511754068717 0.10471491228070177 80179.500000000015 0.4038820455393804 4.5000000000000009 0.41660757226721318 0.58957219251336912
decision_type=8 10 2 8 2 2 2 8 2 10 2 2 2 10 2 10 2 2 2 2 2 2 2 2 2 2 2 2 8 2
left_child=20 2 29 4 -4 6 7 8 27 12 -7 -9 28 -14 15 21 17 18 19 -6 -1 -13 -16 -15 -25 -23 -3 -5 -8 -2
right_child=1 26 3 5 16 10 9 11 -10 -11 -12 14 13 23 22 -17 -18 -19 -20 -21 -22 25 -24 24 -26 -27 -28 -29 -30 -31
leaf_value=-0.0043463798663028394 -0.019260690488293208 0.011771209462048089 0.001077260824134587 -0.01864922205781603 0.037333765582781599 0.022259192471230101 0.019155992340795489 0.016884762724772462 0.01387287396965445 0.015909386418488623 -0.0019891259826649707 0.015719814457470862 0.0072110601796872001 -0.01945534064816315 -0.0034242741942014012 -0.016090990338747852 -0.0056967695006648091 -0.00209489155501291 -0.0032274494459133521 -0.0052858464300804863 0.028336911876944412 -0.012511817933815743 0.022629457555173347 -0.012357583958088333 0.011629448556705871 0.011922349872358472 -0.018460370882190373 0.0031305046582065844 -0.0099960517181847675 0.0021727898748124062
leaf_weight=2.6933415634557596 9.0136211821809429 0.61282664188183744 28.24671795591712 16.9577769774478 14.878274952294317 14.027779454831036 3.6832619882188729 34.995339655783027 6.6768000840675077 3.2219032528810194 10.658716956619172 8.5622851029038447 7.2463865177705875 44.236177198821679 5.6293258941732338 10.228187731932847 3.3503869217820457 4.4444095958024255 2.5254205006640396 1.2289598411880422 9.3641134402714652 11.191827618982641 8.7154028401710075 6.7399769546464068 5.857667381875217 3.4475631578825405 13.641969637246801 6.8254096908494821 1.7486629360355435 9.8481185766868276
leaf_count=27 348 63 708 432 368 194 84 544 215 340 295 290 103 1571 62 457 85 93 75 54 142 443 98 65 59 121 1548 174 59 395
internal_value=0.00269419 0.00157005 0.00260899 0.00367016 0.0109491 0.00157087 -0.000280878 0.00511788 -0.00593585 -0.00847408 0.013218 0.00929215 -0.010596 -0.0128605 0.00265772 -0.00347944 0.0196504 0.0236895 0.0289818 0.0336001 0.0219022 0.00394736 0.0141627 -0.0157958 -0.00106884 -0.00518725 -0.0144415 -0.0129407 0.00947826 -0.00995947
internal_weight=310.499 298.441 284.186 265.325 54.6742 210.65 185.964 113.23 30.46 72.734 24.6865 82.7699 69.5121 64.0802 47.7746 33.4299 26.4275 23.0771 18.6327 16.1072 12.0575 23.2017 14.3447 56.8338 12.5976 14.6394 14.2548 23.7832 5.43192 18.8617
internal_count=9512 9343 7732 6989 1383 5606 5117 2836 821 2281 489 2015 1941 1798 1471 1311 675 590 497 422 169 854 160 1695 124 564 1611 606 143 743
is_linear=0
shrinkage=0.035


Tree=147
num_leaves=31
num_cat=0
split_feature=88 11 44 118 47 47 20 110 65 66 47 116 118 90 74 56 46 0 97 116 107 96 90 48 93 66 42 11 117 107
split_gain=4.01793 3.22235 4.16216 3.28904 4.02649 3.9007 3.28519 3.24247 4.1035 4.74344 6.80765 4.00918 3.68827 3.64445 4.83415 3.38143 3.42076 3.27157 3.19787 2.78638 2.72567 2.57352 2.458 2.40205 2.69333 2.49608 2.37344 2.35676 2.32781 2.28649
threshold=1079.5000000000002 2.5000000000000004 0.95833333333333337 0.67156862745098056 0.14459930313588851 0.10948202054794522 1.0000000180025095e-35 59.750000000000007 1.607692307692308 1.9701714916343278 0.03478523895946764 0.072751322751322761 0.87428160919540243 60097.322619047627 13.250000000000002 0.18237250554323728 0.17914438502673799 0.44903356481481488 3.8762124382881873 0.27346041055718479 2278.3679506903604 2.4900000000000007 42642.131578947381 0.047247023809523815 28439.500000000004 4.8915455086567521 6.5000000000000009 6.5000000000000009 0.69113355780022456 2105.7015433094944
decision_type=10 2 2 2 2 2 2 10 10 10 2 2 2 2 10 10 2 2 2 2 10 2 2 2 2 10 10 2 2 10
left_child=1 2 -1 5 7 6 22 8 18 15 13 -9 26 14 21 -10 19 -15 -5 -17 -21 -11 -3 24 -13 -26 -12 -16 -22 -19
right_child=-2 3 -4 4 -6 -7 -8 11 9 10 12 23 -14 17 27 16 -18 29 -20 20 28 -23 -24 -25 25 -27 -28 -29 -30 -31
leaf_value=-0.012662283395110319 0.019515078892145085 0.0012587108525711108 0.013501953056808777 0.023790627303298579 0.016907266021613233 -0.013176126433921652 -0.0015349655489370322 0.0081670357344996829 0.0094277875246787293 -0.018223138647791494 -0.0083264576756309876 0.0034047860763622615 -0.016706715765533297 -0.0079211103580646477 -0.0074515470314848505 0.0054754872945293647 0.010887312275791086 0.026637236141176066 0.00086470061510371865 -0.020664958095156859 -0.013036195318213057 0.005786590627753066 0.028308017665105264 0.003502027450376055 -0.025630606738613254 0.008691003731704507 0.018785306159658424 0.01783289495804297 0.011593147315411846 -0.0019818083121518606
leaf_weight=34.756420902907848 9.1248932220041734 5.8597114551812473 4.8596711982972911 10.750877504702659 11.538238409673793 2.9798337225802234 9.1335856355726701 8.7813187446445209 7.4842227522749445 10.168460910441352 3.2461550440639284 4.2314767627976897 18.826615498866886 2.4111450635828104 2.8158920325804528 5.5802840869873753 3.991190872853621 19.639816762413833 14.894364984706042 35.251881147036329 3.6645776294171792 5.5533411633223286 14.107688954332842 5.5186413628980509 20.276423278497536 0.50589800369925697 3.8502536648884416 14.820570060051976 5.2818254146259278 3.2039142148569217
leaf_count=2089 62 122 149 248 216 93 376 302 100 188 104 215 421 31 55 214 59 285 393 1043 146 69 296 265 1408 10 113 225 80 64
internal_value=0.00127941 0.000396503 -0.0082993 0.0018847 0.000268815 0.0115351 0.0156264 -0.00101283 0.0011373 -0.00126843 0.00402933 -0.00945932 -0.00971674 0.0103947 0.00208217 -0.00833214 -0.0113959 0.0192159 0.0127891 -0.0140132 -0.0167802 -0.0103924 0.0222118 -0.0149646 -0.0189435 -0.0232717 0.00806797 0.0130417 0.000447828 0.0229882
internal_weight=303.109 293.984 39.6161 254.368 222.287 32.0808 29.101 210.749 171.435 145.79 84.5362 39.3138 25.923 58.6131 33.3583 61.254 53.7698 25.2549 25.6452 49.7786 44.1983 15.7218 19.9674 30.5324 25.0138 20.7823 7.09641 17.6365 8.9464 22.8437
internal_count=9441 9379 2238 7141 6254 887 794 6038 3838 3197 1555 2200 638 917 537 1642 1542 380 641 1483 1269 257 418 1898 1633 1418 217 280 226 349
is_linear=0
shrinkage=0.035


Tree=148
num_leaves=31
num_cat=0
split_feature=112 54 41 54 115 109 109 55 75 84 45 55 20 50 117 83 55 143 89 110 116 56 0 74 94 110 114 1 20 70
split_gain=3.60142 4.64729 4.08589 4.80852 3.41561 3.36935 4.54542 3.09172 3.06154 2.98326 3.66654 2.88835 3.89697 3.7221 2.72997 2.68277 3.34906 2.78526 2.7362 2.63203 3.89003 3.26686 3.00377 2.65072 2.78472 2.48211 2.49577 2.26471 2.14714 2.11275
threshold=0.089220563847429532 0.43650793650793657 6.5000000000000009 0.1126984126984127 0.29520697167755999 2998.5000000000005 281.50000000000006 0.7633053221288516 1.3935483870967744 660.75000000000011 0.069971440228478191 0.59761904761904772 2.5000000000000004 0.072949002217294903 0.77250225022502261 1531.5000000000002 0.54870335230866552 0.016053391053391056 804.25000000000011 53.750000000000007 0.36687763713080174 0.86180371352785157 148.07754050925931 9.2500000000000018 78912.500000000015 774.50000000000011 0.13245614035087722 9.5000000000000018 1.5000000000000002 14.343137254901963
decision_type=2 8 10 10 2 10 10 10 10 8 2 10 2 2 2 10 10 8 10 10 2 10 2 8 2 10 2 2 2 8
left_child=1 2 15 8 9 6 -3 -2 -4 -5 14 13 -13 -10 -11 16 17 29 -17 20 -18 25 23 -22 28 26 -21 -15 -25 -1
right_child=7 5 3 4 -6 -7 -8 -9 11 10 -12 12 -14 27 -16 18 19 -19 -20 21 22 -23 -24 24 -26 -27 -28 -29 -30 -31
leaf_value=0.015890297995358245 -0.018594762152369392 -0.0092111429571032442 -0.015331069351464457 0.011238759965151267 0.010493114663467584 -0.019043387327333284 0.015267308377841836 0.0022795652265499185 -0.010411122471629248 0.0087843979741491548 -0.020259796341585944 0.024222258401858227 -0.0032543491095491 -0.0076562078997298331 -0.011933399296971159 -0.015892922012528458 -0.0078733140916859741 -0.013775062517957995 0.01507014897495553 0.026580225511229173 -0.0063448198020120685 -0.0081018847572999816 -0.009006006666984704 0.024210095552242478 -0.0024545413732970102 -0.0049163395096912558 -0.0049909190318443942 0.023278587328515982 -0.00019962511985942557 -0.0070496564123273472
leaf_weight=7.3118642563931653 13.980042898561805 19.389126182533804 1.9803648767992843 3.4735712106339625 7.8297777215484521 13.087551902979611 10.013211456127463 14.241885734954849 12.416880279779436 11.643585857702421 25.78266297862865 17.77840311895125 7.2628407934680572 1.3581835138611484 9.6908848059829307 6.343050589086487 12.502034786157308 8.4103257211390865 0.57139112357981492 32.020106249023229 4.1544783646240822 2.3285666201263657 4.3070034552365533 27.223007126245648 6.3451754795387378 2.2110195574350646 1.781968920957296 4.3733243471942842 5.020877589005976 4.4629105199128398
leaf_count=188 622 1015 23 62 115 670 279 491 492 305 1026 264 200 111 102 898 247 282 52 826 43 123 63 276 64 60 62 200 57 132
internal_value=0.00162651 0.00291229 0.00489715 -0.00027528 -0.00666822 -0.00715707 0.000132538 -0.00930308 0.00783355 -0.0100291 -0.0125248 0.0103762 0.0170378 -0.000510234 -0.00110533 0.00902958 0.0103194 -0.00221556 -0.00808368 0.0128861 0.00728976 0.0197345 0.0116881 0.0144981 0.0172124 0.0223027 0.0244872 0.0157963 0.0208926 0.00768588
internal_weight=299.296 271.074 228.584 103.59 58.4205 42.4899 29.4023 28.2219 45.17 50.5907 47.1171 43.1896 25.0412 18.1484 21.3345 124.994 118.079 20.1851 6.91444 97.8942 59.5526 38.3417 47.0505 42.7435 38.5891 36.0131 33.8021 5.73151 32.2439 11.7748
internal_count=9350 8237 6273 2900 1610 1964 1294 1113 1290 1495 1433 1267 464 803 407 3373 2423 602 950 1821 750 1071 503 440 397 948 888 311 333 320
is_linear=0
shrinkage=0.035


Tree=149
num_leaves=31
num_cat=0
split_feature=88 83 54 86 13 106 91 3 0 61 71 92 61 55 116 95 57 64 87 35 57 1 106 120 143 104 108 69 41 116
split_gain=4.47155 4.72409 3.2501 5.28096 3.97749 5.78698 5.14532 4.09718 3.88554 3.95435 3.2663 4.37241 3.99188 6.07039 3.198 3.18434 3.7158 3.14552 3.24142 3.02247 2.95314 2.8309 2.69903 2.98639 3.19645 2.97274 2.92388 3.70477 2.6744 2.13763
threshold=1079.5000000000002 1341.5000000000002 0.17752100840336138 261.39943343151418 5.5000000000000009 645.53676470588255 6262.5952723584842 66.500000000000014 2.4328125000000003 0.954284221525601 0.71496962310323353 72379.000000000015 0.90430402930402942 0.77525466893039063 0.28452380952380957 5986.0000000000009 0.36939571150097467 0.83602150537634423 1.5000000000000002 17.500000000000004 0.55363984674329514 8.5000000000000018 63.035714285714292 0.020942982456140354 0.019197320801598881 0.99166666666666681 41.500000000000007 1.7500000000000002 16.500000000000004 0.91715686274509811
decision_type=10 10 8 8 2 10 10 2 2 2 8 2 2 10 2 2 10 2 10 2 10 2 10 2 10 2 10 10 10 2
left_child=1 2 4 -4 6 7 15 29 9 -5 11 -10 13 -12 -7 20 -17 -3 -19 -18 -1 -15 25 26 -25 -14 -24 -28 -16 -6
right_child=-2 17 3 8 5 14 -8 -9 10 -11 12 -13 22 21 28 16 19 18 -20 -21 -22 -23 23 24 -26 -27 27 -29 -30 -31
leaf_value=0.011980488714464501 0.022208329549122535 0.012239145817371289 0.01608498933586406 -0.0087038636358248156 -0.015420096274479853 -0.0064974685801423649 -0.0061781568636182314 0.012440165722129335 -0.0070824690382922419 0.010628062361178912 -0.013839029787765566 0.02793468780747935 -0.0098186011814900918 -0.0060623003469060868 0.026100125511844131 0.0030506790968692476 0.037506997746188694 0.0076042672875825572 -0.022457685243002058 0.0011710353376910168 -0.013672683915450673 0.025814727372002171 -0.024051960796224889 -0.013434514651340383 0.01526579125536069 0.014411490664687448 -0.016214996408127184 0.012484799432359474 -0.0041994590587106986 0.0079216345217740635
leaf_weight=10.533020061906425 7.8352022506296626 1.6427524560131157 15.274890967179088 14.658317062072454 28.209885838441554 4.720841797534379 10.461356739047913 5.9139787768945089 6.5182738597504777 35.482936919201165 8.1008657189086097 2.7689449531026185 9.9410361340269429 2.4405054133385402 11.619436811655758 8.4843434994108993 14.793748402968051 2.8873410420492318 16.62997130677104 3.6513595222495487 3.6867571016773573 7.9216335979290307 33.585463983006775 4.3296127393841726 4.7436787150800228 5.6074339589104047 6.479671501554547 5.7539719939231873 2.9602139317430547 2.4763636197894803
leaf_count=149 55 194 169 269 558 192 245 137 216 582 345 57 319 120 222 190 155 100 2556 76 42 199 1263 159 119 164 243 114 104 49
internal_value=0.00197838 0.00107166 0.00240137 -0.000726455 0.00698194 0.000329668 0.0135217 -0.00762262 -0.00292572 0.00469978 -0.00685872 0.00948017 -0.00897944 0.00456713 0.0138754 0.0186567 0.024857 -0.0131682 -0.0173666 0.0320977 0.00350274 0.0187775 -0.0125975 -0.0159708 0.00166316 0.00030021 -0.0192829 -0.00301049 0.0204468 -0.0126905
internal_weight=300.114 292.279 271.119 163.607 107.511 55.9007 51.6106 36.6002 148.332 50.1413 98.1911 9.28722 88.9039 18.463 19.3005 41.1492 26.9295 21.1601 19.5173 18.4451 14.2198 10.3621 70.4409 54.8924 9.07329 15.5485 45.8191 12.2336 14.5797 30.6862
internal_count=9362 9307 6457 4338 2119 1262 857 744 4169 851 3318 273 3045 664 518 612 421 2850 2656 231 191 319 2381 1898 278 483 1620 357 326 607
is_linear=0
shrinkage=0.035


Tree=150
num_leaves=31
num_cat=0
split_feature=87 83 118 65 94 47 49 116 114 114 107 47 0 47 69 143 119 62 32 75 117 71 72 106 122 55 85 65 2 118
split_gain=3.87406 4.53045 4.30691 4.81723 3.7977 3.69138 4.17453 4.27423 4.13486 5.58915 3.46732 3.19422 3.08801 3.03491 3.02846 4.09749 2.99786 2.98868 3.88093 3.24929 4.45801 3.2269 2.97514 2.89191 4.08956 2.70641 2.60699 2.59169 2.45299 2.41917
threshold=1.5000000000000002 1341.5000000000002 0.70659971305595415 1.8603896103896107 78356.500000000015 0.15590277777777781 0.062019230769230778 0.90521114106019784 0.087228260869565227 0.066987179487179499 3365.5479038615354 0.10948202054794522 1.2407002314814817 0.11451990632318503 2.7500000000000004 0.027763902763902764 2.351008876606016 0.39173060528559256 3.5000000000000004 1.7399355877616749 0.5545634920634922 2.8752846631329754 16.500000000000004 434.90000000000003 1.0000000180025095e-35 0.78281378178835126 452.38717948717954 3.0930735930735938 1.5000000000000002 0.79772727272727284
decision_type=8 10 2 10 2 2 2 2 2 2 8 2 2 2 10 10 10 2 2 10 2 8 10 10 2 10 10 10 2 2
left_child=28 2 3 4 12 6 7 8 9 17 11 -5 -2 14 -10 -16 -3 18 19 20 -4 -20 -14 24 -19 -23 -21 -22 -1 -8
right_child=1 16 5 10 -6 -7 29 -9 13 -11 -12 -13 22 -15 15 -17 -18 23 21 26 27 25 -24 -25 -26 -27 -28 -29 -30 -31
leaf_value=-0.0056816543829026848 0.0089370313490404422 -0.022558471509121273 -0.016815651108907363 0.026783252779531318 0.017301158328126464 0.015365563429108166 -0.0085953443396790292 0.013325089513277755 -0.018883404243037371 0.01586205461195762 -0.0060034245020265239 -0.0076020122120970717 -0.021856781793592978 0.010290041368113106 -0.011343912029199075 0.01481189644296001 0.0023901305660807949 -0.0073155469501305368 -0.011842204645627265 -0.020648378025796145 0.020348287607648518 -0.0025877920357715144 0.010107919362867559 -0.0062115434295822785 0.021297698274604267 0.02267968674267206 0.0071073603600326487 -0.0070244023017348011 0.023561378183939392 0.019275531034867972
leaf_weight=2.4907107120379797 4.7606795299798312 12.213158696889879 6.1269737128168371 21.103352440055467 4.2280190242454401 10.915514603722839 1.8369016298092891 12.337600371800361 39.727103602606803 15.517503628972916 3.8176009501330546 1.6088543627411116 11.731396979186682 3.5983424833975723 15.78844696795568 6.4273442802950731 7.640504043782129 6.3531769388355341 5.8727268101647523 32.266692531760782 7.2580587775446457 7.5829381095245463 1.3927076063118864 15.027653313241897 12.282661285717039 6.9093462857417762 2.2234897320158771 3.4019621731713414 8.9068527119234187 11.27733118413016
leaf_count=42 87 1822 263 383 139 189 43 242 1113 343 142 41 509 68 228 101 964 239 155 916 138 243 30 367 157 133 28 44 124 179
internal_value=0.000834335 -9.6014e-05 0.00119276 0.0100995 -0.00199871 -0.000931436 -0.00210625 -0.00349362 -0.00492611 -0.000953702 0.0189014 0.0234154 -0.00934446 -0.0116625 -0.013611 -0.0024457 -0.0144079 -0.0040383 -0.0079078 -0.0127023 0.00015167 0.00428863 -0.016612 0.0041544 0.0120591 0.0121863 -0.0181857 0.0121591 0.017387 0.0140767
internal_weight=302.626 291.228 271.374 48.6426 22.1128 222.732 211.816 198.702 186.364 120.823 26.5298 22.7122 17.8848 65.5412 61.9429 22.2158 19.8537 105.306 71.6422 51.2772 16.787 20.365 13.1241 33.6635 18.6358 14.4923 34.4902 10.66 11.3976 13.1142
internal_count=9472 9306 6520 1331 765 5189 5000 4778 4536 3026 566 424 626 1510 1442 329 2786 2683 1920 1389 445 531 539 763 396 376 944 182 166 222
is_linear=0
shrinkage=0.035


Tree=151
num_leaves=31
num_cat=0
split_feature=88 86 20 42 11 55 123 14 110 115 118 71 59 119 50 114 30 66 46 88 22 110 90 117 84 101 109 13 116 73
split_gain=3.78267 3.87228 3.50192 4.62872 2.7368 4.90634 4.41602 3.96805 4.44846 3.81508 3.68463 3.43609 3.04866 3.56833 3.0788 4.20273 3.68983 3.86819 3.41137 2.95126 2.91486 2.54499 2.53241 2.52158 2.41017 2.37041 2.36518 2.34937 2.66223 2.31404
threshold=1079.5000000000002 303.99371850685986 2.5000000000000004 13.500000000000002 9.5000000000000018 0.43875000000000003 1.0000000180025095e-35 3.5000000000000004 1098.5000000000002 0.2487113402061856 0.96899038461538478 4.2024443701488163 0.48742928975487121 0.70784234098129406 0.21980676328502416 0.14784456587735278 1.0000000180025095e-35 2.5001082204235616 0.26969696969696971 601.00000000000011 1.5000000000000002 191.25000000000003 83149.653846153858 0.16002844950213374 944.25000000000011 1.3095238095238098 2160.5000000000005 5.5000000000000009 0.30495169082125612 14.500000000000002
decision_type=10 10 2 10 2 10 2 2 10 2 2 10 2 8 2 2 2 10 2 10 2 10 2 2 10 2 8 2 2 10
left_child=1 2 4 -4 6 -6 7 8 12 23 20 19 13 -1 15 16 17 18 22 21 29 -8 24 -9 25 -14 -17 28 -13 -7
right_child=-2 -3 3 -5 5 10 11 9 -10 -11 -12 27 14 -15 -16 26 -18 -19 -20 -21 -22 -23 -24 -25 -26 -27 -28 -29 -30 -31
leaf_value=0.013225929837710589 0.019490302209779334 -0.014475664448623228 -0.019015107997799093 0.0077198259400393003 -0.015977646754126943 -0.0042910707013007424 -0.017077993779805963 0.0096146882671668665 -0.015465130480636899 0.011170139706646707 -0.0078369254730944107 -0.0065501024167629943 0.027056179146011106 -0.016616779700602789 -0.0081413136569474156 -0.014695489964835561 -0.0044438777924576713 -0.0062056409264389326 -0.0069373463844435565 0.0082896571272218136 -0.0097940838993097259 0.0062694560189909222 -0.0035746567995936498 -0.019456853156107828 -0.0055693760718258031 -0.0033252954417193913 0.0077675575422398993 -0.01186785401930578 0.018649843157053137 0.019865374423765486
leaf_weight=3.448703279718754 8.8397639691829664 14.214361182181163 15.967553369002419 9.2423860079143179 4.1429287898354223 3.6429569262545547 35.889911277918145 1.3084494676441014 5.3463785604108116 5.4353500800207248 6.4836336001753798 4.6507960194721845 51.097298314329237 7.673760897014291 6.0834516903851172 6.3474468835629496 7.7767514057923099 4.9536730838008216 2.9370354972779742 5.0460343610029659 2.0730398513842365 4.0392247331328681 2.9893267119768998 14.888264107517896 1.507811598246916 2.2448828511405727 7.1275798145215967 2.9521394593175492 10.277476895367725 42.208966627018526
leaf_count=77 63 1668 717 269 200 45 1058 11 271 72 91 205 1221 393 286 202 215 108 76 294 57 112 86 350 136 80 186 117 172 590
internal_value=0.00160568 0.00074524 0.00176628 -0.00955816 0.0030602 0.00936852 0.000968956 0.00458174 0.00727838 -0.00787565 0.0124808 -0.00635223 0.00910021 -0.00613152 0.0111404 0.0128582 0.0159894 0.0185502 0.0208863 -0.0111729 0.0157102 -0.0142813 0.0227387 -0.0153943 0.0243516 0.0256022 -0.00392717 0.0055652 0.0111253 0.0177129
internal_weight=300.837 291.998 277.783 25.2099 252.573 58.5515 194.022 131.166 109.534 21.6321 54.4086 62.8556 104.188 11.1225 93.0653 86.9818 73.5068 65.73 60.7764 44.9752 47.925 39.9291 57.8393 16.1967 54.85 53.3422 13.475 17.8804 14.9283 45.8519
internal_count=9428 9365 7697 986 6711 983 5728 3770 3337 433 783 1958 3066 470 2596 2310 1922 1707 1599 1464 692 1170 1523 361 1437 1301 388 494 377 635
is_linear=0
shrinkage=0.035


Tree=152
num_leaves=31
num_cat=0
split_feature=87 87 116 57 117 11 54 94 16 75 109 143 96 42 10 74 69 15 93 49 101 54 57 56 116 9 74 61 54 61
split_gain=3.41508 3.54706 3.86325 3.38868 3.72038 4.2186 3.76477 3.37357 3.35621 3.19901 3.30567 3.21327 2.69938 2.58622 3.53704 5.24982 3.21209 2.85388 2.75075 2.56838 2.49341 2.41494 4.87113 3.95149 3.27352 2.38299 2.25366 2.32932 3.3362 2.62307
threshold=1.5000000000000002 118.50000000000001 0.66397849462365599 0.42462121212121218 0.12916666666666668 14.500000000000002 0.098780487804878067 27420.750000000004 30.500000000000004 1.8867521367521369 8693.5000000000018 0.055749805749805752 1.8839743589743592 1.0000000180025095e-35 1.5000000000000002 12.750000000000002 2.2500000000000004 2.5000000000000004 79042.000000000015 0.057983193277310933 0.96666666666666679 0.36931818181818188 0.55363984674329514 0.68819444444444455 0.21320346320346323 2.5000000000000004 11.750000000000002 0.97234964322120299 0.22474747474747478 0.89528508771929838
decision_type=8 8 2 8 2 2 10 2 2 10 10 10 2 10 2 8 10 2 2 2 2 10 10 10 2 2 10 2 8 2
left_child=7 2 -2 4 -3 9 8 -1 -7 10 26 19 -13 18 15 16 -15 -18 20 -11 -5 22 23 -16 -24 -17 -6 29 -29 -28
right_child=1 3 -4 13 5 6 -8 -9 -10 11 -12 12 -14 14 21 25 17 -19 -20 -21 -22 -23 24 -25 -26 -27 27 28 -30 -31
leaf_value=-0.0076922538366270285 -0.01977905862575173 0.016483637381213327 0.010375426174956341 -0.018386749722413651 -0.01400277343674732 0.025184615148519697 -0.0098622222384554224 0.023764045479799614 -0.0044897196842906186 -0.019617436318846573 0.017849732084689637 -0.0090489836237431856 0.013919270799196753 0.0088389024802740732 0.01672095875910902 3.5938245846358249e-06 -0.024282045849041794 0.0065814370743135361 0.010017358160782412 0.0066777698970408705 0.0062790492890592332 -0.010992130309268603 0.0085220633569634951 -0.011390173735725709 -0.014902225414838955 0.022572983388193458 0.010786385703918181 0.020025240300614342 -0.010985298260306132 -0.01497385117163013
leaf_weight=3.0905942525714627 14.797755734529348 6.262602014001458 3.5424323552288106 12.032233034493407 12.513853699201716 9.5925040757283586 6.001171355135738 9.452415853738783 4.9236508430913082 38.255792759824544 5.1406701989471904 9.9446262919809651 5.8088128333911291 10.660881159361454 28.021290051983673 6.7542798526119432 5.1526771627832186 3.0465851477347314 5.8790164180099955 2.6714580822736016 4.2171638545114538 11.441005991073324 7.3185744027141508 3.8230082532390943 15.638718226691706 32.880621081683785 3.136648321757094 8.2938222801312786 2.4810483895707884 8.9074070956557971
leaf_count=34 1924 79 144 576 370 167 101 136 143 1178 114 392 65 265 560 297 91 37 241 67 199 480 170 158 338 556 83 136 105 222
internal_value=0.0010355 0.000123603 -0.0129797 0.00123026 -0.00296821 -0.00463313 0.00840434 0.0160299 0.0165479 -0.00766301 -1.50914e-05 -0.0126802 0.000733233 0.00475426 0.00669292 0.012599 -0.00231116 -0.0146652 -0.00539336 -0.0173609 -0.0120141 0.000959359 0.00416492 0.0122584 -0.00724617 0.0191581 -0.00450488 0.00228434 0.0116661 -0.00706888
internal_weight=301.683 289.14 18.3402 270.8 123.934 117.671 20.5173 12.543 14.5162 97.1541 40.4734 56.6807 15.7534 146.866 124.738 58.495 18.8601 8.19926 22.1284 40.9273 16.2494 66.2426 54.8016 31.8443 22.9573 39.6349 35.3328 22.8189 10.7749 12.0441
internal_count=9428 9258 2068 7190 3222 3143 411 170 310 2732 1030 1702 457 3968 2952 1246 393 128 1016 1245 775 1706 1226 718 508 853 916 546 241 305
is_linear=0
shrinkage=0.035


Tree=153
num_leaves=31
num_cat=0
split_feature=10 54 14 100 81 96 68 60 104 101 110 74 60 54 100 119 97 143 44 93 55 61 145 44 44 44 54 110 55 76
split_gain=3.40049 3.14833 4.97743 5.00269 4.60296 3.89065 5.99237 3.74357 3.21346 3.19094 3.09631 4.97983 4.00544 3.35331 3.01669 2.92102 2.83531 2.91773 2.90805 2.84522 2.82259 4.18639 2.81132 2.68519 2.62069 3.06706 2.59714 2.52155 2.48623 2.47776
threshold=3.5000000000000004 0.22474747474747478 3.5000000000000004 0.067816091954023008 91.999818727576056 1.1129326047358836 1.5000000000000002 0.89943820224719107 0.93127066603684472 0.44636015325670503 25.750000000000004 15.250000000000002 0.84877072612921689 0.34848484848484856 0.39696969696969703 0.40118825644972939 2.4259851711039322 0.030615323052297846 0.41561309977151567 15685.000000000002 0.95916666666666683 0.9388999502239922 0.18451046453701184 0.35032467532467537 0.58236434108527146 0.17712418300653598 0.11483516483516486 23.750000000000004 0.94494949494949509 0.54163275951997569
decision_type=2 8 2 2 8 2 10 2 2 2 10 10 2 10 2 10 2 8 2 2 10 2 8 2 2 2 10 10 8 8
left_child=1 2 9 4 -4 6 15 -8 23 29 11 13 -12 -7 24 -3 17 -14 -19 -18 21 26 -11 -6 25 -9 -5 -10 -24 -1
right_child=-2 5 3 20 8 10 7 14 27 22 12 -13 16 -15 -16 -17 19 18 -20 -21 -22 -23 28 -25 -26 -27 -28 -29 -30 -31
leaf_value=0.0058476937861270126 -0.012540208814447925 0.0046988036161409452 -0.017598503609079656 0.015115041490417678 -0.0035513397017820233 -0.0024629014056621783 -0.0065123944244520676 -0.0018217654033264301 0.012991283245396822 0.01367606563309009 0.005666309039959315 -0.01708732805312408 -0.0107365859801574 0.021701651126322746 -0.0065951495910017135 -0.018605771527002907 0.0037283909537150837 0.02461781805283076 -0.0092600821802806734 -0.022158707798470959 0.0051536336600469575 -0.02001967890906866 -0.017045240968599256 0.021585355820077905 -0.0056881871998882205 0.035543196475037162 -0.0099126353534324911 -0.014167657995499986 0.0087921682067817614 0.023021958688709321
leaf_weight=21.653071007924154 15.311016472987829 10.271179737988861 2.8553413189947596 5.8646366216707957 4.8114704117178944 11.064391750842338 4.390289081027734 2.6145982441958102 2.0858067008666676 5.5710345632396665 13.318590300623326 5.7215906500350675 8.4375954840797895 10.743939839070661 1.8407306398730714 7.8785286066122344 4.555675971787422 3.2762298029847452 1.6725077196024356 30.71179170627147 12.379014853853731 21.893849150976166 8.3765826809685642 23.333937254734337 1.2039695535786439 12.853361052926628 4.9178929245099425 5.9540946297347546 3.1751091619953522 27.295309849316254
leaf_count=527 1237 441 23 121 121 172 193 126 29 161 695 102 395 232 60 390 154 132 81 1439 170 522 329 363 33 312 140 93 66 551
internal_value=0.00133371 0.00229662 0.00567284 -8.48782e-05 0.0085233 -0.00165278 0.00675914 0.0171715 0.0124708 0.0124917 -0.00566461 0.00365513 -0.00976851 0.0112691 0.0229786 -0.00725101 -0.014128 -0.000126134 0.0142686 -0.018767 -0.00765021 -0.012541 -0.000522539 0.0174007 0.0270121 0.0303251 0.00417595 -0.00484207 -0.00943288 0.0166708
internal_weight=296.033 280.722 150.167 84.096 39.0407 130.555 41.0527 22.9029 36.1853 66.0711 89.5023 27.5299 61.9724 21.8083 18.5127 18.1497 48.6538 13.3863 4.94874 35.2675 45.0554 32.6764 17.1227 28.1454 16.6719 15.468 10.7825 8.0399 11.5517 48.9484
internal_count=9410 8173 3216 1582 629 4957 1555 724 606 1634 3402 506 2896 404 531 831 2201 608 213 1593 953 783 556 484 471 438 261 122 395 1078
is_linear=0
shrinkage=0.035


Tree=154
num_leaves=31
num_cat=0
split_feature=87 50 118 110 141 44 74 41 107 63 9 68 83 54 84 66 44 2 42 57 104 101 91 92 95 70 44 98 66 115
split_gain=3.92393 3.27149 3.63602 4.04337 4.32822 3.58344 3.94773 3.88753 3.87464 4.06911 4.06332 3.97345 3.34746 3.12338 3.11153 2.9517 2.93427 3.02169 2.86623 4.74367 3.57384 3.36807 3.33804 3.08903 3.1056 2.75249 2.66322 3.31422 2.87129 2.59823
threshold=1.0000000180025095e-35 0.10050505050505053 0.68857758620689669 1098.5000000000002 1.0000000180025095e-35 0.32025641025641033 16.250000000000004 13.500000000000002 1402.9552991402286 0.67470930232558157 11.500000000000002 16.500000000000004 1279.0000000000002 0.14907407407407411 595.25000000000011 2.7878703752953586 0.17712418300653598 5.5000000000000009 2.5000000000000004 0.28285714285714292 0.85092592592592597 1.1339285714285716 70.860516809325944 74097.500000000015 19721.000000000004 10.676190476190477 0.32672684458398749 1.5270467836257311 1.5083937896225275 0.26365441906653431
decision_type=8 2 2 10 2 2 10 8 8 2 2 10 10 10 8 10 2 2 10 10 2 2 10 2 2 10 2 2 10 2
left_child=-1 2 3 4 12 7 8 18 11 10 -10 14 16 -8 -7 -11 -2 -18 22 20 -20 23 -4 24 29 -12 -3 28 -28 -21
right_child=1 26 5 -5 -6 6 13 -9 9 15 25 -13 -14 -15 -16 -17 17 -19 19 21 -22 -23 -24 -25 -26 -27 27 -29 -30 -31
leaf_value=0.017498040398929951 -0.0035646100509728112 -0.015900163575256619 0.018106553179114505 -0.010363144436202126 -0.007893482960447628 0.011806625600675325 0.002827557755118228 -0.01394263622420611 -0.011128219616706812 0.019398747663131054 -0.012769548834941824 0.015105239217550659 -0.0091650161412027073 -0.024420610426902013 -0.012218169055414844 -0.0087233618530111676 0.031209864922084149 -0.0027915693698672131 -0.016783622758314222 0.042947929073990844 0.015343439716439554 -0.0065396459583071196 -0.0086569568024103486 -0.0048175021872760614 -0.0026640100414096978 0.011630116557501626 -0.016715248416272376 0.013292421580204071 0.0075026127998654157 0.0014457681921322939
leaf_weight=11.205833280459045 3.1461529685184422 21.595427311258391 3.2300132436212179 5.716094796312972 5.4960292875766745 3.4744302583858362 6.0598718968685743 4.7545086827594778 22.357409864431247 20.306567225838084 2.7226453446783152 4.4291400695219627 1.7317832286935289 11.834300035377963 52.451895921723917 2.5568030711729071 19.723332125227902 2.7858691504225126 5.130723342997956 10.833687827922409 2.4940013268496841 1.9106482898350794 13.654509699437765 1.6815924891270686 1.9553195843473066 23.163106750464067 11.143749332521116 8.8890230369288457 5.891230692388489 2.4965276420116416
leaf_count=124 141 1121 112 276 178 65 144 232 746 527 52 86 263 351 1348 68 334 67 248 225 76 92 601 52 61 617 587 368 174 44
internal_value=0.000747199 -0.000206306 0.00152156 0.0106708 0.0152124 -0.000485912 -0.00317333 0.00736575 -0.000806026 0.004592 -0.00141828 -0.00703037 0.020352 -0.0165907 -0.00987919 0.0152528 0.0235143 0.0272591 0.0109003 0.0171385 -0.00436021 0.0249165 -0.000569997 0.029141 0.0331435 0.00741201 -0.00811865 -0.000113677 -0.00853797 0.0376898
internal_weight=294.822 283.616 236.097 38.5993 32.8832 197.498 149.356 48.1415 131.462 71.1065 48.2432 60.3555 27.3871 17.8942 55.9263 22.8634 25.6554 22.5092 43.387 26.5025 7.62472 18.8778 16.8845 16.9671 15.2855 25.8858 47.5194 25.924 17.035 13.3302
internal_count=9380 9256 7006 1259 983 5747 4004 1743 3509 2010 1415 1499 805 495 1413 595 542 401 1511 798 324 474 713 382 330 669 2250 1129 761 269
is_linear=0
shrinkage=0.035


Tree=155
num_leaves=31
num_cat=0
split_feature=11 21 75 74 110 96 63 40 97 128 74 31 55 42 63 107 26 1 115 122 108 66 80 32 93 112 68 91 76 1
split_gain=2.95197 4.09393 4.73202 3.95296 5.54482 4.98577 3.8766 3.72975 3.50142 3.39331 3.17109 3.1651 2.94329 3.68483 2.87649 2.86463 2.7701 2.90958 2.67165 2.5219 3.52719 2.52012 2.4855 2.55289 2.36502 2.34023 2.55789 2.16382 2.15563 2.37458
threshold=14.500000000000002 7.5000000000000009 1.7165178571428574 14.750000000000002 36.250000000000007 1.1181455633100701 0.53139076576576583 26.500000000000004 3.4194799594464658 0.16954022988505749 8.7500000000000018 15.500000000000002 0.74813432835820903 1.0000000180025095e-35 0.75683665927568378 101.30904968940567 7.5000000000000009 18.500000000000004 0.26713615023474185 3.5000000000000004 165.50000000000003 3.916033375258626 538.25297619047626 15.500000000000002 81758.500000000015 0.15192307692307697 5.5000000000000009 41.891372117465366 0.83162985446573878 4.5000000000000009
decision_type=2 2 8 10 10 2 2 2 2 2 8 2 10 10 2 10 2 2 2 2 10 8 8 2 2 2 10 10 10 2
left_child=1 3 9 4 10 8 -2 11 19 -3 -1 14 16 -14 28 -10 17 -5 21 20 -6 -15 -7 -24 -8 26 27 -12 -4 -30
right_child=6 2 7 12 5 22 24 -9 15 -11 25 -13 13 18 -16 -17 -18 -19 -20 -21 -22 -23 23 -25 -26 -27 -28 -29 29 -31
leaf_value=-0.011936656092785655 -0.0091727030270964925 0.019626389225838908 -0.022826490303548549 0.01476230965125659 -0.017233117074413093 0.0091609223979804005 0.021495139791601742 0.0056131360904255311 -0.0050636187826213095 -0.0056082691637422341 0.00023793077823459089 0.0086423777821330403 -0.0067644437742573615 0.02897859991659095 0.0027763799328844314 0.026529675387750175 -0.01207828299528816 -0.01124749677671367 -0.0021820924494849875 0.016616273013302187 0.0075485266060896028 0.00051157191987117668 -0.018000082267159403 0.0084905307812268398 -0.0016788900239632421 -0.0086797034385706299 -0.0010455757654889647 0.021456390963845374 0.014189311074955984 -0.011948889903527224
leaf_weight=5.02076985198073 6.316343882353979 8.1732918047346192 36.792878417065367 12.920836860081186 13.373981772223496 2.1640579199884078 17.407298849197108 11.160695583792402 3.1879175370559079 9.5651598989497852 7.5165510699152973 3.6775322188623241 5.0776732859667382 18.478008091449745 6.7912524580024174 5.6929622767493129 8.7543554790317994 3.2731356341391793 4.6733024416025719 1.2480035782791663 7.7382745004724702 4.764652886427938 40.323958611115813 2.0459376086946568 6.2030190050136289 3.7478546383790663 12.021798229776321 24.19000126956962 2.3196081784553817 5.2434136946685612
leaf_count=135 111 254 974 490 673 23 403 326 118 172 320 62 246 478 165 148 277 140 105 15 178 157 2251 86 188 118 188 433 46 172
internal_value=0.000703224 -0.000526118 -0.00673122 0.00236682 -0.00111711 -0.00699261 0.0102798 -0.0109048 0.00346438 0.00777796 0.00723428 -0.0144554 0.00955561 0.0156889 -0.0167379 0.0174499 0.000179372 0.00809196 0.0201801 -0.00426411 -0.00844377 0.0242667 -0.0139375 -0.0159597 0.0161774 0.0102058 0.012549 0.0171438 -0.0197043 -0.00147554
internal_weight=299.865 269.938 83.7238 186.214 128.272 75.7751 29.9267 65.9854 31.2411 17.7385 52.497 54.8247 57.942 32.9936 51.1472 8.88088 24.9483 16.194 27.916 22.3603 21.1123 23.2427 44.534 42.3699 23.6103 47.4762 43.7284 31.7066 44.3559 7.56302
internal_count=9452 8750 2171 6579 4686 3492 702 1745 1132 426 1194 1419 1893 986 1357 266 907 630 740 866 851 635 2360 2337 591 1059 941 753 1192 218
is_linear=0
shrinkage=0.035


Tree=156
num_leaves=31
num_cat=0
split_feature=96 98 75 20 73 74 55 128 119 57 117 0 96 0 50 96 98 45 71 119 65 86 56 73 54 96 56 8 141 46
split_gain=3.28464 3.06932 4.23452 4.0106 3.93126 3.59646 6.9015 5.26981 3.90006 3.33941 3.17639 3.77213 3.77952 3.26533 3.07343 3.04881 3.04523 3.30821 2.94936 2.92661 2.9196 3.99816 2.8757 2.71826 2.59372 2.80717 2.61443 2.53289 2.46796 2.44125
threshold=4.0303030303030312 0.89039039039039047 1.7165178571428574 2.5000000000000004 18.500000000000004 14.750000000000002 0.92450142450142458 0.21240601503759401 2.6468839837495177 0.20942982456140355 0.83827375762859646 21.387679398148151 1.2742946708463954 109.73885995370371 0.027212143650499818 2.2899159663865549 1.6228448275862071 0.14608739837398377 5.4060146738192518 1.8868454971521091 2.0200000000000005 314.31405019349342 0.14379699248120303 14.500000000000002 0.24404761904761907 1.1181455633100701 0.30495169082125612 2.5000000000000004 1.0000000180025095e-35 0.079455266955266959
decision_type=2 2 8 2 10 10 10 2 8 8 2 2 2 2 2 2 2 2 8 8 8 8 8 10 10 2 10 2 2 2
left_child=1 23 3 4 24 9 7 16 29 14 11 12 19 22 -4 -6 -7 18 -18 -11 -12 -22 -13 -1 26 -26 -3 -28 -23 -9
right_child=-2 2 5 -5 15 6 -8 8 -10 10 20 13 -14 -15 -16 -17 17 -19 -20 -21 21 28 -24 -25 25 -27 27 -29 -30 -31
leaf_value=0.002710863024252086 0.019211304390104707 -0.0027025701673635766 -0.010293189005541974 -0.014527675438910597 0.032543262289358742 -0.020074294584558696 0.016585469032042631 0.025880876194821458 -0.0076727894586008077 -0.0043276469210060085 0.017244215875362314 0.008622052475556842 -0.010508273398137926 -0.0025370167095820637 0.015821951340401482 -0.0035336088009652322 0.020557305030687052 -0.013658959405422924 -0.010799791708993358 0.02260436310529567 0.015215957728938433 -0.01747126924049382 -0.024168238007125416 -0.016057555058240518 0.011301545717547367 -0.011918973405887765 0.024773941195101006 -0.0074125361828280435 0.0052223319208547763 -0.0047713625902329635
leaf_weight=12.406108271796255 5.2720448561012736 7.9818179593421545 4.2178597915917626 3.8669332079589358 9.1681426130235177 17.1093937184196 27.2698505516164 8.4433199407067168 7.0757547165267161 6.5237013809382924 5.7351085625123259 1.1492672362364817 16.615270127775148 16.303449854953215 11.349500635406001 2.4618962104432276 6.391169928479937 6.1020957475993773 1.7330091509502388 6.0280352444387981 5.0819731119554516 13.96905649174005 32.600127631565556 22.740110887214541 5.2295586555264917 12.939388113794847 10.698276922572401 1.3147666009608663 5.7698898296803227 2.3766305486205956
leaf_count=405 119 145 165 213 246 682 662 169 160 193 104 12 484 799 500 27 186 319 76 192 77 176 1552 595 200 519 268 21 57 71
internal_value=-0.000250146 -0.000922079 0.000482289 0.00877418 0.0117443 -0.00188094 0.00394187 -0.00394501 0.009612 -0.00544968 -0.00761596 -0.0111314 -0.000811542 -0.0165252 0.00796407 0.0261401 -0.0119447 0.000510426 0.0123022 0.0113613 0.00178186 -0.00408313 -0.0220832 -0.00992006 0.00483753 -0.00423883 0.0122831 0.0201081 -0.0111229 0.019768
internal_weight=295.924 290.651 255.505 53.6608 49.7938 201.844 76.5012 49.2314 17.8957 125.343 109.776 79.2199 29.167 50.0528 15.5674 11.63 31.3357 14.2263 8.12418 12.5517 30.556 24.8209 33.7494 35.1462 38.1638 18.1689 19.9949 12.013 19.7389 10.82
internal_count=9394 9275 8275 1639 1426 6636 2325 1663 400 4311 3646 3232 869 2363 665 273 1263 581 262 385 414 310 1564 1000 1153 719 434 289 233 240
is_linear=0
shrinkage=0.035


Tree=157
num_leaves=31
num_cat=0
split_feature=119 54 55 70 98 27 92 107 43 110 46 26 92 65 115 60 143 60 110 119 125 66 66 117 107 32 107 127 107 43
split_gain=4.26353 4.84224 4.14677 4.94079 4.68669 3.89292 5.23225 4.59003 4.29347 3.57726 3.47844 4.32015 4.77892 3.09552 3.18099 3.02404 2.83548 2.79465 2.57039 2.83793 2.45192 2.37092 2.84562 3.61628 2.35046 3.83531 2.19921 2.19446 2.17598 2.17793
threshold=0.77303240518350214 0.44949494949494956 0.88516483516483524 11.860389610389612 0.89039039039039047 12.500000000000002 61613.500000000007 2738.4801702330142 0.41240409207161127 82.250000000000014 0.060120481927710849 9.5000000000000018 39718.000000000007 3.8090909090909095 0.25472370766488417 0.99350649350649356 0.16417419386169391 0.60769230769230786 18.250000000000004 1.9259093622562109 4.5000000000000009 0.51697347450054409 2.7209066426702244 0.89699381078691431 81.391134454052704 4.5000000000000009 2278.3679506903604 1.5000000000000002 4.2229070457127253 0.23013871374527115
decision_type=10 8 10 10 2 2 2 10 2 10 2 2 2 10 2 2 8 2 10 10 2 8 10 2 10 2 8 2 10 2
left_child=24 2 5 -4 18 7 8 10 20 21 16 -12 -13 14 26 -9 -2 -3 -5 -20 -7 -6 23 -23 25 28 -8 -10 -1 -30
right_child=1 17 3 4 9 6 13 15 27 -11 11 12 -14 -15 -16 -17 -18 -19 19 -21 -22 22 -24 -25 -26 -27 -28 -29 29 -31
leaf_value=0.0092521925599490067 -0.018421428022151947 0.012634610592776678 -0.0056199929700775789 0.011740359606242454 -0.0058856186531293141 -0.014561790748861948 0.036178472857668002 -0.0061043121689229873 0.021872332763157323 -0.0035388191076100662 -0.015723345846529183 0.021012961556137657 -0.0062748357099107486 -0.0031111926741800872 -0.0060467170175602623 0.019181102388555783 0.0072720233271422177 -0.017375133934157096 0.010739952762932419 -0.021348989836292062 0.0056133405561512497 0.031956711470958195 0.0032639024274923869 -0.0012516408612844334 0.022667956758937707 0.021542108785173559 -0.0034918924371888714 -0.0067504441157200494 0.0059809551725980977 -0.013273578055516235
leaf_weight=12.406034821877254 38.103950972203165 0.79749073670245962 20.933781994041055 2.8658635145984572 1.832032220205291 19.493310715537522 8.69655736093409 6.8231526648160044 6.0095165998209259 7.0058933133259407 10.239534183405338 10.190681323409082 12.716618607286362 4.452937008580192 1.5342878375668068 8.6362324049696326 3.3135662241838864 20.528382969321683 1.2475713053718207 6.7155678083654493 7.4136690862942478 24.806549892760817 8.8461340768262726 4.2178399255499235 10.594593512592835 8.4080871553160232 1.014149654190988 1.9613568009808657 7.8126435475423959 14.260009001707656
leaf_count=564 1481 36 505 52 78 944 270 280 145 298 397 233 389 75 60 259 130 1188 59 149 238 429 115 36 147 115 35 37 199 428
internal_value=0.00220077 0.000136099 0.0018017 0.0079915 0.0129971 -0.00180874 0.00562162 -0.00605931 -0.00233645 0.0174725 -0.00961692 -0.000827962 0.00745441 0.0195961 0.026778 0.00925667 -0.0158039 -0.0140664 -0.00572802 -0.0141183 -0.00899441 0.0211613 0.0230036 0.0276561 0.0106763 0.00565636 0.0322568 0.0149421 -0.000455268 -0.00661248
internal_weight=293.878 240.397 219.071 78.4712 57.5375 140.6 50.5758 90.0237 34.8779 46.7084 74.5644 33.1468 22.9073 15.6979 11.245 15.4594 41.4175 21.3259 10.829 7.96314 26.907 39.7026 37.8705 29.0244 53.4814 42.8868 9.71071 7.97087 34.4787 22.0727
internal_count=9371 7918 6694 1721 1216 4973 1804 3169 1364 956 2630 1019 622 440 365 539 1611 1224 260 208 1182 658 580 465 1453 1306 305 182 1191 627
is_linear=0
shrinkage=0.035


Tree=158
num_leaves=31
num_cat=0
split_feature=88 50 46 66 110 62 83 56 60 110 115 71 114 81 108 74 60 70 66 26 42 4 66 70 120 95 47 118 45 93
split_gain=3.24313 3.46682 4.15503 3.85538 4.34784 3.81385 4.08956 3.68768 4.01143 3.55499 3.24519 3.28616 3.16495 2.78436 2.96488 2.64849 2.64049 3.41187 4.18508 2.91834 2.91126 2.61015 5.28867 2.56061 2.48319 2.54649 2.47252 2.34109 2.99272 2.31419
threshold=1079.5000000000002 0.081799933087989302 0.06472559698366151 0.83841403847544094 85.250000000000014 0.39504283965728276 839.50000000000011 0.55684754521963831 0.94678466076696177 58.250000000000007 0.059411764705882358 4.5840905961775222 0.068404634581105184 415.26732124042229 246.50000000000003 11.250000000000002 0.86402157164869042 12.877500000000003 3.093180437215358 20.500000000000004 9.5000000000000018 5.5000000000000009 1.141859587446435 9.4772727272727284 0.045804195804195813 791.50000000000011 0.055250305250305255 0.61721611721611735 0.049390243902439034 33605.000000000007
decision_type=10 2 2 8 10 2 10 10 2 10 2 8 2 8 8 10 2 10 8 2 8 2 10 8 2 2 2 2 2 2
left_child=1 2 5 4 -4 12 16 8 9 24 11 15 13 -1 -15 -3 -7 18 29 20 26 22 -14 -9 25 -5 -19 -10 -29 -18
right_child=-2 10 3 7 -6 6 -8 23 27 -11 -12 -13 21 14 -16 -17 17 19 -20 -21 -22 -23 -24 -25 -26 -27 -28 28 -30 -31
leaf_value=0.0066844823522392511 0.018383014372260094 -0.0086357610908372219 0.027840781960655054 -0.0031934177921718902 -0.0083343502312816144 -0.0074903622338913277 -0.011992900843387633 0.011888165936277072 0.015094418612891881 -0.0063921019524645663 -0.011732272468784765 -0.0080055366303564066 -0.0072422516653860725 -0.01592675716968274 0.0062977165747620783 0.02043625917651299 0.0080503669961515152 0.032846876828886401 0.017722040313660429 -0.0046577952742640708 -0.004290885280417274 -0.0069703523891099621 0.023193250949658621 -0.014585461167686208 -0.0034730491267402999 0.029464427282651987 -0.0029377301647473672 0.0066656426658036625 -0.016353395368231417 -0.0180156728998489
leaf_weight=7.4471104089170685 8.2918423917144519 2.0683719879016307 14.429668648168446 2.3266000184230604 2.7028438365086904 5.4161221007816485 7.9801561029162249 1.8269204201642395 2.6218924331478801 4.4815466660074881 40.381635805475526 11.421758250566198 9.4290112326852995 42.707283280557021 5.9264790136367074 9.5704726267140341 2.7182869086973387 15.423550288192937 5.3656655452214173 3.110308624804019 2.3237757058814159 14.623400596668942 10.454198346007614 13.065752379130572 2.9379723195452234 16.565914701903239 1.7974063772708166 8.3367205383256096 11.246601132676004 7.9794672499410808
leaf_count=108 61 123 338 34 175 179 466 43 33 234 1805 616 407 1493 167 384 41 288 97 53 83 482 232 541 47 273 44 137 251 215
internal_value=0.00147685 0.000681143 0.00274201 0.00884373 0.0215402 -0.000884648 0.00630294 0.00408969 0.00863485 0.0167301 -0.00624131 0.00375117 -0.00513305 -0.00995087 -0.0128839 0.0142273 0.0104949 0.0135796 0.000569801 0.0210334 0.0252378 0.00296539 0.0102051 -0.00916608 0.0217835 0.025616 0.0292913 -0.00226946 -0.00719143 -0.0109378
internal_weight=294.979 286.687 223.245 80.5424 17.1325 142.702 52.1147 63.4099 48.5172 26.312 63.4422 23.0606 90.5875 56.0809 48.6338 11.6388 44.1346 38.7185 16.0634 22.655 19.5447 34.5066 19.8832 14.8927 21.8305 18.8925 17.221 22.2052 19.5833 10.6978
internal_count=9450 9389 6461 2106 513 4355 1466 1593 1009 588 2928 1123 2889 1768 1660 507 1000 821 353 468 415 1121 639 584 354 307 332 421 388 256
is_linear=0
shrinkage=0.035


Tree=159
num_leaves=31
num_cat=0
split_feature=87 54 119 120 44 109 106 25 41 119 0 63 91 100 69 98 95 115 38 76 11 65 119 56 0 70 59 74 51 93
split_gain=2.91937 3.17359 4.20747 3.76025 3.32685 3.20155 3.97258 3.01174 2.62537 2.74831 2.52322 2.48081 2.35974 3.60892 3.5395 3.16901 3.85411 3.11567 2.86343 2.69726 2.68855 2.77046 3.78937 3.52906 3.12173 2.9066 2.59969 2.52654 2.47434 2.34453
threshold=1.5000000000000002 0.1126984126984127 0.77303240518350214 0.01526806526806527 0.42526595744680856 255.50000000000003 73.562500000000014 1.5000000000000002 9.5000000000000018 3.8204425374077253 48.354253472222233 0.69920634920634928 3736.6899829017552 0.21807065217391305 2.7500000000000004 1.3585714285714288 15366.500000000002 0.067231638418079109 2.5000000000000004 0.8645437445359313 9.5000000000000018 1.3541666666666667 2.3601990901281718 0.45584415584415588 0.94059027777777782 13.171568627450982 0.60566188197767157 13.750000000000002 0.12916666666666668 55518.000000000007
decision_type=8 8 8 2 2 10 10 2 8 10 2 2 8 2 8 2 2 2 2 8 2 8 8 10 2 10 2 8 2 2
left_child=-1 3 5 7 -5 6 10 -2 12 -10 -3 -12 18 14 15 27 19 -16 20 -17 21 22 -4 28 -25 -24 -20 -14 -23 -26
right_child=1 2 8 4 -6 -7 -8 -9 9 -11 11 -13 13 -15 17 16 -18 -19 26 -21 -22 23 25 24 29 -27 -28 -29 -30 -31
leaf_value=0.017804923078481985 0.00067833163534771347 0.015877927074004559 -0.0082916802557196426 -0.012165988701302833 0.011677790061010969 0.022142258418451095 -0.017398127239662737 0.023447206538967657 -0.015368410037754483 0.0075625780854570775 -0.014825700030641023 0.01035719797696065 -0.018287859806826224 -0.0081932292458282204 0.0020001484390078702 0.026967018893130457 -0.0083308924528535735 0.027293842289946732 -0.0083451856723206642 -0.0071005088037567896 0.010635800258811794 -0.020099588864719641 0.029686769060068958 0.014032293292896063 -0.016811925592328913 -0.0049244414254441277 0.019651779561760493 0.0036717205003879245 0.0089045281515014469 0.0016450345710991923
leaf_weight=10.888429957907645 10.436785953119399 14.867274122778332 9.2023761670570785 11.362252089427786 7.8521678142715237 12.075263833161442 4.607160930056124 19.634074158268049 22.79432261665352 4.9945530088152728 5.5491721041034889 4.1365224400069565 8.0671713202027622 15.955197160830719 10.441166725708174 7.9643883428070668 5.2657424688804886 12.181704646209253 2.7941250514704716 1.3928677511867142 7.0001790921669445 30.616023179376501 3.5135927952360371 6.4390133372507981 11.025018878630364 2.6763118046801537 6.6859308404382318 9.9159225698094797 1.2087154786568124 16.104003975167871
leaf_count=165 353 247 514 409 169 155 255 535 822 78 176 87 375 622 333 248 305 199 148 85 121 843 104 135 559 90 270 356 34 661
internal_value=0.00314667 0.00229449 0.000537562 0.00993075 -0.00202268 0.010049 0.0025332 0.0167681 -0.00166109 -0.0107222 0.00858394 -0.00420614 9.97134e-05 0.00476005 0.00887167 0.000917192 0.0111449 0.0180951 -0.00337696 0.0211892 -0.00549604 -0.00743233 0.00476543 -0.010438 -0.00192333 0.0192083 0.0113678 -0.00801474 -0.0179385 -0.00730475
internal_weight=297.647 286.759 237.474 49.2853 19.2144 41.2354 29.1601 30.0709 196.238 27.7889 24.553 9.68569 168.449 71.1842 55.229 32.6061 14.623 22.6229 97.2653 9.35726 87.7852 80.7851 15.3923 65.3928 33.568 6.1899 9.48006 17.9831 31.8247 27.129
internal_count=9453 9288 7822 1466 578 920 765 888 6902 900 510 263 6002 2523 1901 1369 638 532 3479 333 3061 2940 708 2232 1355 194 418 731 877 1220
is_linear=0
shrinkage=0.035


Tree=160
num_leaves=31
num_cat=0
split_feature=69 32 90 120 117 47 54 110 71 110 60 0 65 114 28 0 60 26 92 75 42 1 65 75 98 55 73 145 0 84
split_gain=3.87332 3.69275 5.74636 4.72757 4.27609 4.23489 4.33345 4.61046 3.81905 3.40185 3.07073 3.01363 2.86589 3.02389 2.93575 2.84457 2.82525 3.2451 3.84334 3.69956 2.60826 2.52289 2.49674 2.5 2.58549 2.45405 2.29764 2.17471 2.13059 2.33485
threshold=2.7500000000000004 4.5000000000000009 60461.666666666679 0.01526806526806527 0.46770833333333339 0.027149877149877152 0.37980769230769235 45.750000000000007 4.5129428345386913 81.250000000000014 0.85610766045548659 15.682447916666669 2.3964285714285718 0.13608305274971944 7.5000000000000009 25.176678240740745 0.90443574690150041 32.500000000000007 69610.500000000015 1.4580419580419581 1.5000000000000002 12.500000000000002 1.2928571428571431 2.1519230769230773 0.93541666666666679 0.49747474747474757 23.000000000000004 0.41660757226721318 144.44697337962967 741.25000000000011
decision_type=10 2 2 2 2 2 8 10 8 10 2 2 10 2 2 2 2 2 2 10 10 2 8 10 2 10 10 10 2 8
left_child=1 2 4 9 8 6 22 15 20 12 -2 -10 13 14 27 -8 21 18 19 -18 -1 -12 -4 24 -24 -21 -6 -3 29 -26
right_child=10 3 5 -5 26 -7 7 -9 11 -11 16 -13 -14 -15 -16 -17 17 -19 -20 25 -22 -23 23 -25 28 -27 -28 -29 -30 -31
leaf_value=-0.0070566723827228369 -0.0075544456241241429 0.033009512785324609 -0.0054485093290012705 -0.012187677713050842 -0.01701770142464817 -0.0092917602813501251 -0.0099785723405783778 -0.018051035031736405 0.0060550389618407438 -0.0066281674895145512 0.028264936953635449 -0.019208249806971282 -0.0022174072654524784 -0.001459678064988223 -0.0045478105311670394 0.021628493312853912 -0.0098620354898553992 -0.013841308436868517 -0.0062675623809223422 -0.0068633614040403282 0.018979565352824461 0.0028483438432931143 -0.0043313257386901442 -0.00167914654501783 -0.0035816960294229711 0.017706813735950663 0.0096999566092406259 -0.0023561139319857646 -0.0023408395512956306 0.033145452976947647
leaf_weight=3.7617750088684287 12.251206608023493 15.771782977739358 3.7987954469863352 9.1554471703711879 52.578088973416016 18.278968934086151 1.8462300715036679 8.7658826233819109 6.545613285386934 7.534319235244765 10.145451568299906 9.342987096635623 7.4429459383245549 5.5186928110197178 2.1173613169230512 4.6881219828501344 4.8335353783331803 5.4171231444925061 15.459005074808372 2.9833747888915232 10.055240791756658 8.8065839814953488 2.2862421239260646 5.1744713205844155 1.3438591207377673 39.164927632780746 1.1180463714990754 1.6636659083887924 2.0156614130828521 15.853895928245036
leaf_count=221 308 286 172 283 1765 804 78 527 185 366 177 640 188 117 51 236 97 90 301 125 541 187 53 209 53 741 63 47 75 455
internal_value=0.00120945 -0.00164246 -0.00439652 0.00625507 -0.0102055 0.00335857 0.00882788 -0.00528391 0.000527823 0.011356 0.00667801 -0.00984243 0.0158513 0.0206921 0.0259684 0.0122438 0.00898862 0.00491139 0.00744387 0.0121244 0.0118995 0.0195145 0.0156594 0.019051 0.0234157 0.0154243 -0.0156825 0.0298619 0.02693 0.0301152
internal_weight=295.719 196.658 147.454 49.2042 83.4018 64.0521 45.7732 15.3002 29.7056 40.0488 99.0612 15.8886 32.5144 25.0715 19.5528 6.53435 86.81 67.858 62.4408 46.9818 13.817 18.952 30.4729 26.6741 21.4997 42.1483 53.6961 17.4354 19.2134 17.1978
internal_count=9441 7415 6077 1338 3415 2662 1858 841 1587 1055 2026 825 689 501 384 314 1718 1354 1264 963 762 364 1017 845 636 866 1828 333 583 508
is_linear=0
shrinkage=0.035


Tree=161
num_leaves=31
num_cat=0
split_feature=87 94 54 118 110 49 49 100 117 118 92 70 117 51 94 80 26 65 93 109 93 56 50 115 54 56 9 32 87 118
split_gain=3.94346 3.49836 3.21139 3.00152 4.43653 3.33712 2.67556 2.75652 2.59878 4.74989 4.03029 3.98803 3.33958 4.52604 3.30026 3.23111 3.19576 3.12518 3.05656 2.83357 2.73102 2.63632 2.74277 2.45295 2.3795 2.37148 2.19573 2.1503 2.10678 2.09349
threshold=1.5000000000000002 27420.750000000004 0.093386627906976757 0.31666666666666671 1234.0000000000002 0.06030303030303031 0.020204081632653064 0.32305502846299816 0.65419580419580436 0.79205974842767313 44951.500000000007 14.912878787878789 0.46247654784240161 0.015038444142921758 77343.250000000015 538.25297619047626 18.500000000000004 3.379807692307693 51987.500000000007 8559.5000000000018 82803.500000000015 0.40149253731343287 0.061381475667189961 0.1811868686868687 0.063164893617021281 0.33137254901960789 15.500000000000002 10.500000000000002 156.50000000000003 0.83034857691077724
decision_type=8 2 8 2 8 2 2 2 2 2 2 10 2 2 2 10 2 10 2 10 2 8 2 2 10 10 2 2 8 2
left_child=1 -1 24 4 -4 6 8 -8 10 18 12 -11 13 15 17 19 27 -12 -10 23 26 22 -16 -5 -2 -20 -13 -14 -26 -7
right_child=2 -3 3 5 -6 29 7 -9 9 11 14 20 16 -15 21 -17 -18 -19 25 -21 -22 -23 -24 -25 28 -27 -28 -29 -30 -31
leaf_value=-0.0071871865644119338 -0.0033828658053870909 0.025904805270561198 0.024241804733869853 0.025638566297040297 -0.0073481369525001073 -0.0049931637132624327 -0.020642755241289858 0.0063290246969421203 -0.0066319551360269988 0.0028416620787019057 -0.021648218816443906 -0.021132313117963111 -0.021619553499835707 -0.015017522478935636 0.023747972848615795 -0.0095036675701610455 0.010173297681983745 0.0028155846237198721 -0.0027105749365706599 -0.0082944604949656969 0.0078197620085390575 -0.0091644464745798317 -0.0076601221883253788 -0.0068673059580572253 -0.0074006970808104065 0.032518722996853697 0.0059497242646177678 0.0049759909237072561 0.019378332594717745 0.017742086253818817
leaf_weight=2.946059249341487 8.7433026700746286 8.8365456885658187 8.331283612409603 17.926027368754163 6.1134729371406147 4.5227882235776624 13.240505570778625 3.6224411486182353 2.3269428005442014 79.591402355581522 29.152091821655631 16.39029855537229 10.250590633484537 3.7592316877562544 3.8988976455293569 2.7689597996650255 4.2681736643426111 6.5640183980576685 2.0232798024080676 1.651560273952781 3.635610027704387 8.9149835845455527 2.4520467848051339 1.1579091739840794 1.5644915075972701 6.7045729251112789 2.1634969469159833 2.8018437058199188 18.426091988105327 11.312369255349038
leaf_count=35 324 136 79 512 320 147 373 101 71 1512 1759 337 679 312 127 369 144 207 36 75 66 509 106 63 189 124 31 76 403 242
internal_value=0.00146622 0.0179545 0.0004843 -0.00083973 0.0124204 -0.00187037 -0.00304938 -0.0147264 -0.00178163 0.0017948 -0.00588362 -0.000950518 0.0017819 0.00883208 -0.0121476 0.0146117 -0.00880806 -0.0173585 0.019495 0.0190527 -0.0125739 0.00131867 0.0135889 0.02265 0.0106387 0.0263392 -0.0173817 -0.0161136 0.0162212 0.0116086
internal_weight=296.061 11.7826 284.279 255.545 14.4448 241.1 225.265 16.8629 208.402 112.836 95.5663 101.781 44.5843 27.2637 50.982 23.5045 17.3206 35.7161 11.0548 20.7355 22.1894 15.2659 6.35094 19.0839 28.7339 8.72785 18.5538 13.0524 19.9906 15.8352
internal_count=9464 171 9293 8377 399 7978 7589 474 7115 2177 4938 1946 2230 1331 2708 1019 899 1966 231 650 434 742 233 575 916 160 368 755 592 389
is_linear=0
shrinkage=0.035


Tree=162
num_leaves=31
num_cat=0
split_feature=92 96 32 117 65 68 65 11 71 117 98 94 2 117 73 96 110 94 100 125 113 111 124 108 108 145 95 95 74 54
split_gain=3.45826 4.54511 4.19399 5.72546 5.16052 4.48819 3.83811 4.44401 4.04544 3.94306 3.60134 3.54496 3.37301 3.17942 3.17541 3.16561 5.16734 3.66589 3.36725 3.35825 2.92639 2.83366 2.81065 2.79674 2.90005 2.7516 2.82345 2.49585 2.4271 2.35502
threshold=57284.500000000007 3.018518518518519 9.5000000000000018 0.21498599439775914 1.7290209790209794 6.5000000000000009 1.6794871794871797 9.5000000000000018 3.3770510623246195 0.92637759710930456 0.94590643274853814 49675.000000000007 2.5000000000000004 0.3816526610644258 11.500000000000002 2.1695402298850577 59.250000000000007 77343.250000000015 0.33771929824561409 5.5000000000000009 0.02339261285909713 0.040270270270270282 1.0000000180025095e-35 13.500000000000002 1.5000000000000002 0.24746640370847711 23164.000000000004 36975.000000000007 10.750000000000002 0.42261904761904767
decision_type=2 2 2 2 10 8 8 2 8 2 2 2 2 2 8 2 10 2 2 2 2 2 2 8 10 8 2 2 10 10
left_child=1 2 3 4 -1 11 12 8 -8 25 -2 13 23 -4 -12 16 18 -18 19 22 -9 -22 -16 24 -5 -10 -27 -7 -15 -19
right_child=10 -3 5 6 -6 27 7 20 9 -11 14 -13 -14 28 15 -17 17 29 -20 -21 21 -23 -24 -25 -26 26 -28 -29 -30 -31
leaf_value=-0.0086201001647566809 -0.0077417608889266071 0.017882895125623785 -0.0079698582716765422 -0.0048230282959368627 0.019382307413830183 -0.015744043032977405 -0.029319983429745577 0.0067780394287010196 0.009790689486487902 0.011109271538716995 -0.008649323661994935 -0.0064993819547815657 -0.0083251465118683986 -0.0036261206759594026 0.027823373413085706 -0.0040052571306249543 -0.010427267492781995 0.019329936955243657 -0.0014792942991470907 -0.0055672048370904829 -0.017041687304431487 0.0072597670632813796 -0.0027227488826398194 -0.0087824055645493032 0.030181914832401385 -0.021213933675846036 0.0062274837292892269 0.010884124638591971 0.030110114778125075 -0.0068082329621324761
leaf_weight=10.197311502648519 16.954013653332368 8.0607450990937632 1.6780666525010079 2.3213857586961248 13.863359161885453 8.8368423827923817 20.802484492887743 17.623558243503794 2.0970321504864868 5.8890067995525888 8.6174175681080651 4.8292822611983857 11.040959249250589 1.8902984792366613 34.88525437284261 13.914445124566553 14.168736859457569 8.145233861403538 7.6730239756871006 3.0147436824627212 14.93161552026868 5.051390941720455 3.1366997880395493 1.9381361533887691 5.5313821015879512 22.261612563044768 3.1973071728134519 2.1683209752663961 13.086161032784728 3.1948936781845978
leaf_count=427 477 156 94 152 270 167 795 375 62 108 322 169 655 41 957 190 799 306 232 50 424 136 130 131 196 980 187 49 241 179
internal_value=0.000916697 -0.00212732 -0.00356625 -0.00623665 0.00807322 0.00700624 -0.00950528 -0.012459 -0.018454 -0.00876119 0.00555283 0.0151974 0.00340932 0.0215367 0.00814845 0.0101671 0.0129092 -5.15834e-05 0.0190696 0.0226552 -0.00266049 -0.0106752 0.0252798 0.014983 0.0219833 -0.0140617 -0.0173111 -0.00873636 0.0260102 0.012136
internal_weight=291.001 177.296 169.236 136.747 24.0607 32.489 112.686 91.854 54.2474 33.445 113.704 21.4838 20.8319 16.6545 96.7504 88.133 74.2186 25.5089 48.7097 41.0367 37.6066 19.983 38.022 9.7909 7.85277 27.556 25.4589 11.0052 14.9765 11.3401
internal_count=9457 5815 5659 4898 697 761 4201 3067 2132 1337 3642 545 1134 376 3165 2843 2653 1284 1369 1137 935 560 1087 479 348 1229 1167 216 282 485
is_linear=0
shrinkage=0.035


Tree=163
num_leaves=31
num_cat=0
split_feature=92 119 11 110 26 92 115 97 110 92 46 49 100 88 100 0 56 123 143 116 61 119 145 104 42 119 86 92 82 55
split_gain=2.86425 4.83157 3.90332 3.44976 4.90493 3.97825 5.70961 3.54931 3.25295 3.0785 3.78349 3.72077 3.47395 3.39499 4.80294 2.99892 2.92746 2.46793 2.46743 2.22393 2.20654 2.59158 2.63958 2.11976 2.11311 2.62512 2.03254 1.95975 1.93154 1.91241
threshold=57284.500000000007 0.8704386226815618 5.5000000000000009 59.750000000000007 10.500000000000002 70087.500000000015 0.17595459236326114 1.8242775822058901 41.250000000000007 43578.500000000007 0.091326105087572995 0.01709526592635886 0.29814814814814822 722.50000000000011 0.17752100840336138 120.54197916666668 0.20156250000000003 1.0000000180025095e-35 0.062507024225774241 0.66397849462365599 0.95171006607073461 2.5194828320690861 0.094381049218252813 0.2453997992639679 1.5000000000000002 1.6275557990341301 269.65852076176282 39718.000000000007 1.0000000180025095e-35 0.94301948051948059
decision_type=2 8 2 10 2 2 2 2 8 2 2 2 2 10 2 2 10 2 10 2 2 8 8 2 8 8 8 2 10 10
left_child=1 17 24 4 5 6 15 23 20 10 11 13 -13 14 18 -2 -6 -1 27 -15 -7 22 -22 -5 25 -3 -11 -4 -27 -18
right_child=3 2 9 7 16 8 -8 -9 -10 26 -12 12 -14 19 -16 -17 29 -19 -20 -21 21 -23 -24 -25 -26 28 -28 -29 -30 -31
leaf_value=0.015247716908012523 0.038064885945923485 -0.014835367613279873 0.021659996785680941 0.019611554979710583 0.01278456553788994 -0.013779991487138958 0.0016259671059623215 -0.0099235520944208813 0.018247605811596311 0.0080271154886611042 0.016313928947030362 -0.022677894327944117 0.0085702368423070351 -0.02145147070393787 -0.0092026777108872616 -0.0019486722273456701 -0.016765100397705547 -0.0060388950986073851 -0.0047765226497260985 0.0062684854641970366 0.013300604632610555 0.015971615170904008 -0.014234237362130675 -0.007265383445421136 -0.017314145085293629 0.01277261449884495 -0.01349616752498215 -0.0040526686943960456 -0.009693658105527303 0.0039629645749840701
leaf_weight=22.1907501812093 13.824060410028325 6.4177314068656441 21.683263608720161 5.7011664966121307 4.4943752409890321 7.7545565324835506 10.937997293192891 25.308571293950081 8.909741777693851 3.21312860795297 15.697391671128569 9.6212009377777559 3.1356514464132479 4.6900309532647944 10.632494637742637 2.0769736832007757 11.819554672110828 5.8277141863945863 4.5759082501754156 2.7507866118103266 1.8341611977666623 7.0517756536137304 7.8099049818702051 2.2661968900356442 28.226663677603938 10.089558265404774 21.342112188460305 2.5632222718559197 2.5690482892096034 5.6812253720127037
leaf_count=489 271 380 387 201 51 171 281 1289 368 51 333 290 93 382 292 70 334 173 113 42 34 162 188 121 1446 366 732 44 216 87
internal_value=0.00119831 -0.00161722 -0.00420921 0.00536068 0.00905445 0.013923 0.0228857 -0.00375416 0.0046691 -0.000146414 0.00341295 -0.000981021 -0.0147466 0.00382359 0.00804653 0.0336225 -0.00438118 0.0105762 0.0148295 -0.012803 -0.00253688 0.00465737 -0.00624422 0.0121131 -0.0119556 -0.00207776 -0.00979826 0.0187136 0.00675939 -0.0106508
internal_weight=290.697 175.227 147.208 115.47 82.1943 60.1992 26.839 33.2759 33.3601 99.9052 75.35 59.6526 12.7569 46.8957 39.4549 15.901 21.9952 28.0185 28.8224 7.44082 24.4504 16.6958 9.64407 7.96736 47.303 19.0763 24.5552 24.2465 12.6586 17.5008
internal_count=9457 5829 5167 3628 2017 1545 622 1611 923 2759 1976 1643 383 1260 836 341 472 662 544 424 555 384 222 322 2408 962 783 431 582 421
is_linear=0
shrinkage=0.035


Tree=164
num_leaves=31
num_cat=0
split_feature=54 48 81 123 98 145 73 70 117 63 43 70 44 113 3 111 44 55 75 11 98 117 68 61 14 0 42 122 55 93
split_gain=2.71799 3.25959 2.87687 2.75225 3.24333 3.69663 2.6596 3.53422 2.80589 2.56504 2.69031 2.85852 2.28205 2.18114 3.23598 3.8162 3.74139 3.03714 4.1154 3.02099 2.8369 3.07673 3.04856 2.29685 2.28218 2.11372 2.09575 3.20811 2.33208 2.62466
threshold=0.22474747474747478 0.1023024594453166 168.07894622118144 1.0000000180025095e-35 1.7912885662431945 0.15719645238990315 19.500000000000004 13.145502645502647 0.85565476190476197 0.41277890466531447 0.27055180180180188 9.6794871794871806 0.40560125342734049 0.02339261285909713 22.500000000000004 0.021858576206402299 0.42340286831812263 0.56736587333602262 2.0444664031620561 16.500000000000004 1.2952069716775603 0.66018867924528313 4.5000000000000009 0.96850198412698429 5.5000000000000009 50.953229166666674 1.0000000180025095e-35 2.5000000000000004 0.72821969696969713 83019.000000000015
decision_type=8 2 8 2 2 8 8 10 2 2 2 10 2 2 2 2 2 10 10 2 2 2 10 2 2 2 8 2 8 2
left_child=1 13 -2 4 6 25 7 9 26 -4 -11 -12 -5 17 20 -16 19 24 -19 -17 -15 22 -22 -20 -1 -6 -8 28 -28 -30
right_child=2 -3 3 12 5 -7 8 -9 -10 10 11 -13 -14 14 15 16 -18 18 23 -21 21 -23 -24 -25 -26 -27 27 -29 29 -31
leaf_value=-0.0095514585449478877 0.014565782656057109 0.022607702577896422 -0.010101303108388792 -0.002164264742230138 0.017744223810896291 -0.017935999824249756 -0.0018042171578492084 -0.011767586643414069 -0.0071239774458564647 -0.0042383325301111824 -0.0059119964406835123 0.023695352079631807 -0.020968051015419539 -0.0068839842944834768 -0.018726846119854073 -0.015380279620964306 0.011942126434620165 0.016234359028498496 0.0065398623062598946 0.009981567665713658 -0.015584227758607884 0.022568054977265183 0.013421561492331075 -0.013723406016056065 0.010937557558550278 -0.0088975658875180587 0.00091841493670584103 -0.0063250663531811604 0.040793055261986906 -0.0019098094972587137
leaf_weight=16.847133239498365 6.593491682317107 6.3952361012343308 5.3548445829656002 16.624947064090524 3.7779049600940224 16.715868326136842 4.7671945877373281 18.974533795029856 4.6848069103434673 7.8637344581075039 2.9968104376457623 11.965125730726866 12.712952271918764 8.4067749530076998 14.735555135877801 14.498417410766708 14.425201397622002 41.370748733286746 10.956914278212937 4.1953704890329382 4.4342682112474021 11.400859314482657 3.4840349820442498 7.2438707165420047 4.8768669737037262 2.2724102521315217 3.3929706860799316 2.1413179109804323 6.4633438987657428 1.5737291518598793
leaf_count=716 89 110 277 777 85 866 202 800 69 271 118 413 568 220 468 580 287 803 241 123 267 160 103 159 133 105 115 78 188 42
internal_value=0.00148668 0.00442784 -0.00226565 -0.00370973 -0.000551086 -0.0107485 0.00325186 -0.00165896 0.0118113 0.00589501 0.0107885 0.0177697 -0.0121792 0.0030113 -0.00125374 -0.00654085 0.000626232 0.00681941 0.0106723 -0.00878318 0.00747684 0.0138565 -0.00256665 -0.00274437 -0.00376602 0.00823962 0.0171385 0.0224867 0.0281666 0.0349059
internal_weight=292.147 163.271 128.876 122.282 92.9446 22.7662 70.1784 47.155 23.0234 28.1805 22.8257 14.9619 29.3379 156.876 75.5805 47.8545 33.119 81.2955 59.5715 18.6938 27.7259 19.3192 7.9183 18.2008 21.724 6.05032 18.3386 13.5714 11.43 8.03707
internal_count=9433 4370 5063 4974 3629 1056 2573 1879 694 1079 802 531 1345 4260 2208 1458 990 2052 1203 703 750 530 370 400 849 190 625 423 345 230
is_linear=0
shrinkage=0.035


Tree=165
num_leaves=31
num_cat=0
split_feature=49 50 97 109 9 67 91 110 71 60 55 98 11 72 21 46 57 98 57 63 60 100 91 110 26 84 2 98 43 118
split_gain=2.49646 3.29573 3.37242 3.59112 6.25595 3.88926 3.47196 3.85529 3.53635 3.58436 2.99032 4.0142 3.66388 3.25206 4.05428 3.12456 2.72428 2.6891 2.576 2.55517 2.51412 2.51145 2.50868 3.72678 2.7652 2.61157 2.44188 2.42441 2.41424 2.36681
threshold=0.062019230769230778 0.20416666666666669 5.004931959903737 3076.0000000000005 3.5000000000000004 5.5000000000000009 6525.2344754630913 35.750000000000007 0.56983591315257953 0.84877072612921689 0.59761904761904772 1.5270467836257311 9.5000000000000018 8.5000000000000018 25.500000000000004 0.032002048131080395 0.267948717948718 1.320714285714286 0.16904761904761909 0.81649831649831661 0.95141620771046431 0.23973727422003285 4404.7759602625947 90.250000000000014 19.500000000000004 924.25000000000011 2.5000000000000004 0.66410256410256419 0.42967032967032975 0.81530214424951275
decision_type=2 2 2 8 2 8 10 10 8 2 10 2 2 10 2 2 8 2 8 2 2 2 10 10 2 8 2 2 2 2
left_child=1 2 3 19 5 -5 8 -8 -6 -10 28 12 21 14 20 -15 -11 -2 -9 27 -14 -12 -18 24 25 -24 -13 -1 -4 -19
right_child=17 -3 10 4 6 -7 7 18 9 16 11 26 13 15 -16 -17 22 29 -20 -21 -22 -23 23 -25 -26 -27 -28 -29 -30 -31
leaf_value=-0.0062393012167538293 -0.0062713788905122622 -0.015365987339082354 -0.015811787902292727 -0.022629592437038867 -0.01369564489314694 0.0063906614279084575 0.0095667532275881227 0.0098931159384652058 -0.0065064182453531301 -0.0015005950660090779 -0.014229541326601185 0.023577450531891194 -0.022179080575055004 -0.0053840058685652691 0.014096523739422209 0.024503436699115706 0.0080986343708575048 -0.0020378681120563685 -0.01554930383342302 -0.0021228460150671865 0.0045032243237703336 0.0068986044664336313 -0.0010099955703235064 -0.0024541397847815402 -0.0023439708069354069 0.039843721831474728 -0.00025443891508603674 0.021577095513226622 0.0074062646222912819 0.025486207328201661
leaf_weight=2.2027169992215958 4.4853113952558514 9.9595059521961939 23.95858533191495 13.369308084365912 3.2455420407932243 5.5441337304655471 13.116193927591665 2.4592742100358036 8.5062183318659645 9.6272047687089053 30.1949570432771 7.5822531876619932 7.8688925628084743 4.0744513731915495 5.0318881776183835 8.2511323061771673 25.146579556167126 4.2454515935387453 19.591634685872123 8.2846736286301148 4.3443711327854544 5.3680016819853327 1.8714118744246704 3.8935142373666158 1.9715927313081909 13.15031762723811 8.8769428224768472 23.849074560217559 3.6480587103869757 9.5862430285196734
leaf_count=98 104 593 977 757 94 232 268 136 322 391 709 175 107 46 99 90 723 116 1032 220 58 125 67 169 54 253 249 858 103 196
internal_value=0.0015846 0.000640286 0.00151517 0.00475795 0.00170666 -0.0145653 0.00524437 -0.00336779 0.0096594 0.0117453 -0.00311804 0.000436052 -0.00364115 0.00503072 -0.00458193 0.015921 0.014841 0.012584 -0.0114077 0.0139651 -0.0141368 -0.0105831 0.0180708 0.0261936 0.0318231 0.0357729 0.0136597 0.0185992 -0.0120784 0.0187401
internal_weight=293.305 274.988 265.029 155.829 121.493 18.9134 102.579 35.1671 67.4124 64.1668 109.2 81.5929 65.1337 29.5707 17.2452 12.3256 55.6606 18.317 22.0509 34.3365 12.2133 35.563 46.0334 20.8868 16.9933 15.0217 16.4592 26.0518 27.6066 13.8317
internal_count=9421 9005 8412 5674 4498 989 3509 1436 2073 1979 2738 1658 1234 400 264 136 1657 416 1168 1176 165 834 1266 543 374 320 424 956 1080 312
is_linear=0
shrinkage=0.035


Tree=166
num_leaves=31
num_cat=0
split_feature=82 10 110 0 93 74 97 82 145 76 126 75 11 115 96 97 56 26 74 103 110 126 34 107 57 123 13 106 92 26
split_gain=4.82912 3.60731 3.59472 5.25735 4.00863 3.48568 3.48599 3.07862 2.89758 4.14791 3.32393 2.98263 3.86224 3.60832 3.9012 2.83065 2.80072 3.07824 2.72737 2.64787 2.58641 2.50123 2.89003 2.46847 2.35488 2.3503 2.28644 2.28184 2.16217 2.13271
threshold=8.5000000000000018 3.5000000000000004 61.250000000000007 2.4328125000000003 25266.500000000004 10.250000000000002 3.5149807587738739 82.500000000000014 0.47140923651032046 0.83468503516650128 1.5000000000000002 1.8867521367521369 4.5000000000000009 0.1991379310344828 1.4305019305019309 9.2801156748835414 0.20156250000000003 14.500000000000002 14.750000000000002 0.36474501108647456 205.25000000000003 1.5000000000000002 3.5000000000000004 1480.9531032170096 0.6132478632478634 2.5000000000000004 2.5000000000000004 999.16783216783222 74741.000000000015 19.500000000000004
decision_type=8 2 10 2 2 8 2 8 10 8 2 8 2 2 2 2 8 2 10 2 10 2 2 10 10 2 2 10 2 2
left_child=-1 2 7 4 -4 6 -5 -2 9 11 -11 12 -9 14 18 -16 26 21 -13 24 -6 22 -18 -15 25 28 -7 29 -14 -25
right_child=1 -3 3 5 20 16 -8 8 -10 10 -12 13 19 23 15 -17 17 -19 -20 -21 -22 -23 -24 27 -26 -27 -28 -29 -30 -31
leaf_value=0.021406063294428703 -0.015335747328308478 -0.014004110258185485 0.025932620344445077 -0.0094700188336034122 -0.010480702549065499 0.018799440484975977 0.0214124916396548 -0.0099093791258338931 -0.008911785323961148 0.017633073593645257 -0.0092681741170073176 -0.0081965183166681152 0.025186192918379775 -0.0018363104909864059 -0.01788841544337819 0.0035776197064059565 -0.025497847761164164 0.0048587176269323518 0.016969912088651288 -0.0047795140525864867 0.011003990266561875 0.0058677944215252817 0.0041079003797792803 0.02638124221498072 -0.004944728204012129 -0.0052129806059764555 -0.0096724566954410496 -0.0055722426384285277 -0.0013845941683387135 -0.0028263497016913714
leaf_weight=9.3460915600880963 4.751329760067164 14.436339804553425 5.0597420388367054 4.8844670471735281 10.737806449411439 2.1361106338445088 3.8296150267124176 7.0141170765273264 12.476207728032021 41.277973004151136 3.2797360573895267 5.1508678738027793 25.098289023386322 18.669215882429853 25.963768563233316 8.0000251429155451 29.836745904525742 5.0450817546807221 7.5105865313671529 6.2165893760975441 7.2225676300004116 2.21231466368772 3.1336518973112097 9.1473750802688283 3.5293294424191108 2.4629862094297996 2.3893863414414227 2.9429437844082704 3.7105068608652791 2.7661278387531629
leaf_count=291 451 1198 74 281 445 30 149 244 251 1102 97 201 346 327 438 84 1945 269 168 90 125 158 232 119 32 40 102 79 53 39
internal_value=0.00159626 0.00057428 0.00160752 -0.00460383 0.00822371 -0.0103576 0.00696058 0.00416235 0.0050525 0.0062834 0.0149177 0.00283467 0.00928233 -0.00134738 -0.00732746 -0.0130219 -0.0140904 -0.0168861 0.0073098 0.0132843 -0.00132603 -0.0202209 -0.0225136 0.00684093 0.0167061 0.0194944 0.00658038 0.0154618 0.0220653 0.0207689
internal_weight=290.238 280.892 266.455 76.4875 23.0201 53.4674 8.71408 189.968 185.217 172.74 44.5577 128.183 48.0318 80.1509 46.6252 33.9638 44.7533 40.2278 12.6615 41.0177 17.9604 35.1827 32.9704 33.5257 34.8011 31.2718 4.5255 14.8564 28.8088 11.9135
internal_count=9460 9169 7971 3810 644 3166 430 4161 3710 3459 1199 2260 805 1455 891 522 2736 2604 369 561 570 2335 2177 564 471 439 132 237 399 158
is_linear=0
shrinkage=0.035


Tree=167
num_leaves=31
num_cat=0
split_feature=88 50 107 45 122 11 94 44 0 117 145 110 50 97 1 94 100 41 41 65 47 3 75 145 114 11 58 108 41 13
split_gain=3.53074 4.04884 4.13932 3.43315 3.65828 6.4351 4.57061 4.55111 3.65404 3.47158 3.26272 3.16462 3.21547 3.0023 2.7275 2.70098 2.65512 2.89169 2.63556 2.54923 2.41634 2.38696 2.97301 2.35839 2.22555 2.22207 2.41912 2.23838 2.18412 2.07298
threshold=1079.5000000000002 0.080229885057471279 2011.0449298377325 0.31009615384615391 5.5000000000000009 9.5000000000000018 77976.500000000015 0.42340286831812263 57.698668981481489 0.8099343185550083 0.2097123840105117 33.750000000000007 0.066300366300366315 5.9517652948901354 20.500000000000004 84435.750000000015 0.077935222672064791 11.500000000000002 1.0000000180025095e-35 2.3245614035087727 0.061540079949505583 16.500000000000004 1.8867521367521369 0.23176638654876938 0.16428133306072382 2.5000000000000004 0.85416666666666685 90.500000000000014 14.500000000000002 7.5000000000000009
decision_type=10 2 8 2 2 2 2 2 2 2 8 8 2 2 2 2 2 10 8 10 2 2 10 8 2 2 2 10 10 2
left_child=1 3 10 4 5 6 8 -6 21 15 13 23 18 19 -4 20 17 -9 -13 -3 -8 24 -23 -10 25 27 -27 -1 -7 -12
right_child=-2 2 14 -5 7 28 9 16 11 -11 29 12 -14 -15 -16 -17 -18 -19 -20 -21 -22 22 -24 -25 -26 26 -28 -29 -30 -31
leaf_value=-0.013006599572813053 0.017912897023444126 -0.0022597796221953724 -0.022428651310470345 -0.014005249060560988 -0.020082589139383798 0.020887495182548118 0.03104594469486667 -0.0032920124847449594 -0.010364608403164263 -0.0036989721886074101 -0.011021714755166348 0.0067110422290739928 0.0090721312117461716 -0.0065829709973376843 0.0039179313860379416 -0.0029746125210051355 -0.010116541156464444 0.018520124182186352 -0.022886520235276396 0.030887569954161392 -0.002790109581962014 0.006983664858526039 -0.017243410220613011 0.01191779514186863 -0.0086678993101177819 -0.0097020461635935439 0.015941767982192667 0.010863001332025925 -0.0043627788651766624 0.0090262325808391306
leaf_weight=6.2916516973637027 8.3324953038245422 3.1856153202243132 20.047871178365316 10.879741937853394 12.293548091081901 28.881964543019425 11.421998145524418 12.1512125749141 5.1601998675614569 8.3634678642265481 22.542457114905122 2.0237542837858262 2.7115753358229986 4.5122947026975453 4.305324144428595 3.6576762513723216 10.12531619472429 10.148868676042182 21.5738864117302 4.2261482111644 2.1477768598124376 7.5616379678249386 8.6345727951265854 9.0897605826612562 5.6498883827589443 1.78503535571508 32.246607684181072 3.6420221598818898 3.0283188726752988 4.1065587404882526
leaf_count=350 60 169 1130 527 361 564 365 180 114 133 1020 96 132 174 174 140 219 198 1231 104 94 148 239 188 207 63 660 68 129 187
internal_value=0.00030957 -0.000512444 -0.00799165 0.00176223 0.00289323 0.00529506 0.00161726 -0.00555559 -0.00173481 0.0135566 -0.000401871 -0.00940479 -0.0156851 0.0120454 -0.0178969 0.0208814 0.00189927 0.00820865 -0.0196186 0.0214696 0.0263812 0.00332246 -0.00695314 0.0032526 0.00700626 0.00969993 0.0135262 -0.0035482 0.0182248 -0.00699444
internal_weight=290.729 282.397 62.9263 219.47 208.591 163.872 131.962 44.7189 106.371 25.5909 38.5731 40.5592 26.3092 11.9241 24.3532 17.2275 32.4254 22.3001 23.5976 7.41176 13.5698 65.8114 16.1962 14.25 49.6152 43.9653 34.0316 9.93367 31.9103 26.649
internal_count=9424 9364 2958 6406 5879 4921 4228 958 3496 732 1654 1761 1459 447 1304 599 597 378 1327 273 459 1735 387 302 1348 1141 723 418 693 1207
is_linear=0
shrinkage=0.035


Tree=168
num_leaves=31
num_cat=0
split_feature=88 83 92 119 10 98 118 106 115 110 63 27 32 50 74 76 123 118 145 61 24 145 100 75 92 92 74 110 49 73
split_gain=2.20205 2.23625 3.53898 2.67662 2.2147 3.11334 5.45462 4.79132 3.93567 3.73049 3.08887 7.63037 4.26746 4.09616 3.79619 3.15273 2.86277 2.7333 3.45137 3.1116 3.40533 2.80802 2.61541 4.32113 2.61497 2.52989 2.4972 2.43636 2.4032 2.38269
threshold=1079.5000000000002 1537.5000000000002 67753.500000000015 2.0972612570647944 2.5000000000000004 1.0571895424836604 0.80131578947368431 1332.4807692307695 0.26272648835202767 131.25000000000003 0.52985739750445637 7.5000000000000009 1.5000000000000002 0.068337484433374854 14.750000000000002 0.53491293142807994 1.5000000000000002 0.81165540540540559 0.045653360073129361 0.96638418079096056 3.5000000000000004 0.16983647230226548 0.27888888888888896 1.9636243386243388 72647.500000000015 69610.500000000015 7.2500000000000009 92.250000000000014 0.01526806526806527 21.500000000000004
decision_type=10 10 2 8 2 2 2 8 2 10 2 2 2 2 10 8 2 2 8 2 2 10 2 8 2 2 8 8 2 10
left_child=1 4 -3 -4 5 6 7 -1 9 26 11 24 13 14 22 -14 -17 18 -6 20 -19 -21 23 -12 -7 28 -8 -16 -23 -22
right_child=-2 2 3 -5 17 10 8 -9 -10 -11 12 -13 15 -15 27 16 -18 19 -20 21 29 25 -24 -25 -26 -27 -28 -29 -30 -31
leaf_value=0.021032939012246551 0.01502885727780498 -0.020072506721963371 -0.010351745373678816 0.020852182281173123 0.012770205514296279 -0.020118817997715439 0.0055610987100263671 -0.005386714940741685 0.0061850669653830655 0.010914980262025782 0.0099891160688609665 0.015314959094270676 0.0034373893071939776 -0.0078955494743312357 0.028940465541328404 0.032342296915074301 -0.0030558181341521695 0.011113723102599369 -0.019491786256366526 -0.0072066294817242759 -0.018868986355704241 0.025572323205985435 0.01362093647567972 -0.018107286162008358 0.0049652822684442448 -0.0054295847388388862 -0.019501462956199842 -0.0039718976954648943 -0.0030689378148019081 0.0047425775884991856
leaf_weight=13.936455750139432 8.2540749721229059 9.8456528651295212 2.0287627500947556 2.490258336532861 1.4193564299494053 15.406963848276066 3.3822585260495535 12.170827341033144 13.880234241951255 3.4367685862816861 8.0462055844254845 13.115920305717735 11.429943396709861 19.738060814561322 9.0903000193648005 14.503792719915511 2.319569351617246 5.1590330018661943 15.283181563951073 7.1136451298370984 15.712068180786448 11.163551936391743 8.4212945550680143 9.5871062760706973 4.5287792957387856 4.0325863440521053 33.228299225214869 2.0606898912228653 3.3475094630848607 4.7150510097853831
leaf_count=318 63 2020 286 303 31 484 55 536 285 89 150 155 212 603 136 292 47 143 613 182 553 271 127 247 110 120 724 61 91 121
internal_value=0.00108585 0.000419757 -0.01108 0.00876437 0.00123306 0.00309065 -0.00216659 0.00983033 -0.00831581 -0.0134704 0.00659247 -0.002255 0.00995953 0.00376814 0.0101582 0.0199952 0.0278798 -0.00402813 -0.0144397 0.000347475 -0.00757979 0.00819968 0.00157779 -0.00591221 -0.0145675 0.0143851 -0.0167961 0.0235116 0.0198719 -0.013558
internal_weight=288.848 280.594 14.3647 4.51902 266.229 198.283 80.0348 26.1073 53.9276 40.0473 118.249 33.0517 85.197 56.9437 37.2056 28.2533 16.8234 67.946 16.7025 51.2434 25.5862 25.6573 26.0546 17.6333 19.9357 18.5436 36.6106 11.151 14.5111 20.4271
internal_count=9428 9365 2609 589 6756 4631 2007 854 1153 868 2624 749 1875 1324 721 551 339 2125 644 1481 817 664 524 397 594 482 779 197 362 674
is_linear=0
shrinkage=0.035


Tree=169
num_leaves=31
num_cat=0
split_feature=82 114 56 69 113 110 71 97 65 114 98 97 63 71 108 116 98 46 49 143 108 1 81 93 46 71 97 60 30 97
split_gain=2.63098 3.35727 2.97694 3.94387 5.57165 5.35005 4.38009 3.89378 3.73462 3.71799 3.26891 3.82685 3.10407 3.34418 3.09486 3.03672 2.86806 3.56011 2.68835 2.64016 2.5878 2.58053 3.25182 2.49018 2.47983 2.24174 2.12365 2.01074 2.43072 1.92826
threshold=8.5000000000000018 0.060915275200989494 0.20611577964519143 2.7500000000000004 0.02339261285909713 82.250000000000014 5.4343131663354685 3.465009029033955 3.6381818181818186 0.066987179487179499 1.320714285714286 2.7324839057116246 0.62867965367965384 3.004571787498445 77.500000000000014 0.8426212590299279 1.8480769230769234 0.10501253132832082 0.048583792289535806 0.072296993130326476 320.50000000000006 8.5000000000000018 284.69296540114448 74927.000000000015 0.1526806526806527 5.001388503300606 3.5149807587738739 0.81934731934731941 1.0000000180025095e-35 2.5121537731917418
decision_type=8 2 8 8 2 8 10 2 10 2 2 2 2 8 8 2 2 2 2 10 10 2 8 2 2 10 2 2 2 2
left_child=1 -1 8 4 5 10 18 20 19 14 11 -4 13 26 21 -10 17 23 -6 -2 -7 29 -23 -11 27 -24 -12 -14 -29 -5
right_child=2 -3 3 9 6 7 -8 -9 15 16 12 -13 24 -15 -16 -17 -18 -19 -20 -21 -22 22 25 -25 -26 -27 -28 28 -30 -31
leaf_value=0.027513104637087973 0.01805730941341251 -0.0041861263848874362 0.014826959114050842 -0.010588724296980699 -0.02112448832732788 -0.022976543904055704 0.0082194216013957086 0.0059318861501623191 -0.014258946626428584 0.0259511717719965 0.024746341853476319 -0.010279806983287815 -0.0037615172946295974 -0.010527141575630438 0.011313224061472088 0.012519605685847795 -0.0076166702121016729 -0.0076548703432993224 0.0034751693365855122 -0.0060802657360285294 0.0052116937147027639 0.010638329769179852 -0.01837424444132214 0.0027412597347462059 -0.0042636264209716737 0.0051354680321056695 -0.0025323743114780777 0.032467275248537493 -0.0046342598729677675 0.010494824545212739
leaf_weight=4.8235877095721644 25.802574944449592 5.0546368749346584 5.7194178639911142 3.0279412667732677 36.117219710140489 16.715098930988468 6.2337083783932021 8.8083315265830588 9.8919594599865359 18.245251123327769 3.2024836139753488 20.049704989418387 1.4423844912089432 9.7699095273856056 12.541890763677655 3.4105495363473883 4.7884954942855975 4.2591970231151199 4.786417619790881 4.2012817726936182 2.9082052381709209 3.7062936774455038 24.266957936924886 9.1963561282027495 2.6062671472318462 3.7264581613708279 4.6382766854949296 11.995991357835008 1.1692102693486948 12.77109207655303
leaf_count=138 448 156 225 133 1832 1100 252 449 100 344 96 653 41 453 359 74 201 82 147 88 65 35 725 199 74 92 147 332 58 315
internal_value=0.000999702 0.015337 0.000222787 -0.00139094 -0.00514988 0.000162362 -0.0142362 -0.0112412 0.0081401 0.00390382 0.00596215 -0.00320353 0.0122952 0.00102115 -0.00154318 -0.00584876 0.0119723 0.0155659 -0.0181809 0.0142917 -0.018589 -0.00569203 -0.0109081 0.0197943 0.0210031 -0.0149407 0.0139068 0.0254489 0.0288036 0.00487998
internal_weight=285.877 9.87822 275.999 232.693 136.163 89.0253 47.1373 28.4316 43.3064 96.5299 60.5936 25.7691 34.8245 17.6107 60.0406 13.3025 36.4893 31.7008 40.9036 30.0039 19.6233 47.4987 31.6997 27.4416 17.2139 27.9934 7.84076 14.6076 13.1652 15.799
internal_count=9413 294 9119 8409 5924 3693 2231 1614 710 2485 2079 878 1201 696 1659 174 826 625 1979 536 1165 1300 852 543 505 817 243 431 390 448
is_linear=0
shrinkage=0.035


Tree=170
num_leaves=31
num_cat=0
split_feature=69 94 44 98 32 42 82 93 117 110 110 61 40 56 74 1 123 90 43 114 73 121 0 66 88 72 1 47 1 110
split_gain=3.32631 3.98522 3.69561 3.63651 4.82891 4.88155 4.52361 3.83664 3.37488 4.14623 3.99962 3.77004 3.33859 3.01789 3.74803 2.94864 2.92609 2.70569 2.625 2.50276 2.33928 2.2965 2.28753 2.18304 2.15714 1.99906 1.98673 2.11868 1.9911 1.96677
threshold=3.2500000000000004 81484.500000000015 0.34514106583072107 1.5303308823529413 3.5000000000000004 5.5000000000000009 168.50000000000003 81870.500000000015 0.16002844950213374 37.250000000000007 1234.0000000000002 0.9234432234432236 21.500000000000004 0.45584415584415588 12.750000000000002 14.500000000000002 1.0000000180025095e-35 79757.272445820447 0.36899313501144165 0.085410334346504566 14.500000000000002 3.5000000000000004 0.47080439814814817 1.5681283595599715 1079.5000000000002 13.500000000000002 21.500000000000004 0.061540079949505583 5.5000000000000009 131.25000000000003
decision_type=10 2 2 2 2 10 8 2 2 10 8 2 2 10 10 2 2 2 2 2 8 2 2 10 10 10 2 2 2 10
left_child=1 3 -2 8 5 6 -5 15 10 12 -1 16 13 -10 -15 -7 19 24 21 23 -3 29 -22 25 -13 -11 27 28 -24 -6
right_child=2 20 -4 4 18 7 -8 -9 9 11 -12 17 -14 14 -16 -17 -18 -19 -20 -21 22 -23 26 -25 -26 -27 -28 -29 -30 -31
leaf_value=0.014414320581455812 -0.0062459044135423315 -0.006027161390075652 0.013660094334870991 0.012897470860219463 0.026566503096603071 0.026330923811129447 -0.014743666453383287 -0.011076186867911314 -0.011497390476247229 0.029260523706002736 -0.013562800753260598 -0.023689972091664797 0.011440648912894513 0.015343406284929672 -0.0082633939467977278 -0.0036077379738505447 -0.014201267326858292 0.0090681119466940602 -0.003624378907795058 -0.010062412400549624 -0.0076904367556990616 -0.0060812873504928972 0.0011535875413953298 -0.0070691582981617044 0.0068127426014019969 -0.0053427316930669422 -0.0063056174761025674 -0.0021153207039214324 0.034444893445748088 -0.0048126425260924385
leaf_weight=15.239828884368764 12.317974927369503 4.2993773005437133 37.181234765565023 5.0294430763460687 15.519451876170942 9.0486754341982323 30.003753591212444 3.7658284694189197 36.099241409450769 5.0817198207369056 4.5476448682602486 34.845283782109618 12.810133566381408 11.073979126522319 12.333100223913787 4.1290624809917054 4.7906181113794437 1.0724735131952901 5.6074729021638623 1.889334026025608 1.4734433048870439 1.6394469502847631 3.059426856692876 1.188167111831717 0.96194351837038894 0.86522045033052553 0.99678136617876667 2.5163626708090314 8.3971233400516194 1.2107306434772898
leaf_count=342 314 174 631 431 345 341 1239 211 491 217 262 1995 198 230 292 212 334 51 181 137 29 71 110 64 7 65 43 78 232 64
internal_value=0.000778931 -0.000977656 0.00858789 -0.00245917 0.00357705 -0.00257722 -0.00966021 0.010932 -0.00568221 -0.00782801 0.00654567 -0.0150229 -0.00213894 -0.00572246 0.00363992 0.018538 0.000614001 -0.0202545 0.0150608 0.0107378 0.0120895 0.0203197 0.0171273 0.0181222 -0.0221362 0.0240853 0.020884 0.0239742 0.0286062 0.0237108
internal_weight=288.994 239.495 49.4992 218.753 75.9539 51.9768 35.0332 16.9436 142.799 123.011 19.7875 50.6948 72.3165 59.5063 23.4071 13.1777 13.8151 36.8797 23.9771 9.02444 20.7425 18.3696 16.4431 7.13511 35.8072 5.94694 14.9697 13.9729 11.4566 16.7302
internal_count=9391 8446 945 7780 3095 2434 1670 764 4685 4081 604 2870 1211 1013 522 553 817 2053 661 483 666 480 492 346 2002 282 463 420 342 409
is_linear=0
shrinkage=0.035


Tree=171
num_leaves=31
num_cat=0
split_feature=93 110 93 32 96 55 59 72 14 71 116 45 110 71 71 98 83 108 143 2 110 112 70 110 46 93 45 109 113 1
split_gain=2.14522 2.91342 5.3461 4.35163 3.87138 4.73567 4.02606 3.29531 3.27588 3.1161 3.41403 3.10383 3.91618 2.65252 2.60964 2.46424 2.45615 3.20414 3.33523 3.56736 2.35943 2.34061 2.33372 2.29287 2.27032 2.17005 2.27171 2.12489 2.08303 2.08083
threshold=15685.000000000002 61.250000000000007 51745.000000000007 9.5000000000000018 1.4387500000000002 0.94301948051948059 0.55594679186228502 10.500000000000002 4.5000000000000009 2.648373465581201 0.5929064657878218 0.13079116179615113 45.750000000000007 5.6419189967520653 3.9168229702494171 0.98684210526315808 1341.5000000000002 90.500000000000014 0.047687431616003056 2.5000000000000004 409.50000000000006 0.032876959106467311 13.743421052631581 16.250000000000004 0.038218111002921142 28439.500000000004 0.26393188854489169 8302.5000000000018 0.066946778711484606 14.500000000000002
decision_type=2 8 2 2 2 10 2 8 2 10 2 2 10 10 10 2 8 10 10 2 8 2 10 10 2 2 2 10 2 2
left_child=-1 2 3 7 11 6 -6 9 -5 10 -2 12 -4 16 -8 -14 -3 18 19 20 25 -7 -20 -11 -16 -18 -27 -25 -26 -19
right_child=1 13 4 8 5 21 14 -9 -10 23 -12 -13 15 -15 24 -17 17 29 22 -21 -22 -23 -24 27 28 26 -28 -29 -30 -31
leaf_value=0.010824211090366539 0.022618029903742707 0.0067284871666777116 -0.0015474212686455058 0.018590942143861547 0.012575412833383726 0.0046055424662335056 -0.012251365845648595 -0.019958025970470923 -0.0096195710451175385 0.00867758887934484 -0.0089779750388262972 -0.00031006375696325576 -0.0016044313532986123 0.010967537200041269 -0.0091826042867461689 0.037111083474450392 0.0097435140937996122 -0.0065028567362739797 -0.0077625698134523545 -0.026673099410782306 0.012205562469629618 0.023425562480905278 0.016172736040021812 -0.018890693786658724 0.016610456952100901 -0.020631196803529268 0.0067941388889313824 0.0050032712476416738 -0.0069258367499500113 0.015069979622354433
leaf_weight=21.268483458901756 5.4880986397620308 9.4932334898039681 4.8783139185980025 9.3530622478574497 12.459393129218368 22.979188378551044 32.08669280516915 18.639927121461369 3.9732355307787648 3.6264032360631999 3.4584994586184621 8.2870184393832442 1.8548965756781388 6.6549745330121359 7.6316482196562019 10.376748214475809 1.8318191770231376 7.1711282734759134 7.3730559955583868 20.087963239871897 3.2259097120258948 11.016347486991434 3.4896066639339551 13.624393246253023 9.6895094574429077 10.509533761651253 2.195494537241756 3.6902152872644356 3.4158610254526129 5.532963584875688
leaf_count=522 127 244 164 158 243 356 909 539 71 68 47 409 57 352 243 283 94 185 582 1444 155 181 160 423 241 738 102 93 120 137
internal_value=0.00128436 0.000329235 0.0026926 -0.00543723 0.00678009 0.00325061 -0.00234882 -0.0101633 0.00985023 -0.00206984 0.0115641 0.0177729 0.0246207 -0.00517306 -0.00665197 0.032478 -0.00731048 -0.00982364 -0.0136287 -0.0180463 -0.00457437 0.0129259 0.00260066 -0.00900088 0.00270898 -0.0104688 -0.0153116 -0.0138182 0.0102573 0.00449526
internal_weight=285.364 264.095 186.529 61.8538 124.676 99.2786 65.2831 48.5275 13.3263 29.8876 8.9466 25.397 17.11 77.5657 52.8237 12.2316 70.9107 61.4175 48.7134 37.8507 17.7628 33.9955 10.8627 20.941 20.737 14.5368 12.705 17.3146 13.1054 12.7041
internal_count=9447 8925 4732 1526 3206 2293 1756 1297 229 758 174 913 504 4193 1513 340 3841 3597 3275 2533 1089 537 742 584 604 934 840 516 361 322
is_linear=0
shrinkage=0.035


Tree=172
num_leaves=31
num_cat=0
split_feature=50 115 41 118 98 68 40 110 68 59 78 141 110 57 120 61 80 128 66 90 84 97 42 20 59 96 1 100 66 71
split_gain=3.18592 3.40539 3.02936 2.85267 3.50736 3.54274 3.34773 3.60491 4.09493 3.25293 3.10241 3.04202 3.63648 2.82022 4.45925 2.80217 2.70618 2.47807 2.36796 2.3268 2.30743 2.44621 2.37164 2.28798 2.25057 2.24786 2.23864 2.16722 2.16705 2.11136
threshold=0.081799933087989302 0.059411764705882358 2.5000000000000004 0.67156862745098056 1.320714285714286 14.500000000000002 18.500000000000004 88.250000000000014 6.5000000000000009 0.50308641975308654 3.5000000000000004 1.0000000180025095e-35 1234.0000000000002 0.42462121212121218 0.020942982456140354 0.96730220955096236 856.44318181818187 0.2834821428571429 1.9621583887337055 18144.124197689347 433.25000000000006 1.9920948741089217 1.0000000180025095e-35 1.5000000000000002 0.7947860962566845 1.1507575757575761 19.500000000000004 0.1731634182908546 2.0990248407002565 4.5840905961775222
decision_type=2 2 10 2 2 10 2 10 8 2 10 2 10 8 2 2 10 2 10 2 8 2 8 2 2 2 2 2 10 10
left_child=3 2 -2 11 5 13 7 8 9 -6 15 12 16 19 20 -10 26 -7 -3 -5 -15 22 -22 25 -21 -11 -1 -20 -23 -4
right_child=1 18 29 4 6 17 -8 -9 10 23 -12 -13 -14 14 -16 -17 -18 -19 27 24 21 28 -24 -25 -26 -27 -28 -29 -30 -31
leaf_value=0.026792323484490777 -0.0096501471254294893 -0.016594732420108657 0.017170550138011512 0.005759672866146464 -0.005343114885492585 -0.0077568659625807893 -0.01029755481184041 -0.01021399119320119 -0.019416704420295059 -0.0061001871083167783 0.015662574323755701 -0.0071935109227790443 -0.0080422121307142536 0.013625412338664116 0.015060445563783987 0.004284460576595788 -0.0073625369627815743 0.019793909780940019 0.0083328216416650308 -0.016373655127400608 0.021994283352945589 -0.017480718109037209 -0.0081890572510906739 -0.004029075445004456 0.0084026774033502134 0.02416969905086017 -0.001409512735731307 -0.014298204525061949 0.00065696105312468441 -0.0077460111447987205
leaf_weight=19.985043801832955 7.8137212638976079 26.673796636168845 12.711517621530218 5.6762673507910213 4.9524605409242204 2.6230415077880007 8.6767599490703997 6.8436719051096579 7.3365722487215015 1.3257922346238036 4.5873919336590907 5.8591953292489043 4.0234047563280901 2.1653804848901919 12.822575600235721 9.2234072575811279 1.7276974796550337 7.9558081869035959 10.240489540621637 36.355691744014621 1.6975024715065945 20.324503827025186 2.3857145359506831 2.8966965961735687 1.9878430457320053 34.698827843880281 3.4395662324968717 2.8666714518330982 11.327303182799367 2.273729544831439
leaf_count=422 464 1384 533 129 207 27 404 411 230 79 119 207 217 36 252 203 204 145 254 1002 78 719 100 121 40 823 99 155 164 135
internal_value=0.000961206 -0.00572628 0.00446491 0.00294056 0.00108441 -0.00307023 0.00637919 0.00893156 0.0115321 0.0171038 -0.0010874 0.0114224 0.0156664 -0.0053741 0.00037521 -0.00828368 0.0201636 0.0126656 -0.0114134 -0.0113614 -0.00576937 -0.00847279 0.00955881 0.0202431 -0.014268 0.022448 0.0231318 0.000801727 -0.0117856 0.0123979
internal_weight=283.478 62.5799 22.799 220.898 185.863 105.322 80.5416 71.8648 65.0211 43.8738 21.1474 35.0349 29.1757 94.7428 50.723 16.56 25.1523 10.5788 39.781 44.0198 37.9004 35.735 4.08322 38.9213 38.3435 36.0246 23.4246 13.1072 31.6518 14.9852
internal_count=9363 2925 1132 6438 5289 2692 2597 2193 1782 1230 552 1149 942 2520 1349 433 725 172 1793 1171 1097 1061 178 1023 1042 902 521 409 883 668
is_linear=0
shrinkage=0.035


Tree=173
num_leaves=31
num_cat=0
split_feature=98 65 63 118 106 54 23 73 50 119 107 73 44 116 109 66 56 117 91 92 60 116 44 72 96 86 54 93 108 41
split_gain=4.04298 4.00077 3.42596 2.91932 4.90441 2.87975 3.4013 3.01392 3.52781 3.00945 2.8484 2.76408 2.69357 2.53235 3.2283 2.95972 3.03253 3.417 2.74004 2.39272 2.82854 2.66409 2.22809 3.33279 2.1 2.08246 2.12178 2.07242 2.01892 2.39613
threshold=1.0571895424836604 4.3887362637362655 0.62563131313131326 0.78896761133603255 1332.4807692307695 0.43650793650793657 4.5000000000000009 18.500000000000004 0.1023024594453166 2.1737093994614267 1441.5748728058809 10.500000000000002 0.77350427350427364 0.52223320158102771 2537.0000000000005 0.78652059278816988 0.17684288905435594 0.14550264550264552 4911.6162283538943 43578.500000000007 0.88826466916354563 0.37377450980392163 0.41728855721393038 9.5000000000000018 1.6631205673758866 189.25398894066993 0.093386627906976757 79042.000000000015 18.500000000000004 3.5000000000000004
decision_type=2 10 2 2 8 10 2 8 2 10 10 8 2 2 10 10 10 2 10 2 2 2 2 10 2 10 8 2 10 8
left_child=1 3 -3 4 -1 6 7 13 9 -9 -11 -7 -6 15 -15 18 -17 -18 19 20 -2 -22 23 -8 -13 26 -5 -14 29 -21
right_child=5 2 -4 25 12 11 22 8 -10 10 -12 24 27 14 -16 16 17 -19 -20 28 21 -23 -24 -25 -26 -27 -28 -29 -30 -31
leaf_value=0.015103302620949763 -0.0050380066593457319 0.018994606992303972 -0.0095298226830167875 0.0059872212577076356 -0.019484167171677915 0.012080800805571766 -0.018494218353604909 0.025304368302069443 -0.0042002644061745085 -0.0053233867430799598 0.014222110563727739 -0.02250401161242881 -0.0087019410336019506 -0.0046088435146995578 0.016873619743474622 0.01151998249608154 0.010130732765483048 -0.01532792739988407 -0.0099727409374545887 0.018912247559151375 0.034663936510213947 -0.0042801589613620785 0.010181260381681056 0.0068008637488175391 0.0037022505822147671 0.0035604786641818937 -0.017082572653576603 0.019494918148960587 -0.013520190650820253 -0.0076156188642104161
leaf_weight=11.317406425368974 2.3675876677734831 9.1910057526547444 4.3064763676375142 2.9816527822986236 8.651108591235241 1.7651994691695989 14.444289512350229 19.931059782393277 10.93482113117352 11.501843618345449 18.549363101599738 8.221430338220669 2.1859717282932247 10.330485244165176 20.037889153230935 4.5911343239713451 4.2912974578794083 29.360234282212332 5.2889264024561262 4.457333083264527 5.8971000302117318 1.431451773853041 3.7322646973188958 6.3474456174299112 3.4839419990312317 6.5218777658883473 43.393853320158087 1.4899370132479814 3.3077146604191503 3.7450179248116919
leaf_count=351 111 188 80 30 539 72 716 515 479 245 480 555 78 165 300 75 65 1284 265 169 161 47 145 227 118 478 1096 33 148 185
internal_value=0.000555994 -0.00539315 0.00977774 -0.00850392 0.00155196 0.00338299 0.00462239 0.00652826 0.0123035 0.0159677 0.007049 -0.00998326 -0.0116576 0.00239936 0.00994742 -0.00160075 -0.00744759 -0.0111909 0.00668106 0.0119449 0.0213043 0.0284063 -0.00655497 -0.0109506 -0.0159305 -0.0127446 -0.015161 0.00737547 -3.70592e-06 0.00850308
internal_weight=284.057 90.0393 13.4975 76.5418 23.6444 194.018 180.547 156.023 60.9171 49.9823 30.0512 13.4706 12.327 95.1062 30.3684 64.7378 38.2427 33.6515 26.4951 21.2062 9.69614 7.32855 24.524 20.7917 11.7054 52.8974 46.3755 3.67591 11.5101 8.20235
internal_count=9400 2873 268 2605 1001 6527 5782 4694 1719 1240 725 745 650 2975 465 2510 1424 1349 1086 821 319 208 1088 943 673 1604 1126 111 502 354
is_linear=0
shrinkage=0.035


Tree=174
num_leaves=31
num_cat=0
split_feature=11 26 63 10 11 123 59 2 71 83 89 94 105 56 111 61 0 70 110 0 0 76 46 28 50 57 38 104 44 71
split_gain=2.27246 4.76102 3.8625 2.2445 2.5225 4.18021 4.83737 5.8585 3.80913 3.68678 3.42927 3.0791 3.0039 3.63841 2.87521 4.3973 2.76593 2.76579 2.46555 2.72978 2.902 4.22602 2.41823 2.37709 2.29162 2.20699 2.10392 2.07734 2.03142 1.75367
threshold=14.500000000000002 34.500000000000007 0.53139076576576583 3.5000000000000004 6.5000000000000009 1.0000000180025095e-35 0.6906926406926408 4.5000000000000009 1.5220501602311287 1408.5000000000002 443.50000000000006 31575.750000000004 1.0000000180025095e-35 0.27842377260981915 0.040956108470785575 0.94258241758241768 33.230335648148156 11.837719298245617 188.25000000000003 123.49386574074076 40.498298611111117 0.53491293142807994 0.14854215918045707 9.5000000000000018 0.030457637600494747 0.15470085470085473 7.5000000000000009 0.21583850931677021 0.34969879518072294 4.2441510613537536
decision_type=2 2 2 2 2 2 2 2 8 8 10 2 2 10 2 2 2 8 10 2 2 8 2 2 2 10 2 2 2 8
left_child=1 3 -2 4 5 6 7 8 -1 -7 18 -9 13 14 15 -6 27 -13 19 20 -8 -22 -23 -11 26 -4 28 -14 -15 -26
right_child=2 -3 25 -5 12 9 10 11 -10 23 -12 17 16 24 -16 -17 -18 -19 -20 -21 21 22 -24 -25 29 -27 -28 -29 -30 -31
leaf_value=0.0058576158708068217 -0.0098402124342434356 -0.021907897571886888 -0.0068409099997621637 -0.01311892448788198 0.010177763031975618 0.011044296103462159 0.0069042423843462099 -0.010662417445895226 -0.016721949101528792 -0.017171683253493282 -0.0097099920381129978 -0.0039519072055478836 0.015410170409406997 0.0014658932296164799 0.014952122348111489 -0.013543463310820949 -0.014947315249158056 0.024510052531584833 -0.0040460899930979078 -0.0034327827806289236 -0.0049773494381206602 0.039757204409674035 -0.0022150039035728412 0.0081904136831634517 0.010993794094686071 0.019007598526822361 -0.0019853700066492686 -0.0068260580256571295 0.034349785581375691 -0.0087872231745926028
leaf_weight=9.357016787864266 6.2569184257881743 7.1972272677812716 2.2234756269026574 9.0686844809679297 11.784631452173928 4.452131026890128 17.592416983912702 2.8876954083098125 31.740246764034964 31.723825041670352 6.1843168676132327 4.1653181703295532 6.1268101942259836 3.255807583685967 8.6336274545174074 17.979140228941105 10.298399864463134 9.3563808974577114 7.0168804801069191 5.9922939820680758 2.4499085899442408 10.528128249687141 1.3159079705365009 2.1913030263967803 10.617145045776848 19.346760291373357 2.4377613110700613 5.5739592525642365 10.185063993558286 4.0160756942350426
leaf_count=334 112 241 129 848 189 70 381 134 1445 1581 396 171 97 66 137 315 320 362 185 209 73 267 59 62 309 470 33 107 144 153
internal_value=0.000549111 -0.000559637 0.00921761 0.000485046 0.00126312 -0.00157102 0.00201252 -0.00477897 -0.0115033 -0.0107758 0.00940289 0.0108155 0.00568758 0.00913105 0.0014624 -0.00403832 -0.00479209 0.0170425 0.0127449 0.0159644 0.0195809 0.0293504 0.0358207 -0.0146912 0.0172169 0.0155572 0.024855 0.00594509 0.0289415 0.00470964
internal_weight=281.955 254.128 27.8272 246.931 237.862 146.954 108.587 57.5067 41.0973 38.3673 51.0799 16.4094 90.9084 68.9093 38.3974 29.7638 21.9992 13.5217 44.8955 37.8787 31.8864 14.2939 11.844 33.9151 30.5119 21.5702 15.8786 11.7008 13.4409 14.6332
internal_count=9399 8688 711 8447 7599 5729 4016 2446 1779 1713 1570 667 1870 1346 641 504 524 533 1174 989 780 399 326 1643 705 599 243 204 210 462
is_linear=0
shrinkage=0.035


Tree=175
num_leaves=31
num_cat=1
split_feature=76 70 71 131 69 66 11 2 14 92 122 35 91 29 73 73 78 50 108 115 56 48 28 60 89 96 110 43 40 50
split_gain=3.03036 3.86713 3.31352 3.01655 4.22387 6.08574 5.23404 3.83683 2.90519 2.7054 2.50954 3.96723 2.74563 2.66572 2.43993 2.92235 3.18869 3.43136 3.3206 2.74276 2.57297 2.53297 2.43333 2.42922 2.40712 2.31137 2.1434 2.0437 2.03804 2.03665
threshold=0.51821184558476829 10.605555555555556 3.7328679409976391 0 1.2500000000000002 1.6169038511071376 3.5000000000000004 5.5000000000000009 3.5000000000000004 72647.500000000015 2.5000000000000004 1.5000000000000002 203.83644754877452 34.500000000000007 16.500000000000004 21.500000000000004 2.5000000000000004 0.020513359983168528 11.500000000000002 0.054299754299754303 0.56330128205128216 0.076556776556776576 3.5000000000000004 0.81016731016731025 449.25000000000006 2.7182539682539688 127.25000000000001 0.173494983277592 27.500000000000004 0.030457637600494747
decision_type=8 10 8 1 8 8 2 2 2 2 2 2 10 2 10 10 10 2 10 2 8 2 2 2 10 2 8 2 2 2
left_child=1 27 9 4 6 -6 -4 8 26 22 11 12 24 -12 20 16 17 19 25 -16 21 29 -2 -5 -7 28 -8 -1 -19 -3
right_child=2 14 3 23 5 10 7 -9 -10 -11 13 -13 -14 -15 15 -17 -18 18 -20 -21 -22 -23 -24 -25 -26 -27 -28 -29 -30 -31
leaf_value=0.0075338922652194327 0.017889741775609841 0.0028654901297727573 -0.0037401592899383696 0.0093922859669502926 -0.01649381669880794 0.027835720360572247 0.04001218551261846 -0.0072019792687776077 -0.0045281865325539766 -0.0064575297267298742 0.018457530543342541 -0.0098617230220585834 -0.003265639463468588 -0.0077533320571996677 -0.0085378992163013742 0.013093394831963609 -0.017750665908515144 -0.023252344509787425 0.011712440494633863 0.014514984974292015 -0.0074679528673606181 -0.010011283166521938 -0.0090220554859945287 -0.012668916254530909 -0.0054315280039564399 0.0074093611586867171 -0.00097457027176870369 -0.020398311022520432 0.0037026284042609632 0.021042504131213856
leaf_weight=1.2188121774233867 36.216549513745122 14.859024327364752 9.0807463059900346 3.8927835983922732 14.693953406182116 5.9643277497962099 10.208964923862361 1.7682659337297089 1.2960869215894497 5.0743414061143985 18.392032060422938 19.123738278169185 7.8752031981712207 2.9895810873713335 5.2294813293265205 6.2433197887148699 15.662630495382471 13.891738919192003 3.4124056138098231 15.81983015197329 8.7156370998127368 2.7778124231845132 1.5718319355510164 23.204844902385958 1.6456970036961136 2.1768035623244932 1.4814748864155269 12.972065286245195 2.6832573185674837 15.450069693149997
leaf_count=29 1134 368 526 156 584 219 275 76 58 198 361 619 283 118 189 140 467 519 124 365 469 66 60 935 89 33 66 381 96 428
internal_value=0.00195811 -0.00219359 0.00498969 0.00183741 0.00462426 0.000451097 0.0163794 0.0265744 0.0318971 0.0128076 0.00588566 -0.000273769 0.011084 0.0140178 0.000385163 -0.0037625 -0.00643492 -0.00091805 -0.00953916 0.00824825 0.00655804 0.0107481 0.0158469 -0.00650396 0.0213405 -0.015058 0.0360822 -0.0166615 -0.0190419 0.0137989
internal_weight=285.593 121.113 164.48 121.618 94.5201 70.6845 23.8355 14.7548 12.9865 42.8627 55.9906 34.609 15.4852 21.3816 106.922 65.1195 58.8761 43.2135 22.1642 21.0493 41.8025 33.0869 37.7884 27.0976 7.61002 18.7518 11.6904 14.1909 16.575 30.3091
internal_count=9431 3674 5757 4365 3274 2273 1001 475 399 1392 1689 1210 591 479 3264 1933 1793 1326 772 554 1331 862 1194 1091 308 648 341 410 615 796
cat_boundaries=0 1
cat_threshold=37
is_linear=0
shrinkage=0.035


Tree=176
num_leaves=31
num_cat=1
split_feature=10 11 131 65 94 2 143 73 66 46 124 118 71 110 0 82 119 90 112 100 0 110 1 94 107 46 94 108 0 110
split_gain=2.6291 2.22714 2.18053 3.47784 3.26238 2.91603 3.86194 2.26958 4.7106 3.61473 3.28017 3.03855 3.31436 3.15525 3.17829 2.89265 2.84619 3.68436 2.80849 2.7892 2.71073 2.6733 2.76545 2.43999 2.25385 2.23216 2.20407 2.53696 2.24913 2.19351
threshold=3.5000000000000004 16.500000000000004 0 2.5590277777777781 81082.000000000015 4.5000000000000009 0.0049140345793489823 18.500000000000004 1.1737782482137959 0.080322580645161304 1.0000000180025095e-35 0.9261982570806101 1.6372347310774018 20.750000000000004 86.324594907407416 611.50000000000011 3.9590509373665319 35458.796969696974 0.032129032258064523 0.30901856763925734 148.07754050925931 200.25000000000003 18.500000000000004 18503.500000000004 2362.6732588862378 0.11483516483516486 69845.250000000015 34.500000000000007 56.183553240740743 88.250000000000014
decision_type=2 2 1 10 2 2 10 10 10 2 2 2 10 10 2 10 8 2 2 2 2 10 2 2 8 2 2 8 2 10
left_child=2 -2 7 4 -4 6 -5 8 18 10 16 13 -13 -10 15 -15 17 23 20 -12 21 22 26 -9 -24 -11 -1 -28 -29 -19
right_child=1 -3 3 5 -6 -7 -8 9 11 25 19 12 -14 14 -16 -17 -18 29 -20 -21 -22 -23 24 -25 -26 -27 27 28 -30 -31
leaf_value=0.02293441883637741 -0.017269753446347003 0.0072129556704418549 -0.016956883804504275 0.0095320147878068199 0.0095497679742681009 0.015054663497018119 -0.014461771996140377 0.012676420952239715 0.0069052448310513636 -0.013907914297900224 -0.01152679165411713 0.018391667033403721 -0.0056478784846992341 -0.02493762436450507 0.00098774998023239331 0.0086029309579017665 -0.005920027959833876 0.028772212079420465 -0.0063619801604799502 0.013585799330326597 -0.0079552092182251354 -0.0029925332876342753 -0.011223670720962276 -0.012017950733691453 0.012087674376994281 0.0063305453776907571 -0.0075338992971503982 -0.0068174757686135885 0.027457076008293356 0.00020073409144575165
leaf_weight=28.973662309348583 11.043390191043725 3.1552227367646983 22.793823636369783 10.683878882555293 3.6930062782485029 10.992393517866729 12.729933096445164 4.8819198023993504 6.4308218322694293 8.3569008090998995 8.8063915739767236 6.4680466165300485 13.961830123793332 20.748098921845674 9.6645130392862466 1.13048969907686 3.700992473633959 24.047420392977077 13.759574095369315 3.9899484396446487 6.4841464530909425 11.001421587308867 6.2819721843115959 4.7330702086910605 4.2639119669329384 9.1037283028708753 7.6307138318661574 1.1424003848806035 1.6196484907995907 3.7918994177598497
leaf_count=904 1023 203 1237 228 129 203 254 97 60 209 199 110 282 649 335 9 55 548 580 75 307 352 218 162 132 228 302 54 73 189
internal_value=0.00119109 -0.0113676 0.00204043 -0.00335245 -0.0123315 0.00339674 -0.00376251 0.00362588 0.00109666 0.00864807 0.0128461 -0.00618443 0.00408269 -0.0115405 -0.0157313 -0.0219266 0.0172095 0.019923 0.00639121 -0.00207952 0.0092544 0.0115508 0.014737 0.000567624 -0.000942114 -0.00429562 0.0185701 0.00290539 0.0180211 0.0255037
internal_weight=286.065 14.1986 271.867 60.893 26.4868 34.4062 23.4138 210.974 139.561 71.4123 53.9516 58.4038 20.4299 37.9739 31.5431 21.8786 41.1553 37.4543 81.1575 12.7963 67.3979 60.9137 49.9123 9.61499 10.5459 17.4606 39.3664 10.3928 2.76205 27.8393
internal_count=9406 1226 8180 2051 1366 685 482 6129 4367 1762 1325 1445 392 1053 993 658 1051 996 2922 274 2342 2035 1683 259 350 437 1333 429 127 737
cat_boundaries=0 1
cat_threshold=37
is_linear=0
shrinkage=0.035


Tree=177
num_leaves=31
num_cat=0
split_feature=110 118 145 85 71 69 63 41 104 55 145 92 65 61 74 123 9 65 117 87 106 74 124 47 87 70 97 117 32 41
split_gain=3.30589 3.19074 2.16625 3.78605 3.75319 3.49212 4.80476 3.11068 2.82062 2.63871 4.58848 2.95516 3.6056 3.70667 2.96439 2.74306 3.78512 3.5094 2.82708 3.07145 2.65746 2.46605 2.34677 2.31974 2.35828 2.28057 2.20004 2.14204 2.25209 2.07271
threshold=1098.5000000000002 0.48333333333333339 0.25529966493361106 580.32051282051293 3.4407398141545777 2.7500000000000004 0.72456896551724148 8.5000000000000018 0.39339826839826847 0.80600358422939078 0.07543848180304373 43578.500000000007 2.8208556149732629 0.92172181372549022 12.250000000000002 1.5000000000000002 2.5000000000000004 3.6381818181818186 0.39339826839826847 182.50000000000003 122.84523809523812 10.750000000000002 1.0000000180025095e-35 0.099019607843137278 13.500000000000002 10.738636363636365 3.1699263843908034 0.11324786324786326 32.500000000000007 2.5000000000000004
decision_type=8 2 10 10 10 10 2 8 2 10 8 2 8 2 10 2 2 10 2 8 10 10 2 2 8 10 2 2 2 8
left_child=1 -1 4 5 9 6 23 26 25 11 -11 12 14 -14 -3 16 -12 18 -18 -20 -15 -10 -23 24 -4 -7 -5 -26 -29 -13
right_child=-2 2 3 7 -6 8 -8 -9 21 10 15 29 13 20 -16 -17 17 -19 19 -21 -22 22 -24 -25 27 -27 -28 28 -30 -31
leaf_value=0.018182773166968733 -0.014225433270272347 0.009382454725582013 0.0051900662584326148 -0.0044158857674547539 0.020033044842670305 0.011022472280142156 0.011665783594690393 -0.0060999181544148743 -0.0062354790538987617 -0.0093955548680844329 -0.0043662333519586078 0.0023758012908242734 -0.0091826960882540245 -0.0049560548166363554 -0.015116548214906499 -0.0070577651710961578 -0.00060967044646041549 -0.0018979979210361482 -0.0059659650982768252 0.02883301636484396 0.027743121123014722 0.023541654228171532 -0.0058320787026780131 0.0046600713862678909 0.0073294212187971818 -0.0098918022816559814 0.032171404254405261 -0.020928950390105394 0.0042147123527627849 -0.013358335478532055
leaf_weight=10.688653640914707 9.7555220662616176 5.9561861068941679 4.2479121148353434 1.1934750231448532 12.11401723558083 4.3960066104773459 7.9812342225341117 3.4188857997069144 3.8747235287446555 12.709872317849657 9.5524473210098204 13.508205029414965 3.1105576420668504 2.1229710613843045 9.6791551652131584 5.8697317545302203 5.4110583703732109 8.139618522487579 1.7424795258557448 26.567842736141756 10.196448224596677 11.214376148185691 2.0505887467879793 6.1991900797002009 1.6110397095326323 16.753691704710945 4.0803579458734021 39.567590760765597 3.1635176185518494 25.261693099746481
leaf_count=145 581 197 200 98 304 78 260 113 81 379 509 502 89 67 472 168 251 118 152 440 235 219 76 216 37 326 184 1776 102 980
internal_value=0.00199025 0.00281697 0.00186024 -0.00184053 0.0045069 -0.00400367 -0.00882786 0.0155867 0.00401113 0.00251661 0.00709446 -0.00223903 0.00534353 0.0152628 -0.00577176 0.0112138 0.0137404 0.0178973 0.0223035 0.0261172 0.0223042 0.0128844 0.0186474 -0.0125391 -0.0149635 -0.00426835 0.0257721 -0.0172244 -0.018821 -0.00823109
internal_weight=282.139 272.384 261.695 109.753 151.942 101.06 62.7705 8.69272 38.2894 139.828 69.9931 69.8352 31.0653 15.43 15.6353 57.2832 51.4134 41.861 33.7214 28.3103 12.3194 17.1397 13.265 54.7893 48.5901 21.1497 5.27383 44.3421 42.7311 38.7699
internal_count=9355 8774 8629 3766 4863 3371 2591 395 780 4559 2017 2542 1060 391 669 1638 1470 961 843 592 302 376 295 2331 2115 404 282 1915 1878 1482
is_linear=0
shrinkage=0.035


Tree=178
num_leaves=31
num_cat=0
split_feature=32 98 63 45 93 90 66 47 66 60 121 82 44 145 72 49 63 43 74 46 119 95 73 57 25 72 122 4 115 110
split_gain=2.86793 5.25671 4.48699 3.58321 3.73718 3.47362 3.53171 3.70571 3.38597 3.28735 2.91641 2.80933 3.8103 6.21591 3.1687 2.95939 3.0196 2.55416 2.79172 2.39525 2.37141 2.82404 2.36575 2.45053 2.66429 2.27715 2.23601 2.18206 2.13423 2.12162
threshold=2.5000000000000004 1.4677083333333336 0.52326839826839844 0.071796759941089847 66514.000000000015 57982.280000000006 2.0343637680652829 0.060475444096133764 0.69463572906122784 0.93492377188029374 3.5000000000000004 303.50000000000006 0.42947558770343586 0.10006122337686098 12.500000000000002 0.01941930618401207 0.81101190476190488 0.42967032967032975 18.750000000000004 0.028174603174603175 3.5641097262822887 31993.500000000004 20.500000000000004 0.62916666666666676 1.5000000000000002 5.5000000000000009 1.0000000180025095e-35 2.5000000000000004 0.10063291139240509 110.25000000000001
decision_type=2 2 2 2 2 2 10 2 8 2 2 8 2 8 10 2 2 2 10 2 10 2 10 10 2 10 2 2 2 10
left_child=5 3 -3 4 -2 6 8 9 26 20 29 25 13 -13 15 16 -14 18 27 -19 21 -8 23 -10 -25 -7 -1 -15 -24 -4
right_child=1 2 10 -5 -6 11 7 -9 22 -11 -12 12 14 17 -16 -17 -18 19 -20 -21 -22 -23 28 24 -26 -27 -28 -29 -30 -31
leaf_value=-0.010513111628645808 0.015307108881978912 -0.0069759901094867422 0.027244574225386869 -0.013170996054172636 -0.01021434891945064 -0.0076186426678707276 -0.016674582199405576 -0.016699873843448891 -0.021556383317501222 0.014953032737129567 -0.0066093854369304898 0.018310418979881067 0.021571937381907099 0.0067385453379265768 -0.008959000926230842 -0.011251476482076474 -0.0033404599035634672 -0.0096011879982776018 0.010132419747853278 0.012985379228709053 0.011362876093000268 0.011183758855062335 0.013097205152684642 -0.010634991935788986 0.013598065720697047 0.019446045121390188 0.012879324905029804 -0.020705979052309607 -0.011025784898731421 -0.00051108609351340774
leaf_weight=3.4565698226215309 13.503195677534679 6.5519409894477567 21.590748622547842 16.568343913415447 7.0098340972326687 1.9667124154511828 11.611666816170329 5.7011336506111538 32.444897484849207 19.157495464547537 2.2718713604845098 6.2627565354341632 20.862283539376229 1.6354576956946463 6.6996569489128879 2.0248105041682711 6.1698201773688188 6.8867370565421862 1.599068728275596 6.2323038133326918 4.3210556514095506 2.1831232481636098 4.6157333850860578 13.545053815003486 3.1608642985811448 12.756043843459336 8.3536016318248567 27.452428775606677 3.5596780409105122 3.655555439181625
leaf_count=220 259 229 467 484 177 201 294 212 1453 387 94 146 407 85 193 39 168 283 36 114 66 54 177 582 48 919 363 962 159 137
internal_value=0.000302487 0.00614384 0.0151364 -0.00293524 0.00629317 -0.00174815 -0.00586634 0.00191302 -0.0105048 0.00639844 0.0206644 0.002904 0.000157487 -0.00585499 0.00826199 0.012965 0.016252 -0.0108317 -0.0157027 0.00175114 -0.00392563 -0.0104634 -0.0138284 -0.0164989 -0.00397378 0.0148158 0.00494228 -0.0184008 0.00239553 0.0238055
internal_weight=283.81 71.1515 34.0701 37.0814 20.513 212.659 112.111 42.9745 69.1364 37.2733 27.5182 100.548 85.8253 50.0688 35.7566 29.0569 27.0321 43.806 30.687 13.119 18.1158 13.7948 57.3262 49.1508 16.7059 14.7228 11.8102 29.0879 8.17541 25.2463
internal_count=9415 1847 927 920 436 7568 4015 1013 3002 801 698 3553 2433 1626 807 614 575 1480 1083 397 414 348 2419 2083 630 1120 583 1047 336 604
is_linear=0
shrinkage=0.035


Tree=179
num_leaves=31
num_cat=0
split_feature=54 10 98 20 70 72 107 98 110 70 78 14 45 42 19 46 119 112 28 106 143 0 101 27 83 11 41 38 110 76
split_gain=3.63428 3.31098 3.65197 4.19622 3.7369 3.55048 3.24464 2.93986 3.84685 3.39954 4.28988 3.27783 3.79138 2.939 4.19767 6.19916 2.96648 2.96625 2.79375 2.67638 2.55001 2.36252 2.25071 2.15341 3.85681 2.10642 2.58304 2.09755 2.30835 2.06006
threshold=0.44949494949494956 3.5000000000000004 1.4558441558441559 2.5000000000000004 9.5192307692307718 11.500000000000002 1495.9574745382063 0.9104278074866311 17.250000000000004 12.080128205128206 3.5000000000000004 2.5000000000000004 0.082079496968335955 6.5000000000000009 1.0000000180025095e-35 0.079455266955266959 0.8704386226815618 0.076197387518142243 13.500000000000002 1072.8611111111113 0.017763916861510447 15.682447916666669 0.55086206896551737 1.5000000000000002 1783.5000000000002 16.500000000000004 15.500000000000002 20.500000000000004 59.250000000000007 0.95903951956590039
decision_type=8 2 2 2 8 8 10 2 10 10 10 2 2 10 2 2 10 2 2 10 10 2 2 2 8 2 10 2 10 8
left_child=1 2 5 4 -4 7 23 8 -1 11 18 12 -9 14 15 17 -16 -6 27 -17 -13 -18 -15 -2 -25 -3 -27 28 -11 -26
right_child=6 25 3 -5 13 -7 -8 9 -10 10 -12 20 -14 22 16 19 21 -19 -20 -21 -22 -23 -24 24 29 26 -28 -29 -30 -31
leaf_value=0.013221832720405651 -0.0075293029648131546 -0.016592933276646852 -0.0083698098723280177 -0.0078805740948346397 0.03104721116662381 -0.0083477566917095174 -0.019991145032493256 0.022970733195544345 -0.01345851517901836 0.023986368865709682 -0.0059980409831387211 0.0034685688806979737 -0.0096965391814258419 0.0330214446769568 0.0143414353162187 -0.01054096080841288 0.0054613853370093406 -0.0024213107518076728 -0.0094282555262242256 0.011888798803593071 -0.018218252099583918 -0.016272279236020502 0.0015144094819122998 -0.0082347824913508866 -0.0024025264673879156 0.02153515655690684 -0.010352182184216428 -0.0056328435697282422 0.00012398044079935228 0.028592204527245684
leaf_weight=4.9171316232532289 17.910045208176602 10.494920659461057 6.3184433438582337 10.741696433280593 18.422547153779309 32.008687292342074 10.525325173977761 5.8593557879794407 17.089879881823435 31.901237848447636 10.042204466881229 9.1464437320828456 3.6288509477162734 11.183819470694287 4.9624694451922577 9.3992924513295311 6.7522302637808052 2.966361245722509 1.7253102893009771 6.910625238902866 10.733441293588838 10.972520037088541 3.9546990110538891 6.5254345269640881 2.6342518782475972 1.1116296809632324 2.0355582877527922 1.99146647308953 5.7985042653745031 4.5008971724892035
leaf_count=94 844 1018 188 457 594 900 677 129 369 515 224 212 187 170 70 315 133 119 38 186 230 433 100 418 134 43 157 46 324 167
internal_value=0.00207461 0.00374812 0.00482139 0.00998183 0.012645 0.00104795 -0.00688945 0.00422397 -0.00615301 0.00724321 0.0122825 -0.00208887 0.0114422 0.0148136 0.00986276 0.0163409 -0.00190881 0.0268263 0.0168836 -0.000477681 -0.00954859 -0.00861289 0.0272103 -0.000385446 0.00848852 -0.0106385 0.00721495 0.0189541 0.0207604 0.0208741
internal_weight=283.165 241.069 227.427 92.5847 81.843 134.843 42.096 102.834 22.007 80.8268 51.4587 29.3681 9.48821 75.5246 60.386 37.6988 22.6872 21.3889 41.4165 16.3099 19.8799 17.7248 15.1385 31.5706 13.6606 13.6421 3.14719 39.6912 37.6997 7.13515
internal_count=9491 7251 6033 2765 2308 3268 2240 2368 463 1905 1147 758 316 2120 1850 1214 636 713 923 501 442 566 270 1563 719 1218 200 885 839 301
is_linear=0
shrinkage=0.035


Tree=180
num_leaves=31
num_cat=0
split_feature=92 117 116 92 76 93 71 72 76 66 68 1 70 0 91 3 117 0 72 106 110 98 110 121 0 51 87 76 71 44
split_gain=3.74869 3.10134 2.83785 3.5462 3.14426 3.02429 3.58866 3.68091 3.08231 2.99143 2.86303 2.714 2.87452 3.33022 3.07935 2.6681 2.69282 2.58398 3.33154 2.53507 2.52061 3.9884 2.48713 3.37857 3.25505 2.55259 2.2854 2.27728 2.23777 2.11714
threshold=57284.500000000007 0.17028985507246377 0.77871939736346529 39718.000000000007 0.37850674739933959 46191.500000000007 3.7328679409976391 10.500000000000002 0.45828458797909361 3.040402384691979 1.5000000000000002 2.5000000000000004 8.8452380952380967 0.44903356481481488 6525.2344754630913 50.500000000000007 0.43534002229654406 15.682447916666669 10.500000000000002 73.562500000000014 16.250000000000004 0.9104278074866311 90.250000000000014 3.5000000000000004 131.0258564814815 0.084523809523809543 1.0000000180025095e-35 0.44782039932319934 1.4160719276834464 0.23582887700534763
decision_type=2 2 2 2 10 2 10 8 8 10 10 2 8 2 10 2 2 2 8 10 8 2 10 2 2 2 8 8 8 2
left_child=1 17 3 5 -4 6 7 9 29 28 -5 27 -13 -14 20 16 -10 -1 -19 -8 -15 -22 23 24 25 -23 -12 -2 -3 -7
right_child=11 2 4 10 -6 8 19 -9 15 -11 26 12 13 14 -16 -17 -18 18 -20 -21 21 22 -24 -25 -26 -27 -28 -29 -30 -31
leaf_value=0.018847988419084361 0.0077642577181573748 -0.0070789955949495283 -0.0082218876556557751 0.0053418985146757103 0.015237649155382603 0.011886492474814589 0.0070805832377273921 -0.0079783756162726746 -0.0072395892987980352 -0.011151502969596534 0.007774608548147534 -0.011910287459563839 -0.0087183990127766633 -0.0033627236815362681 -0.0095096564347712104 -0.0046233948250463206 0.026846640168423981 0.014032053389996153 -0.013672109778203601 -0.020674060319447754 -0.0048305595950347991 0.029595635631319436 0.0030424246643341538 -0.001940391161415493 0.00031714043378700105 -0.0011249556326181681 -0.019607300821338585 -0.015356692474111158 0.019930522844496604 -0.016180140898923782
leaf_weight=9.5913476841524261 4.6516000663395944 1.9873117057140977 7.3886721937451538 5.6678817188367239 13.082132513634859 0.69437004916835832 2.3553704421501633 24.552637362736277 1.2752105908002693 2.7191201150417319 1.5176462857052673 4.2807197547517708 7.8060592645779243 8.6687413663603348 4.6745146996108806 4.352650045650079 10.057952436618505 4.3585366338957074 7.4595913654193291 16.628067154902965 8.9874370740726572 36.405518010607921 13.701023611938579 6.2345381579361847 6.4004955544369286 3.2121641242410979 32.716410688823089 8.3411254258826375 14.458019436453467 4.9859600119525567
leaf_count=154 126 50 109 296 200 15 64 859 137 52 21 170 165 179 220 180 251 135 315 687 303 1032 609 149 260 105 1519 319 454 215
internal_value=0.00111945 -0.0022188 -0.00411583 -0.00611574 0.00681843 -0.00176137 -0.00559192 0.000338352 0.00840837 0.0104395 -0.014072 0.00589066 0.00785015 0.00927601 0.0112491 0.0152561 0.0219691 0.00893574 -0.00232068 -0.0164722 0.0128808 0.0148525 0.0176861 0.0209248 0.0239091 0.0272579 -0.0175573 -0.0072217 0.0157771 -0.00879075
internal_weight=279.213 165.849 144.439 123.969 20.4708 84.0667 62.7005 43.7171 21.3661 19.1645 39.9019 113.364 100.371 96.0905 88.2844 15.6858 11.3332 21.4095 11.8181 18.9834 83.6099 74.9412 65.9537 52.2527 46.0182 39.6177 34.2341 12.9927 16.4453 5.68033
internal_count=9350 5713 5109 4800 309 2964 2166 1415 798 556 1836 3637 3192 3022 2857 568 388 604 450 751 2637 2458 2155 1546 1397 1137 1540 445 504 230
is_linear=0
shrinkage=0.035


Tree=181
num_leaves=31
num_cat=0
split_feature=23 44 94 47 74 65 92 63 92 9 1 46 56 110 74 4 115 65 70 65 76 92 107 128 107 51 71 49 0 72
split_gain=3.04819 3.81587 2.72178 3.47146 2.99651 2.96852 2.54829 3.04484 2.84689 2.81098 3.27373 3.15771 3.72839 2.46017 5.54987 3.6789 3.65687 3.63613 4.33053 3.21096 3.19619 2.69057 4.16855 2.57839 2.27688 2.11144 2.31048 2.11849 1.91803 1.87221
threshold=4.5000000000000009 0.43772810218978109 80302.000000000015 0.052289815447710192 14.750000000000002 2.5100000000000002 7336.5000000000009 0.46690997566909981 9918.0000000000018 10.500000000000002 13.500000000000002 0.060120481927710849 0.48212005108556838 27.750000000000004 15.250000000000002 4.5000000000000009 0.26365441906653431 2.2426470588235299 12.146428571428574 2.9198717948717952 1.0018348685515164 74741.000000000015 1580.2746299649073 0.29520697167755999 2811.5039432256012 0.06186224489795919 3.1420894867294531 0.088932806324110686 2.7513599537037039 9.5000000000000018
decision_type=2 2 2 2 8 8 2 2 2 2 2 2 10 8 10 2 2 10 10 10 8 2 8 2 8 2 8 2 2 10
left_child=2 29 6 4 -4 -6 7 -1 -8 13 11 12 -11 14 16 17 19 21 -19 -10 23 22 28 -20 -23 27 -27 -17 -15 -2
right_child=1 -3 3 -5 5 -7 8 -9 9 10 -12 -13 -14 15 -16 25 -18 18 20 -21 -22 24 -24 -25 -26 26 -28 -29 -30 -31
leaf_value=-0.010436249244490034 -0.019485254692554948 0.012751853931645893 0.0038250601712110778 -0.0077418142112620951 0.042117114718393148 0.0054789033416057595 -0.017228639609690635 0.016333487653215819 0.029358081361266483 -0.0087237419462349603 -0.0024189946154797703 0.022944165655646317 0.018746430813718608 0.012370157526193195 -0.015509309429643547 -0.021530683039875712 -0.0021719436348042365 -0.0084032058588947561 0.029069261230392638 -0.00093389340622223856 -0.0070066707921913381 -0.0065954820130077092 -0.019162107005162871 0.0010350252716389769 0.023365386363827425 0.012458354278592418 -0.011834671556825238 0.0052501215312251073 -0.0060028044947426406 0.0010723720291207046
leaf_weight=3.0112065791618106 16.4227527093608 3.9746621761005363 14.432058379054075 6.1370040506590149 3.3795718413311961 6.6070489699486652 6.6159599565435192 18.029682691325434 10.489953417913062 11.62439691019245 25.053882273263298 15.012382459943181 4.5518867570208377 7.2958040608791661 7.2526591632049522 20.774904111982327 12.083051810972391 9.3020410434110108 10.914952636230742 5.511548123555257 3.4672593285795292 2.6007689589168868 19.396660967497155 5.8859131085919207 1.8308305181562898 4.6788267905358198 4.5143170251976708 2.214857122860848 11.379779062466694 6.5974094759440041
leaf_count=94 803 133 414 188 118 183 171 430 162 296 635 329 161 181 134 991 254 302 281 77 112 140 1185 149 59 178 266 56 677 255
internal_value=0.00113923 -0.00908108 0.00237954 0.0113801 0.0166848 0.0277926 0.00092691 0.0112342 -0.00038927 0.000594374 0.00686621 0.0136287 0.00160731 -0.0020826 0.0053996 -0.00474969 0.0123271 -0.000127772 0.00851581 0.021186 0.0164071 -0.00640455 -0.00960514 0.0217378 0.0116072 -0.0136915 0.000562485 -0.0184736 0.00227139 -0.0144536
internal_weight=281.044 26.9948 254.049 30.5557 24.4187 9.98662 223.494 21.0409 202.453 195.837 56.2425 31.1887 16.1763 139.594 35.3372 104.257 28.0846 72.074 29.5702 16.0015 20.2681 42.5038 38.0722 16.8009 4.4316 32.1829 9.19314 22.9898 18.6756 23.0202
internal_count=9414 1191 8223 903 715 301 7320 524 6796 6625 1421 786 457 5204 627 4577 493 3086 844 239 542 2242 2043 430 199 1491 444 1047 858 1058
is_linear=0
shrinkage=0.035


Tree=182
num_leaves=31
num_cat=0
split_feature=63 107 108 50 76 57 11 119 106 56 96 45 108 29 71 88 45 83 93 65 0 94 61 143 106 1 46 116 1 0
split_gain=2.31891 2.4306 2.3206 2.19574 2.86516 3.13438 4.47705 2.77249 2.74552 3.46748 3.36012 2.93818 3.04713 2.89632 2.81379 2.7297 2.71965 2.53935 2.45336 2.44973 3.64928 2.19809 2.18046 2.1804 2.5647 2.13317 2.11817 2.08051 2.06147 1.95343
threshold=0.39642857142857152 1104.4328424860526 13.500000000000002 0.081799933087989302 0.37553380809940551 0.4188596491228071 9.5000000000000018 1.220271161302606 687.16666666666674 0.66811594202898561 1.2476415094339626 0.12556306306306309 14.500000000000002 11.500000000000002 2.2912863747816616 1079.5000000000002 0.092807924203273051 1102.5000000000002 70316.000000000015 2.5590277777777781 83.962118055555564 33863.750000000007 0.98518437225636535 0.16417419386169391 44.083333333333336 2.5000000000000004 0.065861769809138243 0.76230831315577086 21.500000000000004 181.83012731481486
decision_type=2 8 10 2 8 10 2 10 10 10 2 2 10 2 8 10 2 8 2 10 2 2 2 10 8 2 2 2 2 2
left_child=1 2 -1 4 5 -2 7 -7 11 10 -10 13 17 25 -12 19 -15 -13 -14 23 28 -16 -22 24 -5 -6 -9 -19 -21 -23
right_child=3 -3 -4 15 8 6 -8 26 9 -11 14 12 18 16 21 -17 -18 27 -20 20 22 29 -24 -25 -26 -27 -28 -29 -30 -31
leaf_value=0.013800666770704321 -0.013401211415632814 -0.017913795229362931 -0.01098502223110929 0.007279126439082944 -0.0058226937208689889 0.010137508760706295 0.022724212680523204 -0.018597688534796916 -0.00031738513880885536 -0.0057127904494971987 -0.0025065477867446703 0.0096342506626081563 0.017765552566087851 -0.010259110337034172 0.0023986280722389898 0.016297927087671072 0.012474308041094426 -0.021584166814070906 -0.010462598776948854 -0.012876994175179386 -0.0020879456195854913 0.029223952029919564 0.024570876049386074 0.010293972319562023 -0.016702134280341216 0.013062964939357305 0.0035141679751571151 0.0024478733320796552 0.0099037221030201308 -0.0032652262982569213
leaf_weight=5.4409661875106412 16.81670590385329 9.706754887243731 3.5610279364045709 3.5985427442938116 5.6703345032874486 6.8728621701011496 5.6116448080865657 9.7790629765950126 12.646964268875307 8.8073776646051538 4.9005597361829123 2.1729191485792461 5.4321142398985094 16.587225520750511 6.2780308162327847 3.1327732540667048 4.4541440409375346 14.182860043481925 1.8884064224548636 12.570734821259977 4.7973760374588874 24.882629072875719 5.2320506997639313 1.7673057971987862 28.256068123970181 43.981898262980394 6.1462808871874577 4.5092358216643325 2.5887166366446754 1.432018142659216
leaf_count=197 492 512 168 91 131 176 67 299 499 541 111 22 196 316 176 19 136 714 86 446 163 553 131 89 1829 975 169 56 62 46
internal_value=0.00154162 -0.00900109 0.00357443 0.00243884 0.00417813 -0.00331606 0.00376584 -0.00414866 0.00636154 0.0120418 0.0153957 0.0025586 -0.00627988 0.00626456 0.0201096 -0.00314885 -0.00397567 -0.0124362 0.00919293 -0.00538064 0.00264509 0.0233912 0.0153668 -0.0109574 -0.013373 0.0105708 -0.0112632 -0.0164936 -0.00749533 0.0272169
internal_weight=283.706 18.7087 9.00199 264.997 203.053 45.2266 28.4099 22.7982 157.827 58.9476 50.1402 98.8791 28.1855 70.6936 37.4932 61.9436 21.0414 20.865 7.32052 58.8108 25.1889 32.5927 10.0294 33.6219 31.8546 49.6522 15.9253 18.6921 15.1595 26.3146
internal_count=9468 877 365 8591 5761 1203 711 644 4558 1926 1385 2632 1074 1558 886 2830 452 792 282 2811 802 775 294 2009 1920 1106 468 770 508 599
is_linear=0
shrinkage=0.035


Tree=183
num_leaves=31
num_cat=0
split_feature=96 97 107 90 54 96 122 69 34 145 76 43 98 54 41 110 92 34 70 68 128 74 70 117 50 60 73 91 110 109
split_gain=3.2883 3.12556 3.04956 3.61718 4.18508 3.09503 2.77657 2.59691 2.57577 2.26881 2.88468 2.81035 2.80587 2.33126 2.25976 2.51531 3.11718 2.92209 3.01273 2.21736 2.44903 2.21218 2.13647 2.05569 2.01885 2.00538 1.99178 1.98387 1.97583 1.99872
threshold=3.60952380952381 6.7305284695727616 2095.2858590069841 77636.077380952396 0.13423423423423428 1.7421652421652423 5.5000000000000009 3.2500000000000004 8.5000000000000018 0.2097123840105117 0.54733872931548899 0.23013871374527115 0.91833333333333345 0.44949494949494956 16.500000000000004 58.250000000000007 76371.000000000015 3.5000000000000004 9.9750000000000014 15.500000000000002 0.33854166666666669 8.2500000000000018 11.015151515151517 0.14550264550264552 0.092807924203273051 0.92214439655172431 7.5000000000000009 6816.5630456422341 310.25000000000006 243.50000000000003
decision_type=2 2 8 2 8 2 2 8 2 8 8 2 2 8 10 10 2 2 8 10 2 8 8 2 2 2 10 10 10 10
left_child=1 2 9 4 6 7 24 8 26 12 11 -11 -1 14 15 16 17 18 -12 20 -3 -15 -17 -13 -4 -5 -6 -20 29 -24
right_child=-2 19 3 25 5 -7 -8 -9 -10 10 13 23 -14 21 -16 22 -18 -19 27 -21 -22 -23 28 -25 -26 -27 -28 -29 -30 -31
leaf_value=-0.0071221638007916682 0.018653343669133092 -0.0045139577576612079 0.020925285150375159 -0.006094590600322994 0.006572848534488601 0.0039670490820883199 -0.0094424848514593207 -0.00091127192614162082 0.0064999292503310768 0.012296028051389879 -0.0058051357021412023 0.0079788718550516755 0.015483070005023067 0.012497792478429035 -0.010400918248976727 0.013217844398714259 -0.0061900767673084582 -0.0057998448057517667 0.030886021473031967 0.0098504256945206349 -0.020616707055741736 -0.011716318749749819 0.0076627260349510038 -0.015922688434201322 -0.0073224967237089326 0.016513392948975601 -0.023768615935695649 -0.00086326218430761415 0.0088126229774587034 -0.019963227901059553
leaf_weight=5.1826447749044737 6.2154819676652542 53.588856528745964 8.7863740724278596 3.9091303430031958 0.82425382803194835 11.490557342767714 3.9957304123090571 12.919796121888792 2.1382391944061956 2.9508403474465039 2.0006362516433098 2.2065106688533005 30.941698155947961 1.8771604206413002 2.8041230195667586 4.2022507681976977 4.078857189975678 2.6643448370741671 18.02963818109129 4.7770776548422864 11.563400775659828 11.444343814859167 1.3772080291528235 18.711184281855822 1.2852080689044658 10.346049792133272 28.646893103374168 2.3945812743622801 2.7217275167349735 7.3118782156379893
leaf_count=130 148 1355 235 145 55 239 161 463 114 102 51 41 950 66 159 166 84 77 401 53 166 609 62 720 113 337 1686 71 44 433
internal_value=7.12642e-05 -0.000673863 0.00152608 -0.00346236 -0.00677151 -0.010914 0.00826117 -0.0147668 -0.0195322 0.00500541 0.00162867 -0.00769981 0.0117683 0.00559118 0.00903703 0.0111766 0.0164955 0.0205994 0.0242215 -0.00680164 -0.00863765 -0.00582473 -0.000351012 -0.0123486 0.0160873 0.010341 -0.0220897 0.0277259 -0.00785271 -0.014385
internal_weight=281.387 275.171 205.242 84.3422 70.0871 56.0197 14.0673 44.5292 31.6094 120.9 84.7753 23.8685 36.1243 60.9067 47.5852 44.7811 29.1681 25.0892 22.4249 69.9293 65.1523 13.3215 15.6131 20.9177 10.0716 14.2552 29.4711 20.4242 11.4108 8.68909
internal_count=9436 9288 7714 3548 3066 2557 509 2318 1855 4166 3086 863 1080 2223 1548 1389 684 600 523 1574 1521 675 705 761 348 482 1741 472 539 495
is_linear=0
shrinkage=0.035


Tree=184
num_leaves=31
num_cat=0
split_feature=88 83 117 107 69 46 47 80 44 110 59 65 110 1 115 43 11 117 68 92 115 99 96 109 92 43 72 1 117 27
split_gain=2.58877 3.0025 2.68861 2.64496 2.61479 3.38173 3.46155 3.27149 3.38848 3.20763 3.05489 4.4872 4.44273 3.36317 4.75391 3.17399 2.91068 3.34228 2.82335 2.58144 3.73972 2.51189 2.47764 2.34255 2.21544 2.4637 2.08866 3.08752 2.7188 2.5062
threshold=1079.5000000000002 1537.5000000000002 0.76705426356589157 1613.1350730339771 3.2500000000000004 0.14194139194139196 0.036811201445347795 555.81578947368428 0.34514106583072107 668.00000000000011 0.68027777777777787 3.1558704453441302 86.250000000000014 15.500000000000002 0.25101626016260165 0.31782106782106784 9.5000000000000018 0.17028985507246377 2.5000000000000004 73387.000000000015 0.23845060412224592 0.59687500000000016 1.1017241379310347 7908.5000000000009 6345.0000000000009 0.12613636363636366 12.500000000000002 11.500000000000002 0.69113355780022456 1.5000000000000002
decision_type=10 10 2 8 8 2 2 10 2 10 2 10 10 2 2 2 2 2 10 2 2 2 2 8 2 2 10 2 2 2
left_child=1 4 -3 -4 10 6 7 8 -6 -10 15 12 13 19 23 -1 17 18 -17 20 21 -12 -14 -15 -23 -26 28 -28 -19 -29
right_child=-2 2 3 -5 5 -7 -8 -9 9 -11 11 -13 22 14 -16 16 -18 26 -20 -21 -22 24 -24 -25 25 -27 27 29 -30 -31
leaf_value=-0.020653468464788237 0.015473935381948281 -0.021011069043388675 -0.0107313963801612 0.020062650803487292 -0.0024123321044587785 -0.011281717646081579 -0.0051668925760404464 -0.0064446961617442506 0.024601217798880609 -0.0074474788644566222 -0.0019415969707230083 -0.014681347606543646 0.0041339134216481057 -0.018597622198454206 0.018547637071424442 -0.0084940664229833183 0.0059154536351075414 -0.022129912542698971 0.016615518531297554 -0.0035766275975781673 -0.0015957046810653984 -0.0037971535686707847 -0.019724535058126297 0.0060765985374897436 -0.00066549815360129763 0.033448294484397179 -0.012911217124882969 0.023568570861968417 -0.0045033101565772173 -0.0062363680569518321
leaf_weight=9.0416892007924599 8.6781912520527822 9.7070115850074199 2.5364196205046019 1.6304418966174123 7.688620352651923 6.9033596680965266 12.506156669463961 5.8323586090700692 29.142243628390137 2.0582500835880628 3.272756575606766 9.1952284555882198 7.5706129672471416 9.516866022720933 4.833186808275058 5.2808906687423578 29.48253766912967 18.233159723924473 8.3736893902532739 5.5675029193516812 7.840971080819144 1.4523759623989487 6.0576195239555091 4.0622004990000287 2.6789962104521718 19.97092429548502 4.6834984220331517 4.0443510722834617 26.061661782674491 2.8694617666769773
leaf_count=384 67 2203 257 163 228 202 209 139 518 52 64 210 209 278 99 240 483 1081 134 143 166 37 412 112 55 446 188 110 412 77
internal_value=0.000621389 -0.00013389 -0.0136094 0.00568874 0.000849844 0.00668602 0.0095858 0.013816 0.0172427 0.0217504 -0.00124001 0.00372561 0.00684371 0.0108846 -0.00138942 -0.00500671 -0.0026541 -0.00644004 0.00723062 0.0159724 0.0191235 0.024388 -0.00891875 -0.0115674 0.0276825 0.0300227 -0.0100993 0.00235338 -0.0132677 0.0137727
internal_weight=276.773 268.095 13.8739 4.16686 254.221 64.131 57.2276 44.7215 38.8891 31.2005 190.09 82.0192 72.824 59.1958 18.4123 108.071 99.0293 69.5467 13.6546 40.7835 35.216 27.3751 13.6282 13.5791 24.1023 22.6499 55.8921 11.5973 44.2948 6.91381
internal_count=9378 9311 2623 420 6688 1348 1146 937 798 570 5340 2231 2021 1400 489 3109 2725 2242 374 911 768 602 621 390 538 501 1868 375 1493 187
is_linear=0
shrinkage=0.035


Tree=185
num_leaves=31
num_cat=0
split_feature=56 75 118 60 60 45 110 4 119 74 56 97 21 49 44 65 98 65 93 93 26 34 75 63 90 74 60 118 54 107
split_gain=2.59815 2.70656 4.26744 3.29565 2.82975 2.81329 2.87974 2.57807 2.27726 2.02672 2.57924 2.28058 2.29365 3.35963 2.15567 1.99543 2.68595 1.98097 1.97393 2.94528 3.70256 2.33139 1.95245 2.14028 1.98563 2.43907 1.94981 2.03907 1.907 1.89478
threshold=0.66811594202898561 2.2247474747474754 0.75235849056603787 0.81934731934731941 0.76696832579185525 0.094044811320754734 774.50000000000011 2.5000000000000004 0.82710268257554309 8.2500000000000018 0.52086956521739147 2.2456315450218711 11.500000000000002 0.01526806526806527 0.23205128205128209 4.2899159663865554 1.2182539682539686 2.6733333333333338 85246.500000000015 57895.500000000007 11.500000000000002 5.5000000000000009 2.3206854345165246 0.64232409381663125 81164.799450549457 8.2500000000000018 0.92511682242990667 0.91913687881429829 0.12660256410256412 2682.4693851852958
decision_type=8 8 2 2 2 2 10 2 8 10 10 2 2 2 2 10 2 10 2 2 2 2 10 2 2 8 2 2 8 10
left_child=1 3 5 8 -4 6 -3 -5 -1 10 -9 14 18 17 -11 16 -6 -14 19 -13 21 -21 24 -24 25 -2 27 -19 -10 -7
right_child=22 2 4 7 15 29 -8 9 28 11 -12 12 13 -15 -16 -17 -18 26 -20 20 -22 -23 23 -25 -26 -27 -28 -29 -30 -31
leaf_value=0.0071945891442250177 0.009312701133278414 0.026730238496595244 0.012984893059456321 -0.0087537317632982899 -0.022127545464960159 -0.014479867330334821 -0.0077701636722636528 -0.012131171002256977 0.0059012712138251473 0.01101904367286689 0.012865734293630728 0.0069071934724349504 -0.0052041663062021674 -0.010600504684646283 -0.011494636057100528 0.0051193413153865731 -0.0037556358804508735 0.012049791887967631 -0.004984545510512149 0.030722248634431477 0.0032398040364093887 0.0007150886172823844 0.016289817115380554 -0.0093276412516739779 0.0070432819002448606 -0.014141745575651798 0.021458666196417231 -0.010171702883361652 -0.021877588197669072 0.0094580387997288493
leaf_weight=4.2119034540373805 2.8296580284368238 7.35561287216842 2.9593241843394926 7.9394677380332714 16.321815348346718 3.8779434030875555 1.4437585880514232 9.3982870486797747 1.6585722294403229 3.6195937789743757 3.0425390001619226 38.892804002505727 6.1827364186756339 10.634084551129488 8.8540523019619268 6.0648346145171663 22.608375655254349 5.1259288904257136 4.1316401755902907 24.721964567317631 12.022127560572697 3.8215673317899919 5.1678992201341307 2.4782130597159266 5.2567982911132267 32.102795562124811 10.771135319489984 5.1540007728617638 7.3091179174371073 2.8952319169184193
leaf_count=91 164 163 89 301 396 184 57 255 38 125 77 1098 232 298 378 95 723 102 140 699 312 131 231 161 230 1907 197 72 406 109
internal_value=0.00169167 0.0032364 -0.00276051 0.00552502 -0.00784621 0.0110011 0.0203052 0.00700979 -0.00900592 0.00812573 -0.00408208 0.00936581 0.0107979 0.003108 -0.00367797 -0.0103779 -0.0131 0.00927482 0.0139095 0.0151288 0.0213885 0.0274102 -0.0053688 0.00758171 -0.00839893 -0.0113137 0.01371 0.00122591 -0.0164666 -0.00457634
internal_weight=278.854 231.018 63.5269 167.492 47.9543 15.5725 8.79937 154.312 13.1796 146.372 12.4408 133.932 121.458 37.8679 12.4736 44.995 38.9302 27.2338 83.5901 79.4585 40.5657 28.5435 47.8354 7.64611 40.1893 34.9325 21.0511 10.2799 8.96769 6.77318
internal_count=9461 6768 1816 4952 1303 513 220 4417 535 4116 332 3784 3281 901 503 1214 1119 603 2380 2240 1142 830 2693 392 2301 2071 371 174 444 293
is_linear=0
shrinkage=0.035


Tree=186
num_leaves=31
num_cat=0
split_feature=106 32 85 65 109 9 50 55 65 50 47 66 47 63 85 46 71 118 119 4 26 63 32 119 11 65 96 58 63 89
split_gain=2.44664 5.41215 4.81026 3.3798 3.17152 4.38627 3.10606 2.76337 2.82567 3.90658 3.67975 4.18 3.47771 3.43581 3.41035 2.80576 2.73536 2.66444 3.7582 3.69768 2.62733 2.45575 2.30203 2.26042 2.2577 2.23741 2.16208 1.98598 1.95028 1.92243
threshold=157.31547619047623 4.5000000000000009 336.91666666666669 1.3541666666666667 3076.0000000000005 3.5000000000000004 0.18019480519480521 0.92450142450142458 2.5590277777777781 0.070692347735554412 0.076018161805173387 0.41494265590982354 0.025158227848101272 0.60630899155489326 680.90060240963874 0.033994607087827429 1.2236222811979214 0.8938673341677098 3.5641097262822887 5.5000000000000009 7.5000000000000009 0.65978723404255335 4.5000000000000009 2.3098853107432831 3.5000000000000004 1.3541666666666667 4.4924242424242431 0.85416666666666685 0.74813432835820903 475.25000000000006
decision_type=10 2 8 8 10 2 2 10 10 2 2 8 2 2 10 2 8 2 10 2 2 2 2 10 2 8 2 2 2 10
left_child=1 2 -1 24 6 -6 22 8 10 12 11 -7 20 -11 -13 -12 -9 19 -19 -18 21 27 23 25 -4 -2 -5 -10 -14 -27
right_child=4 -3 3 26 5 7 -8 16 9 13 15 14 28 -15 -16 -17 17 18 -20 -21 -22 -23 -24 -25 -26 29 -28 -29 -30 -31
leaf_value=0.015892083299267955 -0.00090741220579576532 0.011050915496185067 -0.0078361937766860037 -0.019013935400748389 -0.014082854225294652 0.012576558618102243 -0.010986681505339593 -0.0071655871728823857 -0.0056332824623522128 0.026426684377299975 -0.0081420976720600873 -0.017934777394940829 -0.015364223414442513 0.00025342801599861599 0.014200060584651076 0.017533955447960787 0.024679215501283602 -0.012470694167209733 0.013327588962121819 -0.00075799760070053288 -0.0084349404640379089 -0.0079855472331580874 -0.003587154028095718 -0.0006416458495098811 0.018933407555684616 0.032241406387016731 0.0079554230788644563 0.021922461177242648 0.0077724159059318143 -0.0012969858430321387
leaf_weight=3.5294764367863527 3.3450093407882511 15.54144770815037 3.8986448358045882 37.311427338165231 16.079589305911213 3.953025094466283 2.6155832634540266 7.607883673044852 1.7748236460611266 9.567467364715414 4.9868772674817574 32.975520689506084 16.668070654734041 10.794445228995754 0.84307593060657282 7.704615595866926 20.016385116963651 8.6615779096027854 9.0253789867274445 9.3165509160608035 6.3178213194478294 2.6913327607326201 4.6683361199684432 5.1783101374749085 2.4304112347308546 13.254536623251623 1.3036600071936835 12.482880400144495 2.3414029970299444 1.9397188660223026
leaf_count=124 152 298 323 1316 913 163 121 176 34 235 226 1853 540 390 31 226 484 159 121 278 167 65 125 141 82 275 32 214 47 105
internal_value=0.00112534 -0.00464904 -0.0102453 -0.0136834 0.00291276 0.00102304 0.0124188 0.00283692 -0.000361771 0.00445515 -0.00620348 -0.0113513 -0.00185366 0.0153369 -0.0154078 0.00799526 0.00893451 0.0119779 0.00072972 0.0176662 0.00665863 0.0129247 0.0158979 0.01969 0.00626279 0.0242989 -0.0172958 0.0179203 -0.0114893 0.0286988
internal_weight=278.825 64.0151 48.4736 44.9441 214.81 183.809 31.0015 167.729 113.101 62.6382 50.4631 37.7716 42.2763 20.3619 33.8186 12.6915 54.6278 47.0199 17.687 29.3329 23.2669 16.949 28.3859 23.7176 6.32906 18.5393 38.6151 14.2577 19.0095 15.1943
internal_count=9416 2175 1877 1753 7241 6322 919 5409 4191 1692 2499 2047 1067 625 1884 452 1218 1042 280 762 480 313 798 673 405 532 1348 248 587 380
is_linear=0
shrinkage=0.035


Tree=187
num_leaves=31
num_cat=0
split_feature=88 41 115 16 118 92 114 84 114 40 88 145 54 122 99 49 113 1 115 106 55 96 117 119 92 145 79 107 82 27
split_gain=2.80007 2.54936 3.22697 2.78762 2.80276 2.77184 2.54884 3.1232 3.01951 2.81228 4.31231 2.90243 2.76851 3.52695 2.73621 2.12136 2.3436 2.10495 2.05202 1.99427 2.30807 2.11653 1.98544 3.32577 3.13133 3.27946 3.46667 2.96331 2.1786 2.83309
threshold=1079.5000000000002 6.5000000000000009 0.26272648835202767 9.5000000000000018 0.90743574051407594 72647.500000000015 0.10063291139240509 641.25000000000011 0.19292803970223329 26.500000000000004 676.50000000000011 0.35692749591676848 0.13423423423423428 5.5000000000000009 0.65646853146853157 0.038218111002921142 0.086688137412775104 11.500000000000002 0.1991379310344828 638.78042328042341 0.9104278074866311 3.60952380952381 0.83192090395480245 2.0112947703490582 70087.500000000015 0.12597149608188415 1.7500000000000002 7.0828333482315324 1.0000000180025095e-35 1.5000000000000002
decision_type=10 8 2 2 2 2 2 8 2 2 10 10 8 2 2 2 2 2 2 10 10 2 2 10 2 8 10 10 10 2
left_child=1 3 6 22 15 -6 7 -3 -8 11 14 12 13 -9 -11 16 17 -5 -15 20 21 -4 23 28 25 -24 -27 -26 29 -1
right_child=-2 2 19 4 5 -7 8 9 -10 10 -12 -13 -14 18 -16 -17 -18 -19 -20 -21 -22 -23 24 -25 27 26 -28 -29 -30 -31
leaf_value=-0.0011709294988767993 0.016665898823457512 0.016025983063675187 -0.016506272269818486 0.029247138084127811 -0.013977769966480324 0.012536374819109502 -0.023800526588298589 0.0095902847198727492 0.0096333120818459517 0.023980495371858469 -0.016037945791790752 0.0042114037256557411 -0.022715341594399724 -0.02027424157866799 -0.0066375487554828968 -0.0047758998369771908 -0.0063924769240413896 0.0052139576696509518 0.0077213955372559149 0.018484128404618581 0.0109871086285357 0.0093962174459337553 -0.0089540550404567151 -0.012376690769432709 0.014006853527942439 -0.0028978986210960152 0.025604593395005315 -0.013661172733444924 -0.0095196205792961747 0.014501447660298868
leaf_weight=37.680675030685961 7.5432881340384474 3.764700128696858 7.7118300301954168 12.222168411826724 6.947568823117761 3.360188570804894 12.877843092544934 9.2430745663587022 1.2112132690381248 7.1483079632744175 2.9622825381811699 11.002319523831828 17.881217928952537 8.2146799853071553 2.5341416262090206 3.5652617348823687 1.9661115540657181 9.5410618426976708 1.3362362985499192 5.3184789879014707 6.411446124315261 1.7905825572088359 3.7456254444550749 25.973721151705831 2.250751801300793 5.959912201389673 13.68602290865965 10.478054754436014 12.637236355803905 16.98564344830811
leaf_count=1453 58 88 219 402 222 70 540 340 44 71 241 403 770 238 63 128 122 418 18 142 114 49 58 1020 65 123 210 162 1116 399
internal_value=0.000504581 -0.000251619 -0.00456153 0.00237192 0.0101376 -0.0040629 -0.00777086 -0.00406273 -0.0191559 -0.00644719 0.00643906 -0.0101516 -0.0144487 -0.00346297 0.0164356 0.0152991 0.0186216 0.0216534 -0.0150501 0.0064839 -0.000986922 -0.0100686 -0.000177935 -0.00287355 0.00628619 0.0129749 0.0181242 -0.00619828 0.00139617 0.00450585
internal_weight=273.952 266.408 99.4084 167 37.6024 10.3078 78.176 64.087 14.0891 60.3223 12.6447 47.6775 36.6752 18.794 9.68245 27.2946 23.7293 21.7632 9.55092 21.2323 15.9139 9.50241 129.398 93.2773 36.1204 23.3916 19.6459 12.7288 67.3036 54.6663
internal_count=9366 9308 3340 5968 1362 292 2816 2232 584 2144 375 1769 1366 596 134 1070 942 820 256 524 382 268 4606 3988 618 391 333 227 2968 1852
is_linear=0
shrinkage=0.035


Tree=188
num_leaves=31
num_cat=0
split_feature=54 119 97 104 117 100 27 109 80 26 110 93 93 76 34 60 65 75 0 143 20 59 100 116 122 98 92 110 106 54
split_gain=2.51711 3.80021 3.15443 5.72474 3.32546 3.90298 4.79188 2.72642 2.82566 2.5634 2.71477 3.13775 2.48127 2.47955 2.45668 2.4324 3.02856 2.36803 2.36676 2.15718 2.26226 2.3334 1.97588 1.95509 1.92204 1.90342 1.88565 1.8362 1.81415 1.72782
threshold=0.44949494949494956 0.6913074388294379 3.9695151989170321 0.18274582560296851 0.21498599439775914 0.63068181818181823 19.500000000000004 50.500000000000007 314.90000000000003 9.5000000000000018 90.250000000000014 79723.500000000015 51745.000000000007 0.44782039932319934 3.5000000000000004 0.92214439655172431 1.9045454545454548 2.9800000000000004 73.533865740740751 0.15394327894327897 4.5000000000000009 0.4045454545454546 0.16954022988505749 0.8190909090909092 2.5000000000000004 1.0923295454545456 79149.500000000015 33.750000000000007 1108.9263157894738 0.26491228070175443
decision_type=8 10 2 2 2 2 2 10 10 2 10 2 2 8 2 2 8 10 2 10 2 2 2 2 2 2 2 10 10 10
left_child=2 18 3 15 -4 6 7 -6 19 14 11 13 23 -11 27 16 -1 -3 -2 20 21 -9 -14 24 -8 -15 -17 -5 -16 -18
right_child=1 17 4 9 5 -7 12 8 -10 10 -12 -13 22 25 28 26 29 -19 -20 -21 -22 -23 -24 -25 -26 -27 -28 -29 -30 -31
leaf_value=-0.013490043110161273 0.0098941045275111553 -0.019958141817916011 0.016880053859745926 0.0037168373214491899 0.0083340972912242742 0.015015700291488533 0.0069309439016182646 0.009433075529587602 0.0054399049330983232 -0.0038653800327549197 -0.010657643020029963 -0.0095884544240846872 0.014230505543555415 -0.0038885173676314355 -0.0077361672531832525 0.024188238473831787 0.018131216270354217 0.0073072957728367019 -0.0098098295604119329 0.0075668745651320509 0.0063426903211285315 -0.017274878091360638 -0.0055510236257122619 0.0084844697895232087 -0.017248224482917452 0.029001523138916581 -0.0046744713067835893 -0.01577127416148048 0.018137091205943874 -0.0046573054761322721
leaf_weight=4.1218707509105998 15.180702833225952 18.20106062467676 6.4211103112902483 5.6470855351071867 6.3350866343826047 8.9463794126640988 2.4801215404877466 1.2295541861094523 8.6066435982938838 3.16844371426851 3.8590878460090599 2.8122450676746658 22.444844248821031 1.2649438749067492 1.9699468599865202 22.794818015419882 7.8531452728202567 2.0317325296346089 7.0978003557538605 2.8133348072879008 3.3907137722708276 62.510877961060032 5.0571434068260706 4.7833454171195617 9.3776328861713392 9.2625045045278949 1.4606192072387774 19.405071565648541 3.0920888151740655 3.483158084563911
leaf_count=230 510 1217 117 137 59 192 84 21 539 103 235 120 473 44 116 625 186 103 386 67 114 1667 272 95 216 188 36 1042 152 119
internal_value=0.00040748 -0.00695991 0.00185994 0.00681215 -0.00135784 -0.00276723 -0.00451439 -0.00919662 -0.0110246 -0.00115543 0.0074259 0.0131481 0.00450905 0.0191325 -0.00719024 0.0159367 0.00344508 -0.0163148 0.0029691 -0.0132783 -0.0146159 -0.016111 0.0102986 -0.00522792 -0.0116353 0.02507 0.0219483 -0.0114909 0.00922739 0.0118469
internal_weight=277.103 42.5113 234.592 90.195 144.397 137.976 129.029 84.8862 78.5511 50.4814 20.3672 16.5081 44.1431 13.6959 30.1142 39.7136 15.4582 20.2328 22.2785 69.9445 67.1311 63.7404 27.502 16.6411 11.8578 10.5274 24.2554 25.0522 5.06204 11.3363
internal_count=9465 2216 7249 3333 3916 3799 3607 2467 2408 2137 690 455 1140 335 1447 1196 535 1320 896 1869 1802 1688 745 395 300 232 661 1179 268 305
is_linear=0
shrinkage=0.035


Tree=189
num_leaves=31
num_cat=0
split_feature=61 96 97 117 11 69 96 109 84 65 93 70 61 99 56 0 56 76 96 65 72 76 83 99 105 122 1 75 57 110
split_gain=2.36034 1.94107 2.46326 3.66083 3.72148 4.54879 3.81167 3.70228 3.48742 3.48723 3.85779 3.29764 3.24679 3.8544 3.2335 3.14767 3.04941 3.0141 2.93366 2.56499 2.43308 2.31914 2.24803 2.41324 2.54299 2.61413 2.2167 2.66507 2.15057 2.24864
threshold=0.78759398496240618 3.8166666666666669 5.004931959903737 0.65733855185909984 4.5000000000000009 2.7500000000000004 1.462912087912088 92.500000000000014 683.75000000000011 3.0178571428571432 46501.000000000007 9.7638888888888911 0.98473193473193488 0.46770833333333339 0.18808962264150947 172.76592013888893 0.45584415584415588 1.0701573985800039 1.8722826086956526 4.0871212121212128 10.500000000000002 0.51697347450054421 1531.5000000000002 0.56594202898550738 1.0000000180025095e-35 2.5000000000000004 1.0000000180025095e-35 2.6937500000000005 0.30638852672750988 120.25000000000001
decision_type=2 2 2 2 2 8 2 8 8 10 2 8 2 2 10 2 10 10 2 8 8 8 10 2 2 2 2 10 10 10
left_child=-1 2 3 4 5 7 22 -2 -4 10 20 -12 13 -10 -15 17 21 -13 -11 -18 -5 -14 23 -6 28 -26 -16 -28 -25 -30
right_child=1 -3 8 9 6 -7 -8 -9 12 18 11 15 16 14 26 -17 19 -19 -20 -21 -22 -23 -24 24 25 -27 27 -29 29 -31
leaf_value=-0.016153296005523111 0.014113787549419447 0.015739546122189547 0.012335404031174333 0.011241866459516612 -0.0061018434303047927 0.0028825554062772763 -0.012376648451729182 -0.021284242155910512 0.0042031218038033284 -0.012892211831139451 -0.0087162850627720938 0.028388401696742345 0.003954690783362194 0.0035378299781288407 0.0071285525050970482 -0.0081804935268556464 0.017834192695059228 -0.0068516496859720747 0.0089374314057550398 -0.007741614955306203 -0.012103444720707854 -0.014345349198445403 -0.010286202768226272 0.0024867412077426466 -0.014760411433381066 0.012626833591806969 -0.023348418624702737 0.0068359107519858379 0.031486686642529002 0.0025632454732236799
leaf_weight=5.8293396452208972 0.68351055239327507 4.8781099934130898 9.5936720677418617 5.0227904377970818 5.2266357098706058 21.74705201969482 8.1678582577733305 22.277851515565999 13.40359237953089 10.46694382815622 1.9460033071227396 25.38423645077274 13.319497970864179 7.4313570450758553 1.345448781037702 1.4369849443901319 12.130374199827198 1.3940967167727638 9.9431894547305983 3.4184626017231503 7.1773421217221776 12.337688090628943 2.6772710006916887 8.2150836633518356 3.9472845119889817 3.2563128296751529 34.080737794400193 1.7830130286747579 11.84029580303468 5.2732186834327868
leaf_count=386 50 131 170 108 144 847 390 1694 170 224 56 587 252 118 56 60 409 33 123 64 191 311 580 283 169 98 1260 35 288 133
internal_value=-0.000127965 0.000505877 -6.09757e-05 0.00272525 -0.00168841 -0.00851511 0.00479966 -0.0178951 -0.00400069 0.00892684 0.0141642 0.020066 -0.00609565 -0.011096 -0.0156503 0.0230644 0.00138654 0.0257644 -0.00259146 0.0116957 -0.00201818 -0.00574962 0.00924935 0.0116754 0.0149638 -0.00227921 -0.0194477 -0.021195 0.0194351 0.0251691
internal_weight=275.635 269.806 264.928 156.084 93.3124 44.7084 48.604 22.9614 108.844 62.7716 42.3615 30.1613 99.2502 58.0441 44.6406 28.2153 41.206 26.7783 20.4101 15.5488 12.2001 25.6572 40.4361 37.7588 32.5322 7.2036 37.2092 35.8638 25.3286 17.1135
internal_count=9420 9034 8903 6058 4676 2591 2085 1744 2845 1382 1035 736 2675 1639 1469 680 1036 620 347 473 299 563 1695 1115 971 267 1351 1295 704 421
is_linear=0
shrinkage=0.035


Tree=190
num_leaves=31
num_cat=0
split_feature=116 117 91 143 119 89 110 54 110 59 64 83 51 104 65 68 93 100 60 101 116 59 122 89 63 110 117 114 63 47
split_gain=1.86918 3.62808 3.7142 3.6641 3.31531 4.80616 3.08781 3.04911 3.0231 4.38606 2.6728 2.76674 2.64905 2.4464 2.32235 2.62418 2.32077 2.40969 3.8655 2.13451 2.04612 1.99413 2.16866 1.99216 1.976 3.12435 1.88212 1.83143 2.5398 2.38717
threshold=0.084039548022598873 0.39339826839826847 2640.6775888285802 0.080015540015540038 2.510465975790916 783.75000000000011 1098.5000000000002 0.47727272727272735 20.250000000000004 0.69826295297993413 0.96684981684981697 1330.5000000000002 0.02790758047767394 0.73368794326241138 2.4258241758241761 18.500000000000004 75949.000000000015 0.23973727422003285 0.75500000000000012 0.3133928571428572 0.90521114106019784 0.5545634920634922 16.500000000000004 592.25000000000011 0.77664399092970526 195.25000000000003 0.81725417439703174 0.17061994609164424 0.73123827392120078 0.082988980716253449
decision_type=2 2 10 10 10 8 10 10 10 2 2 8 2 2 10 10 2 2 2 2 2 2 2 10 2 10 2 2 2 2
left_child=6 24 10 4 5 -4 23 27 19 21 14 -12 13 -11 16 20 17 18 -3 -6 -16 -10 -23 -1 25 -2 -19 28 29 -7
right_child=1 2 3 -5 8 7 -8 -9 9 12 11 -13 -14 -15 15 -17 -18 26 -20 -21 -22 22 -24 -25 -26 -27 -28 -29 -30 -31
leaf_value=0.013356782764160531 -0.023114322709258454 0.013586851290720644 -0.008593011421472006 -0.0090219490831799625 0.018276844096999378 0.029397197388060358 -0.01211537871997399 -0.0095914722426998361 0.0036079437610573952 0.023234780797947049 0.017682254470812443 -0.0090132597300006737 -0.0091593110379650511 -0.0036975330544667152 -0.01822581131700007 0.01112874872244677 0.011321186712816964 -0.0067370434317811237 -0.018585474930891389 -0.0046268419862058171 0.0045037149889958182 -0.017265900418216192 0.0081292597381680595 -0.0078884070183686244 0.0054120877541569265 0.005396993185573822 0.015222861152317482 -0.00061246958746720263 0.0010313468047481037 0.0004115330900067307
leaf_weight=35.770587103324942 12.940018761553807 2.0321537361014679 6.9829569890862322 15.028178901528007 12.920989642385395 25.932099464116622 4.146613049786537 1.7696600575000037 8.1053258936153743 9.1072057480923849 7.8854523920454058 3.6999385014642039 3.3357429706957182 4.1206901004770762 27.888240664615299 1.6350715523585666 9.4739434521179628 4.8398742825956997 14.738394149346277 4.5397419882938257 3.6577457003295413 21.994114721543159 1.8414265541359771 2.9014557318296275 3.8827140727080396 4.1843857358908272 5.4552511314395815 4.4307450014166525 6.2718522222712627 4.0833462919108561
leaf_count=1188 1156 66 578 468 224 621 245 106 155 246 94 432 134 142 630 25 296 156 554 91 57 695 16 219 196 196 64 104 145 101
internal_value=0.00146438 0.000166037 0.00164464 0.00522822 0.00738093 0.0137873 0.00776725 0.017983 0.00194357 -0.00271892 -0.00407534 0.00900968 0.0100959 0.0161321 -0.00670706 -0.0127441 -0.000350827 -0.00556469 -0.0124619 0.0126176 -0.0153347 -0.00983135 -0.0142346 0.0110422 -0.0121901 -0.0165023 0.00607168 0.0200994 0.0223962 0.0260758
internal_weight=275.596 232.777 211.77 130.464 115.436 49.4707 42.8187 42.4877 65.9652 48.5045 81.3061 11.5854 16.5636 13.2279 69.7207 33.1811 36.5396 27.0657 16.7705 17.4607 31.546 31.9409 23.8355 38.672 21.0071 17.1244 10.2951 40.718 36.2873 30.0154
internal_count=9400 7748 6200 3826 3358 1655 1652 1077 1703 1388 2374 526 522 388 1848 712 1136 840 620 315 687 866 711 1407 1548 1352 220 971 867 722
is_linear=0
shrinkage=0.035


Tree=191
num_leaves=31
num_cat=0
split_feature=55 15 51 118 66 119 106 92 73 9 66 109 116 60 94 49 59 54 0 40 83 98 125 1 106 101 107 23 90 34
split_gain=2.24215 3.80504 3.88382 3.36616 3.3403 3.64539 4.79724 4.01567 3.1809 2.95015 2.82253 2.79821 2.77126 2.77096 2.72407 2.5606 2.45555 3.19642 2.5044 3.2449 2.51016 2.38791 2.24267 2.19353 2.17498 2.05895 2.05695 2.02629 2.11598 1.97963
threshold=0.92450142450142458 2.5000000000000004 0.016461184121392771 0.76230831315577086 2.0343637680652829 2.6468839837495177 903.55238095238099 73160.000000000015 13.500000000000002 3.5000000000000004 2.6027078587014922 8663.5000000000018 0.82998795664391822 0.90754985754985762 35766.000000000007 0.054804804804804812 0.72673160173160178 0.12973352033660593 122.3827488425926 12.500000000000002 1911.5000000000002 0.92450142450142458 4.5000000000000009 11.500000000000002 2443.0519480519483 0.36515151515151517 2981.0439776902999 1.5000000000000002 34495.647025171631 10.500000000000002
decision_type=8 2 2 2 10 10 10 2 8 2 10 10 2 2 2 2 2 10 2 2 10 2 2 2 8 2 8 2 2 2
left_child=4 3 9 23 8 6 7 -6 14 -3 25 29 -12 21 -1 -15 18 -18 20 -20 -10 -5 -8 -2 -25 -7 -16 28 -19 -11
right_child=1 2 -4 13 5 10 22 -9 16 11 12 -13 -14 15 26 -17 17 27 19 -21 -22 -23 -24 24 -26 -27 -28 -29 -30 -31
leaf_value=0.019453014923202169 -0.0036359784310663673 -0.0081210498290512998 -0.0054189172840326746 -0.012463698342140046 0.027280192239223469 0.015544185118010612 -0.011376461733047136 -0.0065971560909762117 -0.017232704982616302 0.025890559029093051 -0.016149286252564132 -0.0042855267258259996 0.0086822150576996108 -0.01494924431194441 -0.0098378903981189668 0.010341063224433721 0.013472504746561096 -0.013707876743691789 -0.0097098446348558316 0.019642376487594999 0.011505576562129818 0.01116762028668746 0.012738015956845662 0.025191997235025541 -0.0037946854971793579 -0.0085685544742531445 0.012499586575976726 -0.016385425239849115 0.007043149591878334 -0.0023041890246002119
leaf_weight=5.8299281297950101 6.7486263221362632 2.5415737056173375 9.950492710224351 2.8094360508257514 15.524570119916467 7.6837456417270023 9.7109479769133014 3.2927227064501485 44.562159239780158 24.492931173765108 16.572388143860739 3.6132413257146245 3.8553060889244071 27.153467963682491 10.69312054046895 2.168343163561075 8.5790459184208867 3.6878220015205505 6.617944004130548 2.7418779867002741 0.66237219655886193 12.584022210328838 2.2454910876695058 6.6858925721608076 2.7508520111441621 2.7371178107568994 2.625513742212207 9.7240827260538918 14.670701297931371 2.5377744713332495
leaf_count=169 321 123 320 108 389 174 352 78 2000 500 389 111 81 836 480 37 310 134 413 122 47 386 48 157 157 127 107 468 475 52
internal_value=0.000478092 0.00441873 0.0117801 -0.00129351 -0.00196272 0.00434551 0.0120239 0.0212117 -0.00551969 0.0169714 -0.00392296 0.0198998 -0.0106771 -0.00618531 0.00627794 -0.011845 -0.00819302 -0.00093286 -0.0125818 0.00273405 -0.0157083 0.00485632 -0.00442695 0.0104913 0.0183545 0.00848607 -0.00322466 -0.00670468 0.000832762 0.023297
internal_weight=276.054 104.037 43.136 60.9006 172.017 61.6223 30.7737 18.8173 110.395 33.1855 30.8486 30.6439 20.4277 44.7153 19.1486 29.3218 91.246 36.6617 54.5844 9.35982 45.2245 15.3935 11.9564 16.1854 9.43674 10.4209 13.3186 28.0826 18.3585 27.0307
internal_count=9471 3108 1106 2002 6363 1638 867 467 4725 786 771 663 470 1367 756 873 3969 1387 2582 535 2047 494 400 635 314 301 587 1077 609 552
is_linear=0
shrinkage=0.035


Tree=192
num_leaves=31
num_cat=0
split_feature=82 56 82 115 115 106 110 21 117 65 98 110 45 95 115 1 107 116 74 47 60 66 65 118 91 110 116 55 70 4
split_gain=3.08312 3.15849 2.88362 2.71381 3.33624 3.08481 4.18456 3.0442 4.09432 2.93967 2.84476 5.28663 3.61208 2.79847 2.7183 2.51005 3.73351 3.71126 2.81617 2.53031 2.48283 2.45917 2.42995 2.17408 2.23899 2.10438 2.0489 2.04562 2.03931 2.31013
threshold=8.5000000000000018 0.19098277608915909 125.50000000000001 0.20710681244743484 0.17001204335608192 633.57083333333344 51.750000000000007 1.5000000000000002 0.11324786324786326 1.4083333333333334 1.6282894736842108 82.250000000000014 0.14608739837398377 5782.0000000000009 0.4648117839607202 7.5000000000000009 1947.8908564815965 0.21525096525096529 16.250000000000004 0.036811201445347795 0.98095065312046448 2.3057869817013859 1.8360215053763442 0.63818181818181829 10659.100456647051 39.250000000000007 0.64252948885976424 0.60136986301369866 15.673333333333334 6.5000000000000009
decision_type=8 10 8 2 2 10 10 2 2 8 2 10 2 2 2 2 8 2 10 2 2 8 10 2 10 10 2 10 8 2
left_child=1 -1 -2 4 7 21 9 -4 -9 -7 15 12 13 -12 -11 23 17 19 -18 -17 25 22 -5 -10 -25 -19 -6 -14 29 -23
right_child=2 -3 3 5 26 6 -8 8 10 14 11 -13 27 -15 -16 16 18 20 -20 -21 -22 28 -24 24 -26 -27 -28 -29 -30 -31
leaf_value=-0.010373583349389003 -0.013812857038772877 0.023047180387774358 -0.0098482370495802038 0.007053256190044474 -0.020064759301908569 -0.0078736083677546573 -0.0089294292665655986 0.016523059724693673 0.0096817367011269532 0.0285668924745523 -0.00068321102488566458 -0.013822935535773776 -0.014140961982552947 0.028547034667347357 -0.0047424828183198799 0.028197017805886484 -0.014143376631810756 0.011456107963520978 0.010013740831936501 -0.0056116541607775551 -0.012561813740232412 0.017854691553668974 -0.013864450713001797 -0.017483412884824148 0.0080891987492999057 -0.0071017637225519962 0.0026720579552916958 0.0085740138735824738 -0.0059186545676361219 -0.0057035606338735568
leaf_weight=1.4097508348058898 11.170556036988271 9.0357039672089723 22.848446469404735 6.8176220017485347 11.297802309622059 1.5328400537837357 4.101243171025998 17.487716529285535 1.9061473754700298 17.273815431282859 4.8603257411159637 6.2869803147623307 3.8827108403202129 13.097421927843241 1.9769541618879873 7.1452088350197283 19.797483126516457 17.909103408455852 3.8499163704691446 1.6284890203969551 7.7371240929933256 15.305709272506652 13.842941738897933 21.731676796218384 1.9708517589606334 7.0956366193713611 5.4023551326245061 5.8850537204416469 6.7778446531156069 4.14349895203486
leaf_count=26 1464 269 1197 212 500 58 272 301 61 302 102 369 207 305 28 268 710 203 105 72 213 302 311 726 47 283 55 164 170 88
internal_value=0.0014354 0.0166386 0.000538323 0.00142533 -0.000881684 0.00694647 0.0157438 0.000790613 0.00277553 0.0214 0.000286564 0.00824327 0.0145944 0.02221 0.0248737 -0.00296955 0.000851018 0.00691831 -0.00914915 0.0221627 0.000438437 0.00121028 -0.0069326 -0.0112422 -0.0143183 0.00588403 -0.0137886 -0.00218594 0.00770783 0.0126958
internal_weight=275.209 10.4455 264.763 253.593 181.82 71.7725 24.8849 165.12 142.272 20.7836 124.784 34.0125 27.7255 17.9577 19.2508 90.7716 65.163 41.5156 23.6474 8.7737 32.7419 46.8876 20.6606 25.6087 23.7025 25.0047 16.7002 9.76776 26.2271 19.4492
internal_count=9390 295 9095 7631 5888 1743 660 5333 4136 388 3835 1147 778 407 330 2688 1854 1039 815 340 699 1083 523 834 773 486 555 371 560 390
is_linear=0
shrinkage=0.035


Tree=193
num_leaves=31
num_cat=0
split_feature=116 110 54 72 76 59 91 126 75 46 128 14 0 108 26 108 109 108 97 11 67 80 45 116 86 118 43 10 1 51
split_gain=1.96741 2.75418 2.32302 2.70213 3.2437 3.73956 2.66991 2.6627 2.6779 2.75422 3.17087 2.64701 2.62482 4.88934 2.86695 2.68954 3.39121 3.23884 2.58863 2.32572 1.96803 1.93442 1.9311 1.76824 1.75192 1.74327 1.65035 1.59096 1.82694 1.5176
threshold=0.084039548022598873 1234.0000000000002 0.1126984126984127 9.5000000000000018 0.75134461985681933 0.737171052631579 6464.6134949423204 1.5000000000000002 2.0571895424836604 0.12276295133437992 0.24025974025974028 9.5000000000000018 37.886400462962975 13.500000000000002 17.500000000000004 10.500000000000002 8707.5000000000018 17.500000000000004 2.4259851711039322 9.5000000000000018 2.5000000000000004 792.89473684210532 0.18933143669985777 0.54606060606060614 164.70048994038646 0.71240601503759404 0.28490259740259744 2.5000000000000004 10.500000000000002 0.014185110663983905
decision_type=2 10 8 10 10 2 10 2 10 2 2 2 2 10 2 10 10 8 2 2 10 10 2 2 8 2 2 2 2 2
left_child=1 21 3 4 5 11 7 8 12 10 25 -2 13 14 20 16 19 -17 -15 22 -4 27 24 -8 -14 -10 -24 28 -1 -7
right_child=2 -3 6 -5 -6 29 23 -9 9 -11 -12 -13 15 18 -16 17 -18 -19 -20 -21 -22 -23 26 -25 -26 -27 -28 -29 -30 -31
leaf_value=0.0033440797294809073 -0.017593258936470103 -0.012026956911931926 0.018665161456401558 0.015870388203725994 0.014907591463042328 0.019084155735627259 -0.017586201349098867 -0.013684521323637549 0.0048662034180756856 0.0094687543729635327 0.0021908010487482572 0.0083979824847929974 0.0061723321873053448 0.0086637902205724537 -0.0060566804403542323 0.018017998754655411 0.016421753562157221 -0.0086508955369821641 -0.019778865344723742 0.0058863128017430013 -0.0047470989201419695 -0.0072338249074084876 -0.0097018649961403188 0.0025170614999557449 -0.020156451019089302 -0.020629946597111072 0.012319867455524523 -0.0035082929826305942 0.021060391177226891 -0.0066222577186672059
leaf_weight=13.663913539610805 17.424385031335994 4.1002167416736475 35.036820311099291 14.442861261777578 7.0120667588198549 3.8684325730428091 16.590727430651899 13.228408121503888 1.869808731018568 6.6087682195939115 14.011120112962088 2.8941139145754269 1.2337426701560676 2.5823344375239667 5.5510387166868886 9.669596961117346 2.3261943217366925 5.2068971656262883 5.958759339642711 6.2883461941964915 2.9399375347420564 3.9887387952767304 3.4353918153792611 5.6196404052898279 21.681379223708063 18.762287452933379 3.3307987338630483 4.8933171757962546 17.551115384791046 1.1715099537977947
leaf_count=408 616 244 862 332 285 106 907 471 94 177 280 73 22 84 103 369 63 322 230 139 59 398 175 69 941 694 151 137 482 78
internal_value=0.000313774 0.00667048 -0.00103086 0.00555437 -0.000555924 -0.00658289 -0.00282856 -0.00106714 0.000486271 -0.00659895 -0.0104718 -0.0129638 0.00343684 0.00866738 0.0133057 -0.00198988 -0.00673908 0.00885558 -0.0111557 -0.0100583 0.0165113 0.00970389 -0.0137979 -0.0129718 -0.0178873 -0.0178208 0.00176738 0.0122272 0.0148377 0.0127866
internal_weight=272.943 44.1973 228.745 46.8134 32.3705 25.3584 181.932 159.722 146.493 41.252 34.6432 20.3185 105.241 52.0689 43.5278 53.1723 38.2959 14.8765 8.54109 35.9697 37.9768 40.0971 29.6813 22.2104 22.9151 20.6321 6.76619 36.1083 31.215 5.03994
internal_count=9371 1669 7702 1490 1158 873 6212 5236 4765 1245 1068 689 3520 1338 1024 2182 1491 691 314 1428 921 1425 1289 976 963 788 326 1027 890 184
is_linear=0
shrinkage=0.035


Tree=194
num_leaves=31
num_cat=0
split_feature=113 115 115 98 92 75 46 89 63 82 72 57 90 41 74 143 119 145 60 125 63 74 20 97 32 85 92 96 114 125
split_gain=3.02945 2.46673 3.46765 2.96216 3.68715 3.40218 2.957 2.64572 2.44812 2.15441 2.28975 4.45795 4.14558 2.17613 2.26808 2.1275 2.11454 3.0794 2.25913 2.50365 2.10431 2.2633 2.3577 2.47933 2.04165 2.21784 1.85172 1.78017 2.05747 1.7604
threshold=0.1180340557275542 0.21380952380952384 0.083920187793427234 0.84731934731934744 57603.000000000007 2.4409722222222228 0.1181455633100698 606.75000000000011 0.72456896551724148 1.0000000180025095e-35 10.500000000000002 0.30638852672750988 44913.619658119664 2.5000000000000004 14.250000000000002 0.075254745254745278 0.72165817811772037 0.33847850552296571 0.86240703177822864 11.500000000000002 0.69292803970223338 15.250000000000002 2.5000000000000004 2.7132781099695884 10.500000000000002 524.57272727272732 14900.500000000002 2.1356321839080463 0.066228070175438608 5.5000000000000009
decision_type=2 2 2 2 2 10 2 10 2 10 8 10 2 10 10 10 10 8 2 2 2 8 2 2 2 10 2 2 2 2
left_child=1 2 3 5 9 -1 15 16 -2 10 11 -5 -13 -12 -15 24 -4 18 -18 -20 21 22 23 -3 25 -6 -11 -25 -29 -23
right_child=8 20 7 4 6 -7 -8 -9 -10 26 13 12 -14 14 -16 -17 17 -19 19 -21 -22 29 -24 27 -26 -27 -28 28 -30 -31
leaf_value=-0.018911758098261004 -0.016754500998871279 -0.0069433884895079619 0.0076135302384494237 -0.00852736496022761 0.023887631438644669 0.013108565772304888 -0.0055471494806691836 0.012619007462762542 0.004174238256010071 0.0064885688430766945 -0.013216826230257802 0.026601542728646663 -0.0035803673970780025 0.013932466499569762 -0.007364810631259139 -0.0034557187369289406 0.002619179501458476 0.0015359229072298441 -0.019640732822803476 0.0091383333307825249 -0.0033030117169325539 -0.0095580489692772171 -0.0034837015157810291 0.031059955638848096 -0.0039168944627472431 -0.0026452139733134602 -0.017706498387921647 -0.0077400330083039932 0.014776770249057302 0.012803450325509438
leaf_weight=8.3338527457090077 14.338175785844216 1.9131429890403548 6.582540731644257 8.3469979839865136 28.717253286042251 1.7763617986347515 6.6230989703908554 4.6032239935593671 8.0271213365485874 2.5453682020306569 10.716717872768642 12.498095317045228 6.6121737794019273 7.8424243491608632 7.3419675184413791 4.4076118128141379 6.7420821388950563 20.675686646369286 33.363954087137245 1.2327104597352434 12.251772694638928 7.6734696108615008 5.2740349480882278 10.647715042578058 2.8704260389786205 3.3021333474898702 7.6690053277416155 3.236316911410543 13.846597246592863 1.6457498422823844
leaf_count=404 752 97 93 327 827 62 260 258 280 168 354 280 195 199 177 169 230 750 1196 17 340 197 170 318 81 197 707 47 211 39
internal_value=0.00124585 0.00241571 0.000456804 0.00407163 0.00585779 -0.0108098 0.012876 -0.00533224 -0.00985274 0.000219124 0.00326245 0.00955366 0.0175817 -0.00387348 0.00436131 0.0162566 -0.00731233 -0.00934648 -0.0143678 -0.0175909 0.00852089 0.0117985 0.0154559 0.018842 0.0188679 0.0211636 -0.0115263 0.0214099 0.00972437 -0.00251725
internal_weight=271.658 249.292 192.804 119.603 109.493 10.1102 45.9205 73.2002 22.3653 63.5728 53.3584 27.4573 19.1103 25.9011 15.1844 39.2974 68.597 62.0144 41.3387 34.5967 56.4888 44.237 34.9178 29.6438 34.8898 32.0194 10.2144 27.7306 17.0829 9.31922
internal_count=9402 8370 6951 4407 3941 466 1534 2544 1032 2407 1532 802 475 730 376 1274 2286 2193 1443 1213 1419 1079 843 673 1105 1024 875 576 258 236
is_linear=0
shrinkage=0.035


Tree=195
num_leaves=31
num_cat=0
split_feature=10 82 56 82 11 46 68 121 54 55 93 3 73 45 81 89 107 32 42 100 145 91 91 119 117 119 11 143 47 109
split_gain=2.41842 2.18065 2.74075 2.63624 2.1642 2.0401 1.69308 2.0123 2.73981 2.75418 2.88806 2.70992 3.38219 2.92079 2.46231 3.32643 2.06313 3.96299 2.02106 2.19611 2.10934 2.01796 2.484 4.05616 3.0258 3.14969 2.71269 2.46088 2.23266 2.10048
threshold=3.5000000000000004 8.5000000000000018 0.19098277608915909 125.50000000000001 16.500000000000004 0.058195981034093479 17.500000000000004 3.5000000000000004 0.12660256410256412 0.65571120689655182 71889.500000000015 22.500000000000004 19.500000000000004 0.17521929824561405 273.96594751508638 645.25000000000011 58.085398141170785 3.5000000000000004 4.5000000000000009 0.29814814814814822 0.6051283977300127 6146.7443945091736 4404.7759602625947 1.220271161302606 0.39339826839826847 2.3098853107432831 4.5000000000000009 0.15373688811188815 0.16515151515151519 2282.5000000000005
decision_type=2 8 10 8 2 2 10 2 8 10 2 2 10 2 10 8 8 2 8 2 8 8 10 10 2 8 2 8 2 10
left_child=1 2 -1 -3 -2 -4 7 8 9 10 -5 12 14 18 15 -10 17 -17 19 20 -14 22 23 -18 -24 -26 27 28 -25 -28
right_child=4 3 5 6 -6 -7 -8 -9 11 -11 -12 -13 13 -15 -16 16 21 -19 -20 -21 -22 -23 24 26 25 -27 29 -29 -30 -31
leaf_value=-0.0098914655773353292 -0.016843922599469281 -0.01307493764788828 0.028684277167498308 0.011449437862907304 0.0073810768986221267 -0.00069085881357179753 0.015340563517871686 -0.004704449929435332 0.017943116048152494 0.024061070427268273 -0.014689227149556967 -0.012977846530860749 0.029587244654911683 -0.0074801681519805147 -0.013437958598567376 -0.018372259965215555 0.013027783097842251 0.008058766120639228 -0.00086401143355088511 -0.0027863121714006302 -0.0037939739968349891 -0.0093399849043207389 -0.0061641911001227394 -0.021217647923725699 0.030831413935548301 -0.0026325890107435773 -0.013006740706252955 0.0046652720993909163 0.0073377673027906244 0.0074708649551631316
leaf_weight=1.4413104203995306 10.52654665627051 9.6569982209475693 5.5784202478826028 7.3429287078324723 3.0690834883134803 3.6711452425224707 6.5611185804009429 45.748187172343023 8.8953103329986316 9.2699349706526828 3.9270400982350111 9.7095464264275488 13.28222666296643 4.2954321274301028 9.5109455609926936 13.135138696059586 18.14389394200407 7.6002468997612587 5.5367246048990628 2.7602538100909433 1.4541455791331834 11.223033855669199 3.9610997424460939 15.582412721589213 7.265050035901365 3.7712624687701473 3.1053659920580712 5.8997569398488841 1.4553505866788317 22.157017251942307
leaf_count=21 1033 1198 127 130 197 85 123 765 161 131 105 259 305 172 969 387 574 130 123 81 56 461 192 745 126 79 73 175 41 423
internal_value=0.00138668 0.00221391 0.0148959 0.00139417 -0.0108611 0.0208739 0.00222591 0.00154788 0.00314119 0.0138426 0.000626201 0.00147772 0.00272895 0.0128732 0.00023018 0.00178045 -0.000193244 -0.00900088 0.0173261 0.0219949 0.0261666 0.00213993 0.00417302 0.000847774 0.0149929 0.0221409 -0.00453065 -0.012116 -0.0176671 0.00322057
internal_weight=275.537 261.941 10.6909 251.25 13.5956 9.24957 241.593 235.032 189.284 20.5399 11.27 168.744 159.035 27.3288 131.706 122.195 113.3 20.7354 23.0334 17.4966 14.7364 92.5642 81.3412 66.3438 14.9974 11.0363 48.1999 22.9375 17.0378 25.2624
internal_count=9447 8217 233 7984 1230 212 6786 6663 5898 366 235 5532 5273 737 4536 3567 3406 517 565 442 361 2889 2428 2031 397 205 1457 961 786 496
is_linear=0
shrinkage=0.035


Tree=196
num_leaves=31
num_cat=0
split_feature=83 126 55 56 42 100 44 98 60 47 98 125 68 93 56 63 0 27 68 1 63 16 115 145 110 0 111 115 101 30
split_gain=2.20977 2.0259 2.68599 3.43636 2.67561 3.32019 4.99152 3.4277 3.20682 2.96293 2.87657 2.70258 2.16817 2.09559 2.09109 2.1616 2.07584 2.02729 1.96092 2.01673 1.93691 1.92595 1.78482 1.76013 2.05394 1.86289 1.91709 1.70007 2.28868 1.68893
threshold=813.50000000000011 1.0000000180025095e-35 0.94618725868725873 0.25143678160919547 6.5000000000000009 0.11324786324786326 0.41967741935483877 1.4472222222222224 0.83889506859473506 0.26969696969696971 1.5270467836257311 1.5000000000000002 5.5000000000000009 82477.000000000015 0.88117647058823534 0.39642857142857152 178.40922453703709 19.500000000000004 15.500000000000002 1.5000000000000002 0.53139076576576583 19.500000000000004 0.30461293743372225 0.49465679708017263 24.750000000000004 0.25909722222222226 0.042705167173252283 0.079156223893066008 0.18808962264150947 4.5000000000000009
decision_type=8 2 10 10 10 2 2 2 2 2 2 2 8 2 10 2 2 2 10 2 2 2 2 10 10 2 2 2 2 2
left_child=29 4 3 27 5 7 9 11 -9 22 17 -2 -8 -12 15 -10 23 -6 19 -5 -4 -19 -7 24 -17 -26 -27 -3 -29 -1
right_child=1 2 20 18 10 6 12 8 14 -11 13 -13 -14 -15 -16 16 -18 21 -20 -21 -22 -23 -24 -25 25 26 -28 28 -30 -31
leaf_value=0.018952533268957003 -0.0074243445532653114 0.014252522534196385 -0.009059975855123201 0.0057139092592431127 -0.0088847037279905176 -0.020912371255261058 0.016642401766312664 -0.0068081098080961635 -0.0044179846820790033 0.010855877284375976 0.024329529211691226 0.0080364331635885376 -0.0072587450486330347 -0.0035048008472369015 -0.0079857089167188686 -0.0010586070683668064 -0.0061981710770988322 0.017893281415889056 0.0079581423885735549 -0.018171963325667031 0.0067733861810602017 -0.0051384798713200019 0.0027283735751471041 -0.0040526343971009271 -0.0045060436840059876 0.032543301097050677 -0.0033160712208600849 0.0080510230467791075 -0.013166997549976155 -0.0051399877885773895
leaf_weight=8.5712111364118737 33.503152938210405 5.1298363045789328 7.8969301758334032 2.5803593526361501 9.1925975800259057 23.175129483221106 7.903848945279603 6.706301197060383 2.9605969319818604 1.6892727467929933 12.641712296521289 16.818304136395454 3.7291236617602417 2.6693807441042727 1.4301599292084564 2.8769223319832333 1.2352255922742177 5.8893151601077971 1.7089673364534963 32.449032946373336 33.077131399651989 4.5361066171899438 3.3027882981114081 1.3753254889743391 0.74676321400329726 18.388135840068575 1.0362729575717811 7.4233469786122424 7.919553863001056 2.4179704952985039
leaf_count=139 1399 121 216 126 241 1062 203 344 134 45 359 463 76 127 125 63 73 120 29 1603 987 152 81 66 19 610 49 113 239 16
internal_value=0.00107182 0.000289525 -0.00357094 -0.00819039 0.0026689 0.000175219 -0.00764616 0.0039712 0.0114039 -0.0148924 0.0105708 -0.00199777 0.00910171 0.0198086 0.0158597 0.0180618 0.0209531 0.000802155 -0.0139876 -0.0159185 0.00306837 0.00945481 -0.0179985 0.0231462 0.0252023 0.0284141 0.030343 0.00291624 -0.00344548 0.0137018
internal_weight=270.981 259.992 98.1852 57.2111 161.806 126.877 39.8002 87.0772 36.7557 28.1672 34.9291 50.3215 11.633 15.3111 30.0494 28.6192 25.6586 19.618 36.7384 35.0294 40.9741 10.4254 26.4779 24.4234 23.0481 20.1712 19.4244 20.4727 15.3429 10.9892
internal_count=9400 9245 3434 2231 5811 4812 1467 3345 1483 1188 999 1862 279 486 1139 1014 880 513 1758 1729 1203 272 1143 807 741 678 659 473 352 155
is_linear=0
shrinkage=0.035


Tree=197
num_leaves=31
num_cat=0
split_feature=110 118 10 1 110 97 93 32 65 103 96 70 96 107 74 11 107 57 47 93 0 73 26 88 76 47 82 70 74 3
split_gain=2.48764 2.51893 2.11742 2.82457 2.05071 3.58132 3.44789 4.70271 4.71427 3.75227 3.61873 2.96395 2.88156 3.01997 2.76065 3.40374 2.6921 2.68811 2.54666 4.32031 3.90562 2.91356 3.41283 3.85946 3.16745 2.47046 2.3991 2.38465 2.30569 2.28322
threshold=1098.5000000000002 0.48333333333333339 3.5000000000000004 19.500000000000004 86.250000000000014 3.4194799594464658 53260.500000000007 4.5000000000000009 1.4316770186335406 0.78319623971797891 3.018518518518519 8.6794871794871806 1.1441558441558444 81.391134454052704 14.750000000000002 9.5000000000000018 3290.1179228971537 0.6496163682864452 0.02339261285909713 78865.500000000015 0.42182870370370379 18.500000000000004 2.5000000000000004 669.50000000000011 0.51821184558476829 0.044610281923714766 242.50000000000003 13.379807692307695 19.750000000000004 35.500000000000007
decision_type=8 2 2 2 10 2 2 2 8 2 2 8 2 10 10 2 8 10 2 2 2 8 2 10 8 2 10 10 10 2
left_child=1 -1 4 -4 6 16 7 8 27 25 14 -8 13 -7 17 -16 -6 -10 20 -20 -13 22 23 -22 -23 -9 -21 -3 -26 -17
right_child=-2 2 3 -5 5 12 11 9 10 -11 -12 18 -14 -15 15 29 -18 -19 19 26 21 24 -24 -25 28 -27 -28 -29 -30 -31
leaf_value=0.015839096381791509 -0.013105746631088473 0.02297990717925439 -0.017093241085099527 0.010439537003063395 -0.018160357108751041 -0.0096903085304205216 -0.012821552652015882 -0.012551625469611069 -0.022801988384615501 0.022610376402270385 0.012953947658805485 -0.008714216870876406 -0.010321510512595108 0.022156545853238886 -0.012873151837247652 0.020786290464026073 0.0052743824836550312 0.0014034160051937744 0.010614357659796144 -0.013800533459668815 0.020151870181501424 0.0018936972091717808 -0.0064675164205897674 -0.0047794688145544476 0.030438074302336256 0.010121286309792038 0.011885043629796758 -0.0068326809123316233 -0.0043412010546026811 -0.0071277866652089761
leaf_weight=10.283816782524807 9.0463089800905419 4.2523018795764065 10.723182098590767 2.5907536422600961 17.668784744455483 1.7811185279861081 4.4088703742017961 7.4940327559597808 26.751899353694171 9.2654848203528655 3.191203147172927 6.9910933750215909 4.0933156374376258 8.5073031220817921 8.8331554280594009 4.9966573335696003 5.612980438861995 6.1521726296050465 21.58414332033135 17.893357414868664 19.645674635656182 8.3177272103494051 12.884976420318706 8.6417192013468576 20.076070837210867 6.2756799864582717 1.4917891123332072 2.2703362400643528 1.3059325600042928 2.5071277415845543
leaf_count=148 583 178 1030 211 1124 82 135 191 842 146 77 115 380 233 319 67 263 144 528 483 336 193 419 404 496 94 29 151 29 31
internal_value=0.00129892 0.00202026 0.00117302 -0.0103482 0.00200053 -0.00506262 0.00338631 -0.00210652 -0.00724101 0.00998216 -0.0109005 0.00698024 0.00720819 0.0152772 -0.013498 -0.00111507 -0.0125769 -0.0186881 0.00820295 0.000943853 0.011735 0.0141936 0.00683926 0.0129616 0.0219342 -0.00227473 -0.00979225 0.014141 0.0278937 0.012339
internal_weight=275.539 266.493 256.209 13.3139 242.895 37.6635 205.231 81.9901 58.9549 23.0352 52.4322 123.241 14.3817 10.2884 49.241 16.3369 23.2818 32.9041 118.832 40.9693 77.8632 70.8721 41.1724 28.2874 29.6997 13.7697 19.3851 6.52264 21.382 7.50379
internal_count=9461 8878 8730 1241 7489 2082 5407 2240 1809 431 1480 3167 695 315 1403 417 1387 986 3032 1040 1992 1877 1159 740 718 285 512 329 525 98
is_linear=0
shrinkage=0.035


Tree=198
num_leaves=31
num_cat=0
split_feature=63 55 84 101 34 40 98 69 71 11 110 41 97 96 43 29 54 119 110 126 66 107 95 107 117 0 120 118 110 48
split_gain=2.51288 1.95621 3.09321 3.75972 3.23622 3.02692 3.41183 3.38594 3.89022 4.23555 3.18661 2.73263 3.27155 3.13226 2.55389 2.4546 4.29421 3.56009 2.60838 2.67051 2.48554 3.22388 2.4253 2.62716 2.3317 2.26662 2.135 1.98203 2.98127 1.79364
threshold=0.39642857142857152 0.83130081300813019 1158.2500000000002 0.11324786324786326 5.5000000000000009 35.500000000000007 1.4472222222222224 2.7500000000000004 0.71496962310323353 13.500000000000002 195.25000000000003 9.5000000000000018 2.6949470163740403 1.2934002869440462 0.25834260289210237 15.500000000000002 0.18898809523809526 2.5837891320125927 69.250000000000014 1.5000000000000002 1.2900716502305729 787.20206433534634 34.500000000000007 2913.7691375850277 0.81725417439703174 74.98038194444446 0.020942982456140354 0.61721611721611735 1098.5000000000002 0.020204081632653064
decision_type=2 8 8 2 2 2 2 10 10 2 10 10 2 2 2 2 10 10 8 2 10 8 2 10 2 2 2 2 8 2
left_child=-1 2 4 -4 11 6 10 8 25 -10 -5 12 -2 -14 -9 16 -3 18 19 20 21 -18 -23 -24 -16 -8 -17 28 -20 -28
right_child=1 15 3 5 -6 -7 7 14 9 -11 -12 -13 13 -15 24 26 17 -19 27 -21 -22 22 23 -25 -26 -27 29 -29 -30 -31
leaf_value=-0.010329387828045697 -0.0033530897888890583 0.018755302765573887 0.0049739930026737296 -0.022119581027953923 -0.011660915521507153 0.012143561858352837 0.01630332278986911 -0.0070004761391387919 -0.021866809901628242 0.0070198452401545935 0.01040220209639409 -0.004843756768191881 -0.0024403795710703411 0.034131740559687145 0.024067358493902485 -0.011400837014844701 0.0032063862785880921 -0.013060016324355437 0.015712471697391851 -0.0089222751547222007 -0.00038941683452467247 -0.002747818890742576 0.041966839197948767 -0.0026684436414416818 -0.0046084867560731557 -0.010267914406582593 0.014687496878142288 -0.010472788128973738 -0.010252870126568683 -0.0090210558398335448
leaf_weight=17.978138159611262 4.4295496356207975 24.401491590775549 39.655674631241709 23.583149880752902 3.5433569221058852 4.4509102250449351 6.1071829296415654 5.4268097013700745 19.769289523363117 5.6207994392607352 1.281672074808738 5.0593873641919336 2.8211584704695261 8.8383287650067341 6.6929977245163155 14.159001148538666 9.0295485799433752 9.9890751282218826 8.5217363466508687 3.1110881114145732 8.3990526406560075 1.4520710431970645 6.8322795992717129 1.209949931129813 2.964091575704515 1.9891750189708544 5.7533626283984622 11.981279215193352 4.6813681089552128 2.0458830815041438
leaf_count=871 305 389 889 943 313 99 171 153 986 190 34 383 224 376 173 317 304 256 194 123 195 59 164 41 44 129 96 717 267 39
internal_value=0.000782293 0.00175375 -0.000969692 -0.00339512 0.00920366 -0.00769926 -0.00959938 -0.00347253 -0.00929546 -0.0153691 -0.0189823 0.0142608 0.0199925 0.0272061 0.00855036 0.00511845 0.0076176 0.00241085 0.00606156 0.0122641 0.0157263 0.0215631 0.0318928 0.0368029 0.0166962 0.00834734 -0.00460156 -0.00214161 0.00621861 0.00737377
internal_weight=271.779 253.801 142.234 117.542 24.6918 77.8861 73.4352 48.5703 33.4864 25.3901 24.8648 21.1484 16.089 11.6595 15.0839 111.567 89.6089 65.2074 55.2184 30.034 26.9229 18.5238 9.4943 8.04223 9.65709 8.09636 21.9582 25.1844 13.2031 7.79925
internal_count=9444 8573 5412 3811 1601 2922 2823 1846 1476 1176 977 1288 905 600 370 3161 2709 2320 2064 886 763 568 264 205 217 300 452 1178 461 135
is_linear=0
shrinkage=0.035


Tree=199
num_leaves=31
num_cat=0
split_feature=88 114 54 69 1 1 94 11 116 71 65 47 116 75 117 106 106 66 101 75 98 116 98 70 49 65 24 43 1 41
split_gain=3.13696 1.93297 3.14061 3.57641 3.26181 3.06792 2.95942 3.63398 3.73477 3.28597 2.90518 2.8882 3.6145 2.96456 2.46185 2.42703 3.44963 2.32675 2.27003 1.94501 1.93816 3.71128 1.87429 1.85911 2.24322 2.22429 2.49164 2.3456 1.7307 1.97287
threshold=1079.5000000000002 0.087228260869565227 0.26969696969696971 1.2500000000000002 12.500000000000002 15.500000000000002 62647.500000000007 9.5000000000000018 0.10147058823529413 3.8893168630988275 1.8786764705882355 0.094044811320754734 0.88989898989898997 2.63961038961039 0.21498599439775914 157.31547619047623 1159.3809523809525 0.81276820794180837 0.11324786324786326 2.2565789473684217 1.693979933110368 0.38501602564102572 1.4127789046653147 12.552777777777779 0.047065337763012187 2.2565789473684217 13.500000000000002 0.24647607702997817 16.500000000000004 2.5000000000000004
decision_type=10 2 8 8 2 2 2 2 2 8 8 2 2 10 2 8 8 10 2 8 2 2 2 10 2 10 2 2 2 8
left_child=1 2 3 4 19 11 7 8 -5 -8 -4 12 13 -3 15 -12 -17 28 -11 -1 21 -9 -23 24 -7 -25 27 -27 29 -16
right_child=-2 5 10 6 -6 23 9 20 -10 18 14 -13 -14 -15 17 16 -18 -19 -20 -21 -22 22 -24 25 -26 26 -28 -29 -30 -31
leaf_value=0.028796560045558021 0.017656800983771866 -0.018205692632627675 -0.01386348427469484 0.0097988920326038901 -0.00070428978766706057 -0.012573123268327553 0.017317477198233115 -0.015686679124728965 -0.015960124011074068 0.0094976610434395359 -0.011113800215684836 0.0071080630790809193 0.010355803182492684 0.0071962561689284821 0.018857547238894722 0.023707309948633189 -0.0028648154985094661 -0.012231639278378777 -0.012136294372440643 -0.0019455787855795037 0.018736258316299513 0.014480597706800553 -0.0085503399156061175 -0.005094719903623114 0.012663543444239938 -0.0044678714654328988 -0.0057716607944839349 0.028495545020475174 -0.0085283567888488187 -0.0058369158053599886
leaf_weight=11.862691644462757 7.977911749854683 37.670915372902527 18.371664227219298 5.3332821377553072 8.7949436956550908 8.6733221200993302 19.473142179427668 6.5262041187379571 24.137050398159772 5.9994752728380254 2.1904089190065887 8.2140163180883956 4.2510113602038464 3.7771747934166333 6.3924021740676844 9.8607402830384689 8.4003692702390236 17.196056063519791 8.2719431349541974 2.2538251888472596 5.0139434598386279 11.60630003956612 2.1677189797628662 5.5987605813425061 1.7152421411592502 1.7985753793036545 2.6765107205137602 7.88059483084362 3.9482381547568357 3.1889368888223553
leaf_count=356 63 1538 1203 135 402 376 465 230 781 89 106 221 109 128 255 159 381 676 321 93 157 145 69 306 31 54 74 153 176 165
internal_value=0.00085829 2.95672e-05 0.00204534 0.00559248 0.0165437 -0.00426881 0.00202539 -0.00297364 -0.0105533 0.00947772 -0.00363225 -0.00889383 -0.0121874 -0.0153653 0.000947583 0.00919418 0.0134954 -0.00506004 -0.00293714 0.0246632 0.0061357 -6.42346e-05 0.00954419 0.00454317 -0.0056456 0.0103841 0.0168451 0.0229348 0.004896 0.0114554
internal_weight=271.223 263.245 180.989 111.441 22.9115 82.2561 88.5291 54.7845 29.4703 33.7446 69.5488 53.9131 45.6991 41.4481 51.1772 20.4515 18.2611 30.7256 14.2714 14.1165 25.3142 20.3002 13.774 28.343 10.3886 17.9544 12.3557 9.67917 13.5296 9.58134
internal_count=9417 9354 6364 3243 851 2990 2392 1517 916 875 3121 1996 1775 1666 1918 646 540 1272 410 449 601 444 214 994 407 587 281 207 596 420
is_linear=0
shrinkage=0.035


Tree=200
num_leaves=31
num_cat=0
split_feature=10 98 110 118 11 91 95 74 4 107 72 103 97 43 106 118 49 82 96 121 65 44 108 67 20 116 110 50 76 46
split_gain=2.77675 2.74225 2.88508 3.16681 2.715 2.60256 2.69129 2.63294 2.54161 2.76407 2.56024 2.72098 2.88669 2.63911 2.52266 3.02811 2.42562 2.54067 2.9515 4.34761 3.02627 2.47693 2.3522 2.30881 2.27863 2.01087 2.43834 2.32604 1.7773 1.76642
threshold=3.5000000000000004 0.84731934731934744 17.250000000000004 0.75235849056603787 6.5000000000000009 6204.866419976529 11468.000000000002 12.750000000000002 4.5000000000000009 20.508128369148384 8.5000000000000018 0.64495798319327746 4.4373794501291322 0.19890109890109894 687.16666666666674 0.80521680216802183 0.052289815447710192 1.0000000180025095e-35 1.1181455633100701 1.0000000180025095e-35 1.2928571428571431 0.28509852216748771 235.50000000000003 1.5000000000000002 4.5000000000000009 0.39892473118279576 16.250000000000004 0.21980676328502416 0.54733872931548899 0.031414473684210534
decision_type=2 2 8 2 2 10 2 10 2 10 8 2 2 2 10 2 2 8 2 2 10 2 8 10 2 2 10 2 10 2
left_child=1 2 -1 -4 5 6 16 -8 9 -6 13 12 -12 -10 24 -16 17 -3 20 23 22 -22 -19 25 -15 -20 -27 -28 -13 -14
right_child=-2 4 3 -5 8 -7 7 -9 10 -11 11 28 29 14 15 -17 -18 18 19 -21 21 -23 -24 -25 -26 26 27 -29 -30 -31
leaf_value=0.0092122971060585798 -0.012118665531884279 0.01703619303994279 0.0062075995672648734 -0.019487753320019462 -0.0077140516370551582 -0.014767419544678292 -0.0050624403678295165 0.021186150241814944 0.016203686569065012 0.019818443902360861 0.00010599210045199417 -0.016479986528136391 -0.00038955025895379505 -0.014286359358029667 -0.010380196399849375 0.015114367107426332 0.012392452442457114 -0.015435670445562754 -0.0044129848958216556 -0.015083604992881165 -0.0044655957718604741 0.021099970214358697 0.0075745550756699418 -0.010237372774884375 0.0094860807780503056 -0.0077821474401664125 0.026343788788840063 -0.0066283531745609924 0.0085475712070891205 0.024935363328793123
leaf_weight=5.7689086457248804 13.161618207464924 2.5306002176366738 5.414458000566813 15.958255689009091 2.5906643467023995 8.5274251592345518 4.5398329852614543 9.380698884255251 3.4774723104201248 22.291188694536686 12.654583048075439 3.5525565221905699 3.8664744752459255 23.525238158646975 5.1739942718995726 9.0098642399534565 9.9091911400901136 7.5615196634316826 6.6819140316220063 37.32800774439238 4.5923208565218365 9.7542493263026682 5.5530717999208727 6.7023477522889143 2.3588950210250905 1.7782620633952309 8.3220682754181308 1.1274893998634059 1.874249070882797 15.234925694880074
leaf_count=129 1239 19 283 509 21 548 226 335 80 385 343 64 81 487 225 215 218 457 447 1482 185 272 204 261 53 69 232 81 34 247
internal_value=0.00114895 0.00204659 -0.00760927 -0.0130355 0.00332425 -0.000216872 0.00142202 0.0135502 0.0073131 0.0161407 0.00380958 0.00997551 0.0136844 -0.00194058 -0.00513829 0.00553289 -0.000792307 -0.0027794 -0.00421292 -0.00824951 0.00476009 0.0138773 -0.0062911 0.00291218 -0.0109349 0.00899343 0.0158733 0.0214774 -0.00788236 0.0207918
internal_weight=270.202 257.041 27.1416 21.3727 229.899 124.289 115.762 13.9205 105.61 24.8819 80.7283 37.1828 31.756 43.5455 40.068 14.1839 101.841 91.9319 89.4013 61.9401 27.4612 14.3466 13.1146 24.6121 25.8841 17.9097 11.2278 9.44956 5.42681 19.1014
internal_count=9431 8192 921 792 7271 5036 4488 561 2235 406 1829 769 671 1060 980 440 3927 3709 3690 2572 1118 457 661 1090 540 829 382 313 98 328
is_linear=0
shrinkage=0.035


Tree=201
num_leaves=31
num_cat=0
split_feature=0 106 69 0 0 95 71 92 115 116 60 92 0 0 110 98 34 115 115 75 27 73 13 143 122 117 23 51 76 119
split_gain=2.16788 2.51457 2.94331 2.37999 2.46912 3.02449 2.4513 2.43197 2.35591 3.30769 3.45832 3.16678 4.76036 3.74694 3.65495 2.78647 2.62348 2.75082 2.55157 3.39182 2.51483 2.46553 2.36554 2.45364 2.35909 2.211 2.19521 2.58224 2.16108 2.09208
threshold=0.89696759259259273 1306.788888888889 1.2500000000000002 1.772025462962963 3.2949363425925928 7391.0000000000009 1.9910312089651152 35342.500000000007 0.083920187793427234 0.44033898305084751 0.84248120300751894 57603.000000000007 122.3827488425926 146.29875578703707 90.250000000000014 0.9104278074866311 9.5000000000000018 0.37638888888888894 0.20864427860696519 1.6273148148148151 25.500000000000004 20.500000000000004 6.5000000000000009 0.072296993130326476 4.5000000000000009 0.91445993031358896 5.5000000000000009 0.069366479550922219 0.75327550707674518 2.5936777278593222
decision_type=2 8 10 2 2 2 8 2 2 2 2 2 2 2 10 2 2 2 2 8 2 10 2 10 2 2 2 2 10 8
left_child=1 2 -1 6 5 -5 -2 -8 11 10 -10 12 24 14 15 -13 17 18 20 -20 -11 25 23 -17 28 -21 27 -12 -6 -4
right_child=3 -3 29 4 8 -7 7 -9 9 16 26 13 -14 -15 -16 22 -18 -19 19 21 -22 -23 -24 -25 -26 -27 -28 -29 -30 -31
leaf_value=0.022464370770792275 0.0071279259797634746 -0.0093731619975408985 0.011129731295941098 -0.0032311375779000718 -0.016968643875746446 0.020892700983989234 0.0014676393546383974 -0.021474925839299462 0.0081243421990208307 -0.00770567818712776 -0.02212704171028795 -0.0077307851180398682 0.013844924107785607 -0.010745386849106555 -0.0022419794837392438 0.030786146507156938 -0.015469218806983374 -0.0086767014958489559 -0.0083663844335216796 0.027664617554112522 0.013637443468871311 -0.005029518632976248 -0.0056638484681350923 -0.0043535388176215014 0.0069420981012904403 -0.0011683928713863423 0.0063217234281542816 0.0064526309355769319 0.0055603900691913542 -0.0047662323218918079
leaf_weight=11.257728716940617 5.2234861950855729 5.5330577751155934 15.210629429551775 8.8962610948365199 22.291173986974179 10.314998724614268 7.3910531611181822 12.906295099062843 5.5752238570712498 17.252170134452175 24.609095154330141 1.3420724973548264 10.77285755809862 4.6684019570238879 9.6138568086316791 17.489421477192089 5.5417631132295346 13.159443970420396 3.9290401752805364 14.416181037086067 4.7543427488999432 2.7023338600993148 1.2132399317342777 1.4510633876780037 5.7394035399192935 3.4420709654223165 2.3581794358324251 2.2227404998848206 3.8961970945820203 16.188925073365681
leaf_count=249 114 192 303 199 1204 206 173 338 347 424 1549 88 509 246 483 485 146 355 102 385 101 118 52 67 185 55 181 142 158 274
internal_value=0.000989156 0.00734041 0.0102643 -0.000513092 0.000870485 0.0113613 -0.00961568 -0.0144818 -0.000537863 -0.00401447 -0.0119733 0.00386574 -0.00253042 0.0108736 0.0151564 0.0218924 0.000780002 0.00336903 0.00728969 0.0140332 -0.0014235 0.019113 0.0250097 0.027747 -0.00918233 0.0230673 -0.0164387 -0.0191178 -0.0132627 0.00340519
internal_weight=271.363 48.1903 42.6573 223.172 197.652 19.2113 25.5208 20.2973 178.44 99.9626 34.7652 78.4777 42.6996 35.7781 31.1097 21.4958 65.1973 59.6556 46.4961 24.4896 22.0065 20.5606 20.1537 18.9405 31.9268 17.8583 29.19 26.8318 26.1874 31.3996
internal_count=9430 1018 826 8412 7787 405 625 511 7382 3905 2219 3477 2056 1421 1175 692 1686 1540 1185 660 525 558 604 552 1547 440 1872 1691 1362 577
is_linear=0
shrinkage=0.035


Tree=202
num_leaves=31
num_cat=0
split_feature=54 42 72 108 110 54 145 70 55 45 117 93 90 70 70 93 117 50 90 70 107 49 45 128 107 109 26 45 4 65
split_gain=2.18333 2.67821 2.53681 2.20629 2.87825 2.57238 3.19579 4.05433 3.01958 2.97144 2.61055 3.4915 3.16511 3.06535 3.34792 2.79185 2.7558 2.54496 2.38148 3.60671 2.36808 2.32305 2.20387 2.23164 2.18507 2.17812 2.15286 2.00316 1.87856 1.84405
threshold=0.093386627906976757 8.5000000000000018 9.5000000000000018 117.50000000000001 1098.5000000000002 0.17752100840336138 0.33134577889666511 12.877500000000003 0.88516483516483524 0.055050505050505051 0.73401360544217698 80179.500000000015 18627.950000000004 15.174242424242426 10.279220779220781 83121.500000000015 0.46770833333333339 0.1023024594453166 77811.201298701315 13.33854166666667 2845.2871531764381 0.064866760168302964 0.15047169811320757 0.16954022988505749 7.0828333482315324 73.500000000000014 4.5000000000000009 0.1412189953882588 7.5000000000000009 1.4580419580419581
decision_type=8 8 10 10 10 10 8 10 10 2 2 2 2 10 8 2 2 2 2 8 10 2 2 2 10 8 2 2 2 10
left_child=2 3 28 5 -5 6 7 -2 9 -9 11 12 16 14 -12 -13 29 22 19 -16 -17 -11 23 -8 -20 -14 -21 -22 -1 -7
right_child=1 -3 -4 4 -6 10 17 8 -10 21 13 15 25 -15 18 20 -18 -19 24 26 27 -23 -24 -25 -26 -27 -28 -29 -30 -31
leaf_value=0.0078091870932085541 -0.01439526458821936 -0.010013667921548407 0.020623721788254695 0.018073117615435071 -0.010665982448390589 -0.0073178143578504955 0.029895264339099274 0.013119736189306416 0.01949341683065773 -0.016389869553139085 -0.011566638031336944 0.016358593553145052 0.010283562051885959 -0.011197054337265951 0.023763771665727008 -0.01329148211860683 -0.010336441508888761 -0.0086769451069082099 0.013185096848606479 -0.008936002585974559 -0.0072723843999300463 0.011209753493556806 -0.0030483718069534418 0.00090367709805113489 -0.011985799138050294 -0.015892245792798573 0.011758274610679281 0.020796231066966438 -0.0099154895050250318 0.019922224515268989
leaf_weight=12.696089683449832 12.459975590929387 30.80819919728674 7.7928788100834927 11.339216436026616 2.0917157067451617 1.2770177210913951 10.123935119831009 5.0156083473702955 8.0974729406880197 10.3407109886175 6.2346545548643908 8.0122437304817158 0.88325638533569772 10.895988956792278 15.936581988236869 8.938243734999558 5.7102097541792318 1.9768881537020195 1.7282042307779173 8.2450855649076384 2.194668829906731 1.0927950935438264 3.4783687316812566 4.5508067873306564 7.0697610774077475 49.66013582109008 6.5341421072371295 1.9276032812194897 7.5105771025409913 6.0211923156166449
leaf_count=397 340 970 173 178 125 99 192 111 106 412 141 384 43 217 252 450 256 140 38 189 79 11 149 94 137 3049 88 59 364 174
internal_value=-3.37281e-05 -0.00116004 0.00842376 0.000328792 0.011918 -0.000729412 0.00525655 -0.00113691 0.00689024 -0.00241182 -0.00324737 -0.00698354 -0.0108713 0.00244802 0.00648089 0.00457749 0.00349432 0.0148978 0.0103079 0.0144137 -0.00517783 -0.0111439 0.0187845 0.0234191 -0.00405521 -0.0145503 0.000872809 0.0100573 0.000561105 0.0141185
internal_weight=270.644 242.645 27.9995 211.836 13.4309 198.406 57.1366 37.0066 24.5466 16.4491 141.269 84.6246 63.5518 56.6444 45.7484 21.0728 13.0084 20.13 39.5138 30.7158 13.0605 11.4335 18.1531 14.6747 8.79797 50.5434 14.7792 4.12227 20.2067 7.29821
internal_count=9417 8483 934 7513 303 7210 1555 980 640 534 5655 4593 3621 1062 845 972 529 575 704 529 588 423 435 286 175 3092 277 138 761 273
is_linear=0
shrinkage=0.035


Tree=203
num_leaves=31
num_cat=0
split_feature=88 86 82 72 58 0 56 94 110 98 115 60 29 24 43 95 72 18 65 100 41 95 117 91 116 60 57 55 46 74
split_gain=3.19155 2.32425 2.41873 2.72233 1.93877 1.90322 2.60648 3.60876 2.0913 2.35909 3.16844 2.7547 2.25016 3.32606 2.73993 2.31808 1.99443 2.87341 2.93679 3.51177 2.03449 3.04181 3.39888 3.15401 2.26293 1.97177 1.96422 1.89617 1.79882 1.76225
threshold=1079.5000000000002 303.99371850685986 8.5000000000000018 6.5000000000000009 0.40161290322580651 4.0473495370370385 0.20611577964519143 36854.500000000007 191.25000000000003 1.5972972972972974 0.060915275200989494 0.80322580645161301 30.500000000000004 5.5000000000000009 0.14459930313588851 248.50000000000003 12.500000000000002 1.0000000180025095e-35 3.2247474747474754 0.21240601503759401 6.5000000000000009 8845.5000000000018 0.39339826839826847 920.54538823077598 0.21320346320346323 0.85610766045548659 0.30094339622641514 0.59761904761904772 0.099180327868852475 18.750000000000004
decision_type=10 10 8 10 2 2 8 2 10 2 2 2 2 2 2 2 10 2 10 2 10 2 2 10 2 2 10 10 2 10
left_child=1 2 3 -1 -3 8 7 -7 9 10 11 -4 13 14 -12 -16 17 18 20 25 21 23 -23 24 -8 -20 -9 -28 -15 -18
right_child=-2 4 5 -5 -6 6 16 26 -10 -11 12 -13 -14 28 15 -17 29 -19 19 -21 -22 22 -24 -25 -26 -27 27 -29 -30 -31
leaf_value=-0.0078113197471547059 0.017820855728159335 0.0095956224475897481 0.0086631710497406898 0.026073834160835693 -0.01695824281723439 -0.0093463347943357651 0.011616277216698235 -0.0010862750195400413 0.015619350822583729 0.01014575179129721 0.011006999263511324 -0.020383859626401143 -0.013105151818752152 0.017055123081359341 0.0069929354738098642 -0.019150993169529954 -0.016007740594779465 -0.013994175847499634 -0.006353092996114063 -0.010295607987687418 -0.013063296604961109 -0.0079552566632113183 0.020856050401084899 -0.016401466772549236 -0.0075348626472465955 0.0193794435833466 -0.0022766789426124229 0.025365458707368373 -0.0047315610925124695 0.0045855959564085787
leaf_weight=1.597466937964781 7.3309252150356761 0.80809740745462377 2.193186823045834 3.7262416118755937 11.263071882072834 8.3915478053968418 11.440172303933652 7.0639592173974988 10.212458462570792 20.8336778950179 4.5135760591365424 11.367463600588961 4.7033917894586912 18.557632423006002 2.858532447833567 9.3840824433136714 21.591561063425619 15.433008131454697 1.8934498718008459 4.5655184793286017 14.239324799273161 4.4436039614956817 9.3213000447722134 12.366018906934185 9.3944135572528449 16.980826813611202 2.87672494072467 9.3863802319392544 3.4763592986855647 3.9514119123341507
leaf_count=35 60 74 50 98 1615 135 480 154 162 492 68 314 88 264 37 243 1013 588 57 148 782 325 360 703 432 336 57 114 39 139
internal_value=0.000422425 -0.000398737 0.000456223 0.0170473 -0.0128908 -0.000248058 -0.00257822 0.00637917 0.00372826 0.00132099 -0.00245927 -0.0146178 0.00244792 0.00561479 -0.00532259 -0.012789 -0.00472323 -0.00221102 0.000598079 0.00997541 -0.00347534 0.000408828 0.0119137 -0.00529611 0.00319392 0.0160081 0.0137246 0.0200998 0.0133784 -0.0125929
internal_weight=266.165 258.834 246.763 5.32371 12.0712 241.44 153.339 27.7186 88.1004 77.8879 57.0542 13.5607 43.4936 38.7902 16.7562 12.2426 125.621 100.078 84.6446 23.4398 61.2048 46.9655 13.7649 33.2006 20.8346 18.8743 19.3271 12.2631 22.034 25.543
internal_count=9462 9402 7713 133 1689 7580 5823 460 1757 1595 1103 364 739 651 348 280 5363 4211 3623 541 3082 2300 685 1615 912 393 325 171 303 1152
is_linear=0
shrinkage=0.035


Tree=204
num_leaves=31
num_cat=0
split_feature=88 0 116 90 96 1 70 46 66 110 70 72 60 70 1 65 91 0 14 106 95 69 65 91 2 44 43 1 2 100
split_gain=2.80156 2.34488 2.88214 4.60979 3.78166 3.41267 3.50588 3.3431 2.97936 2.7392 2.84996 3.48296 2.7695 2.463 3.58223 2.5837 3.09682 2.33631 2.87551 2.86175 2.64255 2.45934 2.29425 2.12228 2.27028 2.07128 1.93151 1.86699 2.7531 1.84154
threshold=1079.5000000000002 4.7096238425925927 0.40129870129870138 69362.994658119671 1.8903903903903905 3.5000000000000004 11.015151515151517 0.10275263951734541 4.3900062140267639 27.750000000000004 14.379807692307695 11.500000000000002 0.93295880149812749 13.171568627450982 5.5000000000000009 2.9555335968379448 6204.866419976529 2.0223495370370377 3.5000000000000004 1098.9166666666667 1693.5000000000002 3.2500000000000004 2.8786764705882359 5617.3221170883453 2.5000000000000004 0.44562647754137119 0.3983534505379166 16.500000000000004 5.5000000000000009 0.10102040816326532
decision_type=10 2 2 2 2 2 8 2 10 10 8 10 2 8 2 10 8 2 2 10 2 10 10 10 2 2 2 2 2 2
left_child=1 17 3 5 9 6 -3 13 23 22 26 12 -12 -5 -15 16 -16 18 19 27 -19 25 -4 24 -6 -20 -11 28 -1 -25
right_child=-2 2 4 7 8 -7 -8 -9 -10 10 11 -13 -14 14 15 -17 -18 20 21 -21 -22 -23 -24 29 -26 -27 -28 -29 -30 -31
leaf_value=0.018532183694185796 0.016616199760423972 0.021100218250853217 0.026147468599700515 -0.0040791811401859638 -0.00024001656122075009 -0.016623570432650274 -0.0086885248269682382 -0.015661757667106511 0.014838449126821534 -0.013475027986483028 0.033149480159665394 -0.0086354500776206506 -0.0014385709747704275 -0.0076091247807265495 0.03581017780903107 -0.0032343586079668393 -0.0041724835334153885 -0.0059508499695218242 -0.018016003225181227 -0.0074316415885643909 0.019365376690672981 0.0069980010854534917 -0.0036336895237826859 0.014671038643426251 -0.019086943461575693 0.0025104149961546847 0.0073033116092818618 -0.0019760717716707835 -0.0086399805901967493 -0.0076612879254139114
leaf_weight=23.254296233993959 7.7688330523669711 2.9938456515083063 9.248545110691337 9.0635430421680265 12.330681105144324 43.842010450200178 7.6594364446355039 3.7774376261513671 3.3860435504466286 10.808114729938099 3.7319000571733323 3.5670253486605361 3.6093341924715787 3.5419043701840556 7.4009042688412565 2.6040070462040594 1.7480896918568767 4.1835068501532104 14.856662468519067 10.370352425263262 14.607928594457915 7.9685481318738303 2.6531089369673273 4.4211184680461866 17.080368680879474 7.060670915991067 4.5236701576504847 9.2975252961041388 2.417115692049264 4.3578597134910524
leaf_count=477 63 131 215 544 243 2884 442 259 63 562 83 174 135 170 309 87 99 111 375 319 301 149 77 64 348 96 156 252 77 159
internal_value=0.000615173 -0.000178314 -0.00270103 -0.00709513 0.0020036 -0.0126606 0.00374874 0.00396832 -0.00503791 0.00937345 0.00190884 0.0127665 0.022451 0.00916139 0.0160795 0.0233587 0.0293959 0.00409435 0.00100148 0.00629826 0.0136631 -0.00678517 0.0203977 -0.008314 -0.0123683 -0.0121654 -0.00705597 0.0107903 0.0149824 0.00482796
internal_weight=264.134 256.366 162.349 82.6312 79.7178 54.4953 10.6533 28.1359 41.5761 38.1417 26.24 10.9083 7.34123 24.3584 15.2949 11.753 9.14899 94.0166 75.2252 45.3393 18.7914 29.8859 11.9017 38.19 29.411 21.9173 15.3318 34.9689 25.6714 8.77898
internal_count=9424 9361 7204 4925 2279 3457 573 1468 877 1402 1110 392 218 1209 665 495 408 2157 1745 1125 412 620 292 814 591 471 718 806 554 223
is_linear=0
shrinkage=0.035


Tree=205
num_leaves=31
num_cat=0
split_feature=63 43 70 99 110 90 59 49 109 54 73 75 44 44 23 107 106 92 65 97 50 88 49 110 121 54 118 125 2 75
split_gain=1.54735 1.98294 1.82477 1.7535 3.19084 3.9292 3.09673 2.99723 2.73977 3.08967 3.23642 2.29718 2.19713 2.79313 2.18443 2.17577 2.07247 2.03753 1.89212 2.67973 1.97616 1.87862 1.76866 1.93774 2.28138 2.05591 1.85239 1.84091 1.75044 1.96248
threshold=0.39642857142857152 0.58957219251336912 13.837719298245617 0.6132478632478634 37.250000000000007 53929.193548387106 0.58643678160919543 0.02062074829931973 8333.5000000000018 0.17752100840336138 13.500000000000002 2.759615384615385 0.36140661938534285 0.29459980713596917 2.5000000000000004 4131.9062911131432 965.09722222222229 79149.500000000015 2.5590277777777781 11.420216075618333 0.077422577422577438 669.50000000000011 0.062019230769230778 76.750000000000014 1.0000000180025095e-35 0.42261904761904767 0.68237250554323736 1.0000000180025095e-35 1.5000000000000002 1.8733974358974361
decision_type=2 2 10 2 10 2 2 2 10 10 10 10 2 2 2 10 10 2 10 2 2 8 2 10 2 10 2 2 2 10
left_child=1 -1 -3 4 5 14 -6 11 9 12 16 -7 13 -5 -2 -8 17 -11 20 -20 -14 -12 23 24 25 -23 -26 -25 29 -28
right_child=3 2 -4 8 6 7 15 -9 -10 10 21 -13 18 -15 -16 -17 -18 -19 19 -21 -22 22 -24 27 26 -27 28 -29 -30 -31
leaf_value=-0.01654128331219348 -0.012803664472139471 -0.0083576015133927217 0.013270540600507082 0.01255958830200289 0.0057743399718609423 0.019565667495596208 -0.01866067293523016 -0.0088724861207520565 -0.0061869494276326478 0.019782856623975175 0.015440872932739885 -0.0075037216275984807 0.011095586871261543 -0.010343596859908159 0.0045864582049895634 0.0094541584232909637 -0.0041695993205772379 -0.0058088891582983833 0.029029682003966575 -0.005261441749257312 -0.011402684383517726 0.010878117712168322 0.0097631188513846914 -0.0067527541231650013 0.0068776036134203886 -0.012247848819426798 0.010524178878381595 0.011207094941435503 -0.021479104239484369 -0.011885683137284109
leaf_weight=8.3125063374172914 15.752451972803103 4.8459562580101174 4.5789547021267936 8.3496640390949342 8.1128467088565248 20.209918301203295 21.739824834745381 3.9164118419867 23.535984344431199 16.867788813193336 1.8929367212112982 1.8365191556513298 11.630691067082809 7.8354532792000091 11.928837297251446 0.7978109922260036 5.89548564585857 2.2823163673747322 13.701336967060341 1.66562168765813 2.1801226501120246 8.0897627414669824 5.7924498926149672 8.7562287705950457 2.032838482642549 2.5344970960868514 3.8418337499024364 9.7245501460274664 18.720034107682295 5.6258979039266706
leaf_count=416 266 282 179 364 212 353 991 62 1077 546 52 13 331 395 202 34 315 88 319 41 157 234 154 518 61 152 95 491 769 220
internal_value=0.00106098 -0.00771313 0.00310777 0.00183699 -0.00216896 0.00298026 -0.0103351 0.0117185 0.0039371 0.00582739 0.00190152 0.0163404 0.0128146 0.00164746 -0.00575449 -0.0161296 0.0114784 0.0161616 0.0178618 0.0249337 0.00545721 -0.00222633 -0.00380435 -0.00578496 -0.00969026 0.00320723 -0.0140361 0.00307175 -0.0163533 -0.00229774
internal_weight=262.988 17.7374 9.42491 245.25 84.2946 53.6441 30.6505 25.9628 160.955 137.42 92.0566 22.0464 45.3629 16.1851 27.6813 22.5376 25.0456 19.1501 29.1778 15.367 13.8108 67.011 65.1181 59.3256 40.8449 10.6243 30.2206 18.4808 28.1878 9.46773
internal_count=9389 877 461 8512 2133 896 1237 428 6379 5302 3695 366 1607 759 468 1025 949 634 848 360 488 2746 2694 2540 1531 386 1145 1009 1084 315
is_linear=0
shrinkage=0.035


Tree=206
num_leaves=31
num_cat=0
split_feature=119 69 63 90 115 27 59 42 65 2 70 114 0 104 47 117 25 44 90 55 106 16 109 110 0 84 91 110 94 109
split_gain=1.85096 2.10592 2.99549 2.96618 2.77411 2.93852 2.63959 2.91004 3.19029 2.7839 3.48377 2.8242 3.20088 2.55241 2.87325 2.48153 2.41447 2.47177 2.20797 3.22961 2.19331 2.3221 2.13709 2.08351 2.06489 2.28616 2.05326 1.864 1.62512 2.01606
threshold=0.59099750612234125 3.2500000000000004 0.63967213114754118 78859.617424242446 0.21975609756097564 12.500000000000002 0.73557158712541637 5.5000000000000009 3.1277173913043481 3.5000000000000004 12.116531165311654 0.087228260869565227 2.9956192129629637 0.77003205128205143 0.040270270270270282 0.17028985507246377 1.0000000180025095e-35 0.27718676122931446 53593.931818181831 0.66441441441441451 27.26136363636364 21.500000000000004 7092.5000000000009 191.25000000000003 73.533865740740751 391.25000000000006 1267.8908182516277 81.250000000000014 13479.500000000002 8175.5000000000009
decision_type=10 10 2 2 2 2 2 10 8 2 10 2 2 2 2 2 2 2 2 10 10 2 10 10 2 10 10 10 2 10
left_child=24 3 20 6 5 -5 9 16 27 15 -11 13 -13 14 26 -2 18 -18 -8 -20 -3 -22 -4 -21 25 -1 -12 28 -9 -30
right_child=1 2 22 4 -6 -7 7 8 -10 10 11 12 -14 -15 -16 -17 17 -19 19 23 21 -23 -24 -25 -26 -27 -28 -29 29 -31
leaf_value=0.016847668260812833 0.0063573575502245119 -0.0097189479666000417 -0.01202954825787275 -0.0097627174694737019 0.021268155088998309 0.014710867370921863 -0.0060972859279408397 -0.0046382594260257108 -0.0098667275109273374 -0.013230645819679842 -0.0056368938214406581 0.010630812020943155 -0.016889180898925747 -0.0031374131825694443 -0.003487669248935581 -0.013129144500087992 0.0072069129345299797 -0.018989471204222411 -0.0096525828395007535 0.027915420654583103 0.019625160309926417 -0.0059139673331568502 0.008766984632689663 -0.0058394754914653834 -0.0041286728051405175 -0.0066759889085384822 0.027282788360453832 -0.0060014541663655392 0.028404153048572918 -0.0011071254390805372
leaf_weight=20.250641955528412 6.1467634645523495 1.3550342386588479 10.522556730546055 11.041842620586978 7.2779376592952749 4.6195327241439363 9.468891286524018 1.2077432858059243 3.3403489597840226 12.849609050084835 0.93688636017032578 4.3094432041980317 8.0096885551465657 9.1739247554214653 4.7979352870024732 58.266095835599117 3.120963158318772 10.576194178662261 2.2985513561870885 5.5699287129100412 20.49916655221023 2.891096787294372 5.4491249112179494 0.94391993607860047 9.770839930395594 3.4524740423075846 11.762896649423054 1.5381582595873613 11.102648678584954 2.9992725392803541
leaf_count=411 163 16 246 447 218 121 433 25 122 599 57 90 400 363 180 2455 115 479 130 181 420 50 117 62 441 190 345 129 263 133
internal_value=0.000894767 -0.000278065 0.00649368 -0.0018476 0.00880583 -0.000730847 -0.00351069 0.00284483 0.011839 -0.00636232 -0.000205599 0.00510279 -0.00697241 0.0109003 0.0173218 -0.0109456 -0.00366627 -0.0126894 0.00436762 0.0137489 0.0131783 0.0159829 -0.00453574 0.0226123 0.00800546 0.0128553 0.0239479 0.0174157 0.0206667 0.0234807
internal_weight=265.55 232.076 40.717 191.359 22.9393 15.6614 168.42 52.1666 20.1882 116.253 51.8404 38.9908 12.3191 26.6716 17.4977 64.4129 31.9784 13.6972 18.2813 8.8124 24.7453 23.3903 15.9717 6.51385 33.474 23.7031 12.6998 16.8478 15.3097 14.1019
internal_count=9401 8359 849 7510 786 568 6724 2072 672 4652 2034 1435 490 945 582 2618 1400 594 806 373 486 470 363 243 1042 601 402 550 421 396
is_linear=0
shrinkage=0.035


Tree=207
num_leaves=31
num_cat=1
split_feature=90 50 76 11 28 59 59 0 106 0 63 117 106 76 40 32 133 114 59 61 68 116 44 71 93 94 116 89 44 75
split_gain=2.17244 2.62428 2.72621 4.25034 3.48763 2.756 3.00678 2.68211 3.77344 2.9413 3.05323 2.63065 2.5272 2.41263 2.97955 2.34105 2.66223 2.26334 2.4202 2.23529 2.28811 2.18392 2.38044 2.07607 2.06181 2.05897 2.01596 2.19362 1.96215 1.93012
threshold=14675.741666666669 0.10050505050505053 0.51998804968410772 14.500000000000002 1.0000000180025095e-35 0.60067567567567581 0.6906926406926408 34.598339120370376 1108.9263157894738 1.9403009259259261 0.63117408906882599 0.85565476190476197 1499.9577922077924 0.57814224635573275 5.5000000000000009 3.5000000000000004 0 0.083920187793427234 0.33974358974358981 0.85880398671096347 7.5000000000000009 0.39892473118279576 0.65686274509803932 5.001388503300606 58513.000000000007 43058.000000000007 0.072751322751322761 714.25000000000011 0.30725524475524485 2.0571895424836604
decision_type=2 2 8 2 2 2 2 2 10 2 2 2 8 8 2 2 1 2 2 2 10 2 2 8 2 2 2 10 2 10
left_child=15 2 3 7 5 12 23 9 26 10 -2 19 17 -8 21 16 -1 18 -4 28 -21 22 24 -7 -15 -23 -9 -28 -3 -11
right_child=1 11 4 -5 -6 6 13 8 -10 29 -12 -13 -14 14 -16 -17 -18 -19 -20 20 -22 25 -24 -25 -26 -27 27 -29 -30 -31
leaf_value=0.0094242515240884287 -0.014604315306205491 -0.010019983422669328 -0.0062118133182957639 0.012613443725962374 -0.013463682895051924 -0.015183213561448167 0.019983427684648631 0.0051759791337442611 0.006494228349134731 0.015589505721937633 0.0084899166327351335 0.0085138751616748547 -0.0064827891468826971 0.0046776458060454789 -0.012609181411002377 0.02058962828365115 -0.012002286036349417 0.00075109916874650589 0.025369172612325672 -0.018965732907767176 0.0042332266408591987 -0.0037856146902564458 0.01075414572341306 0.0045869954227243191 -0.017633783333103042 0.020056779478368803 -0.022330371737130452 0.0073942150238948956 0.016287673847426895 -0.0083607494140358653
leaf_weight=13.489713742164895 14.802696592290888 1.8584818822564546 1.4159062657272503 12.705526033765635 6.8536020640749475 11.562304091872649 8.2224426812026632 2.3365160513203618 7.4485393837094298 12.090524624101816 6.8376324456185094 6.0723944122437379 3.6644560298882416 5.8345932725351322 7.6613731314428142 8.633896859828381 6.5827224529348358 7.9623474061954758 20.137089395080693 23.280940024182204 4.419031463447026 4.0806993490550694 7.6476636860752469 7.678001763764768 7.1264763198560104 12.414313643006606 25.574123852769848 1.0262376838363696 2.7807036133017391 1.9616821852978308
leaf_count=395 321 137 87 278 212 489 266 78 374 347 139 129 237 223 340 168 225 281 561 1591 154 92 220 316 352 251 983 37 94 75
internal_value=0.00106284 -0.000124236 0.00155582 -0.00307967 0.00503874 0.00679702 0.0025771 -0.00648475 -0.0125492 0.000479784 -0.00708341 -0.00792921 0.0144427 0.00676591 0.00257427 0.00937359 0.00140523 0.0176034 0.0225155 -0.0117434 -0.0151834 0.00683451 -0.00105981 -0.00797494 -0.00908383 0.0146499 -0.0176857 -0.0201951 0.0060179 0.0109293
internal_weight=264.163 235.456 197.045 84.7835 112.261 105.408 72.2279 72.078 36.3854 35.6925 21.6403 38.4116 33.1798 52.9876 44.7651 28.7063 20.0724 29.5153 21.553 32.3392 27.7 37.1037 20.6087 19.2403 12.9611 16.495 28.9369 26.6004 4.63919 14.0522
internal_count=9452 8664 6559 2632 3927 3715 2549 2354 1472 882 460 2105 1166 1744 1478 788 620 929 648 1976 1745 1138 795 805 575 343 1098 1020 231 422
cat_boundaries=0 1
cat_threshold=2
is_linear=0
shrinkage=0.035


Tree=208
num_leaves=31
num_cat=0
split_feature=87 101 110 128 61 82 85 42 21 28 97 45 54 61 76 15 55 143 76 51 145 44 46 0 110 81 94 2 50 45
split_gain=3.22716 2.6497 3.0479 3.00148 2.88936 2.70006 2.63397 2.47601 2.91108 2.82382 2.67854 3.96618 2.75904 4.06954 3.90623 4.02315 3.48782 3.27288 2.45324 2.37307 2.37352 2.24418 2.18573 2.1658 2.14033 2.16364 2.1138 2.09704 2.07488 2.00083
threshold=1.5000000000000002 0.54692082111436957 36.250000000000007 0.19139194139194141 0.97162977867203237 166.50000000000003 605.48750000000007 1.0000000180025095e-35 4.5000000000000009 17.500000000000004 6.0068863739008629 0.069366479550922219 0.15894736842105264 0.85880398671096347 0.40458561829460077 7.5000000000000009 0.65039682539682553 0.058359387526054199 0.58841914587552602 0.02837022132796781 0.41182406038531977 0.28509852216748771 0.24404761904761907 110.88914351851854 310.25000000000006 243.08262478922265 70083.750000000015 1.5000000000000002 0.11050061050061051 0.18933143669985777
decision_type=8 2 8 2 2 8 10 10 2 2 2 2 10 2 8 2 8 10 10 2 10 2 2 2 10 8 2 2 2 2
left_child=27 5 4 22 -3 6 -2 8 -7 10 12 -12 14 -14 -9 17 24 28 26 20 23 -13 -4 -18 25 -15 -6 -1 -16 -23
right_child=1 2 3 -5 18 7 -8 9 -10 -11 11 21 13 16 15 -17 19 -19 -20 -21 -22 29 -24 -25 -26 -27 -28 -29 -30 -31
leaf_value=-0.0059896120390425887 -0.019399487264639033 -0.011523446147121348 -0.022225500857078445 0.0047964523985045146 0.025788499269672808 -0.013121820670099848 0.0057902784511865918 -0.0047911085883503369 0.013594810299514638 -0.013853448150831468 0.0069360519793783791 0.0084732156734898551 0.020229951494287354 0.0088023605015960949 0.032925175976609079 -0.007735951839275057 0.014217066181357742 -0.0031110327824189084 -0.0095469161148456789 -0.010669344022621041 -0.0098667640940685569 -0.016103320979497376 0.0068346269564706864 -0.0048985486833331617 0.0088938436138213568 -0.017997657296446097 -0.0030140198792488887 0.022426911491207648 -0.0018642218224498577 0.0089305857047699833
leaf_weight=1.855062736198305 8.5262176413089019 5.0413442847784582 18.548389004892677 6.2277985924156374 6.2375713228248042 16.324251779587943 5.2078687873436129 6.7874635928310445 2.1358100373763582 5.2472902790177605 34.077768363291398 3.5656154509633806 11.060266985557972 1.3438508734107077 18.488782221451412 2.8375115802045903 33.869133515749127 3.2052104820031664 1.6804740934167064 5.161309214308857 3.8497108726296565 22.318215782870542 1.351870282087474 6.2984420100692651 2.5269020770210764 16.019309339113533 3.0026238854043186 8.2706948951818031 1.7380946157500137 1.3153467485681165
leaf_count=42 1134 219 1402 291 137 872 314 178 66 160 528 65 341 10 346 144 827 98 67 164 125 568 52 265 52 664 74 125 79 36
internal_value=0.00125514 0.000313609 -0.00721845 -0.0136889 0.00411178 0.00194159 -0.0108516 0.00307346 -0.00779209 0.0043703 0.00528911 -0.000601876 0.00836892 0.00435705 0.0162435 0.0215754 0.00062121 0.0258611 0.0126818 0.00556542 0.00836319 -0.00965664 -0.0192754 0.0110092 -0.0102657 -0.0144191 0.018657 0.0169619 0.0301587 -0.0133939
internal_weight=264.12 253.994 42.0901 26.1281 15.962 211.904 13.7341 198.17 18.4601 179.71 174.463 61.2769 113.186 80.1289 33.0571 26.2696 69.0687 23.4321 10.9207 49.1786 44.0173 27.1992 19.9003 40.1676 19.8901 17.3632 9.2402 10.1258 20.2269 23.6336
internal_count=9445 9278 2242 1745 497 7036 1448 5588 938 4650 4490 1197 3293 2448 845 667 2107 523 278 1381 1217 669 1454 1092 726 674 211 167 425 604
is_linear=0
shrinkage=0.035


Tree=209
num_leaves=31
num_cat=0
split_feature=82 56 63 100 65 66 32 82 93 60 92 110 119 60 75 107 21 100 107 32 55 91 66 75 98 93 1 145 74 40
split_gain=3.33973 2.98749 1.91443 2.08626 3.96456 3.70236 3.79197 2.86436 2.72494 2.87997 2.90441 2.80691 2.46584 2.40396 2.46467 2.80875 2.2878 2.24742 2.16812 2.14553 2.10032 2.07657 2.36623 1.97212 1.90814 1.92785 1.89437 1.87874 1.84557 1.75817
threshold=8.5000000000000018 0.19098277608915909 0.37171052631578955 0.084523809523809543 2.2426470588235299 2.7552975120305483 8.5000000000000018 155.50000000000003 80179.500000000015 0.75500000000000012 11131.000000000002 61.250000000000007 0.6913074388294379 0.81365740740740755 2.0459830866807613 60.321008406321198 7.5000000000000009 0.39696969696969703 2738.4801702330142 5.5000000000000009 0.95119047619047625 6816.5630456422341 0.41494265590982354 2.1348484848484852 0.85960591133004927 22874.500000000004 10.500000000000002 0.23377543702151321 14.250000000000002 1.0000000180025095e-35
decision_type=8 10 2 2 10 10 2 10 2 2 2 10 8 2 10 10 2 2 8 2 10 10 8 10 2 2 2 8 10 2
left_child=1 -1 -2 4 8 6 7 20 9 11 -11 -4 -12 -6 15 -15 -16 28 -10 24 21 22 -5 -7 -17 -26 -22 -23 -8 -20
right_child=2 -3 3 5 13 23 17 -9 18 10 12 -13 -14 14 16 19 -18 -19 29 -21 26 27 -24 -25 25 -27 -28 -29 -30 -31
leaf_value=-0.0092274227830262019 -0.010650715738708381 0.02399089844434131 0.022243351270770578 0.0072846170797686328 -0.010172613305088405 -0.020499906324388598 0.0081332593469092239 0.012841836432864953 -0.0033351794634184301 0.0068525763590984081 0.0031609157418185348 -0.0093376277981431031 -0.018813600261090666 -0.0046583714750145977 0.010260409434321554 0.00067849857390490812 -0.0074231442733600052 0.019830416596389008 0.025283233923490189 -0.00064023251569635153 -0.0086445673516764455 0.014047383415414932 -0.018063303809196966 0.0023594414956991131 -0.00078278130932441642 0.025550347568611936 0.011587955374064682 -0.0077948815337736859 -0.011412982931523319 -0.0039267119214563264
leaf_weight=1.4856137193273742 13.062692120904101 8.2417008621850965 3.0136952190659931 2.5163277557585415 3.8181063440861172 12.96588062727824 10.352279147598894 5.7803868796909219 8.3013452924787963 6.5423531068954608 6.2373169017955687 2.3303144698729739 25.513208933407441 6.2571457707090294 12.011153321363965 5.7285830266773692 14.01272565149702 11.096461240202187 4.2783105981070557 6.7788298060186198 5.1288368322420856 3.5801620606798652 26.030060481512919 4.9467397772241375 3.4639163620304307 28.709821282653138 8.5897960102884081 6.2250231326324874 4.6441817393060765 1.8365526718553153
leaf_count=30 755 254 82 90 140 338 305 306 402 242 181 154 1666 154 268 138 255 200 141 176 214 151 1093 146 70 630 228 416 143 93
internal_value=0.00130239 0.0175073 0.000354895 0.00115679 0.00388928 -0.0025754 0.000782884 -0.0042062 -0.00295412 -0.00718888 -0.0106126 0.0106152 -0.014654 0.00869284 0.0101922 0.0143367 0.00107682 0.0107418 0.00841452 0.0171979 -0.00705801 -0.0109044 -0.0150762 -0.0150498 0.020091 0.0229913 0.00373524 0.00223105 0.00073989 0.0186903
internal_weight=263.48 9.72731 253.752 240.69 138.833 101.856 83.9435 57.8506 58.0531 43.6369 38.2929 5.34401 31.7505 80.7803 76.9622 50.9383 26.0239 26.0929 14.4162 44.6812 52.0702 38.3516 28.5464 17.9126 37.9023 32.1737 13.7186 9.80519 14.9965 6.11486
internal_count=9461 284 9177 8422 4792 3630 3146 2498 2961 2325 2089 236 1847 1831 1691 1168 523 648 636 1014 2192 1750 1183 484 838 700 442 567 448 234
is_linear=0
shrinkage=0.035


Tree=210
num_leaves=31
num_cat=0
split_feature=49 50 112 69 0 115 11 118 97 63 68 119 70 110 63 83 81 99 50 117 94 22 70 92 118 42 46 97 124 30
split_gain=3.09797 3.72012 2.58252 3.45219 3.40764 2.96176 2.56422 2.31223 2.08227 2.05231 2.37731 1.93869 3.28035 3.93099 2.83414 2.70678 2.67395 2.73351 3.09935 2.39211 2.34507 2.21963 2.64043 2.14075 1.87215 1.8587 1.82936 1.81106 1.80456 1.75896
threshold=0.059411764705882358 0.20416666666666669 0.015686515748031499 2.2500000000000004 68.092841435185207 0.095695970695970703 16.500000000000004 0.90260840108401097 9.4817562278730101 0.3585714285714286 7.5000000000000009 2.1737093994614267 11.33854166666667 20.250000000000004 0.59906542056074774 1531.5000000000002 539.25510044946566 0.67261904761904778 0.029631255487269536 0.90521114106019784 81854.000000000015 1.0000000180025095e-35 12.146428571428574 71015.500000000015 0.79772727272727284 1.0000000180025095e-35 0.079455266955266959 3.8002471256992725 1.5000000000000002 3.5000000000000004
decision_type=2 2 2 8 2 2 2 2 2 2 8 8 8 8 2 10 8 2 2 2 2 2 8 2 2 10 2 2 2 2
left_child=1 2 9 5 -5 -4 8 -6 -7 10 -1 15 19 14 -14 20 -15 18 -18 23 21 22 -11 -13 -2 -24 29 -23 -19 -27
right_child=24 -3 3 4 7 6 -8 -9 -10 11 -12 12 13 16 -16 -17 17 28 -20 -21 -22 27 25 -25 -26 26 -28 -29 -30 -31
leaf_value=-0.016554723773228364 -0.004661733993776054 -0.017992261944472343 0.0062519391079942357 -0.0052841419797726163 0.021612664558505711 -0.021792680097314044 0.0057931186056024726 -0.0021369539455056868 0.0022547090773022134 0.0016355562540063158 0.0099365272409427385 0.023735536659691379 0.021579031699941426 0.0087607294200589235 -0.0057706205277919349 -0.011742214326906347 -0.011105827000970209 -0.021563692939345801 0.011038204900309843 -0.0077781686367040812 -0.0074350805336338812 -0.01309472907476987 -0.0011940026683208266 -0.0068811304711484519 0.018787393881947598 0.026680385212475604 0.0045686864267866041 0.009613914394202866 0.00550429736373794 -0.0019750752731701937
leaf_weight=7.7403727361233878 3.2630294527625656 8.6544931338867155 7.1206023152917615 22.865855621406808 9.0882800832623598 24.133953784708869 3.9522516251308835 6.5193128278478971 4.1611986404750487 17.570120706921443 2.2264855253743017 9.3130237598670629 6.6546864979900402 6.2259389637038103 4.8907296659890562 3.6972215160494661 12.50481511175167 18.706916108145382 8.9483529075514507 2.3515504393726578 5.5110896041151127 4.7639411231502882 4.9293013908900312 1.1321577269118268 12.269998221658168 25.640656200703237 10.042614759295246 3.0445989144500345 1.4282189412042487 2.1480860395822665
leaf_count=523 129 590 358 516 207 1315 157 170 139 501 60 271 109 211 81 746 331 853 235 46 160 217 177 57 291 558 252 100 42 50
internal_value=0.000864526 -0.000221313 0.000784661 -0.00427311 0.00305064 -0.0109676 -0.0150988 0.0135809 -0.0184487 0.00330833 -0.00929435 0.00442209 0.000218409 -0.00347264 0.0117508 0.00809227 -0.007913 -0.0110815 -0.00152876 0.0135053 0.00977113 0.0115759 0.0137327 0.0192637 0.0139258 0.0180118 0.0203615 -0.00394394 -0.0189307 0.0245019
internal_weight=261.5 245.967 237.312 77.8415 38.4734 39.368 32.2474 15.6076 28.2952 159.471 9.96686 149.504 72.1564 59.3597 11.5454 77.3476 47.8142 41.5883 21.4532 12.7967 73.6504 68.1393 60.3308 10.4452 15.533 42.7607 37.8314 7.80854 20.1351 27.7887
internal_count=9452 9032 8442 2862 893 1969 1611 377 1454 5580 583 4997 2236 1862 190 2761 1672 1461 566 374 2015 1855 1538 328 420 1037 860 317 895 608
is_linear=0
shrinkage=0.035


Tree=211
num_leaves=31
num_cat=0
split_feature=88 30 43 56 29 120 76 61 97 113 65 116 68 16 130 54 29 1 44 126 61 143 26 93 45 71 11 49 71 93
split_gain=2.2347 1.98596 2.48832 2.29784 2.44338 1.99523 1.97691 2.78138 3.06783 2.64271 2.2338 2.12041 1.85408 2.14625 2.635 3.24035 3.25612 3.52449 2.02097 2.18901 2.84239 1.87709 1.845 1.83095 1.81007 1.60791 1.91066 1.52116 1.50904 1.48653
threshold=1079.5000000000002 1.0000000180025095e-35 0.40138888888888896 0.20864427860696519 38.500000000000007 0.048583792289535806 0.37553380809940551 0.96407056798623081 4.7899556145470372 0.13487525987525992 3.1846590909090913 0.16807909604519775 10.500000000000002 12.500000000000002 9.5000000000000018 0.17752100840336138 2.5000000000000004 12.500000000000002 0.46634304207119748 1.0000000180025095e-35 0.90731195112638419 0.16417419386169391 20.500000000000004 81016.000000000015 0.1412189953882588 3.5370637780952836 9.5000000000000018 0.14835164835164838 3.9785339017866552 37250.000000000007
decision_type=10 2 2 8 2 2 8 2 2 2 10 2 10 2 2 8 2 2 2 2 2 10 2 2 2 8 2 2 8 2
left_child=1 3 5 4 29 -3 7 11 -9 12 -10 -5 13 14 15 24 17 -17 21 20 -20 27 -14 -19 -8 26 -15 -18 -4 -1
right_child=-2 2 28 6 -6 -7 9 8 10 -11 -12 -13 22 25 -16 16 18 23 19 -21 -22 -23 -24 -25 -26 -27 -28 -29 -30 -31
leaf_value=-0.00099045923082283845 0.015832175954735225 -0.015350060556931239 0.011736981865010076 0.0047314724475518745 -0.0083936566475756192 0.0070996223434645882 0.020269871066420034 -0.0089226841274002312 0.019253360141933518 -0.011183893161721494 -0.0059967622192047144 -0.020022263859483743 0.019890686084647523 -0.008088440464849694 0.023010468434998169 -0.0044713390945290941 -0.019559513219667576 0.017865088412317962 0.011836159930194053 0.014928956907700873 -0.01732803191236032 0.0070730482448058745 -0.0041874423785158597 -0.003508443573874912 -0.0045977609209147396 -0.01149254911149568 0.013368600985553895 0.0063593950345033779 -0.0075047389018273519 0.016276321911032631
leaf_weight=6.9620401428546748 8.0455768350511772 21.117965033510703 8.4392130506457725 3.3857375350780812 4.4050296563655129 2.8710170766571528 11.395233726711011 11.793134240549991 8.3953236504457873 10.915681489859706 3.4990675837034351 13.145681506721301 9.9021916523342934 5.1814034199342149 3.9185293837217605 20.586672357167117 17.131309870397683 18.26904679636937 2.3389979869825748 4.3060780370142311 5.5523787515703589 1.8334147881250817 3.2423826723825178 4.3818703187862402 2.5422523473389438 16.156820441130549 5.6355441694613546 0.80044767051003773 3.7353117145830774 25.267765037366189
leaf_count=118 67 949 201 142 93 130 152 597 220 528 64 514 218 314 305 779 876 563 55 158 199 48 90 132 85 970 212 17 154 452
internal_value=0.00168841 0.000952236 -0.00614261 0.00222374 0.00965195 -0.0119021 0.000531312 -0.00589449 0.00199035 0.00246243 0.0122489 -0.0150311 0.00394518 0.00226525 0.00475787 0.00277593 -0.000453022 0.00556373 -0.00824383 0.00249709 -0.00744578 -0.0140382 0.0144341 0.0138436 0.0157176 -0.0057333 0.00378269 -0.0172682 0.00536723 0.0129144
internal_weight=265.153 257.108 36.1635 220.944 36.6348 23.989 184.309 40.2189 23.6875 144.09 11.8944 16.5314 133.175 120.03 93.0562 89.1377 75.2002 43.2376 31.9626 12.1975 7.89138 19.7652 13.1446 22.6509 13.9375 26.9738 10.8169 17.9318 12.1745 32.2298
internal_count=9402 9335 1434 7901 663 1079 7238 1537 881 5701 284 656 5173 4865 3369 3064 2827 1474 1353 412 254 941 308 695 237 1496 526 893 355 570
is_linear=0
shrinkage=0.035


Tree=212
num_leaves=31
num_cat=0
split_feature=115 118 117 112 10 60 80 92 97 6 27 118 118 109 110 96 117 71 29 65 99 35 59 116 109 0 88 145 29 109
split_gain=2.07411 3.26833 4.57043 3.55191 2.84978 2.83568 2.40114 2.54492 2.38653 2.27654 2.44398 3.40713 5.40111 3.66297 3.01215 3.48623 3.95153 3.05801 2.95495 2.89279 2.74029 2.80884 2.25117 2.22808 1.98945 1.9861 1.97341 1.96096 1.94905 1.94314
threshold=0.20710681244743484 0.89512961508248245 0.66018867924528313 0.15192307692307697 2.5000000000000004 0.84409722222222239 604.62500000000011 67753.500000000015 4.7649070843823074 1.5000000000000002 1.5000000000000002 0.61721611721611735 0.90180006428801041 6151.5000000000009 95.250000000000014 1.462912087912088 0.76116872756282417 2.2204832299813675 2.5000000000000004 2.5100000000000002 0.56594202898550738 3.5000000000000004 0.48742928975487121 0.37567204301075274 2998.5000000000005 29.228437500000002 1079.5000000000002 0.20206636595036528 6.5000000000000009 8780.5000000000018
decision_type=2 2 2 2 2 2 10 2 2 2 2 2 2 10 10 2 2 10 2 10 2 2 2 2 8 2 10 8 2 10
left_child=6 2 27 5 8 -4 9 26 -3 10 14 -12 13 -13 15 17 -17 18 25 28 -19 -22 -23 -14 -9 -1 -8 -2 -18 -24
right_child=1 4 3 -5 -6 -7 7 24 -10 -11 11 12 23 -15 -16 16 19 20 -20 -21 21 22 29 -25 -26 -27 -28 -29 -30 -31
leaf_value=-0.006783999033514336 0.0090719058757919527 -0.010605445996607267 -0.0053438994793364881 -0.0074022642489466406 -0.013405576043717777 0.028141671024092936 -0.020111255975376937 -0.010246309994869446 0.0090075074186190505 -0.013305712566487986 0.021376048672996494 0.0053360686000009181 -0.0010836125311488901 -0.017952468416478209 -0.011930071522999675 -0.01774084927182986 0.020092071309849663 -0.0074654405418398927 -0.016334405894264815 -0.0072597302652538474 -0.0080959693947307704 -0.00613996525065109 0.029294130431945953 0.01957051561924128 0.013803488590014653 0.015381140265695844 0.0069721138994931365 -0.013740639787577837 -0.0042128087821572627 -0.0049512343469436202
leaf_weight=4.5586200002580899 3.473399490816516 5.4626940441085052 1.9073090085294158 2.6905244383960953 10.064327678177504 19.429610296967439 14.33465350914048 2.7041819887235752 26.422604113467969 7.7769763701362526 11.015570029150693 11.674281936371701 8.6627642449457216 13.594814928947015 20.21971505950205 13.224003420211373 7.8676841766573506 2.5879397697281119 5.4990363207180044 12.209452941548077 1.4382428128737981 1.0116661214269722 15.653982473770157 15.037261695601044 4.9733954074326903 7.3036604556255043 1.4013038501143462 6.1245892284205192 3.7332604574039578 0.79598751128651279
leaf_count=135 167 259 52 74 361 370 1856 242 452 156 161 262 230 360 1029 515 109 104 277 188 82 67 583 165 350 289 11 453 56 47
internal_value=0.00135645 0.0060539 0.0134021 0.0204514 -0.000636175 0.0247021 -0.000647309 -0.0100475 0.00466521 0.000953554 0.00205496 0.00730689 0.00245486 -0.00808903 -0.00142238 0.00194187 -0.00538841 0.00874735 -0.00210618 0.00336028 0.0162588 0.0203896 0.0240157 0.0131475 0.00463245 0.00737733 -0.0165998 -0.00520545 0.0133575 0.0268692
internal_weight=262.854 75.5751 33.6254 24.0274 41.9496 21.3369 187.278 23.4135 31.8853 163.865 156.088 59.9847 48.9691 25.2691 96.1033 75.8835 37.0344 38.8491 17.3613 23.8104 21.4878 18.8999 17.4616 23.7 7.67758 11.8623 15.736 9.59799 11.6009 16.45
internal_count=9462 2188 1116 496 1072 422 7274 2459 711 4815 4659 1178 1017 622 3481 2452 868 1584 701 353 883 779 697 395 592 424 1867 620 165 630
is_linear=0
shrinkage=0.035


Tree=213
num_leaves=31
num_cat=0
split_feature=11 105 118 98 75 101 83 117 93 93 114 110 61 57 55 25 65 75 80 109 94 38 93 61 50 63 0 2 11 119
split_gain=2.25176 2.93611 2.27184 2.82733 2.55212 3.14277 2.6128 2.89506 2.42779 2.40007 2.5397 2.71029 2.33415 2.52037 2.74067 2.25835 2.32239 2.74289 2.4806 2.21033 2.21616 2.09023 1.83455 1.74978 2.76468 1.7133 1.70032 1.61739 1.58096 1.57055
threshold=2.5000000000000004 1.0000000180025095e-35 0.61721611721611735 1.4472222222222224 1.8768939393939397 0.18350168350168353 983.00000000000011 0.66018867924528313 83904.500000000015 84482.000000000015 0.21103238866396765 120.25000000000001 0.91202270381836958 0.42462121212121218 0.67470930232558157 2.5000000000000004 3.9148550724637685 2.5931034482758624 987.03614457831338 8748.5000000000018 7187.7500000000009 15.500000000000002 77880.500000000015 0.90430402930402942 0.20416666666666669 0.64232409381663125 1.399484953703704 4.5000000000000009 14.500000000000002 1.1160584358682504
decision_type=2 2 2 2 10 2 8 2 2 2 2 10 2 10 10 2 8 10 10 10 2 2 2 2 2 2 2 2 2 10
left_child=1 -1 25 4 6 12 -4 8 -8 10 11 15 -6 14 -14 16 17 18 19 20 -5 26 -15 -22 -25 -2 -9 -18 -17 -12
right_child=2 -3 3 9 5 -7 7 21 -10 -11 29 -13 13 22 -16 28 27 -19 -20 -21 23 -23 -24 24 -26 -27 -28 -29 -30 -31
leaf_value=-0.012345333306197739 0.019436917045095668 0.0068457481053031928 -0.013902841350577091 -0.0065189978256225741 -0.014583050691710654 -0.014145004454357034 -0.012865099318760797 0.0010369812704430254 0.011983409394517135 -0.0090898177829113712 0.0081743448308379332 -0.007949489549643543 0.0076380186207913019 0.014987068469198152 -0.014132124996693991 -0.011323285630237372 -0.010322386432290848 -0.0053274365735650007 -0.0074229459424693155 -0.0052885508889708331 0.0039563589280399566 -0.0070644175063088715 -0.0050101232156344634 0.029407358827842709 -0.0064932308772520106 -0.0005380273627160543 0.019467204672248193 0.010343364069495193 0.0089643227185576269 -0.015107954601255956
leaf_weight=24.46382362418808 10.977356322575362 10.731623109313658 3.9573403275571755 1.0317793341819186 5.9557482067029914 27.880613986635581 9.9999082861468178 8.8900654052849877 2.568448949372395 7.2210586051223791 1.6411458880174894 5.914626116747967 8.3775174165493826 17.136072791181508 11.141388771822674 5.4212013005744648 5.3226221543736738 3.9286000285064793 1.5774852854665358 1.8323886210564513 6.3843575855717054 3.2925959376152596 4.780736399232409 31.541659311507829 1.0881066927686323 7.4499744834611183 20.112687156070024 3.4792294164653867 3.8068169879261404 5.0535714254947379
leaf_count=1648 310 562 33 41 213 1065 632 109 71 367 35 275 240 284 232 271 135 118 250 102 245 50 100 960 62 214 338 70 146 175
internal_value=0.00131564 -0.00637002 0.00261459 0.00142174 -0.00193785 -0.00583076 0.00404829 0.00686703 -0.0058218 0.00614881 0.00802163 0.0100039 -5.63161e-05 0.00337709 -0.00513622 0.0120764 0.0145361 0.0173383 0.0197257 0.021431 0.0231049 0.0119236 0.0105047 0.0245399 0.0275065 0.01297 0.0148011 -0.00136578 -0.00274494 -0.00834581
internal_weight=262.961 35.1954 227.765 209.338 124.093 75.2721 48.821 44.8637 12.5684 85.2446 78.0236 71.3289 47.3915 41.4357 19.5189 65.4142 56.1862 47.3844 43.4558 41.8783 40.0459 32.2953 21.9168 39.0141 32.6298 18.4273 29.0028 8.80185 9.22802 6.69472
internal_count=9353 2210 7143 6619 3367 2134 1233 1200 703 3252 2885 2675 1069 856 472 2400 1983 1778 1660 1410 1308 497 384 1267 1022 524 447 205 417 210
is_linear=0
shrinkage=0.035


Tree=214
num_leaves=31
num_cat=0
split_feature=118 2 116 11 59 45 54 60 143 41 104 24 23 97 56 44 114 122 92 42 30 16 15 60 107 1 110 114 48 91
split_gain=2.42409 3.41789 2.63543 3.05638 4.58451 3.15817 2.24386 4.34833 4.12387 3.7409 2.89463 2.24218 2.24106 2.83387 2.5625 2.20236 2.17123 2.10466 2.01319 1.89587 1.97886 1.89997 1.89542 1.87326 2.66414 1.78523 1.76267 1.64229 1.6137 1.74628
threshold=0.89512961508248245 4.5000000000000009 0.88501602564102566 6.5000000000000009 0.74095860566448812 0.24795081967213117 0.15894736842105264 0.91977011494252892 0.12002331002331006 16.500000000000004 0.22305140961857381 9.5000000000000018 1.5000000000000002 4.6219027594541631 0.2991228070175439 0.28509852216748771 0.21182983682983686 1.5000000000000002 79149.500000000015 4.5000000000000009 1.0000000180025095e-35 3.5000000000000004 4.5000000000000009 0.93039405684754539 1508.0245399717408 17.500000000000004 55.750000000000007 0.10933997509339975 0.02409988385598142 10659.100456647051
decision_type=2 2 2 2 2 2 8 2 8 10 2 2 2 2 10 2 2 2 2 10 2 2 2 2 8 2 10 2 2 8
left_child=6 2 3 5 17 -2 9 8 11 16 15 -8 13 -3 -15 -9 28 -5 19 20 21 -17 -14 -12 -25 -19 -10 -6 29 -1
right_child=1 12 -4 4 27 -7 7 10 26 -11 23 -13 22 14 -16 18 -18 25 -20 -21 -22 -23 -24 24 -26 -27 -28 -29 -30 -31
leaf_value=0.010545343416809468 -0.022143419841179252 -0.0072352302465113934 0.0054407209980752574 0.0064548777655769078 0.021782954122077581 0.0041155946651355727 -0.016816414597585816 -0.0026028526458826452 0.020197473802843136 -0.0099299363880270362 0.012561700050851016 0.0089054891125892131 -0.01010307858415059 -0.0015519586128610783 0.024556080025869328 -4.2532515282887701e-05 -0.0097711045397006133 -0.017707828937867161 -0.0060853846537022175 -0.00046980892195608764 -0.0046260942883313144 0.029044877982286114 0.011787065433415735 0.0082474874147446739 -0.01251768926430843 0.0020882328652345951 -0.0045852686578793421 -0.0049990152394841694 0.023407440571602052 -0.0094378355757054142
leaf_weight=20.522567494190302 25.173405549605381 4.9151985010830712 12.498904023552312 5.4346521366387632 5.4713953419122836 5.1686934756580731 28.193914951698392 9.3016728053335083 3.0453789319144553 6.8547568096546447 3.1382015211274874 1.6091827531345178 12.642514499370007 5.766971790231767 10.385862926370462 3.1716488404199614 1.4069804768078018 17.632894416106868 2.3871099848765871 5.2263817247003308 1.5289666398894031 15.039787043584509 2.0546692650532341 7.0088072326034334 18.833846963243559 6.1167987110093227 3.58660677599255 1.6709847986930979 13.382689949823542 2.6364678794052443
leaf_count=674 1113 240 256 135 107 298 1473 430 69 366 76 54 421 75 219 100 45 346 81 146 69 417 67 238 983 115 189 60 426 154
internal_value=-5.24658e-05 -0.00377101 -0.00768164 -0.0103497 -0.00279386 -0.0177209 0.00288573 -8.1943e-05 -0.00907975 0.00897616 0.00520194 -0.0143477 0.00476578 0.0111005 0.0170713 0.0111514 0.0131497 -0.00907464 0.015508 0.0182435 0.0222916 0.0250612 -0.00482759 -0.00285668 -0.0064619 -0.0131328 0.010585 0.0160388 0.015102 0.00699855
internal_weight=261.808 114.933 79.1677 66.6688 36.3267 30.3421 146.875 102.072 36.4351 44.8035 65.6364 29.8031 35.7652 21.068 16.1528 36.6556 37.9487 29.1843 27.3539 24.9668 19.7404 18.2114 14.6972 28.9809 25.8427 23.7497 6.63199 7.14238 36.5417 23.159
internal_count=9442 3452 2430 2174 763 1411 5990 4325 1785 1665 2540 1527 1022 534 294 1243 1299 596 813 732 586 517 488 1297 1221 461 258 167 1254 828
is_linear=0
shrinkage=0.035


Tree=215
num_leaves=31
num_cat=0
split_feature=84 38 88 41 9 11 119 117 98 98 116 95 4 25 87 114 119 50 73 117 119 41 1 57 41 61 55 57 91 57
split_gain=2.06803 2.10866 2.60014 2.44894 2.06483 1.88643 3.09046 3.14089 2.58893 2.69153 2.43547 2.04758 2.00222 3.86746 2.36202 2.34429 2.28357 1.94811 2.02453 3.4337 2.44286 2.46976 1.93403 1.92451 1.90283 1.87426 1.95208 1.75333 1.74774 1.71978
threshold=1165.2500000000002 23.500000000000004 1052.5000000000002 9.5000000000000018 3.5000000000000004 9.5000000000000018 1.9496701057283898 0.70320320320320329 1.2029411764705884 1.8268365817091456 0.22361111111111112 10775.500000000002 5.5000000000000009 1.5000000000000002 351.50000000000006 0.018693221523410204 2.510465975790916 0.073879142300194947 17.500000000000004 0.78817016317016331 0.8704386226815618 6.5000000000000009 3.5000000000000004 0.59629629629629644 14.500000000000002 0.9768778401496927 0.73993558776167478 0.4555335968379447 4138.7172336561007 0.27888888888888896
decision_type=10 2 10 8 2 2 10 2 2 2 2 2 2 2 8 2 10 2 8 2 10 8 2 10 10 2 8 10 10 10
left_child=1 2 5 4 -4 6 17 10 11 27 23 -9 14 -14 -7 -16 24 18 20 22 21 -1 -20 -8 -15 26 -18 -10 -22 -17
right_child=-2 -3 3 -5 -6 12 7 8 9 -11 -12 -13 13 16 15 29 25 -19 19 -21 28 -23 -24 -25 -26 -27 -28 -29 -30 -31
leaf_value=0.012267369801093343 -0.014519507389139621 -0.012178498570225944 -0.0049837806214340554 -0.0047626904896351284 0.027702106984991929 -0.0062057305319339687 -0.0083510968877389194 -0.013981189195122446 0.019380729718824236 -0.0083697583045399312 -0.018097907252376866 0.0055764250290608885 -0.011770579607031538 0.025707319021914879 -0.0034878323402974089 -0.00063751838994107737 -0.013678744642837885 -0.004514004593219747 -0.0041584475690949569 -0.0055042760974439832 -0.015024868684128508 -0.011843070098198195 0.020699655606782569 0.012496112663538511 -0.0039695897846189886 0.012386133298165443 0.006887712662212526 -0.00097323210954728973 0.0039161620720617263 0.028115311625527394
leaf_weight=18.76669179007877 5.217996099498122 8.153581877355462 1.2690147075336389 3.5447502981405714 7.0438121712068096 3.3758602851303321 8.1185746006667596 13.246398289687933 12.174272839678457 5.8788009902928016 23.621520127286203 6.8316128009464583 13.173015549546106 6.0573508990928557 3.4749614298343685 2.7808325588703147 8.6685594462323934 23.340938761364669 2.7272376791806918 7.8890690286643794 9.9499752725241724 2.4001015670364714 22.078557918313891 4.2520993086509398 1.9121256963117046 5.6854872710537157 5.6300378045998523 6.7689216126454985 7.1357864537276319 10.726646729744969
leaf_count=490 708 260 77 264 374 80 557 204 194 135 1285 90 394 119 57 73 287 1172 101 151 538 140 727 140 81 111 82 81 301 150
internal_value=0.000958925 0.00154501 0.00222656 0.0155242 0.0227146 0.0012529 -0.000634849 -0.00548029 0.000825949 0.00772393 -0.0124884 -0.0075416 0.00627467 0.00133349 0.0140254 0.0185439 0.00835771 0.0035888 0.00637622 0.0121353 0.00062006 0.00779289 0.0177275 0.000348909 0.0198016 0.000744465 -0.00589432 0.0134233 -0.00801855 0.0236228
internal_weight=261.895 256.677 248.523 11.8576 8.31283 236.665 175.181 80.8922 44.9 24.822 35.9922 20.078 61.4849 41.1266 20.3583 16.9824 27.9536 94.2884 70.9474 32.6949 38.2526 21.1668 24.8058 12.3707 7.96948 19.9841 14.2986 18.9432 17.0858 13.5075
internal_count=9423 8715 8455 715 451 7740 6306 2686 704 410 1982 294 1434 1074 360 280 680 3620 2448 979 1469 630 828 697 200 480 369 275 839 223
is_linear=0
shrinkage=0.035


Tree=216
num_leaves=31
num_cat=0
split_feature=96 116 54 56 109 107 95 101 61 85 110 56 43 83 70 66 43 145 145 50 76 95 82 47 110 65 145 117 56 117
split_gain=2.3356 4.36964 2.6416 3.51425 2.88783 2.75697 2.29188 2.15797 2.8088 2.11685 2.04063 2.82422 2.66351 3.11347 3.01718 2.38033 3.09431 2.22277 2.05361 1.89875 2.60665 3.09618 2.05857 1.91429 1.98831 2.15355 1.89362 1.88317 1.80068 1.78744
threshold=1.4387500000000002 0.4058277027027028 0.34848484848484856 0.59838709677419366 2640.0000000000005 101.30904968940567 31436.000000000004 0.96666666666666679 0.86319073083778985 336.91666666666669 61.250000000000007 0.66811594202898561 0.3983534505379166 1531.5000000000002 12.953463203463206 2.7878703752953586 0.40508365508365513 0.48769535840917738 0.46956617597579814 0.072949002217294903 0.92332881193831173 852.50000000000011 188.50000000000003 0.11952380952380953 32.250000000000007 2.1035714285714291 0.066409882116637786 0.11324786324786326 0.6198686371100165 0.44529914529914533
decision_type=2 2 8 10 10 8 2 2 2 10 10 10 2 8 10 10 2 10 10 2 8 2 10 2 10 10 8 2 10 2
left_child=2 7 10 -4 5 -5 19 8 -2 -7 11 15 13 -12 -14 16 18 27 26 20 23 -22 -21 24 -3 -26 -1 -15 -6 -10
right_child=1 6 3 4 28 9 -8 -9 29 -11 12 -13 14 17 -16 -17 -18 -19 -20 22 21 -23 -24 -25 25 -27 -28 -29 -30 -31
leaf_value=-0.0030218071145939724 0.0081292728159856539 -0.0055388438552225984 -0.012634678430186085 -0.005515560073106082 0.010651938095470936 0.026452717081816981 0.014865036412942319 0.0081104797314815406 0.0054376800142631109 -0.0049769391551869255 0.016640880386436924 -0.0065797048715975073 -0.0061557160075410228 0.0045629068764861625 0.023573807069793604 -0.0038360375282081665 -0.0055276865139652666 0.011777078369581534 -0.0044709798597276458 -0.011586233796979388 -0.0028002870383434376 0.02197636874266462 0.010196754718557305 0.012598583324096604 -0.0096791202715110717 0.015725756188072357 0.030868768314543316 -0.013961432905524615 -0.016743687702630846 -0.022560628551390585
leaf_weight=1.2901830031769517 2.3506195860682118 57.311737902928144 16.078760773467366 4.2648811816470706 0.35522249527275462 8.2127262012800184 9.0972290419740585 2.13316599454265 1.2281494203489298 1.533674115547911 4.1188394402852273 3.8820902084698892 3.6750500538619217 6.3001418885542142 7.766355698578991 3.4976381458109236 2.6260655284859231 2.7926431273808694 1.1872157555771981 21.519060931866992 8.7335887725930679 10.141911315498872 2.5527375959791234 6.19329244212713 2.0784626337699574 7.6803487273864448 18.323988404357806 21.352007006295025 4.2845787036931142 19.43092527135741
leaf_count=31 77 906 929 231 30 319 295 124 69 134 85 250 214 122 258 87 112 144 55 689 270 186 90 105 128 192 495 1610 411 789
internal_value=0.00156068 -0.00128209 0.0052856 -0.00248791 0.00708125 0.0139861 0.00153788 -0.0132602 -0.0163356 0.0214964 0.00873756 0.0150841 0.00342555 -0.00184084 0.0150565 0.0187489 0.0222024 -0.00633593 0.026096 -7.55456e-05 0.00227596 0.0123267 -0.00791979 -0.000935561 -0.00297265 0.00886892 0.0284785 -0.0096885 -0.0102092 -0.0201609
internal_weight=261.993 150.451 111.542 34.7298 18.6511 14.0113 125.308 25.1429 23.0097 9.7464 76.8122 30.8072 46.005 34.5636 11.4414 26.9251 23.4275 30.4448 20.8014 116.211 92.1393 18.8755 24.0718 73.2638 67.0705 9.75881 19.6142 27.6521 4.6398 20.6591
internal_count=9437 3920 5517 2054 1125 684 2861 1059 935 453 3463 1030 2433 1961 472 780 693 1876 581 2566 1787 456 779 1331 1226 320 526 1732 441 858
is_linear=0
shrinkage=0.035


Tree=217
num_leaves=31
num_cat=0
split_feature=82 82 99 41 54 81 101 76 97 49 49 56 55 101 143 98 96 59 76 54 109 0 59 119 95 42 117 70 61 107
split_gain=1.88031 3.00512 2.43562 2.4008 1.90999 2.33181 2.02285 2.82466 4.16366 2.75748 2.68049 2.5593 2.23657 2.18464 1.95601 1.89741 1.93198 2.10908 1.94168 1.88804 1.86589 2.18307 3.72576 2.45946 2.35474 3.93577 3.0901 2.35231 2.33597 2.26257
threshold=8.5000000000000018 125.50000000000001 0.59687500000000016 9.5000000000000018 0.17752100840336138 254.34767271043299 0.54692082111436957 0.40458561829460077 6.0068863739008629 0.01709526592635886 0.038218111002921142 0.16115363586659379 0.88516483516483524 0.029437229437229439 0.080015540015540038 1.948684210526316 3.2583333333333337 0.7421017625540407 0.43788316287555895 0.12861869313482219 7775.5000000000009 0.89696759259259273 0.71887913223140509 0.37282449471082063 8286.0000000000018 1.5000000000000002 0.39339826839826847 12.511904761904765 0.95932156646442368 1837.7640941860936
decision_type=8 8 2 8 8 8 2 8 2 2 2 10 10 2 8 2 2 2 10 8 8 2 2 8 2 8 2 8 2 10
left_child=2 -2 -1 -4 6 -6 7 12 9 11 -8 -9 -3 -10 -13 16 17 18 -15 -14 21 28 24 -24 25 -23 -26 -25 -7 -30
right_child=1 4 3 -5 5 20 10 8 13 -11 -12 14 19 15 -16 -17 -18 -19 -20 -21 -22 22 23 27 26 -27 -28 -29 29 -31
leaf_value=-0.0064462396882699101 -0.014996371935686552 -0.011704231011724818 0.027566579062953896 -0.0065162408045988237 0.011358385386310234 -0.0073362063198897497 -0.016024447379700293 -0.0063605101614766209 0.015309111531994884 -0.0016574256592196603 0.011143080226297978 0.026624230154839529 0.017079504283924834 0.0061380495625641797 -0.0017569831637983576 0.012819815623440036 0.010525006151292701 0.0066742261668985298 -0.018966111311353041 -0.0059764532706019858 -0.010802463307752821 0.0080139162605130185 0.0099356895773459516 -0.00037549580260216029 -0.0086224828869830104 -0.012256351149436441 0.018982627730727772 -0.019773464137029299 0.019075590861002262 -0.0066956131722714606
leaf_weight=3.1496389403473568 10.421611014986409 12.620273586944679 5.2056586259277537 1.2154625994153319 10.448149866424499 5.3462818639818588 7.5887158110272122 1.7719096168875719 3.8707082902546999 7.0154075248865402 2.6260289453202859 23.876506261993203 4.2931872506160262 2.1005599983036651 2.6532038495643055 2.0461074819322667 2.0703944470733395 3.7623248796444377 16.270526703679934 4.590770573588089 24.632679718662985 18.507020283490419 2.436782168573699 11.045932560693471 3.6336282352567641 18.683532397029921 12.098821781226432 21.506421796395443 12.771088388748465 2.6904584288131455
leaf_count=71 1496 297 152 69 150 133 369 27 41 230 62 565 62 24 92 39 75 78 294 64 1087 926 55 403 206 791 331 954 231 69
internal_value=0.000699289 -9.06236e-06 0.0129231 0.0210867 0.000930831 -0.00161997 0.00460076 0.00638172 0.00981826 0.0171734 -0.00767346 0.0213892 -0.00395512 -2.29336e-05 0.0239573 -0.00437147 -0.00777083 -0.0111064 -0.0153966 0.0073037 -0.00301056 -0.000847814 -0.00331509 -0.0114096 0.00255938 -0.00241501 0.012065 -0.0141176 0.00819903 0.0140508
internal_weight=260.95 251.379 9.57076 6.42112 240.957 143.801 97.1566 86.9419 65.4376 35.317 10.2147 28.3016 21.5042 30.1206 26.5297 26.2499 24.2038 22.1334 18.3711 8.88396 133.353 108.72 87.9121 34.9891 52.923 37.1906 15.7325 32.5524 20.8078 15.4615
internal_count=9443 9151 292 221 7655 5336 2319 1888 1465 914 431 684 423 551 657 510 471 396 318 126 5186 4099 3666 1412 2254 1717 537 1357 433 300
is_linear=0
shrinkage=0.035


Tree=218
num_leaves=31
num_cat=0
split_feature=87 94 49 49 100 87 116 50 113 145 115 114 4 94 54 110 10 30 46 98 71 118 63 109 65 98 40 109 70 93
split_gain=1.89856 2.08732 1.97695 2.80972 3.39656 2.02634 3.93729 2.25231 2.32491 1.93141 2.08304 3.77252 2.91794 4.30593 2.99479 2.99105 2.73032 2.02531 2.65689 2.96824 1.85971 1.79414 1.79029 1.75175 1.69493 1.67627 1.96201 2.32347 1.86958 1.65245
threshold=1.5000000000000002 27420.750000000004 0.059411764705882358 0.030457637600494747 0.28801843317972359 118.50000000000001 0.66397849462365599 0.20416666666666669 0.11647286821705428 0.46044219482443399 0.20710681244743484 0.083920187793427234 4.5000000000000009 82966.500000000015 0.17519181585677754 1098.5000000000002 2.5000000000000004 1.0000000180025095e-35 0.14194139194139196 0.94590643274853814 2.4400754390338752 0.81530214424951275 0.44562647754137119 4233.0000000000009 1.0454545454545456 1.693979933110368 25.500000000000004 8054.5000000000009 14.492424242424244 81146.000000000015
decision_type=8 2 2 2 2 8 2 2 2 10 2 2 2 2 10 10 2 2 2 2 10 2 2 10 8 2 2 10 10 2
left_child=1 -1 3 5 -5 6 -2 8 9 10 11 12 13 15 25 17 23 18 19 -7 -13 -4 -16 -12 -24 26 27 -14 -27 -10
right_child=2 -3 21 4 -6 7 -8 -9 29 -11 16 20 14 -15 22 -17 -18 -19 -20 -21 -22 -23 24 -25 -26 28 -28 -29 -30 -31
leaf_value=-0.0059167800330309521 -0.018709204298702983 0.020182696891992133 -0.0048841455869999915 -0.022542301715072207 0.0066378907620764276 0.00029399795079313102 0.013032563108474013 -0.012883871954965213 -0.013807270027686584 -0.0075938944227294664 0.0040277134853214233 0.0036761036050235972 -0.014249872912772158 -0.013354985680974613 0.0073874692491993424 -0.010764472235534313 -0.0025257145074807233 -0.0020899204765134393 -0.0034386057432184702 0.022790903504669321 -0.01758400630019627 0.016486462763127669 0.0056904262925665059 0.022952847439770139 -0.018879706438495764 -0.0020911473119807253 0.011271069301620281 0.0069219436712009107 0.024991697403056099 0.0057730727690013667
leaf_weight=2.7325980849564058 10.555090850335544 7.3815211080946028 4.1255744703812516 8.7987813756335509 4.7266846030252045 8.8378375235479307 2.8133610908407709 7.1680189948528996 11.91218528407626 12.246075796894727 11.99837926705368 5.2617819503648198 10.82695830753074 5.1097061838954678 2.1783164610387784 2.9698071044404051 10.981714692898093 7.2621987221064037 5.8943714423803604 36.728207614971325 10.575648885220287 11.625911865150554 1.8276954693719716 15.737048165290615 13.60968869260978 3.8928906309884033 6.6612549868877968 6.6963260665070257 3.2102051617112011 4.3718309875112018
leaf_count=36 1694 136 145 345 137 280 131 501 524 414 262 176 274 171 66 197 305 231 203 1046 386 270 62 264 523 176 83 187 73 146
internal_value=0.0014559 0.0135066 0.000709003 -0.000209064 -0.0133056 0.000877138 -0.0103 0.00182956 0.00266319 0.00385128 0.00486764 0.00255619 0.00484807 0.00934788 -0.00159561 0.0120885 0.0115303 0.0139982 0.0162526 0.018888 -0.0113334 0.011061 -0.0114727 0.0166315 -0.0152903 0.00477999 -0.000450102 -0.00641873 0.0154168 -0.00842918
internal_weight=258.718 10.1141 248.604 232.852 13.5255 219.327 13.3685 205.958 198.79 182.506 170.26 131.543 115.705 66.8021 48.9033 61.6924 38.7171 58.7226 51.4604 45.566 15.8374 15.7515 17.6157 27.7354 15.4374 31.2876 24.1845 17.5233 7.1031 16.284
internal_count=9444 172 9272 8857 482 8375 1825 6550 6049 5379 4965 4134 3572 2128 1444 1957 831 1760 1529 1326 562 415 651 526 585 793 544 461 249 670
is_linear=0
shrinkage=0.035


Tree=219
num_leaves=31
num_cat=0
split_feature=84 96 97 86 99 0 54 123 66 46 73 44 46 65 91 35 71 101 98 34 95 28 66 119 55 75 110 42 101 32
split_gain=1.98261 1.90986 2.97504 2.76678 3.3788 1.7814 2.0226 2.89837 2.34228 2.80385 2.43631 2.5532 2.34204 2.32187 2.31159 2.1242 2.09458 2.2107 2.26607 2.18791 2.54605 2.23091 2.02201 2.01769 1.89979 1.71955 1.87845 1.71373 1.70114 1.63769
threshold=1178.5000000000002 3.3229166666666674 14.373687214145104 303.99371850685986 0.42640692640692646 181.83012731481486 0.16954022988505749 1.0000000180025095e-35 2.0621038828329086 0.10501253132832082 19.500000000000004 0.36140661938534285 0.19523809523809527 3.0178571428571432 54.248791158578477 5.5000000000000009 2.2912863747816616 0.54692082111436957 1.0571895424836604 4.5000000000000009 38987.500000000007 10.500000000000002 1.9500635676244293 2.2816092112595929 0.95916666666666683 2.5505050505050506 668.00000000000011 1.5000000000000002 0.7947368421052633 26.500000000000004
decision_type=10 2 2 8 2 2 8 2 10 2 8 2 2 8 8 2 8 2 2 2 2 2 10 10 10 10 10 10 2 2
left_child=1 2 3 4 -1 6 16 8 9 10 11 14 -11 -14 -8 -13 24 18 -18 20 21 29 -9 -24 -5 26 -12 -6 -19 -20
right_child=-2 -3 -4 5 27 -7 7 22 -10 12 25 15 13 -15 -16 -17 17 28 19 -21 -22 -23 23 -25 -26 -27 -28 -29 -30 -31
leaf_value=-0.0068336810425516474 -0.014617770105482139 0.014816016946259249 -0.015481805245147447 -0.012147353645046667 5.285531093490818e-05 -0.010625703499187291 0.011319143072059739 -0.014038376545562382 -0.0083525807984864506 -0.016269900822217565 0.022673652158182907 -0.0010105331609654422 0.014581289253612715 -0.011688065990081396 -0.013339577308560755 0.018799397403214086 -0.0042705021398200867 -0.015044794190039654 0.02277848164133979 -0.0049609798412754459 -0.0055504791928475189 -0.0071714923862651785 0.014173386064550448 -0.0082776183895466263 0.0084821696107958023 -0.0049426688335573767 -0.0062454580692909694 0.021343990573341669 0.007277296740236144 0.0002464312649875823
leaf_weight=6.9689620466670048 4.3613158874213687 8.1506315041333419 7.6720140124671152 9.8121068472973985 5.9105293628526878 11.627489102771504 2.132746366085482 24.612258402397856 16.51305238250643 7.9516460257582349 16.413050969946205 12.139067265845371 5.5928131859982386 2.182603572960943 12.231347293010913 8.4404402859508973 8.1960032464703527 4.4323875571135423 31.602113902568817 4.7665807940065852 3.9053374421782783 1.5376258012838651 4.3246315885335189 5.6347145978361368 4.3353451190050682 1.9667677796678606 1.0219470381271083 16.817728334921412 3.4685672655468807 4.5532230362296096
leaf_count=150 663 195 125 250 321 496 81 1157 426 335 488 472 159 82 687 234 139 249 795 157 176 71 138 144 54 78 51 782 136 115
internal_value=0.00125537 0.00180293 0.00108739 0.00192531 0.0110805 0.000398749 0.00129296 -0.0015202 0.00196311 0.00478847 0.00842017 0.0021588 -0.00676487 0.00551889 -0.00770097 0.00920083 0.0055625 0.00822237 0.010661 0.0134592 0.0158757 0.0184857 -0.00938998 0.0029501 -0.00526148 0.0169442 0.0199644 0.0168151 -0.0062228 0.0203156
internal_weight=259.275 254.914 246.763 239.091 29.6972 209.394 197.766 121.157 86.5855 70.0724 54.3454 34.9436 15.7271 7.77542 14.3641 20.5795 76.6093 62.4618 54.5609 46.3649 41.5983 37.693 34.5716 9.95935 14.1475 19.4018 17.435 22.7283 7.90095 36.1553
internal_count=9406 8743 8548 8423 1253 7170 6674 4532 3093 2667 2091 1474 576 241 768 706 2142 1838 1453 1314 1157 981 1439 282 304 617 539 1103 385 910
is_linear=0
shrinkage=0.035


end of trees

feature_importances:
gap_median=281
gap_le_60=211
cookie_age_days=169
search_page_mean=162
top_share_item_id=160
top_share_item_category=151
unique_item_location=150
top_share_item_location=150
items_per_view=146
gap_cv=126
pointer_x_std=122
events_per_active_minute=115
share_favorite_add=112
unique_item_category=103
events_per_span_hour=97
gap_le_30=96
second_of_day_max=95
gap_std=94
share_photo_swipe=93
gap_le_300=93
search_page_std=92
share_contact_phone_show=91
query_length_mean=91
pointer_y_max=91
pointer_y_min=89
pointer_x_max=88
share_seller_page_view=85
share_item_view=83
gap_mean=83
query_length_cv=82
fraction_filled_seller_type=81
second_of_day_min=81
gap_min=77
gap_max=74
search_page_median=72
count_platform_norm_desktop=71
fraction_filled_item_category=71
second_of_day_median=71
query_length_std=70
count_browser_other=68
query_length_median=67
query_words_std=67
contact_per_item=66
created_hour=61
photo_per_item=61
second_of_day_std=60
pointer_x_min=59
gap_le_10=58
second_of_day_mean=57
query_digit_share=57
query_words_mean=56
span_seconds=55
share_contact_message_sent=54
count_seller_type_private=53
search_page_max=51
count_seller_type_pro=50
top_share_search_query=50
fraction_filled_item_id=50
fraction_filled_item_location=46
query_length_max=46
pointer_y_std=45
count_platform_norm_android=44
query_length_min=43
gap_le_5=42
share_search_results_view=41
queries_per_search=41
n_events=36
count_event_name_favorite_add=36
unique_item_id=32
gap_le_2=32
created_weekday=30
count_browser_chrome=30
unique_search_page=29
count_event_name_item_view=29
transition_item_view_to_item_view=27
share_contact_chat_open=25
pointer_x_median=25
deep_search_share=24
gap_le_1=23
unique_event_name=22
duplicate_event_share=22
unique_minute=21
share_login=21
count_os_windows=20
business_hours_share=20
transition_item_view_to_photo_swipe=20
fraction_filled_pointer_x=19
count_browser_firefox=17
transition_search_results_view_to_search_results_view=17
unique_search_query=16
count_browser_yandex=16
pointer_x_mean=16
count_event_name_photo_swipe=15
count_os_mac=15
gap_le_0=14
same_item_in_row=14
pointer_y_mean=13
transition_search_results_view_to_item_view=13
unique_hour=12
count_event_name_seller_page_view=12
pointer_y_median=12
count_event_name_search_results_view=11
count_platform_norm_ios=11
count_os_android=8
top_share_user_agent=8
late_night_share=8
unique_browser=7
search_page_min=7
pointer_unique_x=7
pointer_unique_y=7
query_words_max=6
ua_avito_app_share=6
fraction_filled_search_query=5
weekend=5
transition_item_view_to_contact_phone_show=5
count_event_name_contact_phone_show=4
query_words_min=4
ua_changes=4
unique_os=3
unique_user_agent=3
count_event_name_contact_message_sent=3
query_words_median=3
mode_browser=3
mode_platform_norm=3
count_event_name_login=2
count_os_ios=2
page_step_one=2
count_browser_headless=1

parameters:
[boosting: gbdt]
[objective: binary]
[metric: binary_logloss]
[tree_learner: serial]
[device_type: cpu]
[data_sample_strategy: bagging]
[data: ]
[valid: ]
[num_iterations: 220]
[learning_rate: 0.035]
[num_leaves: 31]
[num_threads: 4]
[seed: 2026]
[deterministic: 0]
[force_col_wise: 0]
[force_row_wise: 0]
[histogram_pool_size: -1]
[max_depth: -1]
[min_data_in_leaf: 30]
[min_sum_hessian_in_leaf: 0.001]
[bagging_fraction: 0.85]
[pos_bagging_fraction: 1]
[neg_bagging_fraction: 1]
[bagging_freq: 1]
[bagging_seed: 26038]
[bagging_by_query: 0]
[feature_fraction: 0.85]
[feature_fraction_bynode: 1]
[feature_fraction_seed: 28694]
[extra_trees: 0]
[extra_seed: 4728]
[early_stopping_round: 0]
[early_stopping_min_delta: 0]
[first_metric_only: 0]
[max_delta_step: 0]
[lambda_l1: 0]
[lambda_l2: 5]
[linear_lambda: 0]
[min_gain_to_split: 0]
[drop_rate: 0.1]
[max_drop: 50]
[skip_drop: 0.5]
[xgboost_dart_mode: 0]
[uniform_drop: 0]
[drop_seed: 5409]
[top_rate: 0.2]
[other_rate: 0.1]
[min_data_per_group: 100]
[max_cat_threshold: 32]
[cat_l2: 10]
[cat_smooth: 10]
[max_cat_to_onehot: 4]
[top_k: 20]
[monotone_constraints: ]
[monotone_constraints_method: basic]
[monotone_penalty: 0]
[feature_contri: ]
[forcedsplits_filename: ]
[refit_decay_rate: 0.9]
[cegb_tradeoff: 1]
[cegb_penalty_split: 0]
[cegb_penalty_feature_lazy: ]
[cegb_penalty_feature_coupled: ]
[path_smooth: 0]
[interaction_constraints: ]
[verbosity: -1]
[saved_feature_importance_type: 0]
[use_quantized_grad: 0]
[num_grad_quant_bins: 4]
[quant_train_renew_leaf: 0]
[stochastic_rounding: 1]
[linear_tree: 0]
[max_bin: 255]
[max_bin_by_feature: ]
[min_data_in_bin: 3]
[bin_construct_sample_cnt: 200000]
[data_random_seed: 6654]
[is_enable_sparse: 1]
[enable_bundle: 1]
[use_missing: 1]
[zero_as_missing: 0]
[feature_pre_filter: 1]
[pre_partition: 0]
[two_round: 0]
[header: 0]
[label_column: ]
[weight_column: ]
[group_column: ]
[ignore_column: ]
[categorical_feature: 131,132,133]
[forcedbins_filename: ]
[precise_float_parser: 0]
[parser_config_file: ]
[objective_seed: 199]
[num_class: 1]
[is_unbalance: 0]
[scale_pos_weight: 1]
[sigmoid: 1]
[boost_from_average: 1]
[reg_sqrt: 0]
[alpha: 0.9]
[fair_c: 1]
[poisson_max_delta_step: 0.7]
[tweedie_variance_power: 1.5]
[lambdarank_truncation_level: 30]
[lambdarank_norm: 1]
[label_gain: ]
[lambdarank_position_bias_regularization: 0]
[eval_at: ]
[multi_error_top_k: 1]
[auc_mu_weights: ]
[num_machines: 1]
[local_listen_port: 12400]
[time_out: 120]
[machine_list_filename: ]
[machines: ]
[gpu_platform_id: -1]
[gpu_device_id: -1]
[gpu_device_id_list: ]
[gpu_use_dp: 0]
[num_gpu: 1]

end of parameters

pandas_categorical:[["other", "yandex", "chrome", "firefox", "safari", "headless"], ["android", "windows", "mac", "ios", "linux", "other"], ["android", "desktop", "ios"]]
