tree
version=v4
num_class=1
num_tree_per_iteration=1
label_index=0
max_feature_idx=133
objective=binary sigmoid:1
feature_names=cookie_age_days created_hour created_weekday n_events unique_event_name unique_platform_norm unique_browser unique_os unique_user_agent unique_item_id unique_item_category unique_item_location unique_seller_type unique_search_query unique_search_page unique_hour unique_minute count_event_name_contact_chat_open count_event_name_contact_message_sent count_event_name_contact_phone_show count_event_name_favorite_add count_event_name_item_view count_event_name_login count_event_name_photo_swipe count_event_name_search_results_view count_event_name_seller_page_view count_platform_norm_android count_platform_norm_desktop count_platform_norm_ios count_browser_chrome count_browser_firefox count_browser_headless count_browser_other count_browser_safari count_browser_yandex count_os_android count_os_ios count_os_linux count_os_mac count_os_other count_os_windows count_seller_type_private count_seller_type_pro share_search_results_view share_item_view share_photo_swipe share_seller_page_view share_contact_phone_show share_contact_chat_open share_contact_message_sent share_favorite_add share_login count_event_name_captcha_shown share_captcha_shown top_share_item_id top_share_item_category top_share_item_location top_share_search_query top_share_user_agent fraction_filled_item_id fraction_filled_item_category fraction_filled_item_location fraction_filled_search_query fraction_filled_seller_type fraction_filled_pointer_x search_page_mean search_page_std search_page_min search_page_max search_page_median query_length_mean query_length_std query_length_min query_length_max query_length_median query_words_mean query_words_std query_words_min query_words_max query_words_median pointer_x_mean pointer_x_std pointer_x_min pointer_x_max pointer_x_median pointer_y_mean pointer_y_std pointer_y_min pointer_y_max pointer_y_median second_of_day_mean second_of_day_std second_of_day_min second_of_day_max second_of_day_median span_seconds events_per_active_minute events_per_span_hour items_per_view queries_per_search contact_per_item photo_per_item captcha_per_event late_night_share business_hours_share weekend gap_mean gap_std gap_min gap_max gap_median gap_le_0 gap_le_1 gap_le_2 gap_le_5 gap_le_10 gap_le_30 gap_le_60 gap_le_300 gap_cv duplicate_event_share transition_search_results_view_to_item_view transition_item_view_to_item_view transition_item_view_to_photo_swipe transition_item_view_to_contact_phone_show transition_search_results_view_to_search_results_view same_item_in_row page_step_one deep_search_share pointer_unique_x pointer_unique_y mode_browser mode_os mode_platform_norm
feature_infos=[0.012361111111111111:449.28487268518518] [0:23] [0:6] [1:169] [1:9] none [1:3] [1:2] [1:3] [0:80] [0:8] [0:31] [0:2] [0:29] [0:23] [1:17] [1:90] [0:8] [0:6] [0:12] [0:13] [0:91] [0:6] [0:24] [0:66] [0:14] [0:126] [0:169] [0:140] [0:142] [0:148] [0:169] [0:140] [0:107] [0:137] [0:126] [0:140] [0:169] [0:142] [0:120] [0:148] [0:55] [0:49] [0:1] [0:1] [0:1] [0:1] [0:1] [0:1] [0:1] [0:1] [0:1] none none [0.026666666666666668:1] [0.19047619047619047:1] [0.090277777777777776:1] [0.058823529411764705:1] [0.33333333333333331:1] [0:1] [0:1] [0:1] [0:1] [0:1] [0:1] [1:13] [0:14.380542409798039] [1:13] [1:63] [1:13] [4:24] [0:14.142135623730951] [4:24] [4:24] [4:24] [1:4] [0:2.1213203435596424] [1:4] [1:4] [1:4] [18:1892] [0:1247.3363620130699] [0:1892] [18:1920] [18:1892] [9:1079] [0:696.50017946874937] [0:1079] [9:1080] [9:1079] [311.15384615384613:86372] [0:28150.064293936139] [3:86372] [475:86399] [165.5:86372] [0:83488] [1:13.5] [0.52531737924996347:81.365712911757626] [0:10] [0:1] [0:5] [0:8] none [0:1] [0:1] [0:1] [0:9005] [0:6356.1828560858758] [0:9005] [0:9760] [0:9005] [0:1] [0:1] [0:1] [0:1] [0:1] [0:1] [0:1] [0:1] [0:8.2930073116259848] [0:0.5] [0:29] [0:57] [0:10] [0:7] [0:39] [0:5] [0:6] [0:1] [0:117] [0:116] -1:2:0:3:1:5:4 -1:0:1:2:3:4:5 -1:1:0:2
tree_sizes=3333 3432 3427 3431 3412 3423 3428 3433 3448 3439 3447 3435 3430 3437 3441 3433 3440 3431 3452 3449 3453 3448 3450 3441 3469 3439 3450 3448 3432 3466 3450 3451 3444 3453 3445 3440 3459 3446 3462 3455 3455 3457 3462 3446 3438 3450 3451 3452 3454 3460 3455 3454 3463 3450 3455 3459 3458 3486 3438 3452 3463 3447 3467 3453 3446 3474 3463 3465 3464 3468 3462 3458 3446 3462 3467 3459 3461 3457 3463 3468 3462 3465 3460 3473 3461 3460 3472 3465 3480 3470 3460 3461 3451 3484 3463 3472 3469 3477 3465 3491 3494 3459 3455 3476 3467 3472 3444 3482 3454 3476 3457 3467 3468 3474 3466 3467 3473 3468 3484 3475 3482 3476 3468 3471 3460 3462 3476 3480 3472 3463 3472 3485 3466 3480 3473 3456 3478 3501 3472 3470 3472 3478 3468 3476 3477 3481 3472 3475 3472 3476 3478 3473 3471 3474 3491 3480 3485 3482 3475 3489 3484 3467 3470 3478 3469 3472 3470 3475 3461 3481 3488 3448 3508 3466 3474 3474 3495 3490 3477 3478 3482 3471 3462 3484 3492 3461 3483 3465 3478 3488 3491 3478 3487 3474 3488 3479 3473 3467 3470 3464 3485 3484 3494 3485 3498 3491 3485 3495 3486 3466 3486 3480 3476 3482 3483 3479 3489 3480 3477 3485

Tree=0
num_leaves=31
num_cat=0
split_feature=96 81 68 81 117 54 55 55 88 110 97 117 117 80 55 54 21 88 0 95 56 55 91 0 29 54 117 106 93 101
split_gain=1459.68 448.591 216.842 212.523 129.246 86.0019 82.2965 76.321 60.7855 50.9585 146.173 62.4297 24.4919 20.7725 22.0219 18.0964 16.5927 10.4356 10.603 9.3744 9.15016 8.95497 8.76361 7.99819 6.85283 9.16784 6.38529 10.8852 7.08407 5.43775
threshold=2.759615384615385 357.33930270589445 2.5000000000000004 316.49059762417625 0.83827375762859646 0.31009615384615391 0.56736587333602262 0.50247524752475259 1079.5000000000002 260.25000000000006 1.9536549858406314 0.13961038961038963 0.73401360544217698 517.62500000000011 0.80600358422939078 0.40833333333333338 2.5000000000000004 1079.5000000000002 2.5939004629629632 5782.0000000000009 0.20611577964519143 0.46186166774402077 742.34628539537255 31.339056712962968 28.500000000000004 0.22474747474747478 0.62382075471698128 621.25739130434795 79723.500000000015 0.24283374283374287
decision_type=2 8 10 10 2 8 10 10 8 10 2 2 2 10 10 8 2 8 2 2 8 8 8 2 2 10 2 10 2 2
left_child=1 2 16 7 9 6 21 -2 -8 12 -11 -12 17 14 23 -4 -1 -3 26 -16 -20 -6 -7 29 25 -10 -19 -28 -29 -14
right_child=3 4 15 -5 5 22 8 -9 24 10 11 -13 13 -15 19 -17 -18 18 20 -21 -22 -23 -24 -25 -26 -27 27 28 -30 -31
leaf_value=-2.4474777519039312 -2.4065879034548447 -2.4628155363650936 -2.2150304731857555 -2.4427341779485618 -2.4505852168768403 -2.4515192291716836 -2.4401001054843561 -2.1417567299522817 -2.2758949509819715 -2.4516989982240593 -2.2795168250748161 -2.4312666506170491 -2.3963534786050236 -2.4565866490212547 -2.4258815151432165 -2.3964828328193781 -2.3862057897697855 -2.4425733542646335 -2.4287141653013551 -2.369835976524425 -2.4555490612784365 -2.407652074273162 -2.4059745298994879 -2.4458462547407271 -2.4108123952583767 -2.4034062458752046 -2.4444626921724315 -2.3812113565844144 -2.4341224330565767 -2.4351676452753623
leaf_weight=8.9383828639984149 2.3090822398662629 166.92429998517036 10.949519008398052 3.1284340023994437 7.2251928150653812 22.345957159996036 3.6498396694660213 20.185847967863083 9.9811941981315595 34.785206645727158 5.9589219093322736 4.4691914319992065 4.245731860399248 22.196984112262726 5.8099488615989667 2.7560013830661783 3.9477857649326316 44.617427796125412 16.908440917730331 7.1507062911987305 233.88768494129181 6.6293006241321573 2.2345957159996024 21.601091921329498 2.2345957159996024 3.0539474785327902 7.0017332434654218 4.2457318603992462 3.1284340023994446 5.6609758138656616
leaf_count=120 31 2241 147 42 97 300 49 271 134 467 80 60 57 298 78 37 53 599 227 96 3140 89 30 290 30 41 94 57 42 76
internal_value=-2.42771 -2.4384 -2.30946 -2.19136 -2.44458 -2.39631 -2.36291 -2.16009 -2.32358 -2.44951 -2.41497 -2.32451 -2.45248 -2.43225 -2.41845 -2.23332 -2.42225 -2.45523 -2.45066 -2.38735 -2.45379 -2.43007 -2.44434 -2.43506 -2.29964 -2.29065 -2.43639 -2.4184 -2.39703 -2.41347
internal_weight=698.162 672.539 26.5917 25.6234 645.947 57.3546 32.7741 22.4949 18.9196 588.593 45.2133 10.4281 543.379 66.6654 44.4685 13.7055 12.8862 476.714 309.789 12.9607 250.796 13.8545 24.5806 31.5078 15.2697 13.0351 58.9933 14.3759 7.37417 9.90671
internal_count=9373 9029 357 344 8672 770 440 302 254 7902 607 140 7295 895 597 184 173 6400 4159 174 3367 186 330 423 205 175 792 193 99 133
is_linear=0
shrinkage=1


Tree=1
num_leaves=31
num_cat=0
split_feature=96 81 9 81 117 108 11 9 10 88 113 87 117 55 56 118 68 117 14 116 70 56 107 101 81 110 91 74 10 42
split_gain=1181.31 401.872 172.784 144.092 119.192 79.7955 88.5797 77.19 84.439 77.6289 58.1308 29.8367 31.7422 24.3528 22.5138 28.5545 17.008 15.655 49.0011 12.2682 9.73207 8.46592 8.26247 9.44616 8.12017 6.69969 7.95371 6.14017 5.16542 5.33846
threshold=2.759615384615385 332.60676822318106 3.5000000000000004 295.09057685297893 0.83409785932721725 125.50000000000001 2.5000000000000004 3.5000000000000004 3.5000000000000004 1079.5000000000002 0.11715686274509805 1.0000000180025095e-35 0.69113355780022456 0.80600358422939078 0.62593283582089565 0.96996753246753264 2.5000000000000004 0.12916666666666668 2.5000000000000004 0.81101190476190488 11.33854166666667 0.67694497153700206 1846.4116826416596 0.44636015325670503 584.31753037481951 1098.5000000000002 247.84053325914115 18.750000000000004 3.5000000000000004 3.5000000000000004
decision_type=2 8 2 10 2 10 2 2 2 8 2 10 2 10 10 2 10 2 2 2 8 10 10 2 8 10 10 10 2 10
left_child=1 2 16 10 5 11 25 -6 9 -9 19 12 17 22 15 -11 -1 18 -3 -2 -15 -22 -14 28 -19 26 -7 -26 29 -24
right_child=3 4 -4 -5 7 6 -8 8 -10 14 -12 -13 13 20 -16 -17 -18 24 -20 -21 21 -23 23 -25 27 -27 -28 -29 -30 -31
leaf_value=-0.017178148842856344 0.040775660986466726 -0.018541292406158601 0.17891911072248878 -0.014388120356585044 -0.023308328623894578 -0.012417751562246549 0.12212247501854873 -0.018015477914471834 -0.025143223811407798 0.14091615938530339 0.018505073198079057 -0.034753323538876342 -0.019442438005640807 -0.0084623201830123073 0.014859615388392377 0.021660774863478619 0.045842720866259588 0.017622283641248335 0.076913830942834063 0.24082390057534758 0.054092375165275333 -0.0028324784634993459 -0.0023093842196844016 -0.019918141190534047 -0.026350550231863907 -0.023996405451680011 0.035788651910977423 0.0014567982245763137 -0.005729188960204165 0.045874690830105369
leaf_weight=9.1449213176965731 2.7153516784310439 26.307075299322609 13.901598781347273 3.0370999947190276 19.816633358597755 5.1632152497768464 4.9190075770020476 6.2351886332035091 9.7193591296672803 14.02881439775229 2.6577346622943869 194.15226312726736 29.681784823536873 3.7831860929727581 4.5292847156524649 5.2015980780124655 3.5120173990726462 2.1904944255948058 3.3459623679518691 22.958822228014469 11.48707304894924 3.3770423009991637 3.2592149376869219 5.4987297654151908 260.26238050311804 8.5552148744463903 2.7830234318971634 9.5689077824354154 4.1342370882630339 5.1893478035926819
leaf_count=124 31 359 161 41 271 71 62 84 131 175 30 2677 403 50 58 67 44 30 43 247 152 45 44 75 3561 117 36 131 56 70
internal_value=0.000197091 -0.0102774 0.111827 0.194501 -0.016143 -0.0209916 0.0393028 0.0293365 0.0552742 0.0812015 0.215693 -0.0236149 -0.0173527 0.00429047 0.105844 0.119785 0.00833839 -0.0221095 0.00177319 0.229762 0.0335671 0.0437018 -0.00923721 0.00809793 -0.024698 -0.00804303 0.0117671 -0.0253559 0.0225236 0.0333388
internal_weight=701.117 669.748 26.5585 31.369 643.189 583.658 21.4205 59.5309 39.7142 29.9949 28.3319 562.238 368.085 66.4106 23.7597 19.2304 12.6569 301.675 29.653 25.6742 18.6473 14.8641 47.7633 18.0815 272.022 16.5015 7.94624 269.831 12.5828 8.44856
internal_count=9446 9097 329 349 8768 7982 286 786 515 384 308 7696 5019 895 300 242 168 4124 402 278 247 197 648 245 3722 224 107 3692 170 114
is_linear=0
shrinkage=0.035


Tree=2
num_leaves=31
num_cat=0
split_feature=96 81 81 10 130 11 88 108 3 117 50 65 99 95 29 32 14 50 56 69 117 94 76 91 57 56 16 91 56 119
split_gain=1021.97 283.357 267.314 221.246 117.322 115.316 61.4711 74.1125 99.4812 64.5538 26.9347 25.8994 25.2031 16.1099 14.469 14.3389 16.8627 12.8037 12.1835 9.31775 8.70429 6.12827 6.65368 5.7384 5.59809 5.56072 9.48431 5.24349 6.02123 5.23226
threshold=2.1889880952380958 357.33930270589445 316.49059762417625 3.5000000000000004 4.5000000000000009 3.5000000000000004 1079.5000000000002 94.500000000000014 4.5000000000000009 0.69113355780022456 0.085960591133004943 1.2928571428571431 0.58477011494252884 332.50000000000006 47.500000000000007 8.5000000000000018 3.5000000000000004 0.079595736122284808 0.36474501108647456 2.7500000000000004 0.13961038961038963 75749.500000000015 0.75327550707674518 2597.7835363952322 0.33854166666666669 0.26705426356589151 12.500000000000002 4954.8420557718573 0.25866188769414583 0.70784234098129406
decision_type=2 8 10 2 2 2 8 10 2 2 2 10 2 2 2 2 2 2 8 8 2 2 8 10 8 10 2 10 8 8
left_child=1 4 3 5 29 -2 -3 9 -9 18 -7 -6 13 -11 19 25 17 -17 20 -15 -8 22 -22 -23 -25 26 -14 -24 -29 -1
right_child=2 6 -4 -5 11 10 7 8 -10 12 -12 -13 15 14 -16 16 -18 -19 -20 -21 21 23 27 24 -26 -27 -28 28 -30 -31
leaf_value=0.017559964234328939 0.0036749824645493411 -0.034496621077111614 -0.025792596523310528 -0.021815337127181238 0.0064025596349798633 0.20140882913326322 0.025337895757861145 -0.010796586598980465 0.12804854625746348 -0.0092956723017978537 0.035631836084042287 0.1421335949421797 0.032089600235027708 0.018957064523270461 -0.011908611412889134 0.068295680017886828 -0.012245419018936915 -0.0077775397207465987 -0.027610223534048284 0.08261706793680812 -0.023375793354951716 -0.015521975531594095 -0.013266625191093378 -0.0065036844512612445 0.03569824692741367 -0.014864097072755435 -0.015133796340388275 0.031659101141003981 -0.0099765253792006812 -0.020614274345068982
leaf_weight=2.1928865760564813 4.5101019814610472 205.14446569979191 10.591341257095335 6.6444295048713675 2.4087262898683575 41.265685506165028 2.9639034271240225 13.535193696618082 5.8178429454565039 5.2802326381206539 3.7210829257965079 15.762765377759932 5.1818599849939329 8.73681584000588 2.2685004696249953 5.007896885275839 6.4247587323188782 2.4396672397851944 192.8563612177968 7.2839470952749243 56.050720907747746 5.0205199718475333 12.613426074385645 4.3730645850300762 4.2296435832977304 42.386379949748516 6.3277941942214966 4.7635626867413494 4.2873058766126642 7.9098838046193132
leaf_count=29 53 2907 147 87 30 407 39 184 69 73 44 165 67 112 30 65 86 33 2695 90 782 70 176 61 59 571 84 66 60 107
internal_value=0.000341082 -0.0137805 0.125575 0.153906 0.0859133 0.177332 -0.0191232 -0.0108663 0.048663 -0.0145049 0.192632 0.129406 0.0106898 0.038263 0.0510414 -0.000870208 0.0257378 0.0502615 -0.0225645 0.0606673 -0.0113749 -0.0138195 -0.0174615 0.00606685 0.0197404 -0.00932247 0.00940657 -0.000645813 0.0154048 -0.00925797
internal_weight=698.001 631.268 66.7326 56.1413 28.2743 49.4969 602.994 397.849 19.353 378.496 44.9868 18.1715 91.3379 23.5695 18.2893 67.7684 13.8723 7.44756 287.159 16.0208 94.3021 91.3382 77.715 13.6232 8.60271 53.896 11.5097 21.6643 9.05087 10.1028
internal_count=9448 8710 738 591 331 504 8379 5472 253 5219 451 195 1211 305 232 906 184 98 4008 202 1313 1274 1084 190 120 722 151 302 126 136
is_linear=0
shrinkage=0.035


Tree=3
num_leaves=31
num_cat=0
split_feature=96 81 54 81 10 108 3 117 83 9 55 54 65 23 109 83 69 117 116 54 119 54 83 51 55 0 72 32 117 118
split_gain=896.473 328.917 141.244 131.644 106.742 72.2565 105.81 72.1949 51.7091 50.5372 39.6657 57.311 25.7841 15.2886 12.4884 11.6762 13.4185 15.4869 8.44999 7.2597 7.72439 7.17472 7.05836 6.72441 6.34994 5.68216 5.30912 5.18013 5.14859 9.54044
threshold=2.4900000000000007 357.33930270589445 0.40833333333333338 316.49059762417625 3.5000000000000004 117.50000000000001 4.5000000000000009 0.73401360544217698 1919.5000000000002 4.5000000000000009 0.54606060606060614 0.22474747474747478 1.2071428571428573 4.5000000000000009 2456.0000000000005 1408.5000000000002 2.7500000000000004 0.21498599439775914 0.77871939736346529 0.22474747474747478 2.4883507064641059 0.37980769230769235 729.50000000000011 0.028991596638655467 0.51887464387464399 13.060613425925927 7.5000000000000009 4.5000000000000009 0.65419580419580436 0.81165540540540559
decision_type=2 8 8 10 2 10 2 2 8 2 10 8 10 2 10 10 10 2 2 8 10 8 10 2 10 2 8 2 2 2
left_child=1 2 12 4 9 7 25 15 -9 -2 -10 13 -1 23 27 16 28 21 -11 20 24 -18 -4 -12 -19 -7 -16 -13 -3 -30
right_child=3 5 22 -5 -6 6 -8 8 10 18 11 14 -14 -15 26 -17 17 19 -20 -21 -22 -23 -24 -25 -26 -27 -28 -29 29 -31
leaf_value=0.012182792813687161 0.015119178255640948 -0.026865395549734487 0.020943040569618751 -0.019387915802897636 -0.016026007254459899 0.014323148858370768 0.1214212445228311 -0.029332905574685337 -0.016006072090030028 0.047186927434454427 0.087973573597919866 -0.023562210586305667 0.14611310068100017 0.0082351936550691101 -0.0070526511528794479 -0.034717086652206339 0.050100973142635306 -0.011745167713927121 0.18106163983547288 -0.024023691485804282 -0.015353981357913524 -0.0054886607003819055 -0.022154245228412802 0.015606479624236017 0.029473318785921236 -0.022259497310493398 0.033959080037040533 0.010979369305979925 0.017959742180661341 -0.019329820522025049
leaf_weight=2.9472424685955074 3.7468402013182631 231.42765353620052 2.3760245516896239 5.2352045327424994 3.5914681404829016 3.3094362914562288 6.2435921281576148 33.705565728247166 24.249329745769501 4.9431743025779715 16.677775546908386 15.418961860239511 18.447987005114555 5.8718440458178511 3.3677635118365261 147.67905393987894 3.1076765134930602 3.5855395495891598 36.102382838726044 26.345042981207371 12.697579108178614 3.0093806535005569 9.1258384957909566 4.3805082812905303 8.7200737670063955 13.758956223726271 8.2911930680274963 3.8736221417784682 7.1532360687851897 25.861753940582275
leaf_count=37 40 3296 32 74 46 45 66 486 329 49 191 212 169 74 43 2161 41 51 290 375 178 43 122 54 123 191 103 52 99 361
internal_value=0.000424176 -0.0114599 0.0887774 0.131482 0.148094 -0.017556 0.0376753 -0.0200558 0.0045362 0.161541 0.0193213 0.0342175 0.133466 0.0671153 0.000240676 -0.026106 -0.0216849 -0.00574675 0.171814 -0.0127992 0.00106019 0.0325843 -0.00960321 0.0788029 0.0175398 -0.0135283 0.0235514 -0.0157945 -0.0249775 -0.0099509
internal_weight=695.252 641.633 32.8971 53.6191 48.3839 608.736 23.312 585.424 115.837 44.7924 82.131 57.8817 21.3952 26.9301 30.9515 469.587 321.908 57.4653 41.0456 51.3482 25.0032 6.11706 11.5019 21.0583 12.3056 17.0684 11.659 19.2926 264.443 33.015
internal_count=9433 8934 360 499 425 8574 302 8272 1544 379 1058 729 206 319 410 6728 4567 811 339 727 352 84 154 245 174 236 146 264 3756 460
is_linear=0
shrinkage=0.035


Tree=4
num_leaves=31
num_cat=0
split_feature=96 81 81 10 9 108 16 9 110 88 99 112 106 4 83 0 50 65 56 118 0 65 26 68 115 93 108 86 55 91
split_gain=744.758 267.803 179.785 134.014 122.061 69.5993 91.9991 61.9406 44.2069 42.4787 26.1891 19.7008 16.7485 14.9492 13.8037 11.7494 11.2154 10.8649 9.33932 8.4522 7.94615 7.11488 7.00292 6.92636 6.58082 6.37986 6.00329 5.60162 5.51939 8.19852
threshold=2.2052631578947373 385.70564618521638 347.40538503541865 3.5000000000000004 3.5000000000000004 94.500000000000014 4.5000000000000009 3.5000000000000004 36.250000000000007 1079.5000000000002 0.58477011494252884 0.085410334346504566 195.56818181818184 6.5000000000000009 1065.5000000000002 2.5939004629629632 0.03468323977546111 1.4580419580419581 0.23466833541927412 0.61721611721611735 2.2202893518518523 2.6733333333333338 5.5000000000000009 2.5000000000000004 0.083920187793427234 15685.000000000002 13.500000000000002 328.54153196540557 0.64248120300751899 3490.4488462293371
decision_type=2 8 10 2 2 10 2 2 8 8 2 2 10 2 10 2 2 10 8 2 2 8 2 10 2 2 8 10 10 10
left_child=1 4 3 7 14 8 20 -2 9 -3 12 -9 -11 22 17 16 21 -1 19 -10 -7 -12 -14 -8 26 -20 -17 -6 -26 -30
right_child=2 5 -4 -5 27 6 23 11 18 10 15 -13 13 -15 -16 24 -18 -19 25 -21 -22 -23 -24 -25 28 -27 -28 -29 29 -31
leaf_value=-0.013373426023365729 -0.00090988989240936731 -0.030983253085734401 -0.025450622950123843 -0.020993572286919379 0.1308106749320205 0.019772592249483724 0.01904534362701894 0.14897034618180058 0.027456820036654828 -0.0038986448878605283 0.054175552035060574 0.021286232714231287 0.093045098223454317 0.002339541987982573 -0.022903381613774969 0.026297239341785395 -0.0081480486709566858 0.049700905799344039 -0.0060922793693320284 -0.014145413726174685 -0.022345090627847088 -0.0038262771630559805 0.014036468882540428 0.12285495737938909 -0.023600032554932437 -0.029054731069256021 -0.013101763392002596 0.023288542756150006 -0.01468462709907278 0.025798441267925395
leaf_weight=2.7208651453256634 3.7908259481191626 38.565700829029083 10.285369269549845 6.1192348897457114 17.211554639041427 3.1287141293287339 3.1854372844099981 53.204719334840775 2.1784386187791815 6.7190468981862095 5.7723633497953388 3.3926723897457114 5.2263640165328962 4.8812066391110411 9.8521094247698766 6.6389435604214642 7.1898807957768431 3.5278750881552696 18.611528769135475 41.383395455777645 16.171928651630878 2.5913368463516244 3.9824206233024597 4.833169236779213 25.274983868002892 357.33670037984848 4.038139872252942 3.1648334115743628 10.614688187837599 5.1018769517540923
leaf_count=38 43 576 149 82 149 42 36 414 30 92 74 32 59 63 135 87 96 43 271 597 229 34 48 47 353 5239 56 34 144 69
internal_value=0.00127384 -0.0119334 0.100485 0.120379 0.0741631 -0.0180039 0.0325374 0.135214 -0.0208045 -0.0025462 0.0109075 0.143666 0.0408781 0.0576591 -0.00092768 -0.000557846 0.0221484 0.0285 -0.0262195 -0.00945218 -0.0128541 0.0414969 0.07584 0.104769 -0.00874412 -0.0280128 0.0119701 0.12199 -0.0148543 0.00151168
internal_weight=686.696 609.904 76.7928 66.5075 36.4772 573.426 27.3192 60.3882 546.107 126.597 88.0313 56.5974 20.809 14.09 16.1008 67.2222 15.5536 6.24874 419.51 43.5618 19.3006 8.3637 9.20878 8.01861 51.6686 375.948 10.6771 20.3764 40.9915 15.7166
internal_count=9361 8641 720 571 399 8242 354 489 7888 1751 1175 446 262 170 216 913 204 81 6137 627 271 108 107 83 709 5510 143 183 566 213
is_linear=0
shrinkage=0.035


Tree=5
num_leaves=31
num_cat=0
split_feature=96 81 81 10 11 108 16 113 117 88 27 32 65 47 23 10 9 54 65 117 99 11 106 107 55 54 117 107 92 66
split_gain=692.701 216.122 154.312 116.787 89.9102 67.3394 68.2032 58.5649 43.3981 40.3128 32.1124 27.6857 22.3933 22.3415 18.2701 15.342 11.3533 9.7501 9.43223 19.9052 8.86945 6.38804 6.11125 7.7461 5.8076 5.00816 4.94178 4.54811 3.73463 3.6338
threshold=2.1695402298850577 357.33930270589445 316.49059762417625 3.5000000000000004 2.5000000000000004 125.50000000000001 4.5000000000000009 0.11922530206112296 0.65419580419580436 1079.5000000000002 13.500000000000002 4.5000000000000009 1.2071428571428573 0.040956108470785575 1.5000000000000002 3.5000000000000004 5.5000000000000009 0.30384615384615393 3.101724137931035 0.12916666666666668 0.68990384615384626 9.5000000000000018 591.74625000000003 1846.4116826416596 0.88516483516483524 0.12973352033660593 0.49104573073233138 192.48187190687682 34269.000000000007 0.4901580001957988
decision_type=2 8 10 2 2 10 2 2 2 8 2 2 10 2 2 2 2 8 10 2 2 2 10 10 10 10 2 8 2 10
left_child=1 4 3 7 29 8 27 16 18 -10 11 22 -6 15 17 20 -2 -13 -3 -20 -12 -21 -11 -24 -16 -25 -23 -7 -28 -1
right_child=2 5 -4 -5 12 6 -8 -9 9 10 13 14 -14 -15 24 -17 -18 -19 19 21 -22 26 23 25 -26 -27 28 -29 -30 -31
leaf_value=-0.021369973866795771 0.036326127108092195 -0.02891973788394523 -0.025286243581283247 -0.021148100903905006 0.0033392126844747861 0.016914472010936064 0.10354367051765848 0.0060469606648414142 -0.029667979123121982 -0.022649219825646463 0.089082504327689882 0.069604604009780177 0.11119392763790846 -0.0054592921618237186 -0.012937755511248081 -0.0053070043649370751 0.13714915904243091 0.0038794246053221503 0.04123889095151017 -0.024002260028424496 0.012339292959117787 -0.016260835450363765 0.026450155980237512 0.012135688368088097 0.023849036676148256 -0.021002054661859032 0.033509338655980846 -0.016923257313221189 -0.0043400178141638898 0.011354759815030207
leaf_weight=8.4641770198941213 5.8685636669397345 331.16084731370211 10.140253081917761 6.2423058301210395 2.9497872367501285 2.275205411016942 6.1355081498622885 5.4705559834837905 49.288835503160954 41.648703210055828 7.4572889506816882 5.8506371229887018 20.229859419167042 8.3315412327647191 12.342298172414301 2.9616328030824652 55.728287532925606 4.5464071556925783 3.1215283125638953 39.364573635160923 4.3181061446666718 3.7827486097812635 4.4608544483780888 4.371708586812022 2.5734104141592971 12.286574400961397 2.557323545217514 12.399940229952335 3.7910437807440758 2.3391019925475112
leaf_count=115 57 4978 150 85 37 30 55 57 754 582 85 74 163 112 170 42 390 62 40 589 57 56 61 60 31 166 37 178 56 26
internal_value=0.000855503 -0.0125466 0.0923275 0.109172 0.0674028 -0.0179041 0.038031 0.121927 -0.0203698 -0.00488442 0.00690984 -0.00329929 0.100496 0.0395343 0.0246938 0.0599104 0.130992 0.0514572 -0.0266973 -0.0114142 0.0730061 -0.0182139 -0.0155773 3.52091e-05 -0.00219685 -0.0115116 0.00477644 -0.00871187 0.0189532 -0.0129337
internal_weight=682.46 599.01 83.45 73.3097 33.9829 565.027 20.8107 67.0674 544.216 160.438 111.149 88.0806 23.1796 23.0686 25.3128 14.737 61.5969 10.397 383.778 52.6172 11.7754 49.4957 62.7678 21.1191 14.9157 16.6583 10.1311 14.6751 6.34837 10.8033
internal_count=9355 8616 739 589 341 8275 263 504 8012 2256 1502 1206 200 296 337 184 447 136 5756 778 142 738 869 287 201 226 149 208 93 141
is_linear=0
shrinkage=0.035


Tree=6
num_leaves=31
num_cat=0
split_feature=96 81 81 65 116 108 3 117 21 83 27 55 57 29 65 95 87 0 56 45 54 119 55 116 0 110 70 56 9 55
split_gain=595.581 211.493 125.03 80.0553 62.923 62.6526 70.9774 52.14 36.4539 31.3697 24.144 19.8745 13.8026 12.6785 13.0082 17.9827 12.5555 12.5101 9.33408 8.77047 12.6217 9.08623 6.22664 5.88203 5.84362 5.33343 4.3266 4.28149 3.7856 3.44513
threshold=2.2052631578947373 385.70564618521638 316.49059762417625 1.2071428571428573 0.77871939736346529 117.50000000000001 4.5000000000000009 0.73401360544217698 1.5000000000000002 1911.5000000000002 13.500000000000002 0.66441441441441451 0.36939571150097467 1.5000000000000002 2.2886904761904767 184.50000000000003 1.0000000180025095e-35 2.5939004629629632 0.20156250000000003 0.097800095648015326 0.28991596638655465 2.6140399558113243 0.73746867167919816 0.5131670131670133 13.060613425925927 17.250000000000004 14.24404761904762 0.42740046838407497 16.500000000000004 0.99382716049382724
decision_type=2 8 10 10 2 10 2 2 2 8 2 10 10 2 10 2 10 2 8 2 8 8 10 2 2 10 10 10 2 10
left_child=1 3 4 27 11 7 24 16 -5 -9 13 28 23 14 15 -11 17 19 26 20 21 -3 -16 -12 -7 -6 -19 -1 -2 -15
right_child=2 5 -4 8 25 6 -8 9 -10 10 12 -13 -14 29 22 -17 -18 18 -20 -21 -22 -23 -24 -25 -26 -27 -28 -29 -30 -31
leaf_value=0.011668383258116581 0.01437679511437691 0.041770441317230601 -0.024716090266555506 0.00068154028474565849 0.12452740927218268 0.015188331600013425 0.096788335045074322 -0.027830240355534195 0.10134316870605388 -0.010929150552009754 -0.012017180208910216 0.060230666849959959 0.072843070804014573 -0.020092373479075307 -0.019467861081120575 0.059828175454415294 -0.034174030724343198 -0.010264317061067499 -0.025862180689018129 -0.016586338637802144 -0.014455766518824097 -0.0076111549714938734 0.015681355936553329 0.027080174360683947 -0.022461739644723949 0.036427001354268393 0.01913499895905808 -0.024181318486259238 -0.016016920886272906 0.0031282263848432831
leaf_weight=2.324726313352584 5.1258975267410296 9.240952730178833 9.5280709564685804 5.2501158490777042 47.705125279724598 3.1735078543424633 7.426470346748828 25.015615284442902 24.855033621191978 4.6325848326087016 4.9531000480055827 12.574529781937597 6.4319085404276839 19.243681855499744 8.9714581668376905 7.9872735291719437 143.88424008339643 10.743923991918562 220.9985426068306 32.036592535674572 12.125037640333174 4.7436243668198594 6.2928755953907958 4.8743905872106552 11.873175241053103 6.1090017557144156 5.0722295939922324 8.7958484515547735 4.9694761857390404 9.7849120274186152
leaf_count=29 52 133 144 65 300 43 63 390 201 67 65 107 70 264 121 98 2273 155 3342 476 181 70 77 62 173 44 72 125 59 130
internal_value=0.0006128 -0.0119349 0.0840904 0.0602361 0.09833 -0.017739 0.034502 -0.0202233 0.0863859 0.0027246 0.0142824 0.0377458 0.0461221 0.00219598 0.017541 0.0381234 -0.0253305 -0.0205188 -0.0240419 -0.0054028 0.00877976 0.027427 -0.00468344 0.00996743 -0.0127133 0.118473 0.00149554 -0.0153924 -0.000934217 -0.0129557
internal_weight=686.744 600.732 86.0121 41.2257 76.484 559.506 22.4732 537.033 30.1051 98.1878 73.1722 22.6699 16.2594 56.9128 27.8842 12.6199 438.845 294.961 236.815 58.1462 26.1096 13.9846 15.2643 9.82749 15.0467 53.8141 15.8162 11.1206 10.0954 29.0286
internal_count=9451 8745 706 420 562 8325 279 8046 266 1344 954 218 197 757 363 165 6702 4429 3569 860 384 203 198 127 216 344 227 154 111 394
is_linear=0
shrinkage=0.035


Tree=7
num_leaves=31
num_cat=0
split_feature=116 83 11 10 11 108 117 3 82 27 32 88 101 69 99 117 45 15 0 86 54 112 55 54 110 3 0 11 99 3
split_gain=537.056 128.491 125.108 101.352 87.0921 68.7263 62.5263 57.6418 28.2431 30.8124 20.1831 17.3511 16.5272 15.0229 14.9622 14.726 13.0269 10.4298 9.52444 9.09648 8.42826 8.30399 7.89729 9.17863 7.57844 10.6784 6.95847 7.64725 5.80741 5.41461
threshold=0.66862745098039222 1341.5000000000002 3.5000000000000004 3.5000000000000004 2.5000000000000004 117.50000000000001 0.73401360544217698 4.5000000000000009 294.50000000000006 13.500000000000002 6.5000000000000009 1079.5000000000002 0.27149877149877155 2.7500000000000004 0.70710784313725505 0.21498599439775914 0.15419580419580423 2.5000000000000004 13.060613425925927 294.55222571413543 0.37980769230769235 0.01709526592635886 0.73746867167919816 0.22474747474747478 58.250000000000007 31.500000000000004 2.5939004629629632 5.5000000000000009 0.65646853146853157 15.500000000000002
decision_type=2 8 2 2 2 10 2 2 8 2 2 8 2 10 2 2 2 2 2 10 8 2 10 8 10 2 2 2 2 2
left_child=1 4 -2 16 -1 6 11 18 -8 10 22 -3 21 26 -11 20 -4 -17 -7 -6 -15 -12 -10 -24 25 -19 27 -13 -29 -30
right_child=2 5 3 -5 19 7 8 -9 9 14 12 13 -14 15 -16 17 -18 24 -20 -21 -22 -23 23 -25 -26 -27 -28 28 29 -31
leaf_value=-0.016447426250041985 -0.010196995865746843 -0.034568599625024399 0.11322585221506772 -0.019287333659039365 0.094724946171301935 0.027052650886553797 -0.02531959694821358 0.093453018759603768 -0.023006280359249009 0.070690689106920765 0.067559883871712051 -0.019580039401349194 -0.0059878418701958414 0.053736842646561193 0.0034492156584797046 -0.025880421341105943 0.027303326970805581 0.034503632486100173 -0.020217144599738054 0.021508172165877273 -0.0077229598398195097 0.003029700504888553 0.031244747941858737 -0.009598783586273649 -0.013066940916449072 -0.013524286225909701 -0.025549592816255597 0.028255707789299773 0.01514895705515347 -0.018855835722598479
leaf_weight=15.223327632993458 15.432923916727303 140.40291259810328 62.084772676229477 7.0291594676673403 17.488762613385919 2.7528830543160465 21.746023189276457 7.7011677697300902 21.570425242185593 10.380130633711817 5.9977503195405024 26.637012921273708 8.5346838980913144 3.1585990861058226 6.2320702113211146 19.902122594416142 6.1251779310405245 10.193714872002603 11.745681427419184 6.2402144372463217 2.4478563070297241 3.7694421708583832 5.2430641874671009 15.240022283047436 12.614934258162974 5.6303516849875441 187.37095209956169 4.7421790957450893 5.1782827675342551 8.7031656652688962
leaf_count=223 207 2255 406 99 137 36 344 61 299 100 63 401 113 40 77 304 54 148 174 69 36 41 59 212 192 81 2894 68 76 130
internal_value=0.00103352 -0.0114112 0.0779655 0.0955578 0.0463999 -0.0159037 -0.0185629 0.0389029 0.00628445 0.0162135 0.00310621 -0.0243136 0.0295483 -0.0187827 0.052099 -0.00192175 0.107902 -0.00926453 -0.00660632 0.0825648 0.0359119 0.0521139 -0.0103186 0.00493513 0.00449467 0.0182707 -0.0225701 -0.00892102 0.00724181 -0.00551834
internal_weight=677.52 586.848 90.672 75.2391 38.9523 547.895 525.696 22.1997 98.7136 76.9676 60.3554 426.982 18.3019 286.579 16.6122 53.9476 68.21 48.3411 14.4986 23.729 5.60646 9.76719 42.0535 20.4831 28.439 15.8241 232.632 45.2606 18.6236 13.8814
internal_count=9399 8633 766 559 429 8204 7933 271 1308 964 787 6625 217 4370 177 801 460 725 210 206 76 104 570 271 421 229 3569 675 274 206
is_linear=0
shrinkage=0.035


Tree=8
num_leaves=31
num_cat=0
split_feature=96 87 10 113 56 0 110 97 10 56 117 50 82 87 117 26 108 68 45 107 116 101 107 40 55 91 55 101 118 66
split_gain=502.48 111.142 107.469 55.0443 53.0083 42.4827 40.6842 33.6679 31.715 29.3422 20.8494 20.4065 17.5924 14.7081 14.2491 13.4152 12.2375 22.9761 10.2781 9.54925 9.38865 9.3266 7.41541 7.14319 6.98344 5.67551 5.35801 5.12982 5.06534 4.11838
threshold=2.1356321839080463 1.0000000180025095e-35 3.5000000000000004 0.12200956937799044 0.20611577964519143 4.7096238425925927 233.00000000000003 1.7983802258258772 2.5000000000000004 0.65496715927750426 0.67533783783783796 0.054200940070505292 1.0000000180025095e-35 259.50000000000006 0.73401360544217698 19.500000000000004 75.500000000000014 2.5000000000000004 0.15235814296241715 2194.6592604971534 0.79222641509433978 0.13188405797101452 1480.9531032170096 23.500000000000004 0.59761904761904772 88.833552191338242 0.88516483516483524 0.43167701863354041 0.93377192982456159 2.3286703116626351
decision_type=2 8 2 2 8 2 10 2 2 10 2 2 8 8 2 2 10 10 2 8 2 2 10 2 10 10 10 2 2 10
left_child=1 23 3 9 8 6 10 -8 11 18 -6 15 -7 -12 16 -3 -14 -18 -2 -19 -11 25 29 -1 -24 -15 -13 -26 -23 -16
right_child=2 4 -4 -5 5 12 7 -9 -10 20 13 26 14 21 22 -17 17 19 -20 -21 -22 28 24 -25 27 -27 -28 -29 -30 -31
leaf_value=0.090941314654161623 0.10353239312250297 0.079455160005371075 -0.025425079046830747 -0.0025804345406643522 -0.016533723999986889 0.034161099685493551 -0.0080065248813987605 0.089585554899650907 -0.010431062721190177 -0.014072447685041872 -0.019560199002067524 -0.013933961958852615 -0.028260918507303827 0.00036381725721346044 -0.020767559585308785 -0.003068197463324472 -0.021564271574476958 0.055208264624684138 0.027079444334018574 -0.0064771268550828914 0.038444596437149113 0.017322791623387141 -0.010556613570825445 0.010340289741727257 0.030956685528393743 0.057221060430536416 0.022263507831925936 -0.0077219834099593728 -0.015216392501011616 0.0048378438525409724
leaf_weight=8.1739189997315389 66.042962253093719 10.722597979009153 10.236600488424299 7.9813989698886862 73.180553186684847 2.4129161275923243 6.0097809061408025 5.7027736492455006 19.697727404534817 4.1365530751645547 7.3125076331198207 5.8436657004058343 308.68964843451977 2.6902988813817519 34.420838907361031 2.423454523086547 21.586322102695707 4.0578808560967436 6.6269221976399413 3.2234588861465454 3.9762400314211845 10.316213093698023 12.166003007441761 3.0772028006613246 9.265423044562338 7.1724469736218452 4.4620716534554958 3.5760733112692824 4.8252135850489131 7.5056277588009825
leaf_count=73 411 117 150 94 1125 28 87 56 291 45 116 86 4929 38 494 32 317 41 55 45 26 127 178 33 110 79 57 49 66 97
internal_value=0.000916628 -0.0117223 0.0717853 0.083754 -0.0141922 -0.0172932 0.0012466 0.0520964 0.0213586 0.0919371 -0.00650077 0.0452003 -0.022584 0.0153899 -0.0233355 0.0675885 -0.0262486 -0.0037354 0.0987525 0.0363808 0.0165117 0.0271673 -0.00784057 0.0788607 0.00647075 0.0470517 0.00389159 0.02104 0.0057501 -0.0161566
internal_weight=677.515 578.515 99.0007 88.7641 567.263 524.114 117.21 11.7126 43.1495 80.7827 105.497 23.4518 406.904 32.3167 404.491 13.1461 337.557 28.8677 72.6699 7.28134 8.11279 25.0042 66.934 11.2511 25.0075 9.86275 10.3057 12.8415 15.1414 41.9265
internal_count=9452 8671 781 631 8565 7982 1694 143 583 537 1551 292 6288 426 6260 149 5332 403 466 86 71 310 928 106 337 117 143 159 193 591
is_linear=0
shrinkage=0.035


Tree=9
num_leaves=31
num_cat=0
split_feature=96 81 81 108 3 11 116 110 82 55 55 54 3 21 70 65 87 81 56 118 115 0 0 50 96 14 65 16 45 56
split_gain=443.641 164.453 99.3798 62.0663 82.0018 61.2492 40.3264 36.168 33.9001 17.9449 17.2037 29.6328 11.1815 11.0623 10.6208 9.61715 9.57404 12.7677 11.4779 11.145 9.12744 8.35252 7.82255 7.54375 6.52365 6.42438 7.11745 6.56504 5.90881 5.75027
threshold=2.1695402298850577 347.40538503541865 316.49059762417625 94.500000000000014 4.5000000000000009 3.5000000000000004 0.76230831315577086 37.250000000000007 1.0000000180025095e-35 0.65039682539682553 0.95119047619047625 0.25543478260869573 9.5000000000000018 4.5000000000000009 12.019230769230772 2.9555335968379448 1.0000000180025095e-35 539.25510044946566 0.30495169082125612 0.63818181818181829 0.077350427350427367 2.2202893518518523 4.0473495370370385 0.066300366300366315 1.569805194805195 6.5000000000000009 1.5147058823529413 28.500000000000004 0.082079496968335955 0.66811594202898561
decision_type=2 8 10 10 2 2 2 8 10 10 10 8 2 2 8 10 10 8 8 2 2 2 2 2 2 2 10 2 2 8
left_child=1 5 6 7 21 15 9 8 10 -2 20 14 -8 -11 -12 -1 17 -9 19 -19 23 -5 28 24 -3 26 -22 -27 29 -20
right_child=2 3 -4 4 -6 -7 12 16 -10 13 11 -13 -14 -15 -16 -17 -18 18 22 -21 25 -23 -24 -25 -26 27 -28 -29 -30 -31
leaf_value=-0.013891756772646476 -0.0036931030866383645 -0.0036547254573703011 -0.025388254994584591 0.019392688756028439 0.091511904329318633 0.088287079531950835 0.011997391887437616 0.030271660706346629 -0.028922166680534347 0.0007203396956621845 0.0024033793835583832 -0.0036039001808898935 0.097440855346465086 0.065462824735433925 0.079312027896925361 0.033403022285258571 -0.033202399050239098 0.028420242794442184 0.018330832033206821 -0.012226952523564644 0.011745120209773112 -0.023924855767842691 -0.02900508372295699 -0.012128138061395427 0.046160479813109195 0.03637785642744943 -0.019227133847167847 -0.011086298783443261 -0.020025465406620344 -0.013979889623875492
leaf_weight=12.800706088542936 10.215329319238664 3.5934268869459611 10.305621448904274 3.1712265461683335 9.9772368855774385 21.282414451241493 3.4937095269560805 1.8649434372782696 37.538189627230167 4.22637815773487 3.0709784775972375 14.793894488364456 59.392345018684864 10.506993576884268 7.2638706155121335 2.4802192300558081 124.09669326245785 4.7213362604379645 10.21545619517565 57.425742525607347 7.9676326364278784 16.356910862028599 149.1981857791543 3.6652508713304988 5.9308111965656281 2.7091469280421725 36.880297489464283 3.3570694774389267 23.594018872827291 7.4019889421761027
leaf_count=169 113 51 156 41 83 137 31 24 622 43 34 211 321 72 76 24 2104 70 152 879 113 251 2419 49 70 34 525 47 366 115
internal_value=0.000567367 -0.0114003 0.0674164 -0.016476 0.0295054 0.05589 0.079086 -0.0194238 -0.00308588 0.0322413 0.00874082 0.03056 0.0939272 0.0517792 0.0646938 0.000127156 -0.024784 -0.020117 -0.0210695 -0.00725264 -0.00140466 -0.0143712 -0.0252782 0.0202354 0.0325776 -0.0083188 -0.0130985 0.01697 -0.0101073 0.00466602
internal_weight=669.498 571.358 98.1404 534.794 29.5054 36.5633 87.8348 505.289 126.771 24.9487 89.2324 25.1287 62.8861 14.7334 10.3348 15.2809 378.518 254.422 252.557 62.1471 64.1036 19.5281 190.41 13.1895 9.52424 50.9141 44.8479 6.06622 41.2115 17.6174
internal_count=9402 8666 736 8336 375 330 580 7961 1832 228 1210 321 352 115 110 193 6129 4025 4001 949 889 292 3052 170 121 719 638 81 633 267
is_linear=0
shrinkage=0.035


Tree=10
num_leaves=31
num_cat=0
split_feature=96 81 81 14 88 108 3 117 55 113 55 54 56 107 118 29 65 62 72 68 27 117 56 93 75 106 54 101 57 65
split_gain=417.21 171.95 84.7128 68.9522 57.4179 63.1531 47.0177 42.1564 37.1717 27.0772 25.7606 35.1051 11.8849 10.0638 9.98027 9.23356 8.67039 7.73583 7.03115 6.91771 6.5125 6.18766 5.61403 6.83581 5.46109 6.84457 5.13061 11.1565 5.51202 4.23741
threshold=2.2052631578947373 385.70564618521638 347.40538503541865 1.5000000000000002 1079.5000000000002 94.500000000000014 4.5000000000000009 0.65419580419580436 0.46470099667774095 0.11922530206112296 0.78281378178835126 0.22474747474747478 0.35025773195876292 809.41617585727329 0.60263157894736852 33.500000000000007 2.9555335968379448 0.51587701612903236 7.5000000000000009 3.5000000000000004 1.5000000000000002 0.83409785932721725 0.62593283582089565 77616.500000000015 1.7165178571428574 855.6500000000002 0.18465909090909094 0.17519181585677754 0.21807065217391305 3.3257575757575766
decision_type=2 8 10 2 8 10 2 2 10 2 10 8 8 10 2 2 10 2 8 8 2 2 8 2 10 10 8 2 10 10
left_child=1 3 8 16 -3 7 20 12 -2 -10 21 15 14 -13 19 -12 -1 -5 -15 -6 -7 24 23 -23 25 -9 27 28 -16 -29
right_child=2 4 -4 17 5 6 -8 10 9 -11 11 13 -14 18 26 -17 -18 -19 -20 -21 -22 22 -24 -25 -26 -27 -28 29 -30 -31
leaf_value=-0.02065798700037183 -0.0021991294983248269 -0.033671340859382989 -0.024481236206635146 0.08810587485599769 -0.0082430604327879079 -0.016569334072146506 0.084792674601074286 -0.010833772635684163 0.087007812289275024 0.0058370632903416214 0.065783520458696315 -0.017469121096861946 -0.026608603264006034 -0.013763569506155158 -0.010872737317084507 -0.00069105452795704644 0.024080901343775434 0.017238439447544138 0.031391679107365331 0.040672041218668097 0.02297471007541909 0.034618755035953658 -0.015863212201818189 -0.0094910600799002331 -0.019174074469027445 0.03054367247440011 -0.022224661673377465 -0.019939020724351914 0.03351219567236291 0.011440615013171328
leaf_weight=11.931455861777065 6.7181906998157492 161.576964084059 9.2912861071526986 23.661950558424 3.7878414168953887 10.509113356471063 9.8654114902019483 8.4849402345716936 76.44626097381115 6.163824960589408 14.146012634038927 16.348670382052664 154.69146412983537 2.8083062954246971 2.0358292646706087 2.8356471844017497 2.9952966868877402 5.0515552796423426 8.2664690464735031 3.1948449686169624 2.7102075666189185 6.6925518661737406 3.5654135085642347 4.0557926557958126 42.591809689998627 2.8754844591021529 32.386841017752886 21.599050577729944 6.9912499561905861 3.1091312915086737
leaf_count=169 76 2795 143 161 59 157 72 124 419 60 149 241 2561 37 32 33 29 44 104 45 39 81 49 53 619 40 515 346 108 47
internal_value=0.000762417 -0.0109161 0.0653929 0.0522473 -0.0166085 -0.00867123 0.0420386 -0.0126682 0.0755431 0.0816302 0.00471657 0.024089 -0.0211835 -0.00197252 -0.00873543 0.0570511 -0.00789069 0.0800439 0.0192218 0.0217699 -0.00438194 -0.00866866 0.00947291 0.0202455 -0.0138769 0.00577329 -0.0132609 -0.00289739 0.0231947 -0.0147295
internal_weight=667.389 568.769 98.6196 43.6403 525.129 363.552 23.0847 340.467 89.3283 82.6101 112.671 44.4051 227.796 27.4234 73.1048 16.9817 14.9268 28.7135 11.0748 6.98269 13.2193 68.266 14.3138 10.7483 53.9522 11.3604 66.1221 33.7353 9.02708 24.7082
internal_count=9407 8709 698 403 8306 5511 268 5243 555 479 1530 564 3713 382 1152 182 198 205 141 104 196 966 183 134 783 164 1048 533 140 393
is_linear=0
shrinkage=0.035


Tree=11
num_leaves=31
num_cat=0
split_feature=117 81 9 10 118 97 68 83 87 0 56 10 54 23 56 110 106 54 50 11 11 117 49 55 94 45 57 46 117 82
split_gain=375.415 149.219 109.888 96.0054 51.0861 113.732 36.7415 34.6983 30.798 25.2146 14.1034 9.29171 14.2434 11.0758 12.1935 8.72291 14.5747 8.61389 7.77051 7.23917 6.82513 6.72845 5.22195 5.18995 5.29803 4.83031 4.72808 4.67958 4.21868 4.17241
threshold=0.83827375762859646 347.40538503541865 4.5000000000000009 3.5000000000000004 0.48333333333333339 1.769621509501855 2.5000000000000004 1384.5000000000002 1.0000000180025095e-35 4.7096238425925927 0.20611577964519143 3.5000000000000004 0.34848484848484856 1.5000000000000002 0.64031250000000017 37.250000000000007 1072.8611111111113 0.28991596638655465 0.10501253132832082 8.5000000000000018 3.5000000000000004 0.52440476190476204 0.098387096774193564 0.5447860962566845 36119.250000000007 0.15047169811320757 0.27429467084639503 0.028778467908902695 0.59417229729729748 132.50000000000003
decision_type=2 8 2 2 2 2 10 10 10 2 10 2 8 2 10 10 10 8 2 2 2 2 2 10 2 2 8 2 2 10
left_child=1 6 20 7 5 -3 17 25 9 11 23 12 13 14 18 16 -12 -1 26 -15 -2 -21 -17 -11 -25 -4 -6 -26 -29 -9
right_child=2 4 3 -5 8 -7 -8 29 -10 10 15 -13 -14 19 -16 22 -18 -19 -20 21 -22 -23 -24 24 27 -27 -28 28 -30 -31
leaf_value=0.027684748236438593 -0.017959327430095616 -0.02161814327724907 0.085338308149811193 -0.025490503945757404 0.004528495888443335 0.096817094883518043 0.074822717345833761 -0.013863334579186423 -0.033631329203577497 -0.01243956983954886 -0.015435892030218787 -0.023320658774758168 -0.014650861352216993 -0.012569208483600901 -0.0067610659898157694 -0.026358097786007485 0.029383668984467849 -0.019832974732995709 0.0015190024095161417 -0.012832604137156962 0.016286375783011172 0.033432782435041705 0.0072597524783963498 -0.010593144247682184 -0.0033996475018297431 0.026638557881137843 0.064205325878919986 0.0034569733136433104 0.053423018180075811 0.0202822481479988
leaf_weight=2.5533381327986691 22.043178953230385 24.288406785577536 85.88732998073101 10.23787024989724 2.7283826470375105 10.368590559810398 23.463164806365967 4.387313585728406 143.26906714215875 6.6109611243009594 43.634897235780954 8.1112202703952772 18.263812117278576 14.997949883341791 5.6012321524322024 166.91195492446423 6.0822267085313788 7.3206709921360025 4.2324845753610125 2.5951065458357316 5.3462229222059241 6.3941362909972668 3.8734015896916381 3.2193328700959674 3.5130162835121137 7.5705551877617827 9.8201628401875496 3.8324000611901283 2.7814256474375725 3.3258916884660721
leaf_count=21 331 398 488 149 36 92 146 68 2550 99 622 123 276 228 84 2791 82 102 61 41 58 81 63 46 49 57 128 58 32 31
internal_value=0.00148917 -0.0121424 0.051629 0.0665012 -0.0171799 0.0215544 0.0546323 0.0765723 -0.0203224 -0.0138017 -0.0191728 0.00404398 0.00890608 0.0187075 0.0339227 -0.0216935 -0.0077688 -0.00236945 0.045937 0.00110788 -0.00979255 0.0202636 -0.0254108 0.00744458 0.018 0.0821776 0.0562173 0.0275867 0.0384232 0.00304631
internal_weight=663.266 524.467 138.798 111.409 491.13 34.657 33.3372 101.171 456.473 313.204 240.46 72.7445 64.6333 46.3695 22.3823 220.502 49.7171 9.87401 16.781 23.9872 27.3894 8.98924 170.785 19.9571 13.3462 93.4579 12.5485 10.1268 6.61383 7.71321
internal_count=9391 8209 1182 793 7940 490 269 644 7450 4900 3842 1058 935 659 309 3558 704 123 225 350 389 122 2854 284 185 545 164 139 90 99
is_linear=0
shrinkage=0.035


Tree=12
num_leaves=31
num_cat=0
split_feature=116 81 11 10 108 11 3 117 89 86 27 32 23 82 0 45 118 56 45 56 0 54 100 54 55 54 98 81 90 83
split_gain=335.438 155.973 74.0202 63.3618 59.217 52.1521 42.5922 32.6238 21.7582 16.8237 14.233 14.7739 14.908 12.8432 11.9419 10.4462 12.3946 12.1723 9.85161 9.30424 8.3742 8.30785 7.97291 5.73138 5.17695 8.17867 4.58457 4.51594 4.51455 4.43954
threshold=0.66862745098039222 385.70564618521638 3.5000000000000004 3.5000000000000004 117.50000000000001 2.5000000000000004 4.5000000000000009 0.73401360544217698 804.25000000000011 293.75877528154797 13.500000000000002 6.5000000000000009 2.5000000000000004 3.5000000000000004 4.7096238425925927 0.10582306830907055 0.83438818565400863 0.66811594202898561 0.15419580419580423 0.20611577964519143 13.060613425925927 0.34848484848484856 0.11324786324786326 0.25543478260869573 0.73746867167919816 0.20416666666666669 1.693979933110368 452.50265221412877 65741.500000000015 1856.5000000000002
decision_type=2 8 2 2 10 2 2 2 8 10 2 2 2 10 2 2 2 8 2 8 2 8 2 8 10 8 2 8 2 8
left_child=1 5 27 18 7 -1 20 13 -9 -7 11 24 28 14 15 16 17 21 -4 26 -6 -3 -12 -11 -10 -26 -16 -2 -13 -21
right_child=2 4 3 -5 6 9 -8 8 10 23 22 12 -14 -15 19 -17 -18 -19 -20 29 -22 -23 -24 -25 25 -27 -28 -29 -30 -31
leaf_value=-0.01477103832029523 0.014014357157422818 0.05189421582260044 0.079076374589696685 -0.019785939849489363 0.022771238910232007 0.079112332920689504 0.075726399260652361 -0.026879430665635053 -0.022882389677574552 0.031813124558174283 0.04902248946448251 0.05418806205080029 -0.012817425164980453 -0.033402180881278498 -0.0096538931367130387 -0.01787124566172258 -0.013159735939023445 -0.012058931729665247 0.015116581532192181 0.010278042624425795 -0.021164267933744159 -0.0051423528137872938 0.0022652802833336497 -0.0091649534780450861 0.027108445037355738 -0.01252623703810179 0.021095164528062361 -0.019848487736402364 0.0036639281171342449 -0.025374635035647297
leaf_weight=10.543116226792334 2.6267299018800232 9.1492243632674253 77.623816169798374 7.3956469334661952 3.2932550385594395 26.268121719360352 9.3835370540618879 22.989174105226994 19.165276695042849 3.4910414479672882 8.9801845699548739 6.4187035635113734 6.5000477954745284 120.01528022810817 10.419799223542212 31.177396852523088 14.096319906413553 5.1221271306276313 5.8378670252859584 1.8671223074197758 10.747659780085085 2.9403350390493879 7.3098320141434661 4.8981568440794954 4.7657669857144382 13.430062513798473 4.7507358044385901 12.706227611750364 3.6257227212190628 188.85640661418438
leaf_count=147 34 124 410 109 43 164 59 402 274 28 84 65 83 2227 154 495 215 83 46 34 173 45 84 53 48 188 71 173 39 3228
internal_value=0.000342902 -0.0107723 0.0558287 0.0673101 -0.0164789 0.0482768 0.0332381 -0.0192139 -0.000562488 0.0669008 0.00927056 -0.000273716 0.0233452 -0.0236248 -0.0187216 -0.00483762 0.00881531 0.0257238 0.0757099 -0.0227205 -0.00758577 0.0405763 0.0335006 0.0133996 -0.0122538 0.00146041 0.00281759 -0.0120277 0.0432294 -0.024772
internal_weight=656.395 550.204 106.19 90.8573 505.004 45.2004 23.4245 481.58 93.1848 34.6573 70.1956 53.9056 16.5445 388.395 268.379 62.4854 31.308 17.2117 83.4617 205.894 14.0409 12.0896 16.29 8.3892 37.3611 18.1958 15.1705 15.333 10.0444 190.724
internal_count=9382 8610 772 565 8218 392 275 7943 1267 245 865 697 187 6676 4449 962 467 252 456 3487 216 169 168 81 510 236 225 207 104 3262
is_linear=0
shrinkage=0.035


Tree=13
num_leaves=31
num_cat=0
split_feature=117 81 11 81 108 3 11 55 88 117 55 54 65 97 56 0 107 117 47 0 56 92 54 68 96 100 76 110 96 90
split_gain=341.828 134.339 88.6647 68.73 46.0018 47.1395 44.2057 33.5875 26.2757 26.4022 21.3233 15.4988 10.218 9.66227 9.2231 9.01963 8.62834 8.58415 7.2055 6.82022 5.79613 6.46102 6.71745 5.74074 5.6509 4.88087 4.62935 8.45123 5.31003 5.27783
threshold=0.84045454545454557 385.70564618521638 2.5000000000000004 434.32254476783305 94.500000000000014 4.5000000000000009 3.5000000000000004 0.46470099667774095 1079.5000000000002 0.65419580419580436 0.78281378178835126 0.20416666666666669 2.9555335968379448 2.9784571001579669 0.36474501108647456 13.060613425925927 1846.4116826416596 0.13961038961038963 0.13188405797101452 0.94059027777777782 0.63702239789196324 34645.500000000007 0.31009615384615391 2.5000000000000004 1.7703296703296705 0.067816091954023008 0.64069127984100238 61.250000000000007 1.4387500000000002 76476.550000000017
decision_type=2 8 2 10 10 2 2 10 8 2 10 8 10 2 8 2 8 2 2 2 10 2 10 10 2 2 8 10 2 2
left_child=1 6 -2 7 8 15 12 25 -3 14 16 -12 -1 -13 17 -6 18 -10 -11 -16 21 -18 -23 -7 -9 -4 29 28 -28 -19
right_child=2 4 3 -5 5 23 -8 24 9 10 11 13 -14 -15 19 -17 20 26 -20 -21 -22 22 -24 -25 -26 -27 27 -29 -30 -31
leaf_value=-0.016788504047110478 -0.019440290072115028 -0.033077964810521415 0.01961073377224657 -0.022389668007879081 0.018694840357948224 0.013179346446339963 0.071453634587636497 0.019613261950079119 0.026259589028189652 -0.025394251743268297 0.047354116864248688 0.03121421195910529 0.029672000022905685 -0.011537721474501833 -0.0022754645788649604 -0.025607045497969261 -0.011451276762353288 -0.02360990029240416 0.016511321159451343 -0.028638375771648697 -0.015617205777469934 0.036409192922299813 -0.011467036377715243 0.079743048552541815 0.072346076425581218 -0.016853234128395123 0.032866855410550726 -0.01547963471739665 -0.005695679140644185 0.0076168248366099414
leaf_weight=11.902332231402395 18.680633317679167 137.77396865561604 2.8869920000433904 9.7151734158396703 3.885054834187037 4.5236684419214708 24.078034419566393 7.1446386612951747 2.8439585268497458 32.745096247643232 11.756098240613936 4.2931834161281612 3.8317890390753737 16.431376900523901 14.228018827736376 13.791075136512516 4.7691546082496705 38.902222722768784 2.3223384693264952 126.46667931601405 6.6747737824916831 9.2596038877964002 2.1731550507247439 6.8955918774008751 102.22941694781184 5.502863060683012 5.6210339590907115 16.27282614633441 5.2911343909800053 5.369934268295764
leaf_count=162 291 2616 26 158 51 38 152 75 39 492 127 56 36 219 230 229 67 644 31 2243 99 124 32 42 578 76 91 269 85 89
internal_value=0.00123376 -0.0123097 0.0475236 0.0576998 -0.0176442 0.0222619 0.0458809 0.0649498 -0.0204831 -0.0143603 0.00148182 0.0223123 -0.00104697 0.00166417 -0.0209056 -0.0138948 -0.0110396 -0.00996698 -0.0209049 -0.026142 0.00512002 0.0153315 0.0265887 0.0654175 0.0699094 -0.00166824 -0.0130318 -0.00120648 0.0182543 -0.0194337
internal_weight=658.262 512.102 146.16 127.479 472.29 29.0954 39.8122 117.764 443.195 305.421 90.4248 32.4807 15.7341 20.7246 214.996 17.6761 57.9441 74.3011 35.0674 140.695 22.8767 16.2019 11.4328 11.4193 109.374 8.38986 71.4572 27.185 10.9122 44.2722
internal_count=9467 8263 1204 913 7913 360 350 755 7553 4937 1247 402 198 275 3690 280 845 1217 523 2473 322 223 156 80 653 102 1178 445 176 733
is_linear=0
shrinkage=0.035


Tree=14
num_leaves=31
num_cat=0
split_feature=117 81 11 10 82 108 3 11 81 117 55 54 16 34 97 65 0 110 108 0 72 107 10 44 71 0 42 81 86 125
split_gain=280.15 124.942 73.6003 73.1842 50.1013 53.4257 44.4896 38.0529 34.0174 23.0289 17.5335 12.0526 10.729 10.1081 10.0976 8.63585 6.92496 7.78574 6.77503 6.50314 5.77495 5.7195 5.03961 4.97471 4.94502 4.67328 4.64246 4.24404 4.16603 3.71135
threshold=0.83827375762859646 385.70564618521638 2.5000000000000004 3.5000000000000004 1.0000000180025095e-35 94.500000000000014 4.5000000000000009 3.5000000000000004 273.96594751508638 0.65419580419580436 0.78281378178835126 0.20416666666666669 22.500000000000004 4.5000000000000009 2.5949206877225417 2.9555335968379448 2.5939004629629632 191.25000000000003 7.5000000000000009 4.0473495370370385 9.5000000000000018 2614.7666088934661 2.5000000000000004 0.42761904761904768 4.1314703842600862 2.2202893518518523 1.5000000000000002 487.74629606443972 293.75877528154797 6.5000000000000009
decision_type=2 8 2 2 10 10 2 2 10 2 10 8 2 2 2 10 2 10 10 2 8 10 2 2 10 2 10 10 10 2
left_child=1 7 -2 8 5 9 25 15 18 13 19 12 -12 16 -13 -1 17 24 22 20 -11 29 -4 -15 -3 -7 -19 -10 -9 -21
right_child=2 4 3 -5 -6 6 -8 28 27 10 11 14 -14 23 -16 -17 -18 26 -20 21 -22 -23 -24 -25 -26 -27 -28 -29 -30 -31
leaf_value=-0.01607900161075046 -0.018104437426461225 -0.020138094130440966 0.073212285588187723 -0.025893213506997262 -0.03403663181782525 0.015674289384840261 0.076046714890906392 0.074913463336981456 0.016694336812372194 -0.0084380131351948478 0.056266555581533408 0.034513094724856933 -0.0066099328049711477 -0.0061946963690549129 -0.010648048325506832 0.027211055991481364 -0.024144278967559225 -0.0073283475804099933 0.024419762500167658 -0.023375469793077044 0.027011344011871195 0.014149857813653193 0.032513143054019894 0.030254947305974011 0.0053619691443763618 -0.019604298532144692 0.037777906874626663 -0.017306379738458305 0.019921643610445072 0.0058397898398854405
leaf_weight=11.349286682903765 18.882055569440126 25.980120856314898 81.15368814393878 10.83123207092285 138.19283321499825 2.4276140406727817 10.995664834976195 19.145845256745819 2.7810062170028669 8.4945233948528731 8.7284085154533368 3.3811827264726189 3.1155748330056658 7.7410871721804124 17.068074684590101 3.6317541524767867 161.67064183577895 2.3717704042792311 12.202610313892363 34.978518567979336 5.4074942506849775 3.3466986715793601 16.409442760050297 2.9305738434195518 10.792081881314514 9.4080685414373857 2.1098222620785236 6.0066277123987675 6.7582895979285231 4.122297164052724
leaf_count=156 298 423 416 164 2680 30 68 103 30 117 90 43 33 134 232 34 2888 38 107 540 69 49 106 48 172 155 28 97 53 60
internal_value=0.00106768 -0.0114287 0.0425455 0.0517408 -0.0167299 -0.00896835 0.0377409 0.043916 0.0595944 -0.0130536 0.00189229 0.0207299 0.0426744 -0.0191575 0.00213282 -0.00140138 -0.0209152 -0.00701851 0.0646855 -0.00971297 0.00884844 -0.0160839 0.0682857 0.0102741 -0.0129082 -0.00986224 0.0226303 -0.00439424 0.0661107 -0.0199825
internal_weight=652.415 504.148 148.267 129.385 463.263 325.07 22.8313 40.8852 118.553 302.239 88.6428 32.2932 11.844 213.596 20.4493 14.981 202.924 41.2538 109.766 56.3495 13.902 42.4475 97.5631 10.6717 36.7722 11.8357 4.48159 8.78763 25.9041 39.1008
internal_count=9461 8243 1218 920 7897 5217 253 346 756 4964 1233 398 123 3731 275 190 3549 661 629 835 186 649 522 182 595 185 66 127 156 600
is_linear=0
shrinkage=0.035


Tree=15
num_leaves=31
num_cat=0
split_feature=117 81 9 10 108 3 21 82 117 106 116 10 83 92 110 11 107 65 35 29 55 11 101 0 69 0 45 54 0 40
split_gain=289.838 119.118 81.2747 70.6554 45.3782 41.8734 25.3797 25.2897 23.7448 17.6467 12.7932 11.4469 11.2442 10.978 10.9398 18.0438 9.03316 8.69795 8.5229 8.51237 6.03471 10.2077 5.81637 5.77502 5.21528 5.19516 4.79835 4.74831 3.85601 3.80023
threshold=0.83827375762859646 357.33930270589445 4.5000000000000009 3.5000000000000004 90.500000000000014 4.5000000000000009 2.5000000000000004 1.0000000180025095e-35 0.65419580419580436 621.25739130434795 0.77871939736346529 3.5000000000000004 1419.5000000000002 35342.500000000007 260.25000000000006 5.5000000000000009 1901.569081328141 2.1622807017543866 26.500000000000004 4.5000000000000009 0.78281378178835126 6.5000000000000009 0.41522988505747133 13.060613425925927 3.2500000000000004 1.1760011574074076 0.073350071736011491 0.13423423423423428 13.060613425925927 9.5000000000000018
decision_type=2 8 2 2 10 2 2 10 2 10 2 2 10 2 10 2 8 10 2 2 10 2 2 2 10 2 2 10 2 2
left_child=1 6 25 10 7 23 17 8 14 20 12 13 18 28 24 -16 -7 -1 -4 22 -10 -22 -15 -6 29 -2 -26 -21 -11 -3
right_child=2 4 3 -5 5 16 -8 -9 9 11 -12 -13 -14 19 15 -17 -18 -19 -20 27 21 -23 -24 -25 26 -27 -28 -29 -30 -31
leaf_value=-0.020039671134485567 0.013346009931394681 -0.025595668403776011 0.052646547251406536 -0.025185366569795805 0.013307498534770489 0.074083164869357607 0.059332736095280947 -0.0325181536391436 -0.020628235938132167 0.014955313688035446 0.073253386074575905 -0.013138821455159787 -0.0039749982602667391 0.063068334020592823 -0.013291210692789868 0.053016372551624565 0.008050949436752922 0.026514535495539639 0.0081208024246462503 0.028735021175837996 -0.013762502450088846 0.02913171916182768 0.0032669227336594841 -0.022127405783188902 0.01643437927827485 -0.01796500139201657 -0.014619246662392138 -0.0070266235285306325 -0.017307269752428831 -0.0064364824349545701
leaf_weight=7.4182494059205037 4.5635013245046165 161.5405283793807 33.504287458956242 9.9757501892745477 4.132294610142714 8.5461484305560553 27.67908526584506 130.81043312698603 30.497486736625433 3.0742777623236197 67.926114942878485 8.3779674470424634 5.5306442268192759 8.858060088008644 12.951949037611483 2.0640498697757712 4.7807400859892377 3.1589213386178017 8.4735418334603292 2.530656483024357 12.889145605266096 6.0171922743320456 2.9923795089125624 14.194519348442553 5.6110102571547023 21.865084957331419 9.3981533721089345 7.8414986729621887 5.7885013595223427 18.059262283146381
leaf_count=105 53 2901 227 153 54 51 162 2615 469 32 305 128 79 101 226 25 42 26 55 32 181 62 42 246 92 330 164 105 80 317
internal_value=0.0012034 -0.0117314 0.0427483 0.0541337 -0.0167859 0.0212554 0.0440725 -0.0198032 -0.0137872 0.0013534 0.0617494 0.0176446 0.0398921 0.0266122 -0.0200878 0.00678993 0.0590545 -0.00208816 0.0454796 0.0376994 -0.0120856 0.0031268 0.0534179 -0.0129978 -0.0222798 -0.0112953 -0.00180441 0.00820712 -0.00475851 -0.0238957
internal_weight=651.051 499.213 151.839 125.41 460.956 31.6537 38.2563 429.303 298.492 88.8672 115.435 39.4633 47.5085 31.0854 209.625 15.016 13.3269 10.5772 41.9778 22.2226 49.4038 18.9063 11.8504 18.3268 194.609 26.4286 15.0092 10.3722 8.86278 179.6
internal_count=9460 8258 1202 819 7965 393 293 7572 4957 1232 666 520 361 392 3725 251 93 131 282 280 712 243 143 300 3474 383 256 137 112 3218
is_linear=0
shrinkage=0.035


Tree=16
num_leaves=31
num_cat=0
split_feature=117 81 9 10 108 88 11 110 69 83 117 117 55 56 118 65 26 29 122 41 54 71 110 0 107 11 8 118 47 90
split_gain=241.397 112.465 64.0819 64.3588 48.6992 30.984 30.1242 29.1912 23.1303 21.5569 14.4189 13.6571 16.6606 11.9017 11.879 11.1264 10.5301 10.3964 9.49018 12.9148 8.62437 7.68955 7.53165 5.70365 5.40492 5.10147 5.02646 4.98868 4.7982 4.74567
threshold=0.83827375762859646 385.70564618521638 4.5000000000000009 3.5000000000000004 224.50000000000003 1079.5000000000002 3.5000000000000004 1098.5000000000002 2.7500000000000004 1384.5000000000002 0.21498599439775914 0.65419580419580436 0.79361054766734285 0.35025773195876292 0.48333333333333339 2.9555335968379448 18.500000000000004 18.500000000000004 2.5000000000000004 14.500000000000002 0.20416666666666669 2.1245889496801307 42.750000000000007 133.91498842592594 2602.1747376059338 2.5000000000000004 2.5000000000000004 0.77859477124183019 0.10948202054794522 64641.557598039224
decision_type=2 8 2 2 10 8 2 8 10 10 2 2 10 8 2 10 2 2 2 10 8 8 8 2 8 2 2 2 2 2
left_child=1 6 25 9 5 -3 15 -6 11 16 24 13 28 14 -7 -1 26 -18 23 21 -14 -20 -23 -12 -10 -2 -4 -22 -13 -27
right_child=2 4 3 -5 7 8 -8 -9 10 -11 18 12 20 -15 -16 -17 17 -19 19 -21 27 22 -24 -25 -26 29 -28 -29 -30 -31
leaf_value=-0.018901691274685588 -0.01882351104990836 -0.032649151145890891 0.070780840573322276 -0.02523849506825979 0.068667832847204013 0.033952201754861085 0.060121272454411318 -0.018195227144825337 0.054417557847646181 0.0010435955096686797 -0.018556294126219789 -0.020021917210047507 0.040239326620965313 -0.027761916292267898 -0.012427903281226886 0.029742553400116598 0.045107893913418219 0.00045416330457239226 -0.0087957830885298429 -0.020488764821297221 0.02348128822546092 0.052099905490762606 0.0040302841732490751 0.01338483462662486 -0.0020546218457674621 0.022037243433109185 0.019271127569824267 -0.0096236502617788669 0.0096941451910894424 -0.012220009442960122
leaf_weight=10.194538325071333 16.282322712242607 128.63797080889344 74.172287948429585 10.168431729078291 8.2944887951016391 2.8117336072027674 26.850561924278736 4.6993636563420305 4.1383822299540034 8.0890076570212823 26.962378937751058 35.164565771818161 7.5312187112867859 121.6588966101408 53.070530362427235 4.2782351970672599 13.940744340419771 9.7915565595030767 3.9353881515562597 5.8415508531033984 3.1561086364090434 7.8577238582074616 7.1063551418483266 4.8442951068282118 2.2310270629823208 6.1351017989218217 7.0759784653782836 12.667495563626288 4.8626713939011088 4.6355200260877609
leaf_count=144 271 2648 376 162 61 26 151 78 48 103 444 538 78 2245 919 38 73 58 61 88 38 95 118 78 35 73 37 175 71 51
internal_value=0.000959256 -0.0110608 0.0389949 0.0493498 -0.0163013 -0.0184688 0.0410949 0.0409263 -0.0120339 0.0568424 0.00646445 -0.0168979 -0.00267356 -0.0217637 -0.00749758 -0.000577425 0.0608989 0.0299696 -0.000704893 0.0140531 0.0185414 0.0267824 0.0359986 -0.0125341 0.0424324 -0.00851614 0.0676721 0.00103201 -0.0157363 0.00809358
internal_weight=637.086 486.795 150.291 123.238 445.472 432.478 41.3233 12.9939 303.84 113.07 62.9171 240.923 63.3821 177.541 55.8823 14.4728 104.981 23.7323 56.5477 24.741 23.3548 18.8995 14.9641 31.8067 6.36941 27.0529 81.2483 15.8236 40.0272 10.7706
internal_count=9381 8177 1204 809 7844 7705 333 139 5057 647 967 4090 900 3190 945 182 544 131 884 362 291 274 213 522 83 395 413 213 609 124
is_linear=0
shrinkage=0.035


Tree=17
num_leaves=31
num_cat=0
split_feature=117 81 81 11 108 10 11 11 82 0 11 116 10 69 54 35 49 128 45 54 41 45 91 116 116 118 11 109 109 117
split_gain=250.877 97.6559 60.8971 50.4881 45.3044 42.1707 38.023 35.5224 23.0497 17.213 13.1991 11.8459 11.67 11.0674 9.11767 14.1151 9.06574 7.3652 7.21789 7.16433 9.61664 5.10504 4.99984 4.93026 8.17571 5.10786 4.8489 4.62796 6.07293 4.18851
threshold=0.83409785932721725 385.70564618521638 332.60676822318106 2.5000000000000004 94.500000000000014 3.5000000000000004 2.5000000000000004 3.5000000000000004 1.0000000180025095e-35 4.7096238425925927 6.5000000000000009 0.83558558558558571 3.5000000000000004 2.7500000000000004 0.22474747474747478 27.500000000000004 0.074537037037037054 0.31909090909090915 0.12365342291208156 0.22474747474747478 12.500000000000002 0.07634032634032635 4826.7036100195101 0.3628526645768026 0.11834733893557424 0.88115415657788543 13.500000000000002 1499.0000000000002 344.50000000000006 0.21498599439775914
decision_type=2 8 10 2 10 2 2 2 10 2 2 2 2 10 8 2 2 2 2 8 10 2 10 2 2 2 2 10 10 2
left_child=1 7 3 -2 8 11 27 17 9 10 16 14 23 26 15 -5 -3 -1 -8 20 21 -15 -23 24 -12 -25 -11 28 -6 -21
right_child=2 4 -4 5 6 -7 18 -9 -10 13 12 -13 -14 19 -16 -17 -18 -19 -20 29 -22 22 -24 25 -26 -27 -28 -29 -30 -31
leaf_value=-0.017611805252751231 -0.01432807153451 -0.014793393805548625 -0.022664108996189002 0.058089518722458211 -0.012902794230865971 -0.021483579394804352 0.070536420661214627 0.057069594539654871 -0.032270155838106815 -0.02401571338792129 0.036836957319930495 0.069505513494959634 -0.018103848147281051 0.037781405195234145 0.012219687054038249 0.0092625794082856292 0.026763450061771929 0.024553069107517672 0.0073775314693936929 0.012486411564056676 -0.019642762605442503 -0.014089694220408089 0.020352227184340516 0.058081604520944116 -0.0095281955320207241 0.0061295594417497797 -0.0018283088127601425 -0.024367889064319127 0.028800378060982137 -0.020747896286919112
leaf_weight=12.428395900875328 13.46950203925371 43.070385862141848 14.887709606438873 32.077980190515518 5.4993090182542863 6.5174101218581191 8.9400985613465291 27.568731293082237 120.17384656891227 162.15706987679005 2.1926580853760305 62.439033478498459 4.6680876910686484 6.6853704862296643 16.475214246660471 11.699166618287562 2.7700125128030768 2.3441100493073455 4.1589867323637 2.2470527365803745 5.4926606789231291 5.9669100008904916 4.8537693843245506 4.8738720864057523 9.1717753931879979 4.7522940337657928 13.933700345456598 9.0845359787344915 2.4402641505002975 18.819764815270901
leaf_count=170 211 693 260 179 95 95 61 151 2569 2951 29 267 76 93 142 72 38 19 39 36 90 96 76 54 145 58 229 146 26 329
internal_value=0.0010641 -0.0114598 0.0387259 0.0456821 -0.0164207 0.0522387 0.0223914 0.0365867 -0.0194941 -0.0137747 0.001111 0.0568427 0.0191842 -0.0185263 0.0394 0.0473279 -0.00989709 -0.0064041 0.0580612 -0.00249278 0.0100508 0.0216615 0.00290921 0.0293641 0.00793942 0.0432969 -0.022359 -0.012005 0.00609077 -0.0154879
internal_weight=641.86 484.294 157.566 142.678 441.952 129.209 30.1232 42.3412 411.829 291.655 71.4991 122.691 25.6587 220.156 60.2524 43.7771 45.8404 14.7725 13.0991 44.0655 22.9987 17.506 10.8207 20.9906 11.3644 9.62617 176.091 17.0241 7.93957 21.0668
internal_count=9495 8269 1226 966 7929 755 367 340 7562 4993 1093 660 362 3900 393 251 731 189 100 720 355 265 172 286 174 112 3180 267 121 365
is_linear=0
shrinkage=0.035


Tree=18
num_leaves=31
num_cat=0
split_feature=96 81 81 10 117 68 9 84 88 117 56 107 65 75 74 54 91 99 50 35 117 55 86 56 0 0 66 107 27 46
split_gain=226.076 71.6136 70.7349 55.6447 39.8742 67.7169 39.8409 28.4715 17.1279 18.0398 14.7424 14.0724 12.6565 10.4599 11.8956 12.0597 9.36326 9.0261 7.68182 7.1294 7.46974 6.70663 6.67613 5.92135 6.54207 5.54911 5.17774 5.60643 4.94096 4.64395
threshold=1.8473193473193474 385.70564618521638 347.40538503541865 3.5000000000000004 0.12916666666666668 3.5000000000000004 3.5000000000000004 1158.2500000000002 1079.5000000000002 0.65733855185909984 0.62593283582089565 407.33244047339832 1.2071428571428573 1.7165178571428574 11.250000000000002 0.34848484848484856 550.77863571647856 0.41042780748663105 0.079595736122284808 18.500000000000004 0.86391694725028068 0.59761904761904772 293.75877528154797 0.33558558558558566 0.94059027777777782 1.2407002314814817 1.0045249791095132 952.58825829056639 3.5000000000000004 0.055300713557594298
decision_type=2 8 10 2 2 10 2 10 8 2 10 8 10 10 8 8 10 2 2 2 2 10 10 10 2 2 8 10 2 2
left_child=1 7 3 6 5 11 28 12 -6 23 18 16 -1 14 -11 21 -3 -15 -8 20 -12 -16 -14 29 -25 -13 27 -19 -2 -10
right_child=2 4 -4 -5 8 -7 10 -9 9 13 19 25 22 17 15 -17 -18 26 -20 -21 -22 -23 -24 24 -26 -27 -28 -29 -30 -31
leaf_value=-0.0035937919471204401 -0.01801469209815753 -0.0064912292618057232 -0.023901149323045986 -0.021208355269859477 -0.032804513231670517 0.068858437086930999 0.061236283320925892 -0.023014678278570795 -0.018530845057932527 -0.0097253866328739884 -0.0052027566415041851 0.0069225575013361126 0.059419642674579332 0.026737158555052792 0.0010501376746692717 -0.0084143727795996277 0.046162697212636251 -0.015898760459404856 0.016501358897724753 -0.013062320731961506 0.042547456781204113 0.066925295242650965 0.010551350664845747 -0.00083953381495149371 -0.028832905057797391 -0.026335640082174996 -0.018671791123300349 0.018871836348259046 0.015988711588674615 0.00063855231015440977
leaf_weight=5.4678573980927458 9.7832167781889421 6.5955086052417737 19.510442562401295 12.844996392726896 103.3658234141767 12.363911028951405 104.27692955359817 6.8436806648969641 34.787131894379854 8.9741101264953631 4.6298209764063341 5.2526790276169768 20.982327573001388 3.2327957302331916 2.5495438501238796 3.8194070868194112 2.7915510796010494 5.2291420325636855 9.573991119861601 4.3791033178567877 6.6295826360583305 4.7575601302087307 6.8220408260822287 11.628801725804804 103.42153574153781 30.497638739645481 40.751900922507048 8.1351352445781213 3.5231490060687056 24.812433250248432
leaf_count=75 148 109 370 202 2272 114 535 91 613 124 52 74 121 34 37 59 19 81 82 39 37 56 56 201 2036 555 595 112 39 432
internal_value=0.000984455 -0.0120866 0.0341939 0.0419937 -0.0164967 0.00985873 0.0482041 0.0301091 -0.0208377 -0.0153885 0.0539403 -0.0115576 0.0426152 -0.00118924 0.0179614 0.0363839 0.0197685 -0.00880359 0.0583269 0.0156113 0.0273508 0.0537052 0.0508651 -0.0214769 -0.0261563 -0.0211993 -0.0130086 0.00464235 -0.00710359 -0.0111185
internal_weight=628.234 453.083 175.151 155.641 412.967 57.5013 142.796 40.1159 355.465 252.099 129.489 45.1374 33.2722 77.4496 20.1006 11.1265 9.38706 57.349 113.851 15.6385 11.2594 7.3071 27.8044 174.65 115.05 35.7503 54.1162 13.3643 13.3064 59.5996
internal_count=9370 7866 1504 1134 7523 871 932 343 6652 4380 745 757 252 1098 276 152 128 822 617 128 89 93 177 3282 2237 629 788 193 187 1045
is_linear=0
shrinkage=0.035


Tree=19
num_leaves=31
num_cat=0
split_feature=117 81 11 10 108 3 21 82 83 110 91 10 56 0 116 115 56 41 54 16 71 0 84 97 126 86 107 91 56 54
split_gain=216.013 94.4211 55.2591 50.8953 50.1414 36.1415 28.5834 25.9431 21.2023 18.8323 12.0237 19.1519 9.99983 8.79618 8.02622 10.1159 7.49756 7.49468 9.25763 8.75474 7.52872 6.93885 6.58263 6.55157 5.96 5.32226 5.05452 4.96164 4.87701 9.2173
threshold=0.83827375762859646 385.70564618521638 2.5000000000000004 3.5000000000000004 94.500000000000014 4.5000000000000009 2.5000000000000004 1.0000000180025095e-35 1384.5000000000002 37.250000000000007 3802.3330066555568 3.5000000000000004 0.36474501108647456 0.94059027777777782 0.77871939736346529 0.30461293743372225 0.66811594202898561 6.5000000000000009 0.22474747474747478 12.500000000000002 4.9357679798190164 2.2202893518518523 513.25000000000011 2.1818812163974433 1.0000000180025095e-35 301.81566429665872 1657.5532078206209 2903.7578720125198 0.62593283582089565 0.22474747474747478
decision_type=2 8 2 2 10 2 2 10 10 8 10 2 8 2 2 2 10 8 10 2 10 2 10 2 2 10 10 8 10 10
left_child=1 6 -2 8 7 21 22 9 14 10 -3 16 17 27 15 28 24 18 19 20 -11 -6 -1 -7 -12 -8 -10 -14 29 -4
right_child=2 4 3 -5 5 23 25 -9 26 12 11 -13 13 -15 -16 -17 -18 -19 -20 -21 -22 -23 -24 -25 -26 -27 -28 -29 -30 -31
leaf_value=0.020412321308669754 -0.01928428232588416 -0.011359989162982673 0.05437717994470103 -0.024693049002859627 0.018504505975079962 0.0072008054256313377 0.060692397487284139 -0.032816155890868226 -0.016333459647622256 0.043810212964418817 0.052047944864099506 -0.016240487212478557 0.017701136167458779 -0.026624059539977544 0.061605323894638832 -0.00089003021913300578 -0.0058625877733596374 -0.018500136777091353 -0.010678369650418322 -0.0080060725610338109 -0.010403353413254568 -0.021237142168406151 -0.020086962554246014 0.067439948347244649 0.0095865687357270211 0.012989417745123287 0.020447048435685945 -0.013423010108366442 0.0046912568730288874 0.0094929703144512635
leaf_weight=2.8740097656846038 16.833136335015297 34.735009621828794 27.354524798691273 9.6230880357325059 3.2735401690006318 4.1010497026145449 22.855580013245348 114.20104059576988 6.3343464173376542 8.9336795881390589 11.221725888550287 12.074081789702175 6.644480470567939 120.57226289063692 72.586559019982815 8.027357663959263 4.181908704340457 32.718399494886398 24.310910295695066 7.3262319825589648 1.9290745556354512 13.161624547094105 8.9671880938112718 10.614026058465241 9.0389918535947782 6.8172962106764308 2.7067265845835209 8.630456205457449 5.3636403381824485 9.7308366969227773
leaf_count=31 288 503 154 161 40 31 119 2586 93 152 127 200 112 2380 312 57 62 565 428 128 33 235 122 58 111 54 29 145 40 86
internal_value=0.00143814 -0.0105367 0.0361107 0.043123 -0.0155329 0.0245072 0.0370703 -0.0189445 0.0487835 -0.0128597 0.00257545 0.0156027 -0.0180094 -0.0235722 0.0524426 0.0349016 0.0314192 -0.00711959 0.00266684 0.0189602 0.0339381 -0.0108515 -0.00711538 0.0567355 0.0387516 0.0531863 -0.00196205 0.00114224 0.0410505 0.045127
internal_weight=627.743 469.183 158.56 141.727 427.668 31.1502 41.5141 396.518 132.104 282.317 71.2517 36.5167 211.065 135.847 123.063 50.4764 24.4426 75.2183 42.4999 18.189 10.8628 16.4352 11.8412 14.7151 20.2607 29.6729 9.04107 15.2749 42.449 37.0854
internal_count=9442 8222 1220 932 7896 364 326 7532 771 4946 1003 500 3943 2637 649 337 300 1306 741 313 185 275 153 89 238 173 122 257 280 240
is_linear=0
shrinkage=0.035


Tree=20
num_leaves=31
num_cat=0
split_feature=116 81 88 27 117 3 54 119 117 32 66 0 55 69 107 10 65 118 100 119 56 81 56 118 54 55 101 65 76 55
split_gain=193.063 93.8646 57.0859 48.1357 57.1201 31.1978 26.2491 23.0979 22.5424 29.2778 17.9967 12.8705 12.6172 11.44 10.6357 10.1691 7.97723 7.58088 7.38391 6.41281 6.36705 5.47688 5.33139 5.20757 5.04948 4.87254 4.72722 4.38019 4.14716 4.0488
threshold=0.77871939736346529 385.70564618521638 1079.5000000000002 1.5000000000000002 0.17028985507246377 7.5000000000000009 0.26969696969696971 3.0699765066114293 0.65733855185909984 6.5000000000000009 1.031324477059161 15.682447916666669 0.77525466893039063 1.7500000000000002 729.9365518852768 2.5000000000000004 1.3541666666666667 0.86863675582398636 0.10620300751879701 0.62711717603783845 0.20864427860696519 254.34767271043299 0.1856158484065461 0.87895437895437911 0.34848484848484856 0.95119047619047625 0.32843137254901966 1.6794871794871797 0.93581779977745994 0.55409356725146208
decision_type=2 8 8 2 2 2 8 10 2 2 10 2 10 10 10 2 8 2 2 8 8 8 10 2 8 10 2 8 8 10
left_child=1 6 -3 8 16 -2 29 11 19 23 14 17 28 -8 -11 -9 -5 18 -6 24 -21 -15 -13 25 -4 -10 -7 -25 -12 -1
right_child=5 2 3 4 7 26 13 15 9 10 12 22 -14 21 -16 -17 -18 -19 -20 20 -22 -23 -24 27 -26 -27 -28 -29 -30 -31
leaf_value=0.0096671843866282751 -0.0071667246324327106 -0.032186944110415776 0.023359882310426478 0.0036435751979943024 0.042143825503075515 0.058701064197187236 -0.018870670296220662 0.045597297171314541 -0.0092966920690838555 -0.00072514483455382898 -0.02188033035235723 0.013780883267903247 0.028695161795772191 0.037015054576114294 0.065885403423737623 -0.0046673969354964684 0.07478485825997723 -0.0091100512601439351 -0.0059723838012506652 0.0020011503476922835 -0.024538119534419707 -0.0020079394273622049 -0.02127238181547661 0.0012446869833016652 -0.012189741748373199 0.021820257036471974 0.017861769848317544 -0.027216310796959114 0.012523321628223323 0.058723608465659431
leaf_weight=4.5982189849019077 10.053609285503624 127.6521930322051 3.731039680540559 2.7500577308237579 6.9031316526234168 65.804085467010736 9.9907789528369921 12.305551245808603 14.906882151961328 3.6301733441650859 12.71681746467948 2.568317010998725 8.6596658900380117 6.5950902365148041 8.2968933880329114 5.6939439773559561 13.409788236021994 8.5238879024982435 4.1712436638772488 11.204230848699806 140.47785492613912 6.3182003460824498 42.360553443431854 7.7369136586785308 6.4238242171704778 3.9312399849295607 9.4614845588803274 28.346749559044838 2.0845242664217958 25.447235342115164
leaf_count=30 155 2893 57 37 95 288 145 107 218 42 179 30 71 47 82 78 123 120 61 181 2736 59 734 115 112 47 59 382 24 123
internal_value=0.000344776 -0.00762876 -0.0126098 -0.00513444 0.0150905 0.0476831 0.0345877 0.0018242 -0.0131897 0.000849263 0.02384 -0.00833499 0.00326897 0.00442877 0.0513859 0.0321387 0.0663999 0.0131581 0.0278001 -0.0208145 -0.0225765 0.0226908 -0.0180892 -0.0147177 0.00426943 0.000411685 0.0549997 -0.021705 -0.0150964 0.0536663
internal_weight=616.754 531.435 478.485 350.833 98.6865 85.3192 52.9495 82.5266 252.147 90.3099 35.3881 64.5271 23.461 22.9041 11.9271 17.9995 16.1598 19.5983 11.0744 161.837 151.682 12.9133 44.9289 54.9218 10.1549 18.8381 75.2656 36.0837 14.8013 30.0455
internal_count=9430 8928 8524 5631 1385 502 404 1225 4246 1160 398 1040 274 251 124 185 160 276 156 3086 2917 106 764 762 169 265 347 497 203 153
is_linear=0
shrinkage=0.035


Tree=21
num_leaves=31
num_cat=0
split_feature=116 81 88 0 11 45 11 116 50 42 108 3 110 55 57 55 27 24 128 115 11 55 72 110 46 49 112 110 61 107
split_gain=183.179 81.0743 46.9063 41.556 41.3578 26.9793 24.6724 18.4751 18.4054 13.6394 11.8522 15.767 14.4271 11.7692 11.238 10.4783 9.88559 9.12638 8.19798 7.11054 6.14638 6.59272 5.82742 5.78845 6.13958 5.69225 4.80378 4.59239 4.37223 4.15369
threshold=0.66862745098039222 385.70564618521638 1079.5000000000002 4.7096238425925927 3.5000000000000004 0.10582306830907055 3.5000000000000004 0.83558558558558571 0.071796759941089847 1.0000000180025095e-35 90.500000000000014 4.5000000000000009 37.250000000000007 0.88516483516483524 0.30094339622641514 0.83130081300813019 7.5000000000000009 3.5000000000000004 0.24025974025974028 0.064866760168302964 7.5000000000000009 0.56736587333602262 7.5000000000000009 15.750000000000002 0.038218111002921142 0.069366479550922219 0.018019480519480522 233.00000000000003 0.97162977867203237 1743.9743424797912
decision_type=2 8 8 2 2 2 2 2 2 10 10 2 8 10 8 10 2 2 2 2 2 10 10 10 2 2 2 10 2 8
left_child=1 6 -3 5 -2 8 18 13 9 -4 12 -12 15 23 -11 19 -10 -17 -1 -5 27 -22 -19 -6 -25 -14 -23 -7 -21 -30
right_child=4 2 3 10 7 20 -8 -9 16 14 11 -13 25 -15 -16 17 -18 22 -20 28 21 26 -24 24 -26 -27 -28 -29 29 -31
leaf_value=-0.016094646268094835 -0.012883493700739913 -0.03155474811807564 -0.0050899011511463853 0.015241311402349543 -0.013364470447518014 -0.021993952595869684 0.047243727151515327 0.058941570725925915 -0.019362892497494323 0.0044168126657130741 -0.0158040531290277 0.040369950070285703 -0.02258136846506998 0.044098802323750887 0.058227046072189259 -0.009988130600179437 0.028346455671024767 0.00036483020126005204 0.025313421204534319 -0.02568270041771829 -0.012607940604833889 0.041599250025492557 0.043241581275156447 -0.0049142763578042424 0.029859651606125751 0.0082872477861096385 -0.0046917321493284312 0.01136073153500029 -0.014340265785132143 0.014061448036458257
leaf_weight=12.808993414044382 14.294269621372221 119.84201745316386 5.7610782496631137 6.2981499396264544 7.5066243819892433 22.640988320112232 33.394491314888 61.520667094737291 10.879653710871933 6.7007050625979927 8.5948813334107381 6.8546742349863043 153.04047022759914 16.005011927336454 24.539699390530586 7.9857537969946888 3.0688879117369643 5.6984969638288003 3.7741841673851004 21.558124449104071 5.3306763395667058 3.0125909596681595 7.7923169508576393 8.4002874344587344 10.336443174630402 5.2605570144951335 2.7902293764054775 2.9338639527559272 8.8323225080966914 6.6440227851271638
leaf_count=181 205 2813 85 82 70 377 171 263 170 87 156 45 3035 87 257 121 39 52 30 330 89 36 76 75 87 103 41 36 135 98
internal_value=0.000942045 -0.00846298 -0.013279 -0.00619015 0.0391952 0.0138885 0.0318197 0.0466316 0.0292791 0.0408775 -0.0137017 0.012896 -0.0157858 0.0243657 0.0488871 -0.00167819 -0.00415608 0.0161411 -0.00298959 -0.011266 -0.00842231 0.0103214 0.0301265 0.00719973 0.0165182 -0.0213332 0.0274714 -0.0169355 -0.0170506 -0.00169109
internal_weight=614.101 496.038 446.06 326.218 118.063 87.6584 49.9777 103.769 50.95 37.0015 238.56 15.4496 223.11 42.2484 31.2404 64.8092 13.9485 21.4766 16.5832 43.3326 36.7083 11.1335 13.4908 26.2434 18.7367 158.301 5.80282 25.5749 37.0345 15.4763
internal_count=9432 8645 8263 5450 787 1217 382 582 638 429 4233 201 4032 319 344 894 209 249 211 645 579 166 128 232 162 3138 77 413 563 233
is_linear=0
shrinkage=0.035


Tree=22
num_leaves=31
num_cat=0
split_feature=96 81 81 108 27 11 84 66 46 87 56 55 65 96 110 55 63 86 68 119 26 55 54 99 48 45 56 116 20 42
split_gain=176.691 59.9696 53.4271 41.4962 35.3993 30.2044 22.674 21.313 17.8545 17.3388 14.9665 16.5479 13.9202 11.0587 9.83556 7.838 7.21479 7.10802 6.35015 6.05147 5.97541 5.17249 6.26335 5.10737 4.85878 4.7342 4.44532 4.2321 4.09287 3.8477
threshold=1.8355855855855858 385.70564618521638 347.40538503541865 94.500000000000014 9.5000000000000018 2.5000000000000004 1158.2500000000002 1.8931123681515742 0.087228260869565227 1.0000000180025095e-35 0.30495169082125612 0.80600358422939078 1.2928571428571431 3.3229166666666674 37.250000000000007 0.83130081300813019 0.64232409381663125 293.75877528154797 2.5000000000000004 3.1864935816503563 8.5000000000000018 0.48212005108556838 0.11483516483516486 0.6132478632478634 0.017021584818194994 0.10582306830907055 0.30116279069767443 0.90521114106019784 1.0000000180025095e-35 2.5000000000000004
decision_type=2 8 10 10 2 2 10 8 2 10 8 10 10 2 8 10 2 10 8 8 2 10 10 2 2 2 10 2 2 10
left_child=1 6 4 9 8 -5 12 -6 13 10 11 21 -1 15 25 26 24 -14 -7 29 -10 -3 23 -23 -13 28 -2 -28 -12 -17
right_child=2 3 -4 5 7 18 -8 -9 20 -11 14 16 17 -15 -16 19 -18 -19 -20 -21 -22 22 -24 -25 -26 -27 27 -29 -30 -31
leaf_value=-0.0091565618156184275 0.0054382732838605362 -0.025734322116596514 -0.023025098375480405 -0.01136545258216488 0.0076187751049209898 0.0057218491621364382 -0.022391386679904136 0.058965035352350391 0.0042558018902969265 -0.032043062200110509 0.018891756519221127 0.042906249212098173 0.054672910295181586 0.036849599032061246 -0.02320827139871149 -0.0019591808390844131 -0.0053739775710102801 0.0097361790965128439 0.061397709816387529 -0.0066642763794834987 0.049288042847551096 -0.011520711658658651 -0.010414664568942572 0.030287040850387296 -0.0020145111127521922 -0.014260826876459465 -0.024767366090949521 0.0097646358870562659 -0.0075165659816117981 0.035927036122722064
leaf_weight=5.1064726188778868 10.627773843705656 14.223935242742298 18.178158335387707 16.484217219054702 13.357457946985958 4.3495207503437969 6.2522138506174079 67.179060813039541 5.552627649158242 97.679341018199921 11.098423384130003 10.20532187074423 20.973384056240324 6.4432518407702437 152.9471328780055 3.7575321272015589 6.1535063274204722 8.192750580608843 10.021341379731894 8.4177172817289811 16.517974473536015 2.2227106764912596 28.919153124094009 5.4969791620969772 3.1222909651696673 17.852344609797001 18.100261077284816 2.5251725353300563 9.2262087352573854 7.7428190484642982
leaf_count=73 107 257 375 273 93 38 84 321 59 2413 149 140 119 29 3082 46 95 65 62 81 111 38 484 91 43 283 226 23 137 53
internal_value=0.000229432 -0.0119077 0.0290456 -0.0161774 0.0354714 0.0204042 0.026447 0.0513921 0.0172963 -0.0195572 -0.014379 -0.000493174 0.0370728 0.00573749 -0.0193468 -0.00111141 0.0235325 0.0453223 0.0503732 0.0140956 0.0408372 -0.010978 -0.00284698 0.0184526 0.034704 -0.00298071 -0.0114104 -0.0194593 0.0077867 0.0267057
internal_weight=608.927 430.527 178.4 390.002 160.222 30.8551 40.5248 80.5365 79.6851 359.147 261.468 70.3439 34.2726 57.6145 191.124 51.1713 19.4811 29.1661 14.3709 19.9181 22.0706 50.8628 36.6388 7.71969 13.3276 38.177 31.2532 20.6254 20.3246 11.5004
internal_count=9450 7926 1524 7585 1149 373 341 414 735 7212 4799 1148 257 565 3651 536 278 184 100 180 170 870 613 129 183 569 356 249 286 99
is_linear=0
shrinkage=0.035


Tree=23
num_leaves=31
num_cat=0
split_feature=117 81 81 117 68 11 10 88 21 110 10 11 119 97 118 69 40 97 55 66 46 94 90 49 45 86 99 0 65 117
split_gain=165.433 63.6234 46.0852 44.5608 59.5235 37.2829 32.6392 19.7297 19.6114 17.0192 14.8147 22.3482 12.8852 10.6585 10.8118 10.047 9.93879 9.03307 8.85104 6.53488 13.5075 7.49758 6.42993 5.61172 5.33504 5.18783 6.61179 4.63187 4.41489 5.55718
threshold=0.83827375762859646 375.84735085770393 340.86611123870415 0.12916666666666668 3.5000000000000004 2.5000000000000004 3.5000000000000004 1079.5000000000002 2.5000000000000004 61.250000000000007 3.5000000000000004 6.5000000000000009 2.510465975790916 1.9644910455513627 0.40833333333333338 2.2500000000000004 27.500000000000004 2.7324839057116246 0.89417693169092949 3.2489309982789938 0.059850746268656725 66348.250000000015 44649.923809523818 0.074537037037037054 0.14729990356798459 271.69162411992949 0.96875000000000011 3.6295486111111117 2.2052631578947373 0.70540019286403099
decision_type=2 8 10 2 10 2 2 8 2 10 2 2 10 2 2 10 2 2 10 8 2 2 2 2 2 10 2 2 10 2
left_child=1 8 5 4 13 -2 19 -5 27 10 11 17 15 -3 -15 18 28 22 -13 20 21 -7 -9 -19 -24 -10 -27 -1 29 -14
right_child=2 3 -4 7 -6 6 -8 9 25 -11 -12 12 16 14 -16 -17 -18 23 -20 -21 -22 -23 24 -25 -26 26 -28 -29 -30 -31
leaf_value=0.015540866558560709 -0.016449862972344305 -0.019898950809501076 -0.023544672766791109 -0.031924596283132878 0.065323045569005284 0.025096245803396987 -0.021507270785512029 -0.01513073475820401 0.051326219982232385 -0.023464532651831644 -0.026057751767593857 -0.009435560949494208 -0.011000059498716633 0.042443815918630209 -0.0069594917348061117 0.059791139308535197 0.035229471495827835 -0.020870385510799738 0.03829752137993718 0.05649210402447305 0.049169816094378052 -0.005874660885672278 0.032751297309167475 0.014453086141032538 -0.0075276315930397231 0.028914615097945406 -0.012762573433921488 -0.019106523660855919 -0.015316210814147847 0.028752294554419508
leaf_weight=2.8770510330796233 12.16079046949744 27.600078403949738 13.842269122600554 95.348177067935467 14.151857532560824 26.275148205459118 6.6005764901638022 4.9473818168044117 20.463515471667055 104.95011953264475 27.425038665533066 9.1497843600809592 4.7677340134978348 3.7674479745328417 11.288055788725613 7.160976216197013 3.6860133297741404 52.315631117671728 2.5020745471119872 59.819432117044926 32.567910313606262 11.462294407188891 7.5472349449992162 2.6177293471992007 3.6142769232392311 5.828673914074896 4.3453178815543652 8.204886715859173 18.686240460723639 3.5363522134721279
leaf_count=29 205 542 268 2407 120 141 103 87 100 2167 507 159 88 23 201 85 43 912 37 278 165 75 116 41 65 37 33 114 283 42
internal_value=0.00145962 -0.00957275 0.0311322 -0.0138898 0.0139323 0.0368154 0.0419662 -0.0185611 0.0293432 -0.0130017 -0.00505574 0.000570494 0.0176573 -0.00818246 0.0129026 0.0369934 0.00227642 -0.0117108 0.00923619 0.0458626 0.0336681 0.0161025 0.00926538 -0.0181218 0.0214146 0.0421124 0.0127743 -0.00807635 -0.00702679 0.0103723
internal_weight=609.51 446.782 162.728 405.062 56.8074 148.886 136.725 348.255 41.7194 252.907 147.956 120.531 49.4892 42.6556 15.0555 18.8128 30.6763 71.0423 11.6519 130.125 70.3054 37.7374 16.1089 54.9334 11.1615 30.6375 10.174 11.0819 26.9903 8.30409
internal_count=9473 8238 1235 7925 886 967 762 7039 313 4632 2465 1958 737 766 224 281 456 1221 196 659 381 216 268 953 181 170 70 143 413 130
is_linear=0
shrinkage=0.035


Tree=24
num_leaves=31
num_cat=1
split_feature=96 87 10 83 108 81 97 9 56 133 117 10 117 110 47 106 96 9 71 119 55 66 128 119 47 29 9 45 45 65
split_gain=158.931 62.0998 53.6842 42.7775 40.657 36.0437 30.0522 24.1075 16.7985 19.258 15.0169 14.6099 13.4999 9.62944 10.3747 8.53007 8.26554 7.27675 6.93566 6.19626 6.14723 5.79712 5.79568 5.67162 5.21914 4.71423 5.22468 4.48418 4.43865 4.24522
threshold=1.8765243902439026 1.0000000180025095e-35 2.5000000000000004 1341.5000000000002 125.50000000000001 427.93862360328291 1.9536549858406314 3.5000000000000004 0.60158730158730167 0 0.21498599439775914 3.5000000000000004 0.69113355780022456 58.250000000000007 0.099019607843137278 868.63765182186251 2.9309523809523812 3.5000000000000004 1.6372347310774018 1.3701350864696433 0.5727513227513229 1.5681283595599715 0.2834821428571429 1.000162128780518 0.052289815447710192 1.0000000180025095e-35 2.5000000000000004 0.15569985569985573 0.13906469760900145 2.3245614035087727
decision_type=2 8 2 10 10 10 2 2 8 1 2 2 2 10 2 10 2 2 10 8 10 10 2 8 2 2 2 2 2 10
left_child=1 -1 5 4 8 7 29 -2 9 10 17 16 18 14 15 -11 21 -3 19 -12 -16 24 -14 25 -4 26 -10 -17 -9 -6
right_child=2 3 11 -5 6 -7 -8 28 23 13 12 -13 22 -15 20 27 -18 -19 -20 -21 -22 -23 -24 -25 -26 -27 -28 -29 -30 -31
leaf_value=0.052179367099267786 -0.0016778983846701329 -0.0012403683088593699 -0.006596874086992644 -0.032064745269817597 -0.017361327711216755 -0.022146439641355747 0.061574343264288109 0.053940678925214681 -0.011344211330090113 -0.016075208358000002 -0.015307547456625575 -0.026415968677016639 0.031595894054918083 -0.020766757022022905 -0.008342463212286556 0.021788747604921745 0.03487099213581879 0.058767442639980259 -0.019232655831107878 0.025061821425566025 0.039436003232562383 -0.01555302702674906 -0.0046458647253757547 -0.024788411864307226 0.030449956049624576 -0.016123152701297543 0.027890938683778406 -0.010305914269498038 0.018863167284558828 0.016527817162742247
leaf_weight=13.858134020119904 11.486257392913101 2.9899378828704339 6.1442355290055328 102.34879596531391 9.3269723877310771 7.4762434624135485 12.935894653201101 91.780239626765251 3.5732419751584548 37.631097532808781 3.5047550387680504 15.436375662684439 14.983838222920896 62.200419429689646 2.6423412375152093 10.502265699207781 6.7265277132391921 5.317492850124836 24.11543021351099 6.6857254542410383 5.5434663668274879 11.457517735660074 5.8259230032563201 84.470133360475302 4.777557510882616 8.7621416226029378 4.7618181928992271 4.5018909797072402 12.047315061092375 2.0890431366860858
leaf_count=102 168 48 72 2502 158 157 77 428 71 633 69 287 166 1258 46 170 33 54 409 107 79 120 58 1686 39 173 79 81 86 21
internal_value=0.00102614 -0.0102837 0.0294507 -0.0129677 -0.00630377 0.040989 0.0331434 0.0458326 -0.0101477 -0.0037019 0.0114032 -0.00328379 0.00305782 -0.0116305 -0.00141928 -0.00772885 0.0110585 0.0448187 -0.0101076 0.0107092 0.0266981 -0.00115982 0.0225152 -0.0212514 0.0140819 -0.00212151 0.013124 0.01199 0.0509242 -0.00801466
internal_weight=595.903 428.571 167.332 414.713 312.364 122.79 24.3519 115.314 288.012 186.445 63.4231 44.5422 55.1157 123.021 60.8211 52.6353 29.1058 8.30743 34.3059 10.1905 8.18581 22.3793 20.8098 101.567 10.9218 17.0972 8.33506 15.0042 103.828 11.416
internal_count=9437 8047 1390 7945 5443 839 256 682 5187 3178 911 551 809 2267 1009 884 264 102 585 176 125 231 224 2009 111 323 150 251 514 179
cat_boundaries=0 1
cat_threshold=2
is_linear=0
shrinkage=0.035


Tree=25
num_leaves=31
num_cat=0
split_feature=96 88 81 108 10 110 83 9 27 110 88 110 97 0 101 69 21 100 110 65 50 95 94 46 27 100 46 27 100 26
split_gain=142.498 53.6811 49.41 47.9929 36.1909 30.7007 27.9291 25.884 23.9192 17.636 12.5331 10.697 9.67577 8.86174 8.43472 7.96572 10.032 9.21507 13.6437 10.6705 6.83064 5.99577 5.92661 5.24867 5.22409 4.95364 4.39152 4.17061 4.12843 3.77825
threshold=1.8355855855855858 1079.5000000000002 347.40538503541865 165.50000000000003 2.5000000000000004 1234.0000000000002 1341.5000000000002 3.5000000000000004 4.5000000000000009 188.25000000000003 903.50000000000011 37.250000000000007 2.1077430455129713 0.75317129629629631 0.18808962264150947 3.2500000000000004 4.5000000000000009 0.32305502846299816 47.250000000000007 2.2886904761904767 0.061381475667189961 852.50000000000011 81854.000000000015 0.025320512820512824 16.500000000000004 0.13188405797101452 0.054200940070505292 3.5000000000000004 0.074537037037037054 18.500000000000004
decision_type=2 10 10 10 2 10 10 2 2 10 8 10 2 2 2 10 2 2 8 10 2 2 2 2 2 2 2 2 2 2
left_child=1 3 4 6 7 21 8 27 15 10 -10 23 -11 28 26 17 -17 -1 19 20 -19 -5 -15 -12 -16 -25 -6 -2 -13 -9
right_child=2 -3 -4 5 14 -7 -8 29 9 12 11 13 -14 22 24 16 -18 18 -20 -21 -22 -23 -24 25 -26 -27 -28 -29 -30 -31
leaf_value=-0.021833955404061276 -0.016433532695306299 0.060527676523054443 -0.024166106165780726 0.0069688194311972301 -0.00056856725690313653 -0.020863336336030096 -0.031441094883146718 0.050582466352775628 0.02750803360997164 -0.0054931024067158343 -0.0076985033360908372 0.030065184204104149 0.059042283149258717 -0.02568442435568798 -0.018831975152412136 -0.015737303272729552 0.026208865795148983 0.051848859811514728 -0.018402176000916624 -0.0093091379257021906 -0.005948927985455865 0.066000457950315741 0.01154053249569246 0.035545310388554255 0.0119079189546921 -0.0061207970855636472 0.031441970132867494 0.016051911234011024 -0.010332609691994232 0.023783934612658892
leaf_weight=150.6135632507503 8.7213825285434705 7.7407099530100814 17.661576349288225 3.9161951802670982 8.3974484242498892 6.2027181647717944 97.85931297019124 88.715646810829639 10.653658658266066 2.8286712132394296 6.615506254136565 2.9308446906507006 5.4475468546152115 35.572068642824888 16.996534511446956 9.9676332250237483 8.2901807986199838 5.6048782803118211 20.055464759469032 6.5816906355321407 2.0472660958766937 10.897977557033299 3.1185366027057162 7.3274836093187314 5.804638970643281 3.0776088908314705 8.2719915919005853 2.8048083856701842 1.8916318714618681 21.894018806517124
leaf_count=2992 137 42 384 64 78 111 2474 441 68 42 86 45 49 661 237 177 129 75 424 112 36 57 58 83 52 43 61 31 31 117
internal_value=0.00075462 -0.0106421 0.0263544 -0.0127418 0.0324352 0.0337351 -0.0157134 0.0415288 -0.00981569 0.00618754 -0.000672317 -0.0073523 0.0432234 -0.0161017 0.00279067 -0.0160734 0.00484871 -0.0182126 -0.00155166 0.0208025 0.0401455 0.0560916 -0.0217067 0.0135928 -0.0102721 0.0252347 0.0189059 -0.00606363 0.0170256 0.046536
internal_weight=588.509 409.241 179.268 401.5 161.606 21.0169 380.484 122.136 282.624 79.4636 71.1873 60.5337 8.27622 43.5131 39.4706 203.161 18.2578 184.903 34.2893 14.2338 7.65214 14.8142 38.6906 17.0206 22.8012 10.4051 16.6694 11.5262 4.82248 110.61
internal_count=9397 7859 1538 7817 1154 232 7585 726 5111 1166 1075 1007 91 795 428 3945 306 3639 647 223 111 121 719 212 289 126 139 168 76 558
is_linear=0
shrinkage=0.035


Tree=26
num_leaves=31
num_cat=0
split_feature=117 81 82 110 97 10 54 45 117 81 87 65 26 27 116 74 45 54 47 70 8 110 75 98 50 44 0 54 107 55
split_gain=133.665 49.9824 43.475 45.0789 61.695 36.8555 36.5909 16.2938 15.4388 14.0622 12.648 11.775 11.5061 9.32531 9.25379 8.70914 8.39096 13.0852 8.06612 5.83952 5.72148 5.63268 5.45224 5.25988 4.65592 4.39632 4.30881 4.05666 3.70031 3.83064
threshold=0.73401360544217698 420.30579107873831 1.0000000180025095e-35 270.75000000000006 1.7983802258258772 3.5000000000000004 0.30384615384615393 0.15047169811320757 0.17028985507246377 446.06589977418145 1.0000000180025095e-35 2.5590277777777781 27.500000000000004 2.5000000000000004 0.76230831315577086 18.750000000000004 0.07419919919919922 0.25543478260869573 0.038218111002921142 13.984848484848486 2.5000000000000004 35.750000000000007 1.341666666666667 1.4472222222222224 0.10275263951734541 0.95833333333333337 2.4328125000000003 0.22474747474747478 1837.7640941860936 0.60136986301369866
decision_type=2 10 8 10 2 2 8 2 2 10 8 10 2 2 2 10 2 8 2 10 2 8 8 2 2 2 2 10 10 10
left_child=2 5 -1 9 26 6 7 12 -6 10 -4 15 20 -8 -14 21 17 18 -13 -18 -2 28 -23 -21 -25 -24 -5 -17 -12 -30
right_child=1 -3 3 4 8 -7 13 -9 -10 -11 11 16 14 -15 -16 27 19 -19 -20 23 -22 22 25 24 -26 -27 -28 -29 29 -31
leaf_value=0.052343348196865522 0.049351887361820057 -0.023655483491414275 0.027914811503754477 0.0053783090072949341 0.066638780948180557 -0.020729359434659218 -0.011923511354845 0.0042604200651974108 -0.0063461190887631989 -0.032126560775399542 -0.014737426309556108 0.04290039376425251 -0.0078026890764590498 0.019971624882589342 0.0322881974110895 0.029978749138625641 -0.020682061624405945 -0.01412669626214195 -0.0026379854344815352 -0.01439701006338257 0.012271233160866942 -1.4417761389108719e-05 -0.027601222298606086 0.026512721787480792 -0.010552255049802606 0.0033688496490997311 -0.026328004761081058 -0.006983044926712945 -0.010158555901417171 0.024052117830066583
leaf_weight=7.7237622216343871 107.95156781747937 22.426305305212736 4.1341518461704245 4.8587091118097332 17.222862992435697 14.574758499860762 24.074796237051487 16.153119463473558 3.2524120248854151 70.778756592422724 7.9082686118781549 9.2796623110771197 10.614744108170273 13.29749074205756 9.6315156370401365 1.9069236442446698 28.596740264445543 11.604565430432556 6.3266927488148204 7.4301022402942207 9.450902231037615 10.384726874530314 123.00680167973042 7.7018893063068372 2.9152846783399582 4.8014053627848616 18.202399954199791 4.593890119343996 3.1344723217189312 4.7690309770405293
leaf_count=48 581 520 23 72 122 248 350 136 66 1967 143 146 86 138 40 34 541 206 107 142 49 218 2555 139 50 107 379 90 53 65
internal_value=0.00142018 0.0221148 -0.0118004 -0.0139165 0.0179388 0.0275465 0.0316615 0.0389946 0.0560753 -0.0186148 -0.0140275 -0.015335 0.0427785 0.00044267 0.0138867 -0.0205321 -0.00345461 0.0108086 0.0282788 -0.0120163 0.0469901 -0.0222525 -0.024445 0.00322299 0.0162153 -0.0263547 -0.0198798 0.0121788 -0.00182124 0.0118054
internal_weight=588.709 228.175 360.534 352.81 43.5364 205.749 191.174 153.802 20.4753 309.273 238.495 234.36 137.649 37.3723 20.2463 160.506 73.8549 27.2109 15.6064 46.644 117.402 154.005 138.193 18.0473 10.6172 127.808 23.0611 6.50081 15.8118 7.9035
internal_count=9421 2148 7273 7225 639 1628 1380 892 188 6586 4619 4596 756 488 126 3265 1331 459 253 872 630 3141 2880 331 189 2662 451 124 261 118
is_linear=0
shrinkage=0.035


Tree=27
num_leaves=31
num_cat=0
split_feature=116 83 88 0 130 11 56 27 100 47 66 108 110 3 45 99 57 87 0 26 116 113 26 117 115 74 57 50 98 97
split_gain=118.575 73.0517 48.3581 37.6341 29.7646 23.7372 22.6643 18.9198 21.4248 20.0157 11.7582 11.2794 12.7434 12.6745 8.35619 8.89104 7.72858 7.16014 6.87843 5.85897 5.64161 5.36311 5.30142 5.2979 5.26452 5.21371 4.87532 4.81211 4.93307 4.60043
threshold=0.76230831315577086 1341.5000000000002 1079.5000000000002 4.7096238425925927 4.5000000000000009 3.5000000000000004 0.20611577964519143 1.5000000000000002 0.080540540540540564 0.059411764705882358 1.2921670150507663 90.500000000000014 37.250000000000007 4.5000000000000009 0.07419919919919922 0.58114035087719318 0.26006441223832533 1.5000000000000002 124.7259201388889 8.5000000000000018 0.38501602564102572 0.074537037037037054 2.5000000000000004 0.57002801120448188 0.2487113402061856 18.750000000000004 0.4188596491228071 0.038278388278388288 1.134848484848485 3.7216920820473907
decision_type=2 8 8 2 2 2 8 2 2 2 10 10 8 2 2 2 10 10 2 2 2 2 2 2 2 10 8 2 2 2
left_child=1 4 17 7 -1 -2 18 9 24 20 19 12 14 -13 16 22 -8 -3 23 -11 -4 26 -16 -5 -9 -14 -22 28 -18 -17
right_child=5 2 3 6 -6 -7 11 8 -10 10 -12 13 25 -15 15 29 27 -19 -20 -21 21 -23 -24 -25 -26 -27 -28 -29 -30 -31
leaf_value=-0.01339577407631209 -0.0081857567305692776 0.0052944406331936027 -0.018757596484611994 0.00090141484466656121 0.045366369167064012 0.043315132071067138 0.030900263497710835 0.055576913419763473 -0.0055250508241655154 0.0004842873730486224 -0.0056313097091792302 -0.014782808613872963 -0.024519311989825276 0.036314767510187085 0.030626903970534917 0.00059512108757443273 -0.0092171553157950458 -0.032242318392805301 -0.0083065193490898682 0.05940327325010742 -0.0054511826195643128 -0.018018560972997144 -0.0080668459625946633 0.038202276706744712 0.0018203609427048001 0.0068115030058689347 0.02825930970405386 -0.018861311813714039 0.026776742748233377 -0.027620255377934475
leaf_weight=11.352419324219225 10.960431173443792 5.2249767817556849 26.918046906590462 6.8668411932885709 39.128285486251116 78.659615837037563 7.9792970158159759 19.620764598250393 10.797608509659765 2.6121064797043783 5.9350483156740657 7.9987956807017309 126.37456149980426 6.709285918623209 3.6035250239074212 9.0275093503296358 5.5021322704851645 102.88770800828934 6.5640074908733359 6.6934045813977718 6.9074063189327726 4.3786082901060572 5.5174557119607925 11.378001861274241 2.8348243758082381 4.8252966180443755 7.0633772313594827 7.835127603262662 4.4793646521866322 24.636089835315943
leaf_count=217 159 95 474 115 231 371 87 198 143 39 85 153 2814 41 36 142 62 2709 92 74 89 67 70 113 27 102 85 105 44 373
internal_value=0.00101566 -0.00583432 -0.0104904 -0.00371563 0.0321353 0.0369169 -0.0110376 0.0145843 0.0338619 0.00221397 0.0314583 -0.0147469 -0.0169442 0.0118257 -0.00428848 -0.0132166 0.0102612 -0.0302744 0.0181261 0.0488143 -0.00978171 0.00458274 0.0126519 0.027377 0.050358 -0.0231593 0.0145483 -0.00372801 0.0104814 -0.0209553
internal_weight=581.272 491.652 441.171 333.058 50.4807 89.62 239.297 93.7612 33.2532 60.508 15.2406 214.488 199.78 14.7081 68.5805 42.7846 25.7959 108.113 24.8089 9.30551 45.2674 18.3494 9.12098 18.2448 22.4556 131.2 13.9708 17.8166 9.9815 33.6636
internal_count=9412 8882 8434 5630 448 530 4349 1281 368 913 198 4029 3835 194 919 621 298 2804 320 113 715 241 106 228 225 2916 174 211 106 515
is_linear=0
shrinkage=0.035


Tree=28
num_leaves=31
num_cat=0
split_feature=117 88 117 68 96 109 10 81 117 55 54 21 46 99 32 81 44 97 83 56 76 82 44 94 115 110 118 66 43 91
split_gain=126.379 44.9282 44.7573 54.1201 35.7409 21.2403 24.1827 19.3624 16.7426 14.1963 13.7342 13.2744 10.5746 11.5782 10.5646 10.1929 10.1774 8.91412 8.27612 7.26758 7.32748 5.60316 5.10498 4.9924 4.86868 4.23467 3.49448 3.45784 3.44445 4.03514
threshold=0.80131578947368431 1079.5000000000002 0.12916666666666668 2.5000000000000004 3.2583333333333337 2537.0000000000005 3.5000000000000004 262.32276477727902 0.65419580419580436 0.82247899159663873 0.20416666666666669 1.5000000000000002 0.061381475667189961 0.50757575757575768 4.5000000000000009 307.81647953920447 0.56594202898550738 2.9497618896713784 1102.5000000000002 0.23466833541927412 1.2270087328486541 3.5000000000000004 0.5270467836257311 75749.500000000015 0.32392686804451515 37.250000000000007 0.9281411359724614 1.7312573805550466 0.44342189500640211 4374.9609296322278
decision_type=2 10 2 10 2 10 2 8 2 10 8 2 2 2 2 8 2 2 8 10 8 8 2 2 2 8 2 10 2 10
left_child=1 2 3 16 5 14 12 -4 19 22 25 -5 13 26 18 -15 -1 -12 -2 20 23 -21 28 -9 -14 -11 -7 -24 -10 -30
right_child=4 -3 7 11 -6 6 -8 8 9 10 17 -13 24 15 -16 -17 -18 -19 -20 21 -22 -23 27 -25 -26 -27 -28 -29 29 -31
leaf_value=-0.021989582539637193 0.017610902102042757 0.055068304225580463 0.020195871037694796 0.0014360364627617084 0.050124707561834209 0.043309133953532759 -0.019667230218694012 -0.019077295553632755 -0.021334155386625347 0.047227827629508598 0.022412086892002622 0.062687472993288085 0.050752632144932641 0.031514773156503299 0.023207765755381922 -0.013380462849198832 0.013301491362334546 -0.018640459086389279 -0.018504616091642074 0.01113284093156262 0.024875766623625794 -0.026799776090973195 -0.007907775619044731 0.013657318041102455 0.007258081980781453 0.0012053384838939271 0.0075639277530546072 0.024711285038290499 -0.012388784097795208 0.021824335209819253
leaf_weight=26.730626557022333 5.556271005421876 7.8607486337423316 12.621798809617756 5.6177170313894775 47.380701169371605 10.839334554970266 9.6147968173027021 21.505314100533731 48.382861606776714 7.1120982728898534 4.9541652165353325 18.300736200064421 28.297528322786093 3.4569709897041347 8.9734956771135312 18.2414745464921 10.667444739490746 14.204513702541588 32.894276596605778 2.3386603258550158 3.0433650538325301 192.20193990319967 4.8798647895455352 3.4178697206079951 5.5280602499842635 3.4054714441299447 7.4397199526429167 2.3715679757297039 5.236089199781417 2.2442130446434021
leaf_count=538 58 41 81 83 210 58 186 431 922 66 72 135 176 15 72 166 193 265 463 53 55 4614 93 65 34 55 40 31 98 33
internal_value=0.00129172 -0.00969785 -0.0116876 0.0148767 0.025374 0.0148961 0.0250463 -0.0168036 -0.0185769 -0.00568852 0.0128985 0.051037 0.0317496 0.0163553 -0.00364375 -0.00166535 -0.0115416 -0.00558339 -0.0118598 -0.0237086 -0.0057816 -0.0260762 -0.0147334 -0.0130562 0.0454945 0.0375162 0.03351 0.00849151 -0.018198 0.00250695
internal_weight=575.32 397.097 389.236 61.3165 178.223 130.842 83.4179 327.92 315.298 92.7908 29.6762 23.9185 73.8031 39.9775 47.424 21.6984 37.3981 19.1587 38.4505 222.507 27.9665 194.541 63.1146 24.9232 33.8256 10.5176 18.2791 7.25143 55.8632 7.4803
internal_count=9402 7924 7883 949 1478 1268 675 6934 6853 1635 458 218 489 279 593 181 731 337 521 5218 551 4667 1177 496 210 121 98 124 1053 131
is_linear=0
shrinkage=0.035


Tree=29
num_leaves=31
num_cat=0
split_feature=116 81 82 108 11 97 117 80 10 46 10 54 56 118 118 113 86 70 44 34 65 76 93 71 56 118 105 0 101 0
split_gain=112.712 58.4984 43.8683 29.5988 25.4634 22.1888 20.4353 20.4173 15.1814 12.3421 13.3987 10.4495 9.80334 8.67595 8.59791 8.39556 8.14761 5.92652 5.87294 6.27388 5.24161 5.19421 5.45863 6.08995 5.16773 7.09694 4.8904 4.73321 4.7035 4.43378
threshold=0.67717121588089346 385.70564618521638 1.0000000180025095e-35 94.500000000000014 3.5000000000000004 1.9536549858406314 0.65419580419580436 1147.0454545454547 2.5000000000000004 0.044346116027531961 3.5000000000000004 0.22474747474747478 0.36474501108647456 0.77032967032967048 0.60263157894736852 0.052177858439201454 337.8620280349736 10.033333333333335 0.84523809523809534 4.5000000000000009 4.7550000000000008 0.64069127984100238 58513.000000000007 4.2441510613537536 0.59838709677419366 0.96899038461538478 1.0000000180025095e-35 13.060613425925927 0.076197387518142243 0.94059027777777782
decision_type=2 8 10 10 2 2 2 10 2 2 2 10 8 2 2 2 10 8 2 2 8 8 2 8 10 2 2 2 2 2
left_child=1 7 3 6 -2 27 12 16 -6 13 11 24 14 -8 -3 -10 17 -1 19 29 -15 28 23 -23 25 -11 -13 -5 -16 -14
right_child=4 2 -4 5 8 -7 9 -9 15 10 -12 26 18 20 21 -17 -18 -19 -20 -21 -22 22 -24 -25 -26 -27 -28 -29 -30 -31
leaf_value=-0.003637829735245878 -0.010224837711410317 0.024757117368199941 -0.030479465400615705 0.015202225029605101 0.044079691535765207 0.051333793920377707 0.022751247196812405 -0.018570596515050882 0.0232167649567817 0.045419710104172076 -0.017060286275495485 -0.012334701108577472 -0.0029976401732826983 -0.016078157714389824 0.0085134703556191821 -0.01397094700570323 -0.0013500051288767966 0.044245161948175363 0.012835819225193485 0.0083314145611639197 0.012533623974326027 0.040884816815155725 -0.0097244832455125885 -0.0029158058434439189 0.003782102305456505 -0.00398522738491281 0.018689626535476289 -0.020087930134258115 -0.021178856907879826 -0.027308315270180447
leaf_weight=2.6446089297533026 13.518524140119551 6.3812056593596926 97.175788685679436 2.9809390008449572 82.054526157677174 14.637285966426132 5.5493280440568915 6.9988625422120085 12.894361797720196 20.899941455572851 9.4664907157421094 11.518759444355966 11.692739274352787 46.164774760603905 5.2058319188654414 8.4093568176031095 6.0392612479627124 36.117060445249081 2.9397736713290206 5.234772626310586 5.4546553529798976 2.759093839675189 12.007569104433058 6.5713960602879533 7.4759682305157176 3.2441579140722743 4.9938808940351 7.4816811122000217 28.920680869370699 86.087514515966177
leaf_count=20 200 108 2792 33 381 92 79 97 95 192 177 154 223 672 102 96 59 210 67 109 73 52 237 130 89 29 64 133 597 2084
internal_value=0.0018799 -0.00604044 -0.0105948 -0.00392737 0.0318034 0.0291912 -0.00732562 0.0273538 0.0375186 0.00396879 0.0148073 0.0220905 -0.0149418 -0.00726394 -0.00346542 0.00867207 0.0356724 0.0409359 -0.0211825 -0.0227025 -0.0122149 -0.00849117 0.00448398 0.0197822 0.0325149 0.0392365 -0.000788934 -0.00836877 -0.0161403 -0.0246885
internal_weight=573.521 456.644 404.844 307.668 116.877 25.0999 282.569 51.7998 103.358 114.768 57.5992 48.1327 167.801 57.1688 61.8458 21.3037 44.8009 38.7617 105.955 103.015 51.6194 55.4646 21.3381 9.33049 31.6201 24.1441 16.5126 10.4626 34.1265 97.7803
internal_count=9446 8674 8288 5496 772 258 5238 386 572 1529 705 528 3709 824 1226 191 289 230 2483 2416 745 1118 419 182 310 221 218 166 699 2307
is_linear=0
shrinkage=0.035


Tree=30
num_leaves=31
num_cat=0
split_feature=96 81 88 0 56 50 130 45 69 97 55 27 100 57 117 99 46 118 11 73 62 9 30 94 66 96 75 80 87 0
split_gain=97.9711 70.4409 52.7409 35.1947 26.7118 22.4688 18.1245 16.0717 11.1051 8.38049 8.55134 6.98321 7.00151 6.73781 6.30144 8.31674 7.75491 7.15697 10.4018 6.1311 5.66009 6.13017 5.615 5.35232 5.11778 5.11184 4.23475 4.50027 4.19244 4.13713
threshold=2.8944444444444448 357.33930270589445 1079.5000000000002 2.4328125000000003 0.20611577964519143 0.027212143650499818 4.5000000000000009 0.12365342291208156 3.2500000000000004 1.5253991221971623 0.55409356725146208 4.5000000000000009 0.10620300751879701 0.4527629233511587 0.65733855185909984 0.42640692640692646 0.09491634491634493 0.48333333333333339 4.5000000000000009 9.5000000000000018 0.28035087719298252 3.5000000000000004 1.5000000000000002 45026.500000000007 1.5278249227036318 3.2583333333333337 1.4472222222222224 1027.8852941176472 1.0000000180025095e-35 124.7259201388889
decision_type=2 8 8 2 8 2 2 2 10 2 10 2 2 10 2 2 2 2 2 8 2 2 2 2 8 2 8 10 10 2
left_child=1 6 28 5 13 7 -1 9 14 -4 -11 23 22 29 17 -16 -17 18 -6 -19 -10 -22 -13 -7 -18 -2 -8 -28 -3 -5
right_child=25 2 3 4 8 11 26 -9 20 10 -12 12 -14 -15 15 16 24 19 -20 -21 21 -23 -24 -25 -26 -27 27 -29 -30 -31
leaf_value=-0.0083583953967356611 0.016738982668392258 0.0060541023148205008 -0.0061667758786896785 0.015241629656579291 -0.014664469776679559 0.0051873479160109235 0.0031758610410194325 -0.00027572264742208881 -0.0092218659341048344 -0.00092690872660149538 0.050481636832573555 0.038721000281308711 -0.012120504572771371 0.04211864441921568 0.017463080537081104 -0.0167870211904445 0.025011042078825221 0.010119953709245792 0.033357878731464646 -0.024169790963624475 -0.008977182933153487 0.03212515265227768 -0.0058328973696076154 -0.023342996200398536 -0.0081118429838090804 0.049106011418769649 0.048744257151694129 0.010939998917992105 -0.030102394639373985 -0.013230819886874398
leaf_weight=9.5203752256929857 14.834684126079081 2.4961404874920836 3.0832969993352881 14.682822432368999 10.669414974749087 10.550255578011276 4.3126395121216765 15.715250398963688 8.8025301769375819 4.2392747215926638 32.023199584335089 6.5094928480684739 5.4452517367899409 7.8600940257310858 10.549744307994841 53.756363868713379 6.4936884939670536 4.1507283560931674 3.5698411129415026 104.39158941060305 3.7916084080934516 9.6659489050507528 3.2955488599836826 16.106206610798836 7.751782253384591 44.052010506391525 34.47020298987627 8.1006004251539689 101.60886212438345 4.7146260179579249
leaf_count=144 90 51 51 186 222 147 23 245 155 53 279 62 72 79 123 791 79 97 23 2489 72 116 31 266 104 199 160 49 2922 69
internal_value=0.00204113 -0.00306393 -0.00776558 -0.00108972 -0.00800465 0.0163142 0.0321719 0.0300506 -0.0120787 0.0408287 0.0450876 -0.00301337 0.0133662 0.0221069 -0.0146658 -0.00635259 -0.0109903 -0.0195277 0.00291529 -0.0224706 0.00971886 0.0212499 0.0268336 -0.0130153 0.00956218 0.0429003 0.0404145 0.0434566 -0.0289978 0.00702802
internal_weight=567.214 508.327 451.924 347.819 250.851 96.9678 56.4038 55.061 223.593 39.3458 36.2625 41.9068 15.2503 27.2575 201.333 78.5516 68.0018 122.782 14.2393 108.542 22.2601 13.4576 9.80504 26.6565 14.2455 58.8867 46.8834 42.5708 104.105 19.3974
internal_count=9449 9160 8784 5811 4605 1206 376 628 4271 383 332 578 165 334 3928 1097 974 2831 245 2586 343 188 93 413 183 289 232 209 2973 255
is_linear=0
shrinkage=0.035


Tree=31
num_leaves=31
num_cat=0
split_feature=117 81 82 96 110 97 118 10 69 117 106 51 70 96 63 56 10 117 119 117 97 86 119 115 46 46 45 81 56 110
split_gain=103.345 43.1376 31.8205 29.6825 24.4114 37.3233 17.5474 18.4979 13.1825 12.4017 14.666 7.81021 7.16264 6.76087 6.52258 6.40477 8.05034 7.52532 7.92384 6.33927 6.83935 6.16513 5.72343 5.19878 5.02211 4.96026 4.42967 4.11952 4.02084 3.45841
threshold=0.83827375762859646 385.70564618521638 1.0000000180025095e-35 3.2583333333333337 260.25000000000006 1.769621509501855 0.96190130624092907 3.5000000000000004 1.2500000000000002 0.65419580419580436 621.25739130434795 0.016461184121392771 14.509259259259261 1.8355855855855858 0.72776679841897252 0.36474501108647456 1.5000000000000002 0.39339826839826847 2.510465975790916 0.17028985507246377 3.465009029033955 305.10743022353239 2.5548931371014354 0.12973352033660593 0.065395580898075567 0.13245614035087722 0.17673086933888602 194.21024644406813 0.17425810904071776 59.250000000000007
decision_type=2 8 10 2 10 2 2 2 10 2 10 2 8 2 2 8 2 2 10 2 2 10 8 2 2 2 2 10 10 10
left_child=1 8 4 6 9 -6 7 11 -1 15 28 -2 13 -12 24 16 17 -3 23 20 -17 -10 -15 -19 -8 29 -14 -16 -11 -18
right_child=3 2 -4 -5 5 -7 14 -9 21 10 12 -13 26 22 27 19 25 18 -20 -21 -22 -23 -24 -25 -26 -27 -28 -29 -30 -31
leaf_value=-0.00958453801370702 0.036633587402998345 -0.013191050117663883 -0.030817182213136816 0.047401562156518237 -0.01837708965008867 0.051098802172670633 -0.019092322050010505 -0.020899478136519337 0.038188668482791364 0.014138564808187818 -0.0096639579795313197 0.0052687111009343118 0.040721260241360635 0.034324942654180284 0.022485379328287688 -0.01300003713269051 -0.002550695433820404 0.056883654866942267 -0.011122905912410991 -0.025429515489187739 0.02421795358300623 0.002130004320485321 -0.0094583872330857126 -0.0013117666201112189 0.0086086516832690925 0.01338563216215539 -0.0034222280657629001 -0.012168261089065996 -0.015152073925564112 -0.023204490566498991
leaf_weight=10.175772488117216 46.425582382827997 4.2514813318848592 86.191346704959869 44.136041820049286 13.665591295808555 15.95510585606098 23.019938591867689 6.413756199181079 26.76169965788722 2.5721599385142317 16.377710692584518 14.30461812391877 9.614068675786255 5.9419897906482193 10.004574820399283 15.644418071955444 16.578849289566278 3.2912188842892647 2.1424063444137573 80.439253591001034 3.5920099914073935 7.8612840361893168 2.8508002720773229 2.146612573415041 7.8645640052855006 4.2064307220280162 2.5387170165777198 2.2285060435533515 42.840848922729492 26.16421227902174
leaf_count=138 256 89 2647 199 270 142 307 125 139 28 240 89 118 59 109 335 326 61 42 1991 61 63 42 44 69 79 40 39 686 550
internal_value=0.000593083 -0.0087722 -0.0128823 0.0244759 -0.00671896 0.021021 0.013641 0.0242165 0.0219861 -0.0104834 0.000526686 0.0302085 0.0156897 0.00313995 -0.00363264 -0.0160725 -0.00618015 0.0154933 0.0304299 -0.0213323 -0.00248788 0.0313033 0.0218467 0.044287 -0.0118218 -0.0126076 0.0331902 0.0144736 -0.0122553 -0.0162996
internal_weight=556.202 401.804 357.005 154.398 270.814 29.6207 110.262 67.144 44.7988 241.193 82.7363 60.7302 37.3233 25.1705 43.1176 158.457 58.7812 11.8317 7.58024 99.6757 19.2364 34.623 8.79279 5.43783 30.8845 46.9495 12.1528 12.2331 45.413 42.7431
internal_count=9383 8190 7850 1193 5203 412 994 470 340 4791 1213 345 499 341 524 3578 1191 236 147 2387 396 202 101 105 376 955 158 148 714 876
is_linear=0
shrinkage=0.035


Tree=32
num_leaves=31
num_cat=0
split_feature=117 87 83 117 3 96 117 11 10 65 97 65 97 93 113 55 54 93 29 74 16 92 11 0 54 118 46 43 88 44
split_gain=98.7934 48.3322 36.4267 33.4182 49.4048 28.089 16.3887 15.5363 18.4468 13.9699 13.2216 12.6017 10.1875 7.56486 7.32931 6.65119 12.9549 5.63809 5.52655 5.36634 5.13535 5.13459 4.91068 4.64278 4.46519 4.23765 3.99519 3.97121 3.7237 3.48321
threshold=0.83409785932721725 1.0000000180025095e-35 1384.5000000000002 0.12916666666666668 4.5000000000000009 3.3229166666666674 0.65419580419580436 2.5000000000000004 3.5000000000000004 3.2440476190476195 3.0563731430810956 1.5147058823529413 13.745118625348921 48723.500000000007 0.10949488491048594 0.78281378178835126 0.17519181585677754 77616.500000000015 8.5000000000000018 18.250000000000004 22.500000000000004 34645.500000000007 7.5000000000000009 0.62081597222222229 0.21980676328502416 0.40833333333333338 0.09491634491634493 0.44948979591836741 1058.5000000000002 0.95833333333333337
decision_type=2 8 10 2 2 2 2 2 2 10 2 8 2 2 2 10 10 2 2 10 2 2 2 2 10 2 2 2 10 2
left_child=1 -1 3 4 23 7 9 -2 12 19 13 25 14 -8 17 26 20 -9 -15 28 -17 -11 -18 -3 -21 -6 27 -12 -5 -25
right_child=5 2 -4 6 11 -7 10 8 -10 21 15 -13 -14 18 -16 16 22 -19 -20 24 -22 -23 -24 29 -26 -27 -28 -29 -30 -31
leaf_value=0.046544261926025177 -0.015614402551898787 0.01407465347039894 -0.030157323261987359 -0.023399298134064824 0.020627675472826398 0.046792256124816099 -0.0081782238424454035 0.03549099377894252 -0.022731684029687161 0.022546910483426094 -0.022320625325705022 0.060324551721238531 -0.0061318142679911295 0.042756698665554115 -0.006700755989118937 0.043109807403215752 -0.017560160273496619 0.0096037190570011036 -0.0042805781888390322 0.026709768960438689 -0.001335003823540795 -0.0055233494740272067 0.01508883425366268 -0.024623461017458839 -0.011790315483072919 -0.015642847250658804 0.0056635718232303364 0.006956678427431395 0.010879419493820475 0.0047239762354513168
leaf_weight=14.134345736354588 14.86021216213703 2.5448489747941521 84.808440558612347 124.35212254524231 2.4111716896295574 43.939328242093325 4.6038948781788376 57.532921217381954 7.8591117151081553 8.5519383475184458 30.433832839131355 20.303949797526002 10.698607880622147 11.150808669626711 5.360817600041627 6.4404660351574439 16.253767641261224 17.907520934939384 2.7278944589197627 1.7476073950529087 4.0080864764750004 15.831816008314489 3.421343281865119 18.457005184143785 3.764740988612175 3.4805358536541462 8.3707805685698968 4.3533723820000878 1.2745855227112759 4.4706142619252196
leaf_count=108 286 34 2556 2909 15 194 60 355 155 159 513 143 60 126 48 51 228 113 42 35 33 314 28 400 89 66 122 64 10 99
internal_value=0.00131214 -0.00800463 -0.0105865 -0.00462983 0.0197642 0.0242784 -0.0100174 0.0140183 0.018986 -0.0167646 0.0016932 0.0495795 0.0235613 0.0246537 0.0276211 -0.00530254 0.00669119 0.030325 0.0348263 -0.0211666 0.0311466 0.00648293 -0.00997569 -0.0140016 0.00731406 0.00185605 -0.0134995 -0.018243 -0.0226484 -0.0190798
internal_weight=556.056 397.898 383.764 298.955 51.6681 158.159 247.287 114.219 99.359 155.523 91.7642 26.1957 91.4999 18.4826 80.8013 73.2816 30.1237 75.4404 13.8787 131.139 10.4486 24.3838 19.6751 25.4725 5.51235 5.89171 43.158 34.7872 125.627 22.9276
internal_count=9415 8204 8096 5540 757 1211 4783 1017 731 3516 1267 224 576 228 516 1039 340 468 168 3043 84 473 256 533 124 81 699 577 2919 499
is_linear=0
shrinkage=0.035


Tree=33
num_leaves=31
num_cat=0
split_feature=116 81 27 117 129 11 99 47 117 56 65 117 84 69 41 11 49 43 122 47 101 108 94 117 38 44 55 44 93 50
split_gain=94.1258 56.1364 49.0805 44.6578 30.2064 23.1698 16.7903 16.6933 15.1857 13.5051 11.1569 9.61952 8.27285 7.7855 6.91954 6.89859 6.70683 6.5925 6.53159 5.50579 9.90308 5.11507 4.73497 4.63417 4.46762 4.43343 4.3367 4.32866 4.25645 4.24058
threshold=0.77871939736346529 452.50265221412877 3.5000000000000004 0.17028985507246377 9.5000000000000018 3.5000000000000004 0.68496240601503777 0.099019607843137278 0.5545634920634922 0.52086956521739147 2.4564393939393945 0.63356807511737101 513.25000000000011 2.7500000000000004 11.500000000000002 2.5000000000000004 0.064866760168302964 0.28490259740259744 1.5000000000000002 0.052289815447710192 0.18350168350168353 94.500000000000014 50019.250000000007 0.81501610305958139 14.500000000000002 0.95833333333333337 0.44151846785225723 0.5270467836257311 58203.500000000007 0.066300366300366315
decision_type=2 10 2 2 2 2 2 2 2 10 10 2 8 10 8 2 2 2 2 2 2 10 2 2 2 2 10 2 2 2
left_child=1 2 7 15 6 -2 9 13 -9 11 29 -5 -8 16 17 -4 19 -15 21 25 22 -19 -21 -20 -13 -1 -7 -14 -6 -10
right_child=5 -3 3 4 28 26 12 8 10 -11 -12 24 27 14 -16 -17 -18 18 23 20 -22 -23 -24 -25 -26 -27 -28 -29 -30 -31
leaf_value=-0.022210576340500346 -0.011220394309776227 -0.031248645704614986 0.0046420775267850102 -0.0066977711825692062 0.011213974585114276 0.0003711057113844425 0.020961603428682984 -0.014434572884102713 0.056043941069456565 -0.016839216412981708 -0.0039588614433886107 0.0406660390408915 -0.022697636947842045 -0.011050845174438646 -0.019425857291813297 0.060496824779061598 0.010835851373430386 -0.011989502237987601 0.044909403219448356 0.036655808746360645 -0.016903596442283134 0.024509710839800716 -0.00345346218006032 0.00017278652077296896 -0.0004313493518014322 0.0049210606215669183 0.04200927232588466 0.002835054981673885 0.043402674194689281 0.0017206501120916994
leaf_weight=127.27425784058869 10.19286162406206 80.439688671380281 4.0032105240970877 7.4334464874118593 12.277140058577062 3.2877677530050269 3.0140421986579886 10.923816502094271 7.8410180583596247 9.670311773195861 6.5102441981434813 17.05996518209577 46.585798881947994 10.830561500042675 10.805884411558507 21.015093540772796 7.2608785070478907 10.215906016528608 6.0658684708178026 3.8130592182278651 16.561575617641211 1.8129444643855084 4.7769381813704967 3.8662947341799736 3.6760613657534114 6.0814486108720294 70.162755142897367 8.4304637964814884 17.912965876981616 2.4161880947649479
leaf_count=2671 153 2560 57 140 92 34 24 255 82 162 100 134 827 197 150 141 130 189 95 49 311 20 66 28 27 131 318 132 121 39
internal_value=0.000636596 -0.00556494 8.76524e-05 0.0153902 0.0060007 0.0337322 -0.00398311 -0.00978125 0.0139793 0.0131428 0.0315542 0.0244222 -0.0153071 -0.0131766 2.18478e-05 0.0538213 -0.0165469 0.00815273 0.0179165 -0.0180942 -0.00249349 -0.000907157 0.0212867 0.0333839 0.034712 -0.0208402 0.0402879 -0.0188749 0.033766 0.048005
internal_weight=552.218 468.575 388.135 151.078 126.06 83.6434 95.8701 237.057 27.6913 37.8398 16.7675 28.1695 58.0303 209.366 43.5975 25.0183 165.768 32.7916 21.961 158.507 25.1516 12.0289 8.59 9.93216 20.736 133.356 73.4505 55.0163 30.1901 10.2572
internal_count=9435 8930 6370 1857 1659 505 1446 4513 476 463 221 301 983 4037 679 198 3358 529 332 3228 426 209 115 123 161 2802 352 959 213 121
is_linear=0
shrinkage=0.035


Tree=34
num_leaves=31
num_cat=0
split_feature=117 88 10 11 110 97 81 81 65 110 26 68 74 81 32 56 101 50 93 75 74 54 41 46 55 110 107 110 74 11
split_gain=89.6043 39.3279 38.9669 34.1705 29.5108 40.4626 19.2709 13.3235 14.0363 10.775 8.59933 8.50277 8.1556 8.12118 8.28773 6.73461 6.74184 6.61238 6.16304 5.85838 7.91253 5.69223 5.398 5.55845 4.54876 4.45943 5.33711 5.099 4.67658 4.03152
threshold=0.73401360544217698 1079.5000000000002 3.5000000000000004 4.5000000000000009 260.25000000000006 1.9975031595345596 420.30579107873831 434.32254476783305 2.5590277777777781 36.750000000000007 24.500000000000004 2.5000000000000004 18.750000000000004 340.86611123870415 7.5000000000000009 0.60158730158730167 0.1181455633100698 0.029631255487269536 85681.500000000015 2.2182539682539688 11.250000000000002 0.25543478260869573 16.500000000000004 0.028778467908902695 0.85620300751879708 182.75000000000003 1817.8094299498894 35.750000000000007 7.2500000000000009 5.5000000000000009
decision_type=2 10 2 2 10 2 10 10 10 10 2 10 10 8 2 10 2 2 2 10 10 8 10 2 10 10 8 8 8 2
left_child=1 4 3 13 7 18 9 8 12 10 -5 -7 25 -2 -15 16 21 -12 29 20 -18 -10 23 -22 -14 27 -27 -1 -29 -6
right_child=2 -3 -4 6 5 11 -8 -9 15 -11 17 -13 24 14 -16 -17 19 -19 -20 -21 22 -23 -24 -25 -26 26 -28 28 -30 -31
leaf_value=-0.0016048609974877045 0.024268850219924008 0.055093334368242944 -0.024870977604878376 0.040212696328985692 -0.024923577668913337 0.0045392628312939526 -0.01464187185353516 -0.030495269978337597 0.037123333066957469 -0.0043752654630197377 0.027523448851318813 0.059898931993855382 -0.009931035522429358 -0.014574699061236809 0.021245736928195178 -0.013662761903626244 -0.017273586636533753 -0.0042032777307958969 0.018611960720956434 -0.020879370252506954 0.0010242882910428987 -0.002383381812226353 -0.013654612835278562 0.036432101510106195 0.029519005694591982 0.021267201800008507 -0.015869800024608093 0.004883546979726725 -0.024927056833304456 0.011133417956025396
leaf_weight=15.535762894898651 6.5956130288541308 6.1966689713299266 18.850644206628203 113.91487772762775 20.325134031474597 5.3003801610320833 8.0200498700141889 58.375428291037679 8.453142706304785 7.4776457138359538 13.054533973336222 12.517426662147043 3.0914812218397847 37.190689396113157 5.1229923777282229 21.370346508920193 7.4497606698423651 12.439205594360827 1.8832952510565508 7.8864380232989779 9.0730737056583219 5.8348952550441036 2.615546826273202 9.7339995540678483 2.9649816192686558 4.2376630492508385 4.8314110785722741 5.2444226574152699 111.51736429147422 1.5420347005128849
leaf_count=264 67 33 402 605 443 71 194 2005 110 81 68 78 63 614 41 446 145 92 30 154 155 98 49 165 55 69 96 120 2639 22
internal_value=0.00177532 -0.0098669 0.0186618 0.0231872 -0.0119545 0.014297 0.0310199 -0.0160598 -0.0116338 0.033913 0.0360471 0.048034 -0.0176624 -0.00219691 -0.00845096 0.00098706 0.00779182 0.0138921 -0.0149648 -0.000883517 0.00685414 0.0245542 0.0169256 0.023153 0.0139974 -0.0194507 0.00287416 -0.02103 -0.0234425 -0.0207822
internal_weight=548.647 325.981 222.666 203.816 319.784 41.5683 154.906 278.216 219.84 146.886 139.409 17.8178 147.423 48.9093 42.3137 72.4172 51.0469 25.4937 23.7505 36.7588 28.8724 14.288 21.4226 18.8071 6.05646 141.367 9.06907 132.298 116.762 21.8672
internal_count=9474 7310 2164 1762 7277 644 1040 6633 4628 846 765 149 3306 722 655 1322 876 160 495 668 514 208 369 320 118 3188 165 3023 2759 465
is_linear=0
shrinkage=0.035


Tree=35
num_leaves=31
num_cat=0
split_feature=81 27 47 47 117 65 110 129 119 49 65 84 65 51 25 44 94 96 42 44 121 11 54 10 70 91 46 63 11 48
split_gain=78.2401 105.7 29.074 25.7942 23.5976 17.8372 18.557 15.1585 11.1213 9.82375 9.69687 9.11706 7.48977 7.25971 6.53416 6.85574 6.49357 5.30378 5.11087 6.08012 4.75332 4.59882 4.12173 10.308 9.13923 6.21258 5.39073 4.03107 3.63401 3.43843
threshold=420.30579107873831 4.5000000000000009 0.099019607843137278 0.047338935574229697 0.72783389450056124 2.5313725490196082 191.25000000000003 9.5000000000000018 0.59099750612234125 0.063301282051282062 5.0333333333333341 983.50000000000011 2.8619047619047624 0.048980407836865261 7.5000000000000009 0.84523809523809534 81082.000000000015 1.0976190476190479 5.5000000000000009 0.49614266215654862 1.5000000000000002 4.5000000000000009 0.25543478260869573 1.5000000000000002 12.327380952380954 6325.7808562355049 0.12276295133437992 0.68042553191489374 2.5000000000000004 0.11715686274509805
decision_type=10 2 2 2 2 10 10 2 8 2 10 8 10 2 2 2 2 2 10 2 2 2 8 2 8 8 2 2 2 2
left_child=1 2 8 5 18 6 11 17 28 10 14 -3 -6 27 15 22 -13 -5 19 -4 -12 -11 23 24 -10 -26 29 -7 -1 -25
right_child=-2 3 4 7 12 13 -8 -9 9 21 20 16 -14 -15 -16 -17 -18 -19 -20 -21 -22 -23 -24 26 25 -27 -28 -29 -30 -31
leaf_value=-0.0046509046594632435 -0.028706306495120914 0.021036174653267563 -0.02614187142887112 0.01514712376907435 0.050639865484074641 0.045030786313074035 0.047053136600130344 0.032875495665750383 -0.018129170963979872 -0.0085089928891795737 -0.010097557522480673 -0.01668620324499772 0.00082147520182805666 0.000795573518454714 0.019217877645207816 0.011621559926264503 0.019904372754221696 -0.019696994799685633 0.016834659008189902 0.014295503265065941 0.029587868942845291 0.028508280075966938 -0.025691994894273304 -0.022940062154689866 0.033345849301336918 -0.0089709569120034801 0.0039351365888622139 0.014270864339214338 0.023388036080559293 0.008299699845803166
leaf_weight=7.037175893783572 84.160183368250728 12.579966705292462 12.203515416011216 2.72714192606509 15.528809089213611 90.343536263331771 9.5640835762023908 6.5337939392775288 6.4708169475197819 3.8143443018197996 2.8667776137590399 24.489669108763341 4.7122693732380858 5.622637575492262 2.0097739435732356 5.9896092694252721 2.9824639223515979 23.140999261289835 2.9895578883588305 2.6129658818244925 4.4551773741841316 5.3653476648032665 80.200980681926012 75.642816044390202 9.2480822391807997 3.5477168895304212 9.9196112342178804 11.768079610541461 9.3314061649143678 2.1590266413986674
leaf_count=134 2755 99 276 30 112 559 76 36 101 76 45 440 45 68 13 131 48 352 65 49 35 76 1730 1434 122 65 164 105 106 34
internal_value=0.00131886 0.00711339 -0.00710691 0.0267262 0.0195403 0.0324179 0.013218 -0.00155259 -0.0118763 -0.0140619 -0.0157466 0.000813071 0.041502 0.0402818 -0.0173232 -0.0181786 -0.0102606 -0.0141651 -0.00905021 -0.0172029 0.0162574 0.0155502 -0.0194097 -0.0137635 0.00784934 0.0223892 -0.0186777 0.0423174 0.0130659 -0.0216243
internal_weight=540.018 455.858 266.106 189.752 38.0471 157.35 49.6162 32.4019 228.059 211.69 202.51 40.0521 20.2411 107.734 195.188 193.179 27.4721 25.8681 17.806 14.8165 7.32195 9.17969 187.189 106.988 19.2666 12.7958 87.7215 102.112 16.3686 77.8018
internal_count=9381 6626 4813 1813 547 1395 663 418 4266 4026 3874 587 157 732 3794 3781 488 382 390 325 80 152 3650 1920 288 187 1632 664 240 1468
is_linear=0
shrinkage=0.035


Tree=36
num_leaves=31
num_cat=0
split_feature=116 81 87 27 117 11 99 86 47 0 66 56 47 129 116 14 101 114 71 117 113 88 70 56 46 104 54 119 21 97
split_gain=78.5822 55.4263 36.547 29.2442 37.5186 16.7774 16.6378 15.1674 12.2864 14.7481 12.7431 9.73585 9.35558 8.84602 7.60909 6.22822 6.1544 5.42822 5.02315 5.05962 4.98575 4.92147 4.78858 4.82448 4.72521 4.45811 4.33079 4.31027 4.27196 4.14282
threshold=0.75255102040816335 385.70564618521638 1.5000000000000002 1.5000000000000002 0.17028985507246377 2.5000000000000004 0.68496240601503777 293.75877528154797 0.057831661092530663 2.4328125000000003 1.2921670150507663 0.52086956521739147 0.040956108470785575 4.5000000000000009 0.90521114106019784 6.5000000000000009 0.11324786324786326 0.086067019400352746 7.2197593491642307 0.59417229729729748 0.052177858439201454 1078.5000000000002 18.403703703703709 0.16302800189843383 0.055300713557594298 0.8190909090909092 0.22474747474747478 0.61061243460626269 17.500000000000004 1.5253991221971623
decision_type=2 8 10 2 2 2 2 10 2 2 10 10 2 2 2 2 2 2 8 2 2 10 10 8 2 2 8 8 2 2
left_child=1 7 3 8 29 -2 11 13 15 10 26 12 17 -1 20 22 -11 25 -8 -20 -7 -9 23 -3 -18 -6 -10 -25 -17 -5
right_child=5 2 -4 4 6 14 18 21 9 16 -12 -13 -14 -15 -16 28 24 -19 19 -21 -22 -23 -24 27 -26 -27 -28 -29 -30 -31
leaf_value=-0.0038553357031757551 -0.014981249041025185 0.012862892426740338 -0.029515508492214026 0.0034974118078271417 0.053238468502708289 0.026991377156338873 -0.018240094686817032 -0.014033619426252296 0.055786820428544631 0.011886694768855311 -0.0094828006266480438 -0.010193871839476714 -0.0072651308497804551 0.041249359554634574 0.045068196972333038 0.023492428772927846 -0.025656268073304102 0.0026521197800172523 -0.012804927162181448 0.024860589205662142 0.00087403335298179351 0.019828702138797623 0.0095878754457064102 0.0021247750051578656 0.0018529979054876652 0.0043901217086771936 0.0044453015171416251 -0.020975646548322582 -0.011032056365213865 0.057133153086999018
leaf_weight=5.1656486690044394 6.4525093361735335 2.631315652281045 80.370833277702332 2.6814028471708324 10.944456852972513 28.065810903906822 36.25014478713274 11.454999756067989 6.3892382197082016 9.239928871393202 5.825769640505313 8.9931807313114387 5.9677237197756758 37.419443640857935 43.338675737380981 4.6260105147957784 16.88295537233353 5.3854146748781195 4.1445435807108861 4.0054399631917477 12.749489221721886 2.8413558714091769 4.9353649877011767 9.7170139104127866 10.783649895340202 3.7947851642966262 3.576126743108035 133.27203796803951 4.0148899368941784 15.057814534753559
leaf_count=76 125 35 2765 36 101 147 691 136 56 172 81 159 78 177 203 54 363 61 99 59 80 15 100 163 207 43 57 2862 55 123
internal_value=0.00167754 -0.00444375 -0.00922945 -0.00356923 0.0119334 0.0304892 0.000557067 0.0264238 -0.0107935 0.00360347 0.0274557 0.0172802 0.0268661 0.0359479 0.0346204 -0.0155239 -0.00866028 0.0364189 -0.0130692 0.00812057 0.0198188 -0.00390951 -0.0172006 -0.0183967 -0.0162915 0.0449596 0.0450034 -0.0193871 0.00928719 0.0515775
internal_weight=536.978 446.371 389.49 309.119 97.2249 90.6065 79.4857 56.8814 211.894 52.6977 15.7911 35.0856 26.0924 42.5851 84.154 159.197 36.9065 20.1247 44.4001 8.14998 40.8153 14.2964 150.556 145.62 27.6666 14.7392 9.96536 142.989 8.6409 17.7392
internal_count=9379 8824 8420 5655 1450 555 1291 404 4205 936 194 442 283 253 430 3269 742 205 849 158 227 151 3160 3060 570 144 113 3025 109 159
is_linear=0
shrinkage=0.035


Tree=37
num_leaves=31
num_cat=0
split_feature=81 117 110 106 10 87 11 69 116 56 41 59 110 11 98 26 44 92 75 11 47 65 56 11 46 45 56 88 129 0
split_gain=78.4983 59.1571 42.4728 38.7245 26.745 24.7663 18.2615 11.0786 9.50368 7.83 7.07557 8.43804 6.80651 6.62227 6.12403 5.69877 5.58654 5.26747 5.07562 7.56413 4.9645 4.87837 5.51916 4.79966 4.98947 4.7298 4.80041 4.5466 4.52088 4.424
threshold=431.52197836116596 0.73401360544217698 260.25000000000006 1581.2900000000002 3.5000000000000004 1.0000000180025095e-35 3.5000000000000004 3.2500000000000004 0.77871939736346529 0.36474501108647456 5.5000000000000009 0.68027777777777787 71.750000000000014 6.5000000000000009 1.2182539682539686 22.500000000000004 0.74166666666666681 3536.0000000000005 1.5751879699248124 5.5000000000000009 0.044610281923714766 1.5147058823529413 0.39379699248120309 13.500000000000002 0.037210107303565255 0.10501253132832082 0.60158730158730167 1079.5000000000002 2.5000000000000004 2.4328125000000003
decision_type=10 2 10 10 2 8 2 10 2 8 8 2 8 2 2 2 2 2 8 2 2 8 10 2 2 2 8 10 2 2
left_child=1 2 5 -4 6 -1 20 9 13 10 11 -7 14 21 -13 -15 17 -11 19 -19 28 -8 -23 -12 -25 26 -9 -20 -3 -5
right_child=-2 4 3 29 -6 7 8 25 -10 16 23 12 -14 15 -16 -17 -18 18 27 -21 -22 22 -24 24 -26 -27 -28 -29 -30 -31
leaf_value=0.040005198958940252 -0.029265146739067577 -0.014299027700961666 0.052749636913377723 0.010098738056311479 -0.021061463720463032 -0.0075690753862944276 0.025645306410755932 0.032670871483174088 0.03973998862700559 0.010383540303300885 -0.022509886447618015 -0.0055375184640767874 -0.003127527491582936 0.031939894822130659 0.051337334338426355 0.0063910921393953938 0.0059282248051984576 -0.015569069390452868 -0.027746621417729531 0.025073092974649196 0.021989678845397993 -0.020956629697380144 0.0083831083164874858 -0.017455191947645003 0.016695870562876906 -0.0067367826747105983 -0.0067398165017920168 0.010064142579443694 0.01443725346617708 -0.021762925679332187
leaf_weight=6.9359881542623034 76.925155920907855 20.197924133390195 23.328131631016731 4.4052258618175975 13.037243196740745 20.36011360399425 5.2192324474453953 7.6679729260504255 68.271546773612499 3.2508992329239836 23.999947091564536 1.8665398005396099 6.2309129815548667 48.626784330233932 4.8273971825838089 17.035221140831709 7.456244718283414 14.300675360485913 89.550566684454679 3.0068364962935439 4.2251023463904849 7.4496263861656216 16.55748975276947 4.1141180843114835 7.4942161589860916 8.7418326307088119 3.3061002250760803 1.6826435886323441 4.6726434081792823 11.28638702817261
leaf_count=33 2662 323 185 59 252 396 48 112 301 71 511 32 118 286 80 136 169 329 2216 65 46 71 142 87 143 172 61 8 47 256
internal_value=0.00234643 0.00790132 -0.00341029 0.028052 0.0216349 -0.00963392 0.0249907 -0.0121911 0.0294206 -0.0148093 -0.00492415 0.0062534 0.0240651 0.0203783 0.0398915 0.0262328 -0.0200923 -0.0220073 -0.023392 -0.00447102 -0.00052213 0.00531438 -0.00276427 -0.0148559 0.00298122 0.0107346 0.0224046 -0.0265626 -0.00738719 -0.0125393
internal_weight=536.031 459.106 253.813 39.0197 205.293 214.793 192.256 207.857 163.16 188.141 68.8932 33.285 12.9248 94.8884 6.69394 65.662 119.248 111.792 108.541 17.3075 29.0957 29.2263 24.0071 35.6083 11.6083 19.7159 10.9741 91.2332 24.8706 15.6916
internal_count=9417 6755 5103 500 1652 4603 1400 4570 984 4225 1367 626 230 683 112 422 2858 2689 2618 394 416 261 213 741 230 345 173 2224 370 315
is_linear=0
shrinkage=0.035


Tree=38
num_leaves=31
num_cat=0
split_feature=81 27 47 65 110 110 100 87 49 69 119 10 119 51 81 45 3 96 42 58 44 55 11 72 79 107 98 110 101 107
split_gain=72.0216 72.0559 30.1946 22.3513 20.3523 17.2927 17.2345 17.0201 9.80368 10.4909 9.13626 8.56035 8.32359 8.30009 7.06886 6.81146 6.58952 4.89559 4.80403 4.58096 4.535 3.86569 8.34977 5.48612 5.45832 4.66733 4.25199 4.03043 3.97648 3.7949
threshold=452.50265221412877 4.5000000000000009 0.099019607843137278 2.8619047619047624 188.25000000000003 58.250000000000007 0.16954022988505749 1.0000000180025095e-35 0.063301282051282062 3.2500000000000004 2.9522152983857044 3.5000000000000004 0.6776862645894618 0.039344685242518065 254.34767271043299 0.10501253132832082 8.5000000000000018 1.3230550284629983 1.5000000000000002 0.55086206896551737 0.35653753026634388 0.77525466893039063 5.5000000000000009 8.5000000000000018 2.2500000000000004 621.75413354069576 1.1644144144144146 38.250000000000007 0.35504201680672276 1892.1763727702812
decision_type=10 2 2 10 10 8 2 8 2 10 10 2 8 2 8 2 2 2 10 2 2 8 2 10 8 10 2 10 2 8
left_child=1 2 8 4 7 11 13 -3 9 12 14 16 18 19 -9 20 -4 -10 -1 -5 -11 -14 24 26 -23 -26 -24 -28 -27 -25
right_child=-2 3 5 6 -6 -7 -8 10 17 15 -12 -13 21 -15 -16 -17 -18 -19 -20 -21 -22 22 23 29 25 28 27 -29 -30 -31
leaf_value=-0.0076586995440078368 -0.02929038683381216 0.04008497232955175 0.0020040193261980661 0.010502967478580351 0.040485115002667681 -0.012851677937635078 -0.0022774416340632588 0.013341474214285238 -0.011494775755036313 -0.0051896591310586371 0.016516538962562343 -0.0092719455412938398 -0.021446819179180364 0.00079588640252720752 -0.018235800584319617 -0.011709049362749193 0.048392409534740582 0.027992582377738752 0.022261912873163935 0.043810268309055621 0.029453748739040993 -0.025572409813655578 -0.023483694286515228 0.028126051419691128 -0.01216992329089573 0.028981666019291037 0.019990340107919887 -0.012618527576206927 -0.010111116648888576 -0.0045612903137339346
leaf_weight=10.08527906611562 72.659267913550138 6.0312951169908038 4.9459138903766933 9.3555625099688751 14.228576412424443 9.8516165651380998 14.074030457064508 6.7639937326312056 2.2816273309290391 4.6528724320232895 11.791709305718539 2.9291340075433245 92.606196489185095 6.9431108981370917 44.031913368031383 9.1251188050955516 19.750370062887669 7.8529507219791412 7.4026392064988604 79.224491909146309 11.04465041682124 32.070164006203413 5.9778273291885879 8.3547419905662501 13.696954984217884 3.5843964833766213 5.1652777232229692 4.0259742178022861 1.9166401531547306 4.6321688275784263
leaf_count=187 2592 30 76 62 114 239 167 40 54 66 134 60 1964 69 834 149 163 107 101 500 118 752 67 88 320 73 38 93 51 86
internal_value=0.00190412 0.0071567 -0.00479405 0.0231333 0.00866062 0.0224421 0.0332184 -0.000239845 -0.00973115 -0.0114395 -0.00680371 0.0350691 -0.0142209 0.0383014 -0.0132122 0.00862057 0.0410038 0.0182421 0.00714041 0.0410416 0.0204121 -0.0165328 -0.00987235 0.00492201 -0.0177127 -0.00201196 -0.00835373 0.00629351 0.0170321 0.0184401
internal_weight=527.056 454.397 261.953 192.445 82.8475 37.477 109.597 68.6189 224.475 214.341 62.5876 27.6254 189.518 95.5232 50.7959 24.8226 24.6963 10.1346 17.4879 88.5801 15.6975 172.03 79.4241 28.156 51.2682 19.198 15.1691 9.19125 5.50104 12.9869
internal_count=9394 6802 4852 1950 1152 538 798 1038 4314 4153 1008 299 3820 631 874 333 239 161 288 562 184 3532 1568 372 1196 444 198 131 124 174
is_linear=0
shrinkage=0.035


Tree=39
num_leaves=31
num_cat=0
split_feature=81 27 65 32 100 117 87 100 55 56 110 117 44 63 94 51 108 110 120 106 45 45 49 65 97 56 70 119 108 97
split_gain=66.8836 61.9729 28.334 27.2409 28.8579 23.9484 16.4541 16.2568 13.3046 10.3666 10.0844 7.79965 7.24003 7.08012 6.44529 6.41484 5.90925 5.32501 5.54293 4.73365 4.72447 4.5137 4.13317 4.04473 3.92701 5.13535 3.86293 3.66718 3.31188 3.25505
threshold=434.32254476783305 3.5000000000000004 2.8377192982456143 8.5000000000000018 0.39696969696969703 0.17028985507246377 1.0000000180025095e-35 0.16954022988505749 0.83130081300813019 0.20864427860696519 191.25000000000003 0.73401360544217698 0.84523809523809534 0.75683665927568378 76947.250000000015 0.044543650793650802 261.50000000000006 61.250000000000007 0.01526806526806527 1170.2000000000003 0.023532668881506093 0.13536417773705914 0.064866760168302964 6.0294117647058831 6.2576292862217278 0.50454545454545463 12.377155172413795 2.0112947703490582 6.5000000000000009 5.5589714948963955
decision_type=10 2 10 2 2 2 8 2 10 8 10 2 2 2 2 2 10 10 2 10 2 2 2 10 2 8 10 10 8 2
left_child=1 3 5 9 8 10 -7 15 13 26 -3 14 16 20 -8 -4 22 18 -10 -18 -5 -6 23 -11 25 -13 -1 -9 -24 -28
right_child=-2 2 7 4 21 6 11 27 17 12 -12 24 -14 -15 -16 -17 19 -19 -20 -21 -22 -23 28 -25 -26 -27 29 -29 -30 -31
leaf_value=-0.0080739845454494176 -0.028492533701650037 -0.0080129200238618116 0.039426474278614579 0.0057885138330684384 0.048696180430780986 0.035378737856210624 -0.024768428792082454 0.015339530513941718 0.037330804728421929 -0.020475045300740506 0.048692120568699017 0.024332829124956969 0.012858466905683886 0.014188195056531938 0.0079093478037521332 -0.0011507791066867595 0.027357265644916341 -0.0078919295701580412 -0.0025528563778458727 -0.012732875836381661 -0.025359095924657234 0.0035598799125965207 0.018643685542945623 0.012031295115625439 -0.0094888370632682812 -0.012053780280817761 0.032525057290284487 -0.011951947415558261 -0.013272027299188843 -0.0015212432298977419
leaf_weight=5.0108333453536025 73.862769888713956 3.2776247356086996 90.166344990953803 5.355052342638376 16.820556510239843 6.2394596450030795 33.212369699031115 5.129647670313715 10.086161812767388 137.77521647885442 12.915459111332892 10.657299278303981 7.0873179547488681 5.4692689310759297 6.6405494213104239 4.730696899816393 2.872091192752122 4.916599463671445 5.1080419570207587 2.630976477637887 26.368512323126197 4.0505478996783486 3.7994427233934394 1.7631938979029644 9.7408201508223993 3.2693270631134519 5.4215714074671251 9.9518416225910169 2.6283526811748743 4.496396716684103
leaf_count=70 2691 56 579 68 129 31 696 47 97 2952 85 90 149 91 136 54 29 126 56 59 533 68 64 25 67 44 78 125 51 52
internal_value=0.00126568 0.00643698 0.0209437 -0.0050453 0.0116251 0.00539507 -0.00421773 0.0323326 -0.00205259 -0.0126724 0.0380319 -0.010405 -0.015319 -0.0139122 -0.0190487 0.0374473 -0.0170062 0.0182835 0.0266103 0.0112533 -0.020029 0.0423174 -0.0184091 -0.0196623 0.0049337 0.0148632 0.012228 -0.00116125 0.00549628 0.0217534
internal_weight=521.454 447.592 195.931 251.66 78.1747 85.9529 69.7598 109.979 57.3036 173.485 16.1931 63.5204 158.557 37.1928 39.8529 94.897 151.469 20.1108 15.1942 5.50307 31.7236 20.8711 145.966 139.538 23.6674 13.9266 14.9288 15.0815 6.4278 9.91797
internal_count=9398 6707 2010 4697 1168 1205 1064 805 971 3529 141 1033 3329 692 832 633 3180 279 153 88 601 197 3092 2977 201 134 200 172 115 130
is_linear=0
shrinkage=0.035


Tree=40
num_leaves=31
num_cat=0
split_feature=81 27 47 65 117 100 117 69 65 119 42 55 56 90 45 0 54 47 55 112 7 49 117 57 83 96 101 25 44 43
split_gain=67.2641 64.5485 29.7714 22.8015 18.9957 18.8628 15.916 11.6888 10.0718 8.19065 8.40293 7.71966 8.54091 7.29034 6.95944 6.48374 5.80865 9.70377 6.05574 5.50183 5.63577 5.44866 5.35532 4.87187 4.53674 4.53574 4.38788 4.25062 4.08929 4.0578
threshold=452.50265221412877 3.5000000000000004 0.076018161805173387 2.5590277777777781 0.16002844950213374 0.15192307692307697 0.82380174291939012 2.7500000000000004 2.7445652173913051 0.59099750612234125 1.5000000000000002 0.52419984387197516 0.64400921658986188 59787.249153362362 0.16024691358024692 1.497164351851852 0.34848484848484856 0.022857889237199586 0.56048780487804895 0.084219858156028379 1.5000000000000002 0.088932806324110686 0.38548951048951058 0.90454545454545465 1374.5000000000002 1.1411960132890366 0.45307917888563054 5.5000000000000009 0.95833333333333337 0.37406716417910452
decision_type=10 2 2 10 2 2 2 10 10 8 10 10 10 2 2 2 8 2 10 2 2 2 2 10 8 2 2 2 2 2
left_child=1 2 7 4 26 19 15 9 -8 10 -1 -6 13 23 16 -4 17 18 -9 20 -5 27 -15 29 -7 -26 -3 28 -11 -13
right_child=-2 3 6 5 11 24 8 14 -10 21 -12 12 -14 22 -16 -17 -18 -19 -20 -21 -22 -23 -24 -25 25 -27 -28 -29 -30 -31
leaf_value=-0.012900646402122901 -0.028478251998146402 0.04452602677178686 0.022993388702980018 0.040506656462533222 -0.02375223585480972 0.022323736881087897 0.048737065061763729 -0.0027382390551682137 -0.0043107617587318627 -0.020902979169107678 0.032234515300331182 -0.02197972786187196 -0.019294298303825459 -0.0085470558094342276 -0.016134887710504146 -0.0083162797317235995 -0.01135731873423705 -0.0082560762736240689 0.03791139061053949 -0.00030563605193076413 0.0050618239084432356 0.012469518003627687 0.032481998649877102 0.020989969023322647 0.017686992916430631 -0.015677128183072948 0.00088899101000405021 0.012304860967703011 0.005068421743234062 0.006762541851791158
leaf_weight=6.426193740218876 69.502014718949795 10.427892740815876 6.3805162459611919 92.893578082323074 12.143718125298617 3.0177864488214281 16.281454969197515 4.9455558545887532 4.5588363222777835 128.54869544319808 4.7141121253371239 9.8498076833784634 10.274030910804866 2.6644711345434215 10.716256448999046 23.160759383812547 7.3665335476398459 9.8550586663186532 15.259153120219706 4.6583046298474065 7.456817463040351 3.9133890233933917 14.013472495600579 2.8831238467246285 2.1355326585471657 14.886880695819853 3.7082634512335053 2.117367446422576 6.0157915018498889 7.0018342398107043
leaf_count=122 2618 74 88 617 239 15 95 74 41 2887 61 167 232 56 202 522 144 114 163 51 53 64 167 47 22 216 46 26 132 87
internal_value=0.0023693 0.00741339 -0.00440205 0.0220868 0.00596541 0.0309027 0.0184804 -0.0104801 0.0385441 -0.0151292 0.0102677 -0.00359674 0.00343647 0.0114052 0.00421779 0.000795682 0.0112601 0.017632 0.0293921 0.036592 0.0382381 -0.0174251 0.0254677 -0.00322483 -0.000262622 -0.0084261 0.0363022 -0.0186909 -0.0196019 -0.0112226
internal_weight=517.777 448.275 250.26 198.016 72.9666 125.049 50.3816 199.878 20.8403 151.736 11.1403 58.8305 46.6867 36.4127 48.1426 29.5413 37.4263 30.0598 20.2047 105.009 100.35 140.595 16.6779 19.7348 20.0402 17.0224 14.1362 136.682 134.564 16.8516
internal_count=9442 6824 4735 2089 1115 974 746 3989 136 3292 183 995 756 524 697 610 495 351 237 721 670 3109 223 301 253 238 120 3045 3019 254
is_linear=0
shrinkage=0.035


Tree=41
num_leaves=31
num_cat=0
split_feature=96 83 27 117 47 32 86 11 47 88 10 91 91 69 108 109 62 110 46 65 55 79 70 61 98 117 46 117 44 108
split_gain=61.5163 45.2402 41.3121 27.5827 26.5223 20.7539 18.8233 15.6783 15.2534 12.7509 8.60887 6.77007 6.7065 8.37235 7.1763 7.03035 6.64709 6.50499 6.17008 5.61491 5.49921 5.06979 4.86601 6.21576 5.45912 4.49233 4.29449 3.57781 3.66827 3.2542
threshold=3.3229166666666674 1618.5000000000002 3.5000000000000004 0.17028985507246377 0.076018161805173387 8.5000000000000018 294.55222571413543 5.5000000000000009 0.040956108470785575 1079.5000000000002 3.5000000000000004 1566.1057405313429 3873.295274851906 3.2500000000000004 117.50000000000001 5234.5000000000009 0.46720430107526884 200.25000000000003 0.052015692640692647 2.2742946708463956 0.51887464387464399 2.7500000000000004 14.804761904761907 0.97604704532415387 1.2886904761904765 0.84234892787524374 0.09491634491634493 0.82380174291939012 0.49614266215654862 9.5000000000000018
decision_type=2 10 2 2 2 2 8 2 2 10 2 10 10 8 10 10 2 10 2 10 10 10 10 2 2 2 2 2 2 8
left_child=1 2 4 17 12 27 16 21 10 -3 11 -9 14 15 -1 -14 -5 -4 19 -7 -15 -8 25 24 -24 -17 -10 28 -6 -22
right_child=-2 9 3 6 5 18 7 8 26 -11 -12 -13 13 20 -16 22 -18 -19 -20 -21 29 -23 23 -25 -26 -27 -28 -29 -30 -31
leaf_value=-0.020901622170720797 0.040159270930073092 -0.03079882249561899 0.0039684227192613832 0.031332848738946206 -0.018774397881110783 0.023837692173830256 -0.020279724351425703 -0.0044656320594370297 -0.021717769692214697 0.026555169489992946 -0.015850925606737041 0.030905721803563657 0.022198776282634558 -0.012420975975374797 0.0076436662543390536 -0.021421792292017725 -0.0065553894643021401 0.052824566567937235 0.049179622831789012 -0.014536054080943514 0.036322316173611008 0.011019756839493964 -0.0082917453833786948 -0.016953675318726057 0.033287234141180386 0.0042846064215842456 0.011770142772581774 0.011703075073743976 0.010809845755235187 -0.0028769991002201532
leaf_weight=103.02887608669698 40.651650596410036 65.978529412299395 4.8298781868070391 37.10428723320365 16.792845066636808 5.6757784597575682 35.464460900053382 6.5639893896877757 14.059051198884847 1.3788204044103611 3.7289999872446051 34.737836943939328 3.3427025675773612 2.450137445703148 9.4624506402760726 43.026563096791506 4.7689898796379557 20.455335581675172 12.663818016648291 3.9099635779857635 6.3644018229097101 4.2451810445636502 3.6607950795441848 5.4252584706991902 5.0021971650421619 8.2727221101522428 2.7112305201590052 5.800126250833272 3.135891241952776 2.468535954132677
leaf_count=2194 202 2459 73 259 390 67 719 62 221 9 76 341 68 48 160 1043 48 127 101 67 65 70 72 122 105 62 34 62 58 54
internal_value=0.00133985 -0.00235451 0.00213194 0.0151732 -0.00713766 0.0150791 0.00843382 -3.53296e-05 0.0107029 -0.0278709 0.0207497 0.0254091 -0.0129164 -0.00474757 -0.0182774 -0.00952612 0.0267787 0.0456882 0.0364655 0.00856797 0.0183477 -0.0160755 -0.0126096 0.00442083 0.0191124 -0.0172639 -0.014844 -0.00633948 -0.0128847 0.0282872
internal_weight=517.161 476.51 409.152 168.669 240.483 47.9784 143.384 101.511 61.8011 67.3573 45.0308 41.3018 192.505 80.0133 112.491 68.7302 41.8733 25.2852 22.2496 9.58574 11.2831 39.7096 65.3875 14.0883 8.66299 51.2993 16.7703 25.7289 19.9287 8.83294
internal_count=9438 9236 6768 2030 4738 745 1830 1523 734 2468 479 403 3993 1639 2354 1472 307 200 235 134 167 789 1404 299 177 1105 255 510 448 119
is_linear=0
shrinkage=0.035


Tree=42
num_leaves=31
num_cat=0
split_feature=96 56 81 86 0 54 50 10 88 29 55 118 46 56 72 63 66 117 117 63 44 67 0 48 117 44 115 118 68 109
split_gain=62.8103 43.1324 40.1791 24.9584 24.3495 17.5814 15.713 12.1786 11.032 8.94951 6.86107 6.29917 6.11042 5.74028 5.03149 4.9991 4.73701 5.34028 4.69734 4.69456 4.28476 5.16485 4.67226 4.7685 4.0843 3.97455 3.95159 3.94397 6.98469 4.25608
threshold=3.3229166666666674 0.62593283582089565 452.50265221412877 265.16463439374121 4.7096238425925927 0.20416666666666669 0.039344685242518065 2.5000000000000004 1079.5000000000002 21.500000000000004 0.51492869875222824 0.9470884658454648 0.09491634491634493 0.20864427860696519 9.5000000000000018 0.51630627437079057 1.4161750273926359 0.66018867924528313 0.65419580419580436 0.42462121212121218 0.38729838709677428 1.5000000000000002 0.64634837962962977 0.039736842105263161 0.78817016317016331 0.44977064220183494 0.062996031746031758 0.60263157894736852 2.5000000000000004 8693.5000000000018
decision_type=2 8 10 8 2 8 2 2 10 2 10 2 2 10 10 2 8 2 2 2 2 10 2 2 2 2 2 2 10 10
left_child=1 2 3 19 6 7 10 9 20 16 -5 15 26 -7 25 -12 17 -6 -16 -1 -3 22 -22 -24 -20 -8 -9 28 -15 -29
right_child=-2 8 -4 4 5 13 14 12 -10 -11 11 -13 -14 27 18 -17 -18 -19 24 -21 21 -23 23 -25 -26 -27 -28 29 -30 -31
leaf_value=-0.00018167740223778436 0.040924736258006772 -0.027333772895169733 -0.025760481807800807 -0.0049452752292278145 -0.012531357433402746 0.011774062988857574 -0.018578158639173618 0.0060963213974777339 0.023924215006632197 -0.005447999123932447 0.011155187819371923 0.0059261865922126972 0.01697176330471219 -0.018017748857346885 -0.0053274535996383297 0.04771270925252357 0.034572234435754079 0.023294498085656267 0.040262381544335354 0.03733519939492954 0.0076742608292030053 0.0060698087402474591 -0.024776256958418248 0.0071800929936190012 -0.0024620865702618391 0.011106533645633562 -0.018409798995640742 -0.022130505092334527 0.022164204592398335 0.0085124484967318056
leaf_weight=4.5163735803216687 39.041987977921963 68.60206444375217 43.269689468666911 4.7915938645601264 6.4275346193462592 5.9956729449331752 14.140758298337461 8.2009757682681066 2.9663172960281363 12.102186325937508 9.7269077338278276 9.9459904693067056 6.5506226439028969 6.0750257186591607 7.518207371234892 26.593962552025914 23.726282946765423 4.4270600471645594 3.4353802558034658 33.535985974594951 5.4668865986168376 11.869578421115873 38.378238789737225 4.3542749527841798 3.2552782762795687 3.9519443958997718 25.269555231556296 62.374447057023644 5.1841772310435772 3.4972213692963114
leaf_count=32 196 1881 1714 79 158 81 207 147 15 166 97 107 121 135 132 228 230 32 40 190 89 231 964 93 26 51 501 1274 84 64
internal_value=0.00096186 -0.00278398 0.00393041 0.00870189 0.00441866 -0.00324569 0.0193334 0.00758537 -0.0193659 0.0188912 0.0305372 0.0343358 -0.00623584 -0.0143323 -9.5488e-05 0.0404569 0.0270213 0.00481855 0.0131509 0.0333784 -0.0212214 -0.0126768 -0.0174299 -0.021109 0.0273127 -0.0110933 -0.0123934 -0.0169549 0.00160999 -0.0200178
internal_weight=505.192 466.15 334.513 291.243 253.191 169.831 83.36 86.7042 131.637 46.6831 51.0585 46.2669 40.0212 83.1265 32.3016 36.3209 34.5809 10.8546 14.2089 38.0524 128.671 60.069 48.1994 42.7325 6.69066 18.0927 33.4705 77.1309 11.2592 65.8717
internal_count=9365 9169 5896 4182 3960 2993 967 1355 3273 586 511 432 769 1638 456 325 420 190 198 222 3258 1377 1146 1057 66 258 648 1557 219 1338
is_linear=0
shrinkage=0.035


Tree=43
num_leaves=31
num_cat=0
split_feature=81 27 32 117 10 23 118 117 56 81 66 84 70 74 119 109 115 59 100 32 70 117 11 23 107 94 115 90 47 66
split_gain=66.09 53.5413 26.7375 21.1362 18.449 13.5988 13.0245 27.9728 11.7402 10.8221 9.62194 8.48508 6.45588 6.14566 6.11449 8.93714 6.01993 6.00128 5.25597 5.07413 4.81037 4.77435 4.52167 6.37175 4.28808 3.77808 5.4795 4.81767 4.64061 3.45026
threshold=420.30579107873831 3.5000000000000004 8.5000000000000018 0.71060794044665021 2.5000000000000004 2.5000000000000004 0.61721611721611735 0.73401360544217698 0.20611577964519143 322.50451561682183 1.8274183903950487 606.25000000000011 12.377155172413795 17.250000000000004 0.77303240518350214 281.50000000000006 0.02409988385598142 0.59299959299959315 0.39696969696969703 4.5000000000000009 13.864468864468867 0.12916666666666668 9.5000000000000018 1.5000000000000002 1626.4133617029136 80648.250000000015 0.26272648835202767 83440.404761904778 0.15590277777777781 1.644856438606314
decision_type=10 2 2 2 2 2 2 2 8 8 8 8 10 10 8 10 2 2 2 2 10 2 2 2 10 2 2 2 2 10
left_child=1 2 8 13 6 17 -3 11 12 -6 24 -8 -1 18 15 19 -12 -5 -4 -10 -11 -13 25 -24 -9 28 -27 -28 -16 -22
right_child=-2 4 3 5 9 -7 7 10 14 20 16 21 -14 -15 22 -17 -18 -19 -20 -21 29 -23 23 -25 -26 26 27 -29 -30 -31
leaf_value=-0.011034442869326566 -0.029233946532674793 0.051029839796608981 -0.019057614981760871 0.0017498042216794296 0.024637334254734349 -0.001079650085797573 0.024283738944440525 -0.0096787931679889957 -0.018075668970441508 -0.019052971748042415 -0.0026868446720641221 0.016970203708239671 0.027791734139424859 0.02107050242276284 -0.024238433034778968 0.029499725299657904 0.039264970666099068 0.044339853363979116 0.012679731570712479 0.017263400788271002 -0.010567927059318057 -0.013390501215466994 0.027764528248077333 -0.010769763545110408 0.020367233506146915 -0.014263722424037379 0.03597771087828372 -0.010088603838600985 0.0056623596516995108 0.01712114487410012
leaf_weight=4.9134420938789836 68.032682044431567 19.514220613986254 26.75300290435553 5.1656743250787285 10.702858977019785 14.928926073014734 6.9580037966370574 8.8615475334227067 15.229170270264154 19.955387374386191 3.7981393299996844 3.1522752102464429 9.1445074044167978 2.9891719557344905 93.054948093369603 4.7301321979612103 65.601282589137554 25.312183581292629 4.2927741520106784 2.2738574407994738 5.5067203324288112 34.216961473226547 2.1678281463682678 14.727973612025378 5.226495783776044 10.679064678028224 1.8320812527090304 1.8039561472833154 4.9855090714991084 7.3318951353430748
leaf_count=74 2732 147 690 44 51 161 42 58 300 342 30 37 118 65 2214 57 335 150 97 51 98 659 30 296 31 264 35 34 104 83
internal_value=0.00162245 0.00671629 -0.00411262 0.0120952 0.0203686 0.0265899 0.0261092 0.0205266 -0.0120171 0.000237215 0.0318988 -0.00195438 0.0148868 -0.00817141 -0.0149097 0.00172407 0.0369427 0.0383852 -0.0135191 -0.010669 -0.00993206 -0.00912901 -0.0177286 -0.000614467 0.00388318 -0.0201664 -0.00240649 0.0205141 -0.0225169 0.00561153
internal_weight=503.843 435.81 244.984 79.4417 190.826 45.4068 147.329 127.815 165.542 43.4969 83.4875 44.3272 14.0579 34.0349 151.485 22.2332 69.3994 30.4779 31.0458 17.503 32.794 37.3692 129.251 16.8958 14.088 112.356 14.3151 3.63604 98.0405 12.8386
internal_count=9429 6697 4784 1207 1913 355 1339 1192 3577 574 454 738 192 852 3385 408 365 194 787 351 523 696 2977 326 89 2651 333 69 2318 181
is_linear=0
shrinkage=0.035


Tree=44
num_leaves=31
num_cat=0
split_feature=81 27 0 50 47 56 11 81 45 10 119 32 66 56 11 110 32 128 119 14 49 15 57 74 128 44 116 110 93 72
split_gain=57.2448 48.4662 24.0865 19.3947 19.2216 17.3322 12.4733 9.87474 8.93031 8.30396 7.74046 6.2806 6.79628 6.27287 5.80455 5.53591 5.07116 5.18449 4.99702 4.90979 4.21422 4.44817 4.18487 3.92982 3.49752 3.62001 3.2029 4.76628 2.99331 4.01867
threshold=452.50265221412877 9.5000000000000018 4.7096238425925927 0.040270270270270282 0.035401002506265669 0.20611577964519143 2.5000000000000004 347.40538503541865 0.097800095648015326 3.5000000000000004 0.82710268257554309 6.5000000000000009 4.3900062140267639 0.47673160173160178 6.5000000000000009 22.750000000000004 3.5000000000000004 0.044949494949494954 0.6635483734958425 3.5000000000000004 0.022474747474747477 1.5000000000000002 0.30638852672750988 8.2500000000000018 0.26491228070175443 0.35781671159029654 0.52419984387197516 173.25000000000003 82803.500000000015 11.500000000000002
decision_type=10 2 2 2 2 8 2 8 2 2 8 2 8 10 2 10 2 2 8 2 2 2 10 8 2 2 2 8 2 10
left_child=1 2 3 6 9 22 18 -6 19 14 13 28 15 -7 -3 -13 -5 -18 -1 -8 21 -16 -4 -15 -17 -26 27 -9 -12 -30
right_child=-2 4 5 16 7 10 8 26 -10 -11 11 12 -14 23 20 24 17 -19 -20 -21 -22 -23 -24 -25 25 -27 -28 -29 29 -31
leaf_value=0.019213689469669677 -0.028680316197498838 0.012370269852076331 -0.00042327187145826522 -0.019027385783143929 0.02429265866495544 0.019119448441109032 0.050141632618065479 -0.02555550606835583 0.0070298674719526926 -0.0095956750330573517 -0.022364301966011298 0.011271172516174858 0.022543476969143817 0.014844091319107428 0.0023231262603772016 -0.02059981528859629 0.02117869998591787 -0.013492014462580373 -0.015008391818186822 0.010758896126704961 0.00277795681450454 0.039898637854727539 0.028993304038082878 -0.01689402866287323 0.022418341220904792 -0.012805054956465667 0.0028052684488947869 0.013677980844994147 -0.014522537564144729 0.012866861168221912
leaf_weight=2.9690906852483723 62.870393445715308 23.81163795106113 9.029363367706539 18.431827861815695 8.8754979223012906 12.11982928030193 20.583584085106853 13.91126118041575 15.372755564749239 4.303330820053815 91.716541867703199 8.3609187379479391 5.1337158735841504 2.218512371182439 4.744570041075348 25.159084549173716 6.8787946794182044 5.0212763268500566 10.768926819786429 8.4618039913475496 5.3202838487923136 69.611550541594625 11.474012255668638 13.086624590680003 2.156858976930379 2.5996403396129608 11.097862700000404 1.4013750851154334 13.196580501273276 5.6523118838667861
leaf_count=39 2608 310 127 313 38 162 164 305 225 93 2165 72 83 39 31 645 104 72 220 67 47 432 130 279 40 55 92 10 309 129
internal_value=0.00124556 0.00586356 -0.00240647 0.0123848 0.022163 -0.00903162 0.0235496 -0.00033504 0.031787 0.0292163 -0.0125556 -0.0155325 -0.00369959 0.00397589 0.031198 -0.00941729 -0.00932518 0.00688578 -0.00445888 0.0419333 0.0357621 0.0377984 0.0184955 -0.00977111 -0.0159854 0.00647067 -0.0111609 -0.0194819 -0.0198173 -0.00533353
internal_weight=496.34 433.469 290.392 88.4881 143.077 201.904 58.1562 35.286 44.4181 107.791 181.401 153.976 43.4102 27.425 103.488 38.2765 30.3319 11.9001 13.738 29.0454 79.6764 74.3561 20.5034 15.3051 29.9156 4.7565 26.4105 15.3126 110.565 18.8489
internal_count=9405 6797 5439 1204 1358 4235 715 445 456 913 3978 3498 895 480 820 812 489 176 259 231 510 463 257 318 740 95 407 315 2603 438
is_linear=0
shrinkage=0.035


Tree=45
num_leaves=31
num_cat=0
split_feature=117 110 97 10 88 11 81 83 96 84 32 107 65 69 50 54 41 13 99 46 50 101 44 80 93 11 46 46 73 74
split_gain=53.6292 26.7699 32.3082 22.3639 21.5183 18.2765 14.8774 14.6116 9.93728 13.5663 9.89734 10.2775 10.2627 9.04401 7.57035 6.85902 16.4907 7.03715 6.47424 6.14348 5.78056 5.32913 4.87445 4.69105 4.48172 4.4447 4.09344 4.02829 3.43699 3.88705
threshold=0.73401360544217698 260.25000000000006 1.7983802258258772 3.5000000000000004 1079.5000000000002 2.5000000000000004 420.30579107873831 1341.5000000000002 3.3229166666666674 250.25000000000003 6.5000000000000009 1035.796468943704 2.3038461538461541 3.2500000000000004 0.099295774647887344 0.17519181585677754 5.5000000000000009 4.5000000000000009 0.46770833333333339 0.060790835181079091 0.11050061050061051 0.22048611111111113 0.34514106583072107 771.51515151515162 85681.500000000015 5.5000000000000009 0.068071491615180946 0.031152950310559011 10.500000000000002 17.250000000000004
decision_type=2 10 2 2 10 2 10 10 2 10 2 10 10 10 2 8 10 2 2 2 2 2 2 10 2 2 2 2 8 10
left_child=1 4 24 5 7 -2 8 13 9 10 11 -7 -12 15 -4 16 17 20 -13 -20 25 27 -15 28 -3 -1 -14 -18 -17 -30
right_child=3 2 14 -5 -6 6 -8 -9 -10 -11 12 18 26 22 -16 23 21 -19 19 -21 -22 -23 -24 -25 -26 -27 -28 -29 29 -31
leaf_value=0.00024053505628325112 -0.0125746129830555 -0.020408795481686122 0.048392460702000879 -0.020020527644938509 0.038933809191603087 -0.011763154982822056 -0.015769632870025457 -0.030043110268073915 0.040590960652943334 0.038589801740079976 0.043633715391403038 0.030884014513476655 -0.0071154057372796384 -0.0093884882219463766 -0.0032025549384892098 0.0031233275129447678 -0.015838264001232276 -0.0073494195447693002 -0.0093590413315258053 0.017755266311113117 -0.0049098787617858986 -0.019173832617321921 0.020469840383756342 0.011441149327118252 0.014695522096708498 0.060272550846457849 0.019289849380406943 0.014782812416274401 -0.02173755708672221 0.0010258616529923048
leaf_weight=1.8469761479645947 17.920950688421726 17.508419293910269 19.077364826574925 16.354079773649573 5.0004286170005789 27.583642743527889 8.9133969154208881 51.167706130072474 34.85166423022747 28.075847864151001 15.070504445582626 12.411310266703365 10.940752513706686 6.7495146393775967 3.3776205144822589 7.4125607926398507 3.2687780261039725 3.3170236069709054 17.33722668886185 14.161040227860211 1.8600665833801029 29.391639713197947 13.882337760180233 3.7554120793938628 1.7555882800370444 4.4288407228887081 8.8924335464835149 10.355102147907017 92.965402200818062 9.6560347583144885
leaf_count=48 385 443 147 406 27 246 287 2147 175 133 94 66 77 147 57 182 74 82 152 106 45 755 212 70 30 62 53 202 2345 225
internal_value=0.00191817 -0.00790828 0.0166579 0.0150555 -0.0123399 0.0184048 0.0217777 -0.0141805 0.0241499 0.0185864 0.0118128 0.00373365 0.0258199 -0.00921965 0.0414618 -0.0119118 -0.001484 0.0288788 0.013676 0.00359344 0.0408244 -0.0117335 0.010776 -0.0166307 -0.0148406 0.050546 0.00622385 0.0051562 -0.0180444 -0.0196475
internal_weight=499.29 286.777 41.719 212.513 245.058 196.159 178.238 240.057 169.324 134.473 106.397 71.4932 34.9037 188.89 22.455 168.258 54.4684 11.4529 43.9096 31.4983 8.13588 43.0155 20.6319 113.789 19.264 6.27582 19.8332 13.6239 110.034 102.621
internal_count=9480 7300 677 2180 6623 1774 1389 6596 1102 927 794 570 224 4449 204 4090 1268 237 324 258 155 1031 359 2822 473 110 130 276 2752 2570
is_linear=0
shrinkage=0.035


Tree=46
num_leaves=31
num_cat=0
split_feature=81 27 119 56 100 83 10 98 101 54 16 56 8 109 108 74 100 1 98 60 99 110 66 55 83 75 96 110 92 75
split_gain=51.2756 46.7007 19.9349 17.2594 14.0691 12.3132 10.3817 11.4511 8.97069 11.0117 13.4926 10.3272 6.21191 5.46131 11.0735 5.3694 5.33904 5.17094 4.86036 4.85482 4.79126 4.59519 4.47946 4.42879 4.31503 3.95389 3.73107 3.30979 3.21032 3.18858
threshold=452.50265221412877 9.5000000000000018 0.74687017361519292 0.26111660079051385 0.09232954545454547 1614.5000000000002 1.5000000000000002 0.90238095238095251 0.36515151515151517 0.22474747474747478 13.500000000000002 0.62988330796549985 2.5000000000000004 255.50000000000003 17.500000000000004 15.250000000000002 0.36602870813397131 2.5000000000000004 1.3585714285714288 0.84877072612921689 0.45993589743589752 164.75000000000003 1.2270087328486541 0.46470099667774095 983.00000000000011 2.6770833333333335 1.4234028683181228 22.250000000000004 64044.500000000007 1.7669683257918554
decision_type=10 2 8 8 2 8 2 2 2 8 2 10 2 10 10 10 2 2 2 2 2 10 10 10 8 8 2 8 2 10
left_child=1 2 13 6 12 -6 7 -4 9 10 11 17 19 14 15 26 -12 -5 -8 -3 -7 29 -20 -19 -10 27 -1 28 -11 -22
right_child=-2 4 3 8 5 20 18 -9 24 25 16 -13 -14 -15 -16 -17 -18 23 22 -21 21 -23 -24 -25 -26 -27 -28 -29 -30 -31
leaf_value=-0.003451624456604348 -0.027630308456723759 0.0022376798312743664 -0.012818742929035971 -0.0054377439859814884 0.029097710483201665 0.016746771039874819 -0.013888279203816994 0.045509781744712673 0.011386185918578408 0.014963332990633873 -0.017494782626441784 -0.0087952371496824704 0.0048147096707894018 0.036333073478031289 -0.01504186346291567 -0.0067652654968989858 0.015545899493155317 -0.001562719792740594 0.021358466117509613 0.034716725608843459 0.0031345321299433835 0.017482743824343665 -0.0041426988144621282 0.044849009525922238 -0.022391284983252536 0.00037446206755916778 0.035751064915510659 -0.020679022036421763 -0.014881445838111865 -0.021651945951410317
leaf_weight=2.567892460152513 58.902129922062159 6.8165865987539283 3.1157845556735984 2.4077822361141505 12.643628370016812 4.50928721576929 13.073850698769091 10.604098688811062 2.0177601724863043 4.9225279316306105 20.55499245040119 7.37847208790481 13.446306591853498 10.492791337892411 11.318949449807404 4.2440780438482753 3.612889112904667 2.5142401661723879 11.747565828263761 78.037014918401837 6.9115896448493066 1.7225234955549229 14.304929271340368 14.516829090192912 66.121723607182503 19.835465870797634 13.204677818343042 48.196809345856309 3.0214708372950554 20.823891436681151
leaf_count=58 2577 77 25 31 70 38 189 101 25 59 415 131 124 100 257 56 47 47 183 582 114 19 235 166 1647 457 105 1121 45 353
internal_value=0.00168508 0.00592649 -0.00224102 -0.00608905 0.0217889 0.00519981 0.0109397 0.0323776 -0.0108596 -0.00500468 0.00716673 0.0224536 0.0290226 0.0187837 0.00871622 0.0224721 -0.0107373 0.0336876 0.000605378 0.0323773 -0.00628789 -0.0117323 0.00894382 0.0391977 -0.020681 -0.0131107 0.030074 -0.0175162 0.00224838 -0.0159399
internal_weight=493.589 434.686 289.776 247.947 144.911 46.6109 52.8462 13.7199 195.101 126.961 50.9852 26.8173 98.2999 41.8284 31.3356 20.0166 24.1679 19.4389 39.1263 84.8536 33.9673 29.458 26.0525 17.0311 68.1395 75.9763 15.7726 56.1408 7.944 27.7355
internal_count=9454 6877 5500 4924 1377 594 733 126 4191 2519 837 375 783 576 476 219 462 244 607 659 524 486 418 213 1672 1682 163 1225 104 467
is_linear=0
shrinkage=0.035


Tree=47
num_leaves=31
num_cat=0
split_feature=81 27 47 47 117 56 56 119 15 65 55 65 86 74 117 55 98 65 116 65 63 92 50 7 99 86 90 110 48 0
split_gain=49.5926 45.0832 21.2888 16.5601 15.0032 11.9159 9.71561 9.68716 8.11879 7.56431 7.53288 7.40977 7.37766 6.61086 6.32785 6.01009 5.90262 5.51998 5.27355 5.05653 4.55617 4.37177 4.3488 6.40596 4.32765 4.20515 4.13836 3.85162 3.49695 5.25769
threshold=452.50265221412877 4.5000000000000009 0.099019607843137278 0.052289815447710192 0.5545634920634922 0.65030120481927722 0.26006441223832533 0.37282449471082063 1.5000000000000002 2.3245614035087727 0.47151459008800373 3.3257575757575766 280.30398663008413 17.250000000000004 0.26491228070175443 0.97388144446967984 0.94590643274853814 5.1756548536209559 0.9470884658454648 2.2426470588235299 0.70859704641350219 39433.500000000007 0.10275263951734541 1.5000000000000002 0.6132478632478634 331.94598489407275 76106.519480519506 58.250000000000007 0.045199182839632285 21.387679398148151
decision_type=10 2 2 2 2 10 8 8 2 10 10 10 8 10 2 8 2 10 2 10 2 2 2 2 2 8 2 8 2 2
left_child=1 2 6 5 -4 8 15 -8 18 -6 -10 -7 -5 17 -14 21 -17 28 -3 -15 -11 24 23 -12 -1 -24 -23 -26 -9 -30
right_child=-2 3 4 12 9 11 7 13 10 20 22 -13 14 19 -16 16 -18 -19 -20 -21 -22 26 25 -25 27 -27 -28 -29 29 -31
leaf_value=-0.01114718309451224 -0.027964666488880147 -0.0075757367534600214 -0.01320113157118641 0.020511203496566998 0.043482705263788682 -0.012938806546820659 0.020056690277564893 -0.020238918513082585 -0.004843291417381961 -0.0099440563166261348 0.037099042685070284 0.02034964286982318 0.016754050093889535 -0.0098850257287427454 -0.02097808824265927 -0.0088385185761175288 0.035554127305132903 0.01100445488049452 0.025234814547559933 0.023493818293715638 0.023469534053020675 -0.020528263486886016 0.023392180917657102 -3.3814124022048502e-05 0.029726156420917783 -0.0076185988696421568 0.0090538959247338981 -0.0074051861818678847 0.014730632677222497 -0.014660066197115346
leaf_weight=4.2418060246855012 57.318760380148888 13.822442745789887 10.180607398971913 5.5326723363250521 15.628205580636861 15.842254262417557 6.3530918788164845 118.83615780249238 5.8590932469815007 7.3805552087724191 87.671318667009473 8.495390458032487 2.9346988759934929 7.3433419503271562 20.198484696447849 2.8804467059671861 7.0805237516760826 5.3405723571777335 3.9176525250077239 5.7366345021873713 3.6228417232632637 13.448047861456873 5.5617781318724129 6.0538787096738806 6.9045351091772291 7.2040592804551133 5.0374780911952248 2.4578059874475011 7.2525763288140324 14.553983584046362
leaf_count=54 2576 164 271 34 149 275 97 2877 91 104 648 83 35 170 351 26 78 62 20 99 33 235 44 55 100 117 76 59 110 317
internal_value=0.00123935 0.00543426 -0.00440175 0.0183254 0.0185551 0.0227471 -0.00881593 -0.0125619 0.0268086 0.0308625 0.0301588 0.00016881 -0.00533597 -0.0144363 -0.0140644 0.00568882 0.0240533 -0.0165495 0.00362538 0.00720301 0.00495277 -0.00248583 0.0322154 0.0348203 0.0105154 0.00867312 -0.0122556 0.0207939 -0.0179376 -0.00396077
internal_weight=484.692 427.373 244.279 183.094 36.8122 154.428 207.467 165.416 130.09 26.6316 112.35 24.3376 28.6659 159.063 23.1332 42.0506 9.96097 145.983 17.7401 13.08 11.0034 32.0897 106.491 93.7252 13.6041 12.7658 18.4855 9.36234 140.643 21.8066
internal_count=9410 6834 4917 1917 557 1497 4360 3732 1139 286 955 358 420 3635 386 628 104 3366 184 269 137 524 864 703 213 161 311 159 3304 427
is_linear=0
shrinkage=0.035


Tree=48
num_leaves=31
num_cat=0
split_feature=96 81 87 0 69 50 117 118 97 42 55 9 98 55 98 44 98 13 47 108 0 55 123 66 118 70 90 48 54 0
split_gain=47.0035 34.2469 24.6384 20.8376 12.5704 12.1301 10.7059 8.93301 8.66497 8.57887 8.36196 11.6524 7.2551 7.78291 6.54115 6.17549 7.47416 7.05624 5.9819 5.73316 5.59095 5.02477 5.8756 4.56788 4.3605 4.0488 4.03834 3.962 5.21578 3.95318
threshold=2.8944444444444448 452.50265221412877 1.0000000180025095e-35 4.0473495370370385 2.7500000000000004 0.030457637600494747 0.70320320320320329 0.48333333333333339 2.1818812163974433 1.5000000000000002 0.72821969696969713 3.5000000000000004 0.87068004459308812 0.56736587333602262 0.89039039039039047 0.35319472616632869 0.89039039039039047 7.5000000000000009 0.10948202054794522 246.50000000000003 2.0223495370370377 0.45798022598870064 1.5000000000000002 1.5189263736608203 0.86159003831417635 14.256578947368423 51198.295238095241 0.060120481927710849 0.16954022988505749 33.230335648148156
decision_type=2 10 8 2 10 2 2 2 2 10 10 2 2 10 2 2 2 2 2 10 2 10 2 10 2 10 2 2 8 2
left_child=1 2 -1 5 6 9 7 8 -5 19 18 -12 -11 -14 -13 24 -17 21 -8 -4 25 -18 29 -22 -6 -7 -27 -9 -29 -23
right_child=-2 -3 3 4 15 20 10 27 -10 12 11 14 13 -15 -16 16 17 -19 -20 -21 23 22 -24 -25 -26 26 -28 28 -30 -31
leaf_value=0.040692543829842449 0.032902978162383585 -0.025912347838593943 -0.0079203980550303834 -0.011803750746428469 0.0084206987112344402 -0.014467836269815744 -0.017376364514373056 -0.021476414952353529 0.03064273817318067 0.00058733903427746008 -0.017122580087680594 -0.0079480232002023775 0.0020828566002741087 0.041634381147911681 0.031068137347644433 -0.010481659185584453 -0.0079208541180571541 -0.010387813834800787 0.015745182781855861 0.025830813822416598 -0.0060269830350161199 -9.2160276142016319e-06 -0.0056608092695930494 0.033306698298590093 -0.01584092096716308 0.021419498926748177 -0.0089688177806951808 0.023159484718139958 -0.013057338415573549 0.041464519761313476
leaf_weight=14.584145668894051 50.046628495678306 55.344757447019219 17.285079896450046 9.2713596206158382 12.323635881766679 25.807580500841141 24.844547174870971 95.233722878620028 5.4153345860540858 9.4964964482933265 7.7681053113192311 4.4352770820260075 8.0024072583764774 30.804052282124758 20.277008086442947 8.1894057001918537 2.5031505487859276 4.5692448541522017 4.3952287957072249 3.5438449382781974 3.9124371148645869 3.1681898850947681 3.2254702951759091 3.8841244000941515 14.986941572278736 5.6997140850871784 6.6388193145394325 2.7558222394436571 8.1030191425234079 20.123237347230315
leaf_count=68 292 2587 304 268 225 397 420 2641 35 84 160 39 105 262 154 91 51 55 50 27 78 37 49 44 244 65 99 78 220 225
internal_value=0.00242261 -0.00140434 0.0024428 0.000394438 -0.00524235 0.0124233 -0.00998615 -0.0158487 0.00765486 0.0211847 0.00181406 0.0131187 0.028634 0.034647 0.0239065 0.00711667 0.0149214 0.0216705 -0.0108254 0.00171079 -0.0015456 0.027503 0.0315731 0.0189258 -0.00528417 -0.00743805 0.00719761 -0.0193004 0.000537889 0.0368185
internal_weight=486.639 436.592 381.247 366.663 251.589 115.075 182.499 120.779 14.6867 69.1319 61.7202 32.4804 48.303 38.8065 24.7123 69.0893 41.7787 33.5893 29.2398 20.8289 45.9427 29.02 26.5169 7.79656 27.3106 38.1461 12.3385 106.093 10.8588 23.2914
internal_count=9454 9162 6575 6507 5042 1465 4065 3242 303 782 823 353 451 367 193 977 508 417 470 331 683 362 311 122 469 561 164 2939 298 262
is_linear=0
shrinkage=0.035


Tree=49
num_leaves=31
num_cat=0
split_feature=81 27 47 68 110 69 100 110 65 56 88 72 91 56 47 0 6 54 44 16 87 0 109 98 47 45 109 96 86 43
split_gain=44.1756 37.7807 22.2436 14.7561 15.927 12.0377 11.8411 11.0733 10.1479 8.07438 7.95089 7.64506 7.62608 9.47091 6.39158 6.18892 6.13398 6.02824 5.72667 5.40416 5.32704 4.46374 5.87893 4.32173 4.2464 4.07043 4.92773 4.70968 4.7055 5.36505
threshold=431.52197836116596 4.5000000000000009 0.099019607843137278 6.5000000000000009 191.25000000000003 2.7500000000000004 0.15894736842105264 58.250000000000007 2.3245614035087727 0.34330357142857149 1079.5000000000002 11.500000000000002 70.860516809325944 0.20611577964519143 0.022857889237199586 56.961516203703709 1.5000000000000002 0.16954022988505749 0.3551971326164875 10.500000000000002 1.5000000000000002 0.82528356481481502 2367.0000000000005 1.9614814814814816 0.050933932895191984 0.050641025641025648 5893.5000000000009 1.1651515151515153 204.14132975580804 0.3983534505379166
decision_type=10 2 2 10 10 10 2 8 10 8 10 8 10 10 2 2 2 8 2 2 10 2 8 2 2 2 10 2 8 2
left_child=1 2 5 4 10 9 16 8 -4 11 12 17 -3 -14 18 -13 -5 19 -7 -1 -2 22 -11 -8 -21 26 27 -15 -27 -30
right_child=20 3 7 6 -6 14 23 -9 -10 21 -12 15 13 25 -16 -17 -18 -19 -20 24 -22 -23 -24 -25 -26 28 -28 -29 29 -31
leaf_value=0.027387629117406689 0.0089944525689519689 0.025450023826959541 0.043103191521700467 0.035238481270208837 0.034100164489234766 -0.0035841131415984611 -0.012884996824431129 -0.0095906007836693858 0.0012019606267253068 0.019772286431050456 0.030143423370407089 0.031266180037506509 0.019130581246097185 0.014367213924275498 -0.01117440472317249 -0.0069031922494640751 0.0026200054396482929 -0.022327065239272637 0.022600406710674363 -0.015962913237665272 -0.028209581501413502 -0.021158236070088862 -0.016275089753589714 0.018496378245138903 0.011716397358171893 0.010934491211450171 0.016078741867615081 -0.022455411402224672 -0.028773441390699202 0.0024942618476381517
leaf_weight=3.0165889523923424 2.8509348519146434 4.5491311512887469 17.171763457357887 69.218621417880058 15.556176837533711 14.222345557063816 10.366770742461084 9.3545282986015064 10.8341339956969 5.4993841033428881 4.193383775651454 7.85887538269162 8.7641601990908367 2.1850081272423294 14.427005486562846 6.2176538538187742 8.7350266780704242 17.392369788140059 22.977116405963898 12.408159380778672 55.120250336825848 87.702970180660486 6.7507776953279981 3.3213737141340962 6.6425324622541657 2.8272088039666405 8.0284320898354036 8.7926776651293022 28.154488746076822 7.4862849768251172
leaf_count=37 97 34 166 432 122 261 127 248 140 87 21 110 78 28 202 132 55 339 305 260 2609 2336 136 36 112 19 106 138 536 132
internal_value=0.00158541 0.00558224 -0.00347102 0.0174028 0.00680556 -0.00807189 0.0269785 0.0197599 0.0295313 -0.0128863 -0.00063499 -0.00166165 -0.00432667 -0.00801441 0.00611576 0.0170162 0.0319617 -0.00948898 0.0133509 0.00288463 -0.025811 -0.0185328 0.000947925 -0.00235901 -0.00588243 -0.0133535 0.000124514 -0.0129238 -0.019261 -0.0227069
internal_weight=482.626 424.655 242.476 182.179 90.537 205.116 91.6418 37.3604 28.0059 153.489 74.9808 53.5362 70.7874 66.2383 51.6265 14.0765 77.9536 39.4597 37.1995 22.0673 57.9712 99.9531 12.2502 13.6881 19.0507 57.4741 19.0061 10.9777 38.468 35.6408
internal_count=9441 6735 4871 1864 1214 4317 650 554 306 3549 1092 990 1071 1037 768 242 487 748 566 409 2706 2559 223 163 372 959 272 166 687 668
is_linear=0
shrinkage=0.035


Tree=50
num_leaves=31
num_cat=0
split_feature=117 110 97 10 87 109 32 82 65 60 45 71 96 50 83 109 106 47 6 26 65 28 115 81 71 75 68 88 45 114
split_gain=50.1495 24.6568 36.1499 20.8173 19.0781 14.6256 10.1392 9.33348 9.3272 8.8231 8.41747 9.99838 6.68113 6.01894 5.68273 5.16798 6.03335 7.13293 4.7654 6.20599 6.1038 4.62697 4.33766 4.09 5.12818 4.05229 4.03597 3.95114 3.77023 3.68331
threshold=0.72783389450056124 260.25000000000006 1.9536549858406314 3.5000000000000004 1.0000000180025095e-35 2537.0000000000005 4.5000000000000009 3.5000000000000004 2.2426470588235299 0.84668803418803429 0.091326105087572995 3.1420894867294531 4.4924242424242431 0.0093948482709950622 1268.0000000000002 7749.5000000000009 122.84523809523812 0.055250305250305255 1.5000000000000002 18.500000000000004 2.4058823529411768 17.500000000000004 0.067231638418079109 284.69296540114448 0.97099592801391454 1.5577777777777781 2.5000000000000004 1079.5000000000002 0.15235814296241715 0.097800095648015326
decision_type=2 10 2 2 8 10 2 10 10 2 2 10 2 2 8 8 10 2 2 2 10 2 2 10 8 8 10 10 2 2
left_child=1 4 -3 5 -1 6 12 8 25 -7 11 15 14 22 -2 16 -10 -18 19 21 -21 23 -13 24 -11 -6 -4 -9 -26 -12
right_child=3 2 26 -5 7 9 -8 27 10 18 29 13 -14 -15 -16 -17 17 -19 -20 20 -22 -23 -24 -25 28 -27 -28 -29 -30 -31
leaf_value=0.030172999270777934 0.011797342973491928 -0.017351652426630015 0.0095763148828363967 -0.019462870411834626 0.00095818753826232457 -0.0051712819207217642 0.024430375395506618 -0.027975790512398822 -0.0044893056299535111 -0.00097709528534175574 -0.01724917423090308 -0.0098897974420735987 0.023325197347833514 -0.017936248409547224 -0.01597560531402803 -0.0047208969475690228 0.05380656630235426 -0.0055381286834019416 0.0016965243770783978 0.028659014027127252 -0.00072657897387072101 -0.00088057216129610802 0.029124240671549589 0.0056858096845748577 0.042629520799440199 -0.019880556299348331 0.050425452824021472 0.010023141577851582 0.0079184823921593268 0.0041100175164417484
leaf_weight=7.8282941151410332 7.8012641388922921 19.110067766159773 6.6980267073959139 15.721509736031292 12.783684639260171 9.7938292566686851 14.91522193700075 54.150982428342104 2.8366040717810419 3.7008469700813285 26.955388765782118 2.6738380845636156 3.8891555666923514 12.592691970989106 33.625078955665231 3.6730522066354743 8.2262604758143407 1.9871817342936982 9.1681416481733304 10.348475337028505 19.318153068423271 4.2505991309881201 3.4497961606830359 7.2055596131831399 61.95649241656065 76.213663237169385 15.663000548258422 1.164477091282605 6.8105341456830493 11.946829717606304
leaf_count=65 80 502 82 413 350 109 120 2202 66 29 687 57 20 273 553 77 134 43 68 63 148 29 57 170 358 2174 93 7 50 287
internal_value=0.0022784 -0.00768598 0.0158295 0.0149639 -0.0122408 0.0181925 0.00349283 -0.0143999 -0.00966854 0.0245021 -0.000378865 0.0111647 -0.00514149 -0.00612851 -0.0100382 0.0274748 0.0353341 0.0442348 0.0269792 0.0288623 0.0121789 0.0337434 0.0153009 0.0355335 0.0379427 -0.0169955 0.0421755 -0.0264113 0.0399615 -0.0109687
internal_weight=476.459 267.954 41.4711 208.505 226.483 192.783 60.2307 218.654 163.339 132.553 74.3416 35.4394 45.3155 18.7163 41.4263 16.7231 13.05 10.2134 122.759 113.591 29.6666 83.924 6.12363 79.6734 72.4679 88.9973 22.361 55.3155 68.767 38.9022
internal_count=9366 7156 677 2210 6479 1797 773 6414 4205 1024 1681 707 653 387 633 320 243 177 915 847 211 636 114 607 437 2524 175 2209 408 974
is_linear=0
shrinkage=0.035


Tree=51
num_leaves=31
num_cat=0
split_feature=81 11 10 96 50 110 110 98 55 29 56 66 107 74 74 54 41 126 63 108 98 11 110 129 44 21 82 45 73 50
split_gain=46.5215 33.1395 34.3368 19.3878 14.1081 15.4766 16.6627 17.9056 17.1898 10.5308 9.10093 7.99097 7.73697 7.19006 6.4246 5.79863 6.68206 5.47997 5.96121 5.01011 4.89735 5.45645 4.85651 4.81347 4.76431 4.50391 4.39763 3.52596 3.44488 3.34679
threshold=452.50265221412877 2.5000000000000004 3.5000000000000004 3.2583333333333337 0.071796759941089847 195.25000000000003 88.250000000000014 1.0571895424836604 0.88516483516483524 6.5000000000000009 0.65030120481927722 2.2160127440883142 1416.6835657023987 11.250000000000002 16.250000000000004 0.16954022988505749 13.500000000000002 1.0000000180025095e-35 0.52326839826839844 125.50000000000001 1.5972972972972974 3.5000000000000004 1098.5000000000002 9.5000000000000018 0.95833333333333337 2.5000000000000004 134.50000000000003 0.050641025641025648 8.5000000000000018 0.01941930618401207
decision_type=10 2 2 2 2 10 10 2 10 2 10 8 10 10 8 10 10 2 2 10 2 2 10 2 2 2 8 2 8 2
left_child=1 19 3 4 5 6 7 11 10 17 12 -3 29 -10 -13 16 -14 18 -6 24 -20 -22 -21 -11 26 -7 -1 -19 -28 -9
right_child=-2 2 -4 -5 9 25 -8 8 13 23 -12 14 15 -15 -16 -17 -18 27 20 22 21 -23 -24 -25 -26 -27 28 -29 -30 -31
leaf_value=0.0098171864609055987 -0.027804687524173817 -0.014407245650123883 -0.022985802432939972 0.037449764892575184 -0.0068877701493184158 0.0084091217605255647 -0.017480534661493501 0.0094274629207349372 0.0076514963428075903 -0.019943477227968624 -0.014124348047350908 0.016937437927104022 0.043568968282164375 0.04761671841398013 -0.015138341632611534 0.0041866464618388922 0.0022045315532082956 0.013318002242708019 0.0017764334486281303 0.019104851937773306 -0.0045582088150614881 0.043472412998296468 -0.015882439065344537 0.014251597288187605 0.007899941102643325 0.049020450279244884 0.0030503418586121565 -0.013509330418335297 -0.027193627549507191 -0.012034415983613741
leaf_weight=2.3166572470217934 52.257599154487252 26.014268383383751 30.433814054355025 32.484544262290001 7.5036997925490168 6.9175342526286867 18.310388140380383 18.928466960787777 9.1654169801622611 30.856005903333426 10.70399186760187 25.851559838280085 17.420416517183188 29.213926253840327 5.8998647760599843 12.778317280113695 6.7867816332727662 4.1658523827791241 8.3964350037276763 6.2172901593148691 2.4932803343981496 10.127163691446183 3.8118135761469603 2.2327050101011983 4.6121325660496941 14.961844678968189 4.0245815347880116 14.138512236997483 46.594322759658098 9.2367903850972635
leaf_count=41 2581 357 777 177 148 96 451 237 87 664 194 209 206 245 71 212 78 67 139 93 46 167 95 25 121 109 108 243 1286 105
internal_value=0.00184587 0.00579465 0.010086 0.0134885 0.0102384 0.0148682 0.0110105 0.0144517 0.022202 -0.00220647 0.011251 -0.00142259 0.0161296 0.0400546 0.00972862 0.0256577 0.0343346 0.00819405 0.01674 -0.015892 0.0248783 0.0353827 0.00494717 -0.0160682 -0.0196289 0.0401332 -0.0225022 -0.00585631 -0.024731 0.00163585
internal_weight=474.856 422.598 355.022 324.588 292.103 212.19 190.31 172 114.234 79.9137 75.8548 57.7657 65.1508 38.3793 31.7514 36.9855 24.2072 46.8249 28.5206 67.5768 21.0169 12.6204 10.0291 33.0887 57.5477 21.8794 52.9356 18.3044 50.6189 28.1653
internal_count=9435 6854 5110 4333 4156 2657 2452 2001 1364 1499 1032 637 838 332 280 496 284 810 500 1744 352 213 188 689 1556 205 1435 310 1394 342
is_linear=0
shrinkage=0.035


Tree=52
num_leaves=31
num_cat=0
split_feature=81 27 32 100 65 100 117 55 87 56 119 94 73 87 49 100 110 57 91 106 84 60 0 20 45 58 96 74 11 50
split_gain=37.7378 33.0004 18.9174 17.0246 16.144 14.5187 9.55989 9.50971 9.3847 7.93463 9.85079 7.90622 7.48986 5.91557 5.72331 5.61383 5.14516 4.58809 4.48664 4.56594 4.42738 4.21231 4.19259 4.26824 4.04006 3.98377 3.79943 3.75514 3.56528 4.84812
threshold=452.50265221412877 3.5000000000000004 8.5000000000000018 0.39696969696969703 2.5590277777777781 0.15894736842105264 0.17028985507246377 0.77525466893039063 1.0000000180025095e-35 0.26352339181286555 0.77303240518350214 80648.250000000015 15.500000000000002 164.50000000000003 0.022474747474747477 0.033908045977011504 200.25000000000003 0.28285714285714292 402.96911597833434 33.062500000000007 611.25000000000011 0.84877072612921689 48.957482638888898 1.0000000180025095e-35 0.13536417773705914 0.46998799519807927 1.1181455633100701 11.750000000000002 9.5000000000000018 0.034139471639471647
decision_type=10 2 2 2 10 2 2 10 8 8 8 2 10 10 2 2 10 10 10 10 8 2 2 2 2 2 2 10 2 2
left_child=1 2 9 7 6 14 16 12 -8 15 22 13 -4 -10 18 17 -3 -1 19 -6 -7 -20 23 -11 -5 -23 -22 -9 -12 -30
right_child=-2 4 3 24 5 20 8 27 11 10 28 -13 -14 -15 -16 -17 -18 -19 21 -21 26 25 -24 -25 -26 -27 -28 -29 29 -31
leaf_value=-0.0083652910678624227 -0.025744434325238104 -0.0077692784384825152 0.010819972790680572 0.039939277893950909 0.018530513646785898 0.020968771781307186 0.026608714179388485 -0.0051208117271770211 -0.020451622953951941 0.027262368489241545 -0.020842670245352659 0.018649141267553539 -0.020954200110540982 0.010416075943159363 -0.00028094944191409479 -0.0070873567272623401 0.032012252210499831 0.029436612705457953 0.0031166350272015223 -0.015278541094575444 0.014033878380681014 0.005318312816693707 -0.0081658099626570127 -0.0093052870869343527 -0.00016412161268391888 0.037817974420173546 -0.016790200301983589 0.022116394627180937 0.020922115941748198 -0.013974922205807087
leaf_weight=2.9892462119460133 51.105235032737255 3.10649743489921 9.4772769417613727 16.068414205685261 6.9263750649988634 2.2545268312096622 4.9533156529068938 6.4441457316279438 38.46626815572381 8.0082654561847466 95.272695034742355 5.498574160039424 24.401241401210427 5.9929449670016757 7.9096687547862521 17.759354177862406 10.706650469452141 8.3896848708391172 6.3707901816815129 3.6171898208558559 2.3046712912619141 6.8429778087884179 10.164944291114805 2.6888064797967663 3.5557930171489707 68.402370689436793 15.445305762812493 16.56346407532692 3.3333564549684507 6.7649947721511126
leaf_count=53 2595 56 161 130 39 12 25 98 785 123 2511 90 509 74 60 281 76 123 58 56 21 47 214 50 72 465 224 233 57 154
internal_value=0.00125256 0.00479609 -0.00403504 0.00980146 0.0154667 0.0229578 0.00170915 -0.000664656 -0.00523806 -0.0109418 -0.0146362 -0.0105292 -0.0118172 -0.0156584 0.0281725 0.0048629 0.0233785 0.0199839 0.0305033 0.00574796 -0.00354534 0.033185 0.00615789 0.0180345 0.0341149 0.0353779 -0.0105832 0.0149353 -0.0188457 0.000658122
internal_weight=471.785 420.68 231.882 76.5103 188.798 120.074 68.7243 56.8861 54.9111 155.371 126.233 49.9578 33.8785 44.4592 100.069 29.1383 13.8131 11.3789 92.1597 10.5436 20.0045 81.6161 20.862 10.6971 19.6242 75.2453 17.75 23.0076 105.371 10.0984
internal_count=9452 6857 4769 1203 2088 982 1106 1001 974 3566 3109 949 670 859 725 457 132 176 665 95 257 570 387 173 202 512 245 331 2722 211
is_linear=0
shrinkage=0.035


Tree=53
num_leaves=31
num_cat=0
split_feature=81 27 32 100 65 117 100 87 10 56 128 59 110 87 45 94 110 71 0 117 123 47 73 14 108 71 98 47 58 97
split_gain=40.7321 34.9938 18.5331 16.2049 15.3067 12.9525 11.0367 8.65513 6.23671 4.8928 4.87346 6.61627 6.13281 4.79036 4.65461 4.33712 4.3356 4.27527 3.87743 3.78682 3.94001 3.68003 3.67939 3.53131 3.96225 3.42365 3.36462 3.35725 3.10445 2.95774
threshold=452.50265221412877 4.5000000000000009 9.5000000000000018 0.28801843317972359 2.5590277777777781 0.16002844950213374 0.16954022988505749 1.0000000180025095e-35 2.5000000000000004 0.58898944193061853 0.48074074074074075 0.73557158712541637 81.250000000000014 188.50000000000003 0.21320346320346323 81082.000000000015 71.250000000000014 5.0551521720354948 0.89696759259259273 0.39339826839826847 1.5000000000000002 0.060475444096133764 21.500000000000004 5.5000000000000009 39.500000000000007 4.6842291120372943 1.5972972972972974 0.039344685242518065 0.55086206896551737 2.9497618896713784
decision_type=10 2 2 2 8 2 2 8 2 10 2 2 8 10 2 2 8 8 2 2 2 2 8 2 10 8 2 2 2 2
left_child=1 2 10 8 5 -3 14 -7 17 -5 11 22 16 15 28 18 29 19 -9 -4 27 -10 -1 24 -12 -24 -8 -21 -6 -13
right_child=-2 4 3 9 6 7 26 13 21 -11 23 12 -14 -15 -16 -17 -18 -19 -20 20 -22 -23 25 -25 -26 -27 -28 -29 -30 -31
leaf_value=-0.019742200426689692 -0.026859367465980812 0.029566253162892773 -0.010576487921190243 0.036141269943673546 0.007942470104575397 0.024861146067645539 -0.014174708945583897 0.0027284285488015383 -0.022626647890737935 -0.0018717970981734159 -0.014954748513846403 0.014913965529937592 -0.014603233607465118 0.011921782485099364 -0.0027799561394018664 0.010012709683182366 0.031060036946865245 -0.011976211636508116 -0.024693540679252699 0.032638911316700277 -0.0062242912709350529 0.0086500807492785412 0.016019521397896107 0.026950486272217713 0.017251294376891425 -0.012050411455795208 0.010029875415411674 -0.0018277147104867381 0.031460784406844848 -0.0051914208561985925
leaf_weight=83.708884581923485 50.35438265837729 10.659111550077794 3.0931317433714929 21.157940110191706 11.81402297131717 4.4884045161306849 8.1232923902571219 6.6272942684590808 14.34790642000735 4.3639420699328175 7.3531150631606561 7.9501838721334925 23.034348784014583 5.1959197130054227 5.032695932313799 3.8552225809544316 2.3692534342408171 6.3373261280357829 28.782621938735247 11.709855945780875 3.8983147703111163 3.1318162381649008 4.7660156693309519 2.4042972885072222 2.6498470865190029 6.719513103365899 10.231262944638727 3.724776988849043 86.635831944644451 24.257064659148455
leaf_count=2008 2617 81 86 205 84 22 101 81 339 73 148 184 653 49 73 69 74 91 627 158 60 52 87 16 33 146 133 48 627 441
internal_value=0.00139243 0.00506937 -0.00378322 0.0105921 0.0164227 0.00165 0.0233003 -0.00660576 -0.00223939 0.0303996 -0.0101553 -0.0118839 -0.00222406 -0.0119745 0.027549 -0.0161261 0.00682582 0.00748397 -0.0198587 0.014164 0.0194822 -0.0163453 -0.0173272 0.0084322 -0.00351717 0.000923352 -0.00142376 0.0259092 0.0291589 0.00110873
internal_weight=468.778 418.423 236.978 71.765 181.446 59.6086 121.837 48.9495 46.2431 25.5219 165.213 152.805 57.6109 44.4611 103.483 39.2651 34.5765 28.7634 35.4099 22.4261 19.3329 17.4797 95.1944 12.4073 10.003 11.4855 18.3546 15.4346 98.4499 32.2072
internal_count=9466 6849 4902 1112 1947 929 1018 848 834 278 3790 3593 1352 826 784 777 699 443 708 352 266 391 2241 197 181 233 234 206 711 625
is_linear=0
shrinkage=0.035


Tree=54
num_leaves=31
num_cat=0
split_feature=81 27 54 55 117 117 88 20 119 29 6 65 46 65 88 95 32 56 101 47 115 69 94 65 109 70 92 87 122 108
split_gain=41.3853 32.1992 15.7428 23.7738 12.7874 21.0526 13.8169 10.3632 9.88274 8.10287 6.37489 9.15014 5.95946 6.56702 5.69235 5.67965 6.20436 5.31755 5.36902 5.23538 4.83062 4.4976 5.74398 4.18648 4.72064 4.11999 4.06551 4.06449 4.06211 5.21657
threshold=434.32254476783305 4.5000000000000009 0.22474747474747478 0.88516483516483524 0.17028985507246377 0.73401360544217698 1079.5000000000002 1.0000000180025095e-35 0.59099750612234125 19.500000000000004 1.5000000000000002 2.8038461538461541 0.10762548262548265 4.3431372549019613 722.50000000000011 543.50000000000011 4.5000000000000009 0.57919331037875066 0.55086206896551737 0.055250305250305255 0.20864427860696519 3.7500000000000004 81709.250000000015 1.851648351648352 6916.5000000000009 12.205263157894739 39718.000000000007 1.5000000000000002 1.5000000000000002 3.5000000000000004
decision_type=10 2 8 10 2 2 10 2 8 2 2 8 2 8 8 2 2 10 2 2 2 10 2 10 8 8 2 10 2 10
left_child=1 2 3 7 -3 6 14 17 15 25 11 23 13 -9 -6 16 -4 18 -1 -13 -12 22 -16 -7 -25 -5 -14 -2 -10 -30
right_child=27 4 8 9 5 10 -8 12 28 -11 20 19 26 -15 21 -17 -18 -19 -20 -21 -22 -23 -24 24 -26 -27 -28 -29 29 -31
leaf_value=0.027611094927653498 0.0067728072657349918 0.03905174249268447 -0.017929283073140245 0.0076631396920505915 0.017833231151738169 0.020221951356560922 0.034431517116181164 -0.020087163183548966 -0.019484392180561059 -4.2011727270995903e-06 -0.018144323985114327 0.033927510934197797 0.025587623701754842 0.014473980331253786 -0.020700556666728182 0.030367322753368883 0.02238620703322005 -0.0088510660817227513 -0.011740724602884691 -0.0012874349689663564 0.0149737119922201 0.010919251357670488 0.012018439132355145 -0.019527140571165735 0.013108246629047023 0.047845896931678802 -0.0090664662338363761 -0.028543685361064202 -0.016761140794067392 0.0099661849241306413
leaf_weight=16.587418334558613 2.4662581589072934 22.631937500089407 8.1499610077589733 6.2767500095069471 3.7897170800715676 5.2544634900987175 5.062840223312377 45.555979542434216 76.646872974932194 8.1707960590720159 5.5876317191869003 59.019598329439759 3.9920625574886781 4.1328343395143738 42.095296440646052 5.1625536624342194 2.3735414296388617 6.9282991606742135 2.3150061760097733 5.2368747331202021 6.0391501262784004 4.835662029683589 4.3088863287121049 8.7562725748866761 4.5964802913367757 15.403212478384374 4.1205495856702328 48.895050233229995 11.94320677034557 14.193208346143363
leaf_count=203 92 154 176 63 25 46 24 1061 2050 115 44 343 65 55 887 52 28 151 57 48 34 79 79 69 33 153 81 2614 252 292
internal_value=0.00176367 0.00557465 -0.00301504 0.0061715 0.0165917 0.0121829 -0.00387748 -0.00373852 -0.0117085 0.0304891 0.0220783 0.0253049 -0.0117186 -0.0161521 -0.00997631 0.0115008 -0.00455463 0.013123 0.0213438 0.0311718 -0.00161236 -0.0134357 -0.0167889 0.00273381 -0.00778235 0.0398286 0.0112407 -0.0263975 -0.0156197 -0.00297736
internal_weight=460.528 409.167 231.952 113.483 177.215 154.583 60.0924 83.6321 118.469 29.8508 94.4905 82.8637 57.8014 49.6888 55.0296 15.6861 10.5235 25.8307 18.9024 64.2565 11.6268 51.2398 46.4042 18.6072 13.3528 21.68 8.11261 51.3613 102.783 26.1364
internal_count=9425 6719 4854 2004 1865 1711 1094 1673 2850 331 617 539 1262 1116 1070 256 204 411 260 391 78 1045 966 148 102 216 146 2706 2594 544
is_linear=0
shrinkage=0.035


Tree=55
num_leaves=31
num_cat=0
split_feature=96 88 83 56 10 54 86 46 50 108 99 48 91 110 47 0 87 71 23 47 109 49 110 107 75 48 74 96 95 44
split_gain=36.4061 26.833 27.8202 22.8456 17.7361 15.3553 14.7843 10.9821 9.7307 7.38453 6.91118 6.80272 7.78768 9.60649 8.75524 6.1974 5.58072 5.29311 5.68129 5.2222 5.16967 4.57959 3.65323 4.05721 3.54196 3.90443 3.53146 3.9305 3.33952 3.31058
threshold=3.3229166666666674 1079.5000000000002 1354.5000000000002 0.62593283582089565 3.5000000000000004 0.25543478260869573 248.06104507297934 0.065861769809138243 0.030457637600494747 23.500000000000004 0.59687500000000016 0.10912698412698414 2681.1887165817948 61.250000000000007 0.038218111002921142 0.94059027777777782 1.5000000000000002 4.3119023082692367 1.5000000000000002 0.1045643873654981 1499.0000000000002 0.022474747474747477 191.25000000000003 1817.8094299498894 2.2247474747474754 0.035190918472652225 9.2500000000000018 1.2279220779220783 5144.0000000000009 0.37406716417910452
decision_type=2 10 10 8 2 8 8 2 2 10 2 2 10 10 2 2 10 10 2 2 8 2 10 8 8 2 8 2 2 2
left_child=1 2 3 4 5 7 -7 9 -9 11 -8 12 29 14 21 20 -4 18 28 -16 -5 24 -12 -24 25 -14 27 -17 -10 -1
right_child=-2 -3 16 15 -6 6 10 8 17 -11 22 -13 13 -15 19 26 -18 -19 -20 -21 -22 -23 23 -25 -26 -27 -28 -29 -30 -31
leaf_value=0.0029051765316124778 0.033980484888817004 0.040210936372334583 0.0077511895777293829 0.024714702305823826 -0.022108397893424194 0.030725889043152904 0.0092329561269348277 0.036556525318582681 -0.0015133992523658438 0.032832999674630353 -0.017953651759806667 0.032533503180396314 0.037368473799636502 -0.01825779658984945 -0.014792477885785499 0.020314804680481052 -0.027088586461890614 -0.01370539342889962 -0.0017474963418216299 0.017905880010670668 -0.0087223137170442337 -0.0069809698930961787 0.018623875238680046 -0.012225020322456539 0.001359027664597892 -0.00027026885897699792 -0.020603260417002313 -0.013679866641073034 0.039893879748196269 -0.023612022523625112
leaf_weight=6.756776740774515 32.69433394446969 12.813293177634476 4.0553243458271018 4.327454982325432 21.114721402525902 8.4689764436334354 16.415125271305442 35.53742421977222 2.6153418701142126 6.6319988202303639 49.201382571831346 3.6020703185349694 18.808019686490304 11.076543143019078 14.701852049678566 2.9879269059747449 57.627800062298775 6.4131082594394675 11.419615503400562 3.8488301094621411 10.044238567352295 3.6634340845048419 4.8887872826307985 6.222040558233858 6.0611467584967604 3.8507822155952445 68.470667239278555 3.868940033018589 5.6957685630768538 14.593802044168113
leaf_count=96 199 62 99 66 542 62 299 295 31 82 1069 35 162 286 184 82 2754 105 185 42 171 40 51 132 62 40 1847 101 77 154
internal_value=0.00100545 -0.0018916 -0.00366332 0.000267066 0.00550902 0.00833489 -0.00348754 0.014728 0.0256738 0.00657831 -0.00891268 0.00289982 -0.000149145 0.00619775 0.0126727 -0.0145036 -0.0243886 0.0073869 0.0156274 -0.0056471 0.00512628 0.0225188 -0.0141801 0.00291592 0.0267589 0.0320794 -0.0183348 0.00345346 0.0311898 -0.0162613
internal_weight=458.478 425.783 412.97 351.287 261.588 240.473 85.1963 155.277 61.6813 93.5953 76.7273 86.9633 83.3612 62.0106 50.9341 89.6992 61.6831 26.1438 19.7307 18.5507 14.3717 32.3834 60.3122 11.1108 28.7199 22.6588 75.3275 6.85687 8.31111 21.3506
internal_count=9412 9213 9151 6298 4031 3489 1613 1876 693 1183 1551 1101 1066 816 530 2267 2853 398 293 226 237 304 1252 183 264 202 2030 183 108 250
is_linear=0
shrinkage=0.035


Tree=56
num_leaves=31
num_cat=0
split_feature=81 96 84 0 56 20 42 68 54 45 90 57 65 75 120 16 20 55 106 109 110 117 39 51 110 64 27 70 119 45
split_gain=35.5529 25.5786 21.6719 17.3118 15.27 10.3319 8.67731 7.12854 7.12413 11.9165 6.52142 6.40989 6.67166 6.02395 5.7881 5.50304 5.23697 5.07317 4.64623 4.49381 3.84493 4.18757 3.82811 3.80095 3.37373 3.32496 3.27062 3.38154 3.24058 3.14297
threshold=452.50265221412877 3.3229166666666674 853.50000000000011 4.7096238425925927 0.20611577964519143 1.0000000180025095e-35 1.5000000000000002 12.500000000000002 0.20416666666666669 0.067231638418079109 51784.429824561412 0.4527629233511587 3.1277173913043481 1.3935483870967744 0.017937580437580442 13.500000000000002 1.0000000180025095e-35 0.56736587333602262 301.68287037037044 8693.5000000000018 18.250000000000004 0.43534002229654406 2.5000000000000004 0.03883861236802414 59.250000000000007 0.79285714285714304 14.500000000000002 14.878676470588237 1.991381634721642 0.24190177638453506
decision_type=10 2 8 2 8 2 10 10 8 2 2 10 8 10 2 2 2 10 10 10 10 2 2 2 8 2 2 8 10 2
left_child=1 2 13 5 11 6 -4 17 9 15 14 12 24 -1 18 20 -11 -8 -7 22 -6 -22 -10 28 -5 -2 27 -12 -20 -18
right_child=25 -3 3 4 8 10 7 -9 19 16 26 -13 -14 -15 -16 -17 29 -19 23 -21 21 -23 -24 -25 -26 -27 -28 -29 -30 -31
leaf_value=-0.003499584051579806 0.0076972154089409396 0.03460366308782406 -0.0004016076691978742 0.026087057627987631 -0.0053417940611155783 -0.0067413592418319396 0.0010199300745542947 -0.0070752205142440121 -0.018277023827246899 0.004797003680026132 -0.026888880123151493 0.034813483791591791 -0.016767203976860157 0.028890968772248841 -0.013529081041656187 -0.0023287769731562234 -0.019573219472693665 0.03668391243300443 -0.0014617810848467909 0.008859644489310552 -0.0035194922428046058 0.039946688394134428 0.01262483033261317 -0.0058452611013723749 -0.0060659056851956501 -0.027113584737491023 0.0054278728887938183 0.0030128529943277086 0.039375406519512116 0.0080169589189127127
leaf_weight=7.1549398303031913 1.5312983924522985 29.488461498171091 18.984264960512519 7.5588494725525424 2.3788325563073185 4.5528903156518998 5.9457819648087016 4.7423635460436335 98.522869918495417 16.999420618638396 12.611488781869417 8.6134752314537746 7.8084012120962134 39.63571653701365 5.4094444382935754 11.582542456686495 37.170287888497114 32.80259433016181 2.4437396842986336 5.8207692094147196 2.3815573509782544 10.131810164079068 1.8000892419368018 2.1572265531867734 3.5353140849620113 44.299079495482147 6.3990599270910016 5.0276074092835179 9.1352459825575334 3.0163268502801648
leaf_count=100 83 176 326 97 17 64 88 29 2567 300 246 82 82 296 68 193 907 298 35 130 60 121 22 35 71 2508 60 85 115 86
internal_value=0.00233165 0.00573973 0.00303973 -0.000282661 -0.00598464 0.0107325 0.0195532 0.0274069 -0.00957642 -0.00175001 -0.00157072 0.016454 0.00255571 0.0240783 0.0104059 0.0159001 -0.0105427 0.0319534 0.01887 -0.0153888 0.0270996 0.0330311 -0.0171495 0.0268925 0.0171397 -0.0253077 -0.0131368 -0.019583 0.0329152 -0.0168444
internal_weight=449.642 403.811 374.323 327.532 217.321 110.212 62.475 43.4907 189.805 83.6608 47.7367 27.516 18.9026 46.7907 23.6985 26.4747 57.186 38.7484 18.2891 106.144 14.8922 12.5134 100.323 13.7362 11.0942 45.8304 24.0382 17.6391 11.579 40.1866
internal_count=9347 6756 6580 6184 4735 1449 741 415 4403 1684 708 332 250 396 317 391 1293 386 249 2719 198 181 2589 185 168 2591 391 331 150 993
is_linear=0
shrinkage=0.035


Tree=57
num_leaves=31
num_cat=1
split_feature=83 11 133 47 10 117 88 69 63 50 119 86 109 49 91 47 66 65 100 108 110 110 110 55 70 59 99 54 29 73
split_gain=32.1688 30.8629 26.5274 17.0362 12.1454 9.02775 9.00222 7.61823 7.94407 8.98961 8.19867 7.36175 6.8043 6.69026 6.88954 6.02341 5.82116 5.75424 6.19072 5.48283 5.24145 5.2407 5.12296 4.8518 5.36295 4.58269 4.35163 5.92918 3.91859 3.81093
threshold=1618.5000000000002 2.5000000000000004 0 0.099019607843137278 2.5000000000000004 0.5545634920634922 1079.5000000000002 3.2500000000000004 0.72456896551724148 0.073879142300194947 0.77303240518350214 287.39754870672448 3654.0000000000005 0.0310889175257732 402.96911597833434 0.040270270270270282 1.0616413568664138 2.5590277777777781 0.13188405797101452 261.50000000000006 1098.5000000000002 25.750000000000004 81.250000000000014 0.88516483516483524 12.449494949494952 0.71081871345029246 0.45080645161290328 0.28991596638655465 5.5000000000000009 8.5000000000000018
decision_type=10 2 1 2 2 2 10 10 2 2 10 8 10 2 10 2 10 10 2 10 10 10 8 10 10 2 2 8 2 8
left_child=1 19 4 7 13 -5 -2 8 10 12 -4 -6 -10 14 21 -16 -7 -13 -19 29 -21 -3 -14 -12 -25 -9 -26 -28 -18 -1
right_child=6 2 3 5 11 16 -8 25 9 -11 23 17 22 -15 15 -17 28 18 -20 20 -22 -23 -24 24 26 -27 27 -29 -30 -31
leaf_value=0.006769259327962616 -0.027212341600178713 0.018818195094114587 0.014482276186577693 -0.0092436171360487165 0.024554922792400295 0.042692403458455597 0.021838099530930674 0.023554387868432256 -0.0062314135910923382 -0.014125183142119883 -0.021165533866585616 -0.0198629183671248 0.043956476993990919 -0.003215319822252267 0.032963418441508636 0.0065654962934379047 0.017397220190273652 0.019932739847172299 -0.013635559112231637 0.026981890458233838 -0.013903760461245859 -0.012042082052843996 -0.0054209118976097205 -0.019226979519948312 -0.013811914972299225 -0.0066012277135724185 0.028633588764213236 -0.0091571531257804012 -0.014472948804077637 -0.021963398614840913
leaf_weight=4.0046697026118627 46.351817629300058 8.7613307200372237 8.1848141048103553 6.6929261628538397 7.8093786481767884 13.104289274662735 1.3673901148140419 11.454438263550403 5.3291583135724094 9.7413806654512864 63.247004533186555 14.118669533170758 7.3890044968575213 9.1290273983031494 87.272241760976613 15.196601773612199 7.0623381584882718 10.775314967148008 7.2052174136042586 3.0443374626338473 3.0578201282769442 8.5238352194428426 1.9821403957903392 9.8641413543373364 4.1765673831105259 7.040745820850133 8.9249779302626813 4.9889740757644185 3.1439007893204689 53.705046248622239
leaf_count=110 2479 64 125 186 66 116 8 124 94 240 1527 276 103 92 741 192 63 118 123 28 85 161 58 181 47 110 141 127 60 1595
internal_value=0.00189264 0.00518263 0.0093838 -0.000337127 0.0190325 0.0216212 -0.0238689 -0.00554289 -0.00873014 0.00795258 -0.0130173 0.00184377 0.0224546 0.0240874 0.0262141 0.0295361 0.0305505 -0.00624629 0.00644112 -0.0163255 0.00945919 0.00431266 0.0352601 -0.0161096 -0.0031949 0.0131129 0.0078173 0.0162447 0.00604915 -0.0195888
internal_weight=452.65 404.93 341.118 172.327 168.792 30.0035 47.7192 142.323 123.828 24.4417 99.3865 39.9086 14.7003 128.883 119.754 102.469 23.3105 32.0992 17.9805 63.8119 6.10216 17.2852 9.37114 91.2017 27.9547 18.4952 18.0905 13.914 10.2062 57.7097
internal_count=9440 6953 5135 3302 1833 425 2487 2877 2643 495 2148 583 255 1250 1158 933 239 517 241 1818 113 225 161 2023 496 234 315 268 123 1705
cat_boundaries=0 1
cat_threshold=2
is_linear=0
shrinkage=0.035


Tree=58
num_leaves=31
num_cat=0
split_feature=81 56 10 54 27 20 118 76 110 116 65 119 54 29 72 96 75 55 6 45 0 60 81 66 93 9 21 120 26 110
split_gain=31.772 28.3314 18.4342 20.8275 11.8553 11.3499 11.3328 8.43353 6.87241 6.74273 6.12217 6.98519 5.97866 10.0834 7.75219 5.14694 5.105 4.97906 4.97356 5.49721 4.95894 5.7443 5.32404 4.94766 4.86208 4.64637 4.54204 4.26016 4 3.98966
threshold=452.50265221412877 0.62593283582089565 3.5000000000000004 0.17752100840336138 2.5000000000000004 2.5000000000000004 0.60263157894736852 0.40458561829460077 20.750000000000004 0.70938416422287409 3.6381818181818186 1.000162128780518 0.36931818181818188 6.5000000000000009 10.500000000000002 1.5941722972972976 2.1519230769230773 0.61591148577449961 1.5000000000000002 0.15047169811320757 3.2949363425925928 0.93295880149812749 273.96594751508638 2.3807595666095636 43927.000000000007 2.5000000000000004 24.500000000000004 0.03478523895946764 34.500000000000007 17.250000000000004
decision_type=10 8 2 8 2 2 2 8 10 2 10 8 8 2 8 2 10 10 2 2 2 2 8 10 2 2 2 2 2 8
left_child=1 2 3 5 12 7 -6 17 -7 20 11 25 13 14 -5 -14 29 -1 19 28 21 -8 -22 -15 -16 -3 -10 -24 -9 -12
right_child=-2 10 -4 4 6 8 9 18 26 -11 16 -13 15 23 24 -17 -18 -19 -20 -21 22 -23 27 -25 -26 -27 -28 -29 -30 -31
leaf_value=-0.012561754541218826 -0.024984794424720576 -0.011986776224728496 -0.019027426509918031 -0.0051668221640424547 0.036310965001032605 0.020652500846424091 -0.010139256655671147 0.041728636449720774 -0.022333047693556578 0.024764290753933937 0.014850971224886343 -0.020157729370103347 -0.025268268605273946 -0.021010484866970262 -0.00042033857577624209 0.0045175812655748934 0.025989813030817804 0.015957935482758673 -0.00022859176331929842 0.0060045025915516394 0.013048347688275312 0.026012411167148013 -0.020407953930927297 0.0099180075835388765 0.034823285859377613 0.017335163536177631 0.013195289829578002 0.0097363754991870357 0.0059165565271084609 -0.015937610137688355
leaf_weight=5.9175940267741707 44.349636097438633 7.8960828371346024 20.536856915801764 14.978022903203962 15.213230043649672 6.0004065856337574 5.3060529176145783 55.437244178727269 11.183336755260823 11.340783312916754 3.3334139063954362 63.676566390320659 19.227921174839143 19.563071498647336 6.3960462566465166 8.1613999772816879 4.5340073853731147 24.657796386629343 5.0662624891847363 9.0848910175263864 6.9210216887295237 8.9812839385122043 22.651803677901629 5.1976640336215487 12.841020325198768 8.9229404460638744 2.3309605196118346 4.0457931384444228 6.0143105126917353 9.6260995324701071
leaf_count=69 2602 202 549 256 135 32 74 480 228 69 22 1791 553 428 98 160 58 184 34 143 39 89 399 72 207 158 20 62 46 173
internal_value=0.00156848 0.0047451 0.00994969 0.0123174 0.00375525 0.02271 0.0135556 0.0270335 -0.00152982 0.00534136 -0.0112551 -0.0151773 -0.00497358 0.00153696 0.0130886 -0.0170655 0.00615472 0.00944847 0.033118 0.0353697 -0.00116249 0.0134384 -0.00830413 -0.0139426 0.0254359 0.00397699 -0.0142965 -0.0150246 0.0389326 -0.00608846
internal_weight=449.394 405.044 307.055 286.518 160.825 125.693 74.46 106.178 19.5147 59.2467 97.9891 80.4956 86.3651 58.9758 34.2151 27.3893 17.4935 30.5754 75.6027 70.5364 47.906 14.2873 33.6186 24.7607 19.2371 16.819 13.5143 26.6976 61.4516 12.9595
internal_count=9432 6830 4426 3877 2641 1236 867 956 280 732 2404 2151 1774 1061 561 713 253 253 703 669 663 163 500 500 305 360 248 461 526 195
is_linear=0
shrinkage=0.035


Tree=59
num_leaves=31
num_cat=0
split_feature=81 96 86 45 54 56 98 57 108 88 49 130 55 56 40 110 68 50 13 95 117 65 47 44 92 116 70 75 11 41
split_gain=31.2085 23.7667 18.9779 16.8083 18.2005 11.1107 9.9068 14.699 9.41772 9.32124 9.18692 8.21511 5.81782 5.83453 5.5033 5.32491 5.07614 6.0709 4.65581 4.44978 4.22389 7.91981 5.53714 4.19439 4.50461 3.54546 3.94584 4.55288 4.43828 3.20947
threshold=452.50265221412877 3.3229166666666674 266.7153320362932 0.07419919919919922 0.28991596638655465 0.20864427860696519 1.0571895424836604 0.41042780748663105 118.50000000000001 1079.5000000000002 0.081666666666666679 4.5000000000000009 0.49747474747474757 0.6198686371100165 29.500000000000004 1098.5000000000002 9.5000000000000018 0.06373307543520311 4.5000000000000009 2843.0000000000005 0.11324786324786326 1.9772727272727275 0.18321678321678325 0.84523809523809534 19917.500000000004 0.77871939736346529 13.864468864468867 1.8768939393939397 14.500000000000002 1.5000000000000002
decision_type=10 2 8 2 8 10 2 8 10 10 2 2 10 10 2 8 10 2 2 2 2 10 2 2 2 2 8 8 2 8
left_child=1 2 11 4 6 16 7 -4 23 10 20 -1 -8 -14 -13 -10 17 19 -15 -5 21 -7 25 24 -6 26 -22 -28 29 -29
right_child=-2 -3 3 5 8 9 12 -9 15 -11 -12 14 13 18 -16 -17 -18 -19 -20 -21 22 -23 -24 -25 -26 -27 27 28 -30 -31
leaf_value=-0.011233152031451145 -0.024151990640472507 0.034124411721971559 -0.021220431353193868 -0.0060503105477727236 0.0068265761757570357 -0.016829970225754821 -0.0015173381991774181 0.020934275990959428 0.029964925264717421 0.028387335119324775 0.020214438514876667 0.034397471411124578 0.035001464842141707 0.019111748294587696 0.00040410427339206508 -0.011649323253176094 -0.013544338925766345 -0.0050829187960622765 -0.015084155553756222 0.036203945741131581 -0.024113237737935788 0.02373756347262251 0.01601770913413578 0.011301146151485976 -0.019898700841591153 0.0030104305291651446 0.012893833283227794 0.0042623658957685511 0.014398959642624916 -0.01982517122688807
leaf_weight=4.6507341843098393 43.884039497934282 27.633767634630203 13.979136416688563 2.1632807962596479 6.7774153631180516 7.3371717818081361 7.7830121256411067 16.764366725459695 7.3092767614871237 2.6245363354682913 5.9019174985587588 30.526649471372366 41.561018884181976 5.0649618152528983 7.1237156074494115 2.2930099982768306 3.6165783293545237 7.1766566447913638 4.5908556822687387 11.694721851497887 69.488065656274557 6.3888213206082582 2.6887350995093575 4.5603470262140027 38.921849368140101 8.6113089155405742 5.3419153876602641 6.1550475172698489 2.604305785149335 38.81144561059773
leaf_count=95 2640 175 161 23 147 177 169 166 79 13 97 188 446 81 34 56 38 113 83 127 1765 64 45 120 968 73 116 166 59 961
internal_value=0.0022994 0.0054626 0.00291259 -5.66275e-05 0.00846812 -0.00715606 0.018058 0.00147931 -0.0061925 -0.0106284 -0.0121716 0.0236468 0.0259063 0.0298379 0.0287671 0.0194413 0.0128992 0.0191737 0.00325393 0.0297526 -0.0140887 0.00334875 -0.015935 -0.0124059 -0.0156529 -0.0171555 -0.0186367 -0.00998367 -0.0135347 -0.0164315
internal_weight=444.029 400.145 372.511 330.21 149.605 180.605 89.7434 30.7435 59.8619 155.953 153.329 42.3011 58.9998 51.2168 37.6504 9.60229 24.6512 21.0347 9.65582 13.858 147.427 13.726 133.701 50.2596 45.6993 131.012 122.401 52.9127 47.5708 44.9665
internal_count=9445 6805 6630 6313 2476 3837 1106 327 1370 3536 3523 317 779 610 222 135 301 263 164 150 3426 241 3185 1235 1115 3140 3067 1302 1186 1127
is_linear=0
shrinkage=0.035


Tree=60
num_leaves=31
num_cat=0
split_feature=83 11 10 0 116 50 88 56 94 0 20 11 46 88 45 29 110 44 77 121 27 47 60 30 55 119 107 109 40 123
split_gain=33.3002 24.2612 24.9657 16.3664 11.3661 11.2656 8.42566 7.58438 8.89247 6.82812 6.27476 6.97166 7.63506 5.56992 5.52759 5.76426 4.66994 5.42044 4.37083 4.32858 4.31886 5.96501 4.77461 6.42011 4.28274 3.67208 4.20634 3.6321 3.311 3.29837
threshold=1618.5000000000002 2.5000000000000004 3.5000000000000004 3.2949363425925928 0.88501602564102566 0.030457637600494747 1079.5000000000002 0.20864427860696519 36854.500000000007 124.7259201388889 1.5000000000000002 5.5000000000000009 0.058195981034093479 1079.5000000000002 0.092807924203273051 34.500000000000007 38.250000000000007 0.46092796092796101 1.5000000000000002 2.5000000000000004 4.5000000000000009 0.033195592286501381 0.9057713651498337 1.5000000000000002 0.66441441441441451 0.82710268257554309 101.30904968940567 7953.0000000000009 3.5000000000000004 1.0000000180025095e-35
decision_type=10 2 2 2 2 2 10 10 2 2 2 2 2 10 2 2 10 2 10 2 2 2 2 2 10 10 10 10 2 2
left_child=1 25 3 5 6 14 7 8 -5 -10 11 16 19 -2 15 -3 24 -18 -16 29 21 -7 -22 -24 -9 26 -1 -14 -26 -13
right_child=13 2 -4 4 -6 20 -8 10 9 -11 -12 12 27 -15 18 -17 17 -19 -20 -21 22 -23 23 -25 28 -27 -28 -29 -30 -31
leaf_value=-0.0097874747179249356 -0.028036779381914474 0.039783394714302145 -0.021322869918467529 -0.010511223659167877 0.02989143852833958 -0.018248483943982312 0.029071232353315647 -0.01311125135518235 0.03305716926331824 -0.0055820425123119157 -0.015892348457694445 0.019689313705906378 0.027601542350132201 0.015248761577626906 0.024145972157160425 -0.0012414682534174304 -0.022104893465639187 0.0044016349434517679 -0.0034528891127225468 -0.014775932240183205 -0.0064996223313624688 0.013147027229256191 0.035063221146273707 -0.0064088604717978115 0.023200779285824116 -0.022022752226132977 0.019005852151139833 -0.0033448346352242635 -0.0071274584883658596 -0.0074673459807197548
leaf_weight=25.162035470828418 43.355173330754042 44.205187292769551 26.807344188913703 9.756866477429865 15.371039409190415 11.482065370306374 8.2946833632886392 5.6525796288624433 17.68614613451064 5.7254445459693661 32.298437861725688 7.9140531485900301 19.355901441536847 0.88117625564336677 9.585120839998126 4.2617246732115737 25.065051814541221 11.674150239676235 11.475793194025755 13.508813259191809 6.3059138776734498 8.7893531955778581 10.879158260300754 4.5198384141549459 9.5104527510702592 32.541836502030492 2.9847027193754903 4.505807749927043 3.5901764314621678 5.9535210030153394
leaf_count=768 2493 330 763 85 94 203 38 90 166 65 756 114 238 6 102 25 733 298 150 169 58 115 89 44 129 994 41 80 53 122
internal_value=0.00146649 0.00479491 0.00851343 0.0114153 0.00508621 0.0218372 0.00222496 0.000147973 0.0140157 0.0242883 -0.00353218 0.000752015 0.00959235 -0.0257136 0.0300738 0.0363973 -0.00752875 -0.0141639 0.0113305 -0.00311986 0.0064457 -0.00472802 0.0158128 0.0243033 0.0057154 -0.0147701 -0.00432785 0.0221908 0.0152165 0.00914135
internal_weight=439.1 394.863 334.175 307.367 195.863 111.504 180.492 172.197 33.1685 23.4116 139.029 106.731 51.2381 44.2363 69.5278 48.4669 55.4924 36.7392 21.0609 27.3764 41.9763 20.2714 21.7049 15.399 18.7532 60.6886 28.1467 23.8617 13.1006 13.8676
internal_count=9411 6912 5109 4346 3230 1116 3136 3098 316 231 2782 2026 723 2499 607 355 1303 1031 252 405 509 318 191 133 272 1803 809 318 182 236
is_linear=0
shrinkage=0.035


Tree=61
num_leaves=31
num_cat=0
split_feature=81 56 10 54 50 83 46 26 65 73 66 44 41 87 0 26 66 119 87 113 71 96 77 93 54 70 99 128 0 71
split_gain=28.9311 25.9541 18.4397 19.0753 9.96819 7.55785 6.99913 6.70438 5.67224 5.62988 5.3831 4.88071 4.87636 4.40033 4.33874 4.20291 4.03852 4.71546 3.94851 3.93424 3.74925 3.58317 3.45112 3.68334 3.28442 3.07178 4.92034 3.04293 2.99057 2.92353
threshold=434.32254476783305 0.62593283582089565 3.5000000000000004 0.26969696969696971 0.067117117117117139 1279.0000000000002 0.031414473684210534 10.500000000000002 3.6381818181818186 8.5000000000000018 4.1849595141819345 0.36140661938534285 9.5000000000000018 13.500000000000002 33.230335648148156 46.500000000000007 1.9500635676244293 1.3444933211374723 1.5000000000000002 0.11922530206112296 4.3119023082692367 1.8765243902439026 1.5000000000000002 44640.000000000007 0.15894736842105264 14.65686274509804 0.69615384615384623 0.17752100840336138 110.88914351851854 0.71496962310323353
decision_type=10 8 2 8 2 8 2 2 8 10 8 2 10 8 2 2 10 8 10 2 10 2 10 2 10 10 2 2 2 8
left_child=1 2 3 4 6 -5 10 12 9 -3 14 -10 20 -11 -1 19 29 -18 -2 22 -6 -9 23 -8 -24 -15 27 -27 -13 -7
right_child=18 8 -4 5 7 16 15 21 11 13 -12 28 -14 25 -16 -17 17 -19 -20 -21 -22 -23 24 -25 -26 26 -28 -29 -30 -31
leaf_value=0.013861772685395124 0.0081198563267988744 0.013834305680915418 -0.019773138687553763 0.018821558305967826 0.028196343479140185 0.0082497063276744352 0.016983092863365697 -0.017537175789510979 -0.014563173250911025 0.012389828011798837 0.027533230820285078 0.016983842694070963 -0.0072356535978296832 -0.026303047430576473 -0.0075576922124493823 -0.0010281559678313333 0.022175778389053505 -0.0076818748784169425 -0.026414073753885832 -0.002586873352898633 -0.0030807711757142088 0.0088095316031612594 0.025591494706903216 0.042811406319665443 0.0034421317339472326 0.02488441125195524 -0.016258927620415704 -0.010067208167311525 -0.0083414074351609562 -0.013064250834186331
leaf_weight=16.023007361218333 2.2209971044212571 3.4925352279096833 19.697593618184328 13.324239378795026 15.309201316908007 5.7035158090293399 19.763340258970857 15.074212225154044 9.7985703218728322 2.0250605028122655 9.8665866740047914 15.5715713724494 7.2839095573872319 39.58220080845058 21.04888154938817 5.6625279262661925 7.3741252385079887 9.7228069528937322 40.842881048098207 3.8372040688991538 4.9193282835185519 5.5968378055840722 18.153618402779102 38.919957391917706 15.457853475585578 3.3977663442492494 14.215805299580097 1.4181770272552965 4.443394146859645 51.267554065212607
leaf_count=147 90 88 551 105 215 137 159 371 255 17 91 281 80 1163 265 49 87 150 2579 47 76 41 151 331 163 76 395 25 97 1174
internal_value=0.00171755 0.00476066 0.00970661 0.0120555 0.0179696 -0.00152172 0.0223364 0.00365738 -0.0109262 -0.0164352 0.00970132 0.00158269 0.0139394 -0.0190996 0.00224727 0.0274355 -0.0061401 0.00729998 -0.0239736 0.0290801 0.021487 -0.0100772 0.0304619 0.0361293 0.0171699 -0.0210758 -0.00699358 0.0147067 0.010818 -0.010437
internal_weight=441.015 397.951 304.006 284.309 196.916 87.3922 148.733 48.1835 93.9451 64.1315 46.9385 29.8135 27.5124 60.639 37.0719 101.795 74.068 17.0969 43.0639 96.132 20.2285 20.6711 92.2948 58.6833 33.6115 58.6139 19.0317 4.81594 20.015 56.9711
internal_count=9456 6787 4390 3839 2186 1653 1403 783 2397 1764 503 633 371 1676 412 900 1548 237 2669 851 291 412 804 490 314 1659 496 101 378 1311
is_linear=0
shrinkage=0.035


Tree=62
num_leaves=31
num_cat=0
split_feature=96 88 56 83 86 45 46 54 99 119 107 81 118 54 98 3 106 107 46 69 30 116 44 29 32 98 50 110 4 64
split_gain=27.9992 24.351 21.4039 18.3407 11.7795 12.0428 11.8853 9.30423 8.03219 6.38559 7.39389 6.59259 5.74976 8.46595 7.31062 7.07862 5.68027 6.63554 5.45044 5.41285 5.19629 5.15478 5.13267 4.55947 4.43375 4.37691 4.37529 4.35907 4.3299 4.18766
threshold=3.2583333333333337 1079.5000000000002 0.61583184257602874 1588.5000000000002 303.3086600625623 0.07419919919919922 0.064024985360140549 0.26969696969696971 0.43614130434782611 0.8704386226815618 101.30904968940567 222.92231078364492 0.70659971305595415 0.096006144393241177 1.8268365817091456 9.5000000000000018 161.55555555555557 1657.5532078206209 0.050933932895191984 3.2500000000000004 6.5000000000000009 0.61602564102564117 1.0000000180025095e-35 10.500000000000002 4.5000000000000009 0.91833333333333345 0.079595736122284808 21.750000000000004 5.5000000000000009 0.79285714285714304
decision_type=2 10 8 10 8 2 2 10 2 10 10 8 2 10 2 2 10 8 2 8 2 2 2 2 2 2 2 10 2 2
left_child=1 2 3 4 8 6 16 25 -1 10 24 -11 15 14 -14 -7 -6 18 -18 27 -10 22 -15 -23 -4 -8 -27 -19 -17 -5
right_child=-2 -3 9 29 5 12 7 -9 20 11 -12 -13 13 21 -16 28 17 19 -20 -21 -22 23 -24 -25 -26 26 -28 -29 -30 -31
leaf_value=-0.0055295616228214469 0.03120995452896648 0.038787279257222022 -0.015466101805918044 0.013061364996556963 -0.016849356730381182 -0.011008279408195907 -0.0027375982252059307 -0.0028560375984503553 0.038287935263902013 0.015102915373756617 0.025883117199969934 -0.023475938536649012 -0.0059250691117401846 0.015910583737953753 0.03220205382349766 0.033373157464096061 0.025824570640516464 0.012432812897407799 -0.01064418826246305 0.017837186609188711 -0.00029518080692054685 0.013722621110087018 -0.019214621550767724 -0.015190318058215736 0.015439270370468539 0.041938686379252813 0.0013662544241647898 -0.018207102499464861 -0.0055807240046478728 -0.025714013832456351
leaf_weight=7.7068309746682635 29.673713389784098 12.586085379123686 22.781482766382403 0.79598830360919492 12.729482984170316 8.2127191396430153 3.0930216573178795 10.989877230487762 19.271695250645283 2.5228012483566991 4.1243154453113666 74.353489904664457 11.374249843880536 1.8179751513525833 5.8394638840109101 8.1702690692618472 17.44568159617484 3.5497083812952104 3.4625111408531657 5.1430026572197667 5.0979998353868714 12.069646821357312 67.067867886275053 6.0863935351371756 2.8826886480674139 22.300774905830625 4.0877977889031163 19.838884361088276 3.0331118945032349 27.413167908787727
leaf_count=62 207 62 749 39 232 204 25 202 165 25 62 2513 189 55 108 145 191 24 39 58 32 112 1552 43 51 190 70 373 74 1622
internal_value=0.00101632 -0.00154425 -0.00330578 0.00173017 0.00479247 0.00175613 0.010362 0.0239612 0.0230892 -0.0163085 -0.00206397 -0.0213649 -0.00551136 -0.00877218 0.0113459 0.0102086 0.000384381 0.00596161 0.0188965 -0.00492146 0.0315404 -0.013151 -0.0172737 0.00284308 -0.0100433 0.0329225 0.0368725 -0.0121861 0.0243593 -0.0228181
internal_weight=435.523 405.849 393.263 286.598 258.389 226.312 102.641 40.4715 32.0765 106.665 29.7885 76.8763 123.672 104.256 17.2137 19.4161 62.1693 49.4398 20.9082 28.5316 24.3697 87.0419 68.8858 18.156 25.6642 29.4816 26.3886 23.3886 11.2034 28.2092
internal_count=9475 9268 9206 5806 4145 3886 1404 487 259 3400 862 2538 2482 2059 297 423 917 685 230 455 197 1762 1607 155 800 285 260 397 219 1661
is_linear=0
shrinkage=0.035


Tree=63
num_leaves=31
num_cat=0
split_feature=81 27 32 117 10 112 11 118 119 47 65 80 11 108 97 87 101 76 51 41 99 47 98 98 0 56 90 70 84 112
split_gain=26.6684 23.7998 16.2024 11.4298 11.2079 9.88886 7.52849 7.08036 10.4764 7.04485 6.19387 6.11808 5.79587 6.32258 6.09914 5.78516 5.7427 5.70718 5.31067 5.18165 4.56493 4.25904 4.0433 3.94783 3.71037 3.66685 6.60319 3.83185 3.62164 3.59251
threshold=452.50265221412877 3.5000000000000004 4.5000000000000009 0.66018867924528313 2.5000000000000004 0.015686515748031499 2.5000000000000004 0.61721611721611735 2.9522152983857044 0.1045643873654981 2.5590277777777781 281.23523898781633 9.5000000000000018 125.50000000000001 1.5253991221971623 1.0000000180025095e-35 0.21583850931677021 0.64069127984100238 0.022857889237199586 15.500000000000002 0.37797619047619052 0.052289815447710192 1.1231060606060608 1.320714285714286 103.7189178240741 0.29459980713596917 58272.676470588245 12.953463203463206 850.25000000000011 0.038218111002921142
decision_type=10 2 2 2 2 2 2 2 10 2 10 10 2 10 2 8 2 8 2 8 2 2 2 2 2 8 2 10 8 2
left_child=1 2 12 17 6 24 28 -8 11 -7 15 20 13 25 -15 -6 19 -4 21 -14 -9 -12 -22 -19 -5 26 -1 -28 -3 -25
right_child=-2 4 3 5 10 9 7 8 -10 -11 18 -13 16 14 -16 -17 -18 23 -20 -21 22 -23 -24 29 -26 -27 27 -29 -30 -31
leaf_value=-0.019702519899581189 -0.023783178309750904 0.014222989265452821 -0.01774505325852286 0.033946655998068016 0.015180051648702335 -0.01236799320874952 0.041874375696697941 0.018269687470578343 0.028191699887269037 0.023679308850472862 0.023454027847286597 0.017982217298225436 0.029440093846335866 -0.016090908887288119 0.023136963489113507 -0.023144954987277658 -0.0096368559443599199 -0.011064344419740186 -0.014420614237208182 -0.0097760122563920557 -0.020295178137397143 -0.0085741448532263512 0.002320475998320718 0.025981764249993294 0.0019943625636805822 -0.020015675117336797 -0.0087024866035250309 0.027400298812183928 -0.014980383401544102 -0.0096496892596205832
leaf_weight=6.6073411684483272 39.64808168169111 3.4897772893309567 19.017391113564372 25.472798883914951 2.56413630768657 15.899581152945759 14.884920323267577 5.2311501055955878 48.072530090808868 4.7431392669677725 15.65979921072722 25.795561561360955 7.8677225578576335 3.8049898929893953 6.7094905208796263 14.990380255505441 14.754788398742674 4.9097745288163415 4.9823442082852116 3.1537078302353629 12.789691977202891 3.8753303159028283 19.274770472198725 7.8506756704300624 5.9756122529506674 78.555643167346716 2.613165931776166 5.2693039625883102 9.311567135155201 1.8062732350081203
leaf_count=141 2631 49 601 214 12 199 112 41 325 35 156 223 103 97 94 327 334 151 76 40 180 62 316 222 70 2291 52 80 213 57
internal_value=0.00190411 0.00474091 -0.00312289 0.00839186 0.0139191 0.0180162 0.0185694 0.0210979 0.0166333 -0.00108316 -0.00177063 0.00640283 -0.010779 -0.01434 0.0083304 -0.0154227 0.00353332 -0.00693628 0.00896098 0.0186698 -0.00278507 0.0166478 -0.00822124 0.00810354 0.0289818 -0.017196 -0.000696023 0.0166993 -0.00526043 0.0182988
internal_weight=435.581 395.933 215.011 85.6752 180.922 52.0911 138.85 126.049 111.164 20.6427 42.072 63.0912 129.336 103.56 10.5145 17.5545 25.7762 33.5841 24.5175 11.0214 37.2956 19.5351 32.0645 14.5667 31.4484 93.0455 14.4898 7.88247 12.8013 9.65695
internal_count=9504 6873 4781 1549 2092 518 1459 1197 1085 234 633 760 3232 2755 191 339 477 1031 294 143 537 218 496 430 284 2564 273 132 262 279
is_linear=0
shrinkage=0.035


Tree=64
num_leaves=31
num_cat=0
split_feature=81 0 54 10 10 26 81 11 28 51 56 45 50 126 116 96 73 56 65 50 6 93 49 9 39 110 85 110 115 90
split_gain=28.5871 22.8607 17.8492 12.081 9.71658 8.20024 7.68152 6.34942 6.02103 6.92132 5.4843 5.04837 6.81715 5.41157 4.69944 5.25976 5.75865 4.61054 4.48221 4.37388 4.33167 4.1836 6.91711 4.28994 3.98641 3.96738 3.78378 3.48255 5.25479 3.50772
threshold=434.32254476783305 4.7096238425925927 0.22474747474747478 3.5000000000000004 3.5000000000000004 17.500000000000004 273.96594751508638 2.5000000000000004 2.5000000000000004 0.033994607087827429 0.23145604395604399 0.17010638297872344 0.14907407407407411 2.5000000000000004 0.33143939393939398 1.1680790960451979 15.500000000000002 0.19098277608915909 2.4258241758241761 0.030457637600494747 1.5000000000000002 41720.000000000007 0.0084570368255780775 7.5000000000000009 2.5000000000000004 233.00000000000003 613.50000000000011 25.750000000000004 0.052289815447710192 73080.339743589764
decision_type=10 2 8 2 2 2 8 2 2 2 8 2 2 2 2 2 8 10 10 2 2 2 2 2 2 10 10 8 2 2
left_child=1 4 3 5 7 14 18 25 9 11 -8 12 13 20 15 -3 -17 -7 -4 -19 26 23 -23 -16 27 -1 -9 28 -12 -29
right_child=-2 2 6 -5 -6 17 10 8 -10 -11 24 -13 -14 -15 21 16 -18 19 -20 -21 -22 22 -24 -25 -26 -27 -28 29 -30 -31
leaf_value=-0.011378838232566574 -0.023266130743295914 0.019660052397621742 -0.006130318361821767 -0.015423336653480625 -0.018487629919474068 0.015719005497783482 0.011634567929134766 0.036955608303884203 -0.011136281167335355 -0.00032503518563470584 0.02355304597375572 0.0034337494148770947 -0.0083841554365309736 -0.003193243139758222 -0.016245694924890312 0.01349962196713622 -0.019737637056414258 0.0077356397881876062 0.027269091984289846 -0.018520561440550403 0.0011666044712809651 0.034545876197970289 -3.8958354223480645e-06 0.014255988929719127 0.012905198650192897 0.017076651237996926 0.0018672827608190762 -0.024529407682632686 -0.011277395582602876 -0.0062298380656672179
leaf_weight=11.493238054215906 40.493656376376748 10.377375364303591 6.5576132554560882 18.680520741268992 5.0940713044255963 7.4168442897498599 6.2811260800808659 70.826312320306897 3.7277678679674855 13.306567899882792 2.4462979603558805 12.042352888733147 3.7008751221001139 4.4656208902597418 3.4264234025031355 6.2913365643471506 10.748253441415725 8.673623379319908 5.3630149625241756 16.48594518750906 5.2634220886975518 33.60866898111999 8.6963415779173356 13.572951229289172 2.2501843031495801 4.4554176591336718 4.5381808690726748 54.57550017349422 13.566947821527718 21.763116777874529
leaf_count=286 2674 182 97 576 134 75 92 603 58 183 46 184 60 30 47 120 235 122 28 402 35 310 87 110 22 56 24 1665 207 648
internal_value=0.0030577 0.00605312 -0.000321468 0.00799636 0.0171725 0.0121365 -0.0104032 0.019147 0.0218456 0.0233449 -0.0135741 0.0263362 0.0290936 0.0310984 0.0175043 0.00443951 -0.00718727 -0.0025808 0.0125136 -0.00968706 0.0330732 0.0227294 0.028194 0.00581301 -0.0157479 -0.00125101 0.0350903 -0.017073 -0.00161821 -0.0200161
internal_weight=430.19 389.696 250.782 137.978 138.914 119.298 112.804 133.82 117.871 114.143 100.883 100.837 88.7944 85.0935 86.7214 27.417 17.0396 32.5764 11.9206 25.1596 80.6279 59.3044 42.305 16.9994 94.602 15.9487 75.3645 92.3519 16.0132 76.3386
internal_count=9398 6724 5071 2266 1653 1690 2805 1519 1177 1119 2680 936 752 692 1091 537 355 599 125 524 662 554 397 157 2588 342 627 2566 253 2313
is_linear=0
shrinkage=0.035


Tree=65
num_leaves=31
num_cat=0
split_feature=81 116 88 0 20 45 54 48 42 78 55 46 65 90 54 98 118 107 74 86 107 13 99 70 110 0 60 63 96 64
split_gain=25.9143 19.7724 20.3319 16.105 10.3034 8.26329 7.768 8.60924 6.79118 5.89614 7.11284 6.05538 5.2401 4.99023 4.83117 4.82081 4.43112 4.3913 4.48298 4.3062 4.17733 4.15131 4.0044 3.83027 3.77786 3.77022 3.51624 3.7925 4.05618 3.49993
threshold=452.50265221412877 0.87577160493827166 1077.5000000000002 3.2949363425925928 1.0000000180025095e-35 0.10501253132832082 0.22474747474747478 0.10620300751879701 1.0000000180025095e-35 2.5000000000000004 0.66441441441441451 0.033994607087827429 2.6282894736842111 50332.500000000007 0.18898809523809526 0.84731934731934744 0.76705426356589157 1453.1789876381886 10.750000000000002 159.08661263889985 2614.7666088934661 6.5000000000000009 0.77097902097902116 13.984848484848486 21.250000000000004 148.07754050925931 0.94269293924466346 0.69292803970223338 1.9183333333333337 0.79285714285714304
decision_type=10 2 10 2 2 2 8 2 10 8 10 2 8 2 10 2 2 10 10 10 10 2 2 10 10 2 2 2 2 2
left_child=1 2 3 4 5 8 7 9 -1 10 20 19 -7 17 16 -10 -12 -6 -19 -11 -5 -18 -8 24 -13 -26 27 28 -25 -2
right_child=29 -3 -4 6 13 12 22 -9 15 11 14 23 -14 -15 -16 -17 21 18 -20 -21 -22 -23 -24 26 25 -27 -28 -29 -30 -31
leaf_value=-0.0053255727752853756 0.0091421109180778292 0.026410580727090377 0.039182846443588083 -0.012350181846108135 -0.0086106513102644812 -0.014832758999399539 -0.00345431915031225 0.032984175721382979 0.0044546118523540916 -0.025606630804442677 -0.0083483612656605026 0.0094394776158891764 0.014432198746875019 -0.011627337119579874 -0.0043800856017690327 0.037867812949439639 0.037344037232784864 -0.0098251796006051523 0.026998289652997359 0.010338132409976745 0.017229075238950498 0.00021821885308726671 -0.017644847852503621 0.035310323357804076 -0.022912356087496463 0.0089580900692928372 -0.0066246008513983637 -0.0073506952183787794 -0.0056746574212983864 -0.026306818292842704
leaf_weight=5.42552242334932 1.3237537806853641 39.463183419778943 11.793393054977058 21.850450056605045 7.5543309953063753 9.5267451424151677 42.802423222921789 4.2820533458143464 7.9859265498816958 21.285255778580908 2.2151965387165609 6.1674214713275459 10.486522121354936 24.866397626698017 7.7670088503509751 29.054643325507641 13.280732758343222 2.5678781475871792 10.773452594876288 2.049574169330298 2.8320793863385907 4.6964162942022076 62.262535866349936 7.0650030467659253 13.974871639162304 3.0225857868790618 7.6134583773091427 3.0347008947283021 2.2882396671921015 36.811610287055373
leaf_count=105 83 324 65 445 113 173 1040 61 68 447 51 49 141 397 138 241 168 40 138 16 71 55 1730 137 324 62 125 52 25 2558
internal_value=0.00161623 0.00442484 0.00159709 -0.000273316 0.0105621 0.0192642 -0.00552258 0.00048663 0.0272173 -0.00196278 0.00645309 -0.00861013 0.000321144 -0.00204616 0.0172527 0.0320505 0.0247915 0.00939924 0.0191644 -0.0211823 -0.00662573 0.0298032 -0.0122833 -0.000320478 -0.00914179 -0.016497 0.0096811 0.0187256 0.0267996 -0.0241592
internal_weight=426.123 387.988 348.525 336.731 108.241 62.4794 228.49 123.425 42.4661 119.143 52.6419 66.5011 20.0133 45.7621 27.9594 37.0406 20.1923 20.8957 13.3413 23.3348 24.6825 17.9771 105.065 43.1663 23.1649 16.9975 20.0014 12.3879 9.35324 38.1354
internal_count=9442 6801 6477 6412 1416 728 4996 2226 414 2165 928 1237 314 688 412 309 274 291 178 463 516 223 2770 774 435 386 339 214 162 2641
is_linear=0
shrinkage=0.035


Tree=66
num_leaves=31
num_cat=0
split_feature=81 11 10 54 16 117 117 101 65 66 9 55 116 82 44 82 82 90 106 55 96 107 109 117 68 68 92 76 74 65
split_gain=21.7621 18.1135 18.2673 13.9546 15.5388 14.9119 11.0994 8.34276 7.16948 8.0026 6.51552 5.22695 4.65344 4.91619 4.48766 4.47662 4.30177 4.30785 4.3495 3.9987 3.75764 3.75701 3.94137 3.83649 3.73117 3.70887 3.51074 3.48212 3.4538 4.44299
threshold=452.50265221412877 2.5000000000000004 3.5000000000000004 0.17752100840336138 12.500000000000002 0.17028985507246377 0.66018867924528313 0.37321428571428578 1.7071428571428573 1.5189263736608203 19.500000000000004 0.83130081300813019 0.072751322751322761 870.50000000000011 0.95833333333333337 170.50000000000003 1.0000000180025095e-35 77811.201298701315 1240.2887154861946 0.71330724070450102 1.8765243902439026 2278.3679506903604 4555.0000000000009 0.49104573073233138 14.500000000000002 5.5000000000000009 67753.500000000015 0.46733094779649481 13.750000000000002 2.2240143369175631
decision_type=10 2 2 8 2 2 2 2 10 8 2 10 2 8 2 10 8 2 10 10 2 10 10 2 10 10 2 8 10 8
left_child=1 14 3 4 27 7 16 -5 -8 -10 12 15 -6 -14 -1 -11 -7 28 -19 24 -13 22 -15 -23 25 -12 -2 -3 -18 -30
right_child=26 2 -4 5 10 6 8 -9 9 11 19 20 13 21 -16 -17 17 18 -20 -21 -22 23 -24 -25 -26 -27 -28 -29 29 -31
leaf_value=-0.016687783621734353 -0.028009994703311891 0.014054217461334242 -0.019028716548523492 0.035937966217335762 0.023645013480889095 0.016643905574827544 0.021906361006688246 -0.0038028779432366165 -0.018370310971609981 -0.013118574220487653 0.013493138126342234 -0.0022137447781999742 0.015568876520341262 0.0061863628287324749 0.011006935039086983 0.017655162884373424 -0.026077881888174167 -0.0087280471425096907 0.02685979201085175 0.026855366214120983 0.024442944337419854 -0.012661030508956736 -0.02032368266255867 0.02165883673660712 0.020578376715793028 -0.01600191406110503 -0.0017093632808287619 0.038470404635121982 -0.017583211043981428 0.008366237221406024
leaf_weight=51.639971595257521 27.810311045497656 19.127429036423564 25.532422116026282 17.254148710519079 3.0910677015781394 1.7112981006503094 20.338224042207003 7.8767352905124417 15.940864488482474 16.226153127849106 3.6290703210979727 8.1327785495668667 6.9368210528045884 6.3628900293260839 4.7149084992706767 3.2123004887253037 27.583075216971338 7.0064335651695711 1.6825724439695475 19.479208283126354 16.681414846330881 2.6817294582724562 25.118601536378264 4.3674137499183416 4.8642258048057547 9.4620446097105724 8.5095424149185401 33.783526544459164 13.086779695935549 10.530554460361598
leaf_count=1582 1989 159 773 143 31 8 234 120 185 196 69 93 38 95 133 19 791 188 40 157 91 90 408 74 35 129 582 296 413 238
internal_value=0.00138181 0.00390638 0.00704986 0.00949547 0.0174941 0.00253803 -0.00213135 0.024918 0.00628767 -0.000264943 0.00754299 0.00745986 -0.00110236 -0.00496071 -0.0136626 -0.00546137 -0.0127835 -0.014842 0.00545692 0.0175659 0.0168002 -0.0100205 -0.0148521 0.00876649 0.00383364 -0.006356 -0.0228004 0.0316194 -0.0184659 -0.00657264
internal_weight=424.375 388.055 331.7 306.167 138.904 167.263 142.132 25.1309 80.5317 60.1935 85.9931 44.2526 48.5585 45.4675 56.3549 19.4385 61.6007 59.8894 8.68901 37.4345 24.8142 38.5306 31.4815 7.04914 17.9553 13.0911 36.3199 52.911 51.2004 23.6173
internal_count=9399 6828 5113 4340 1581 2759 2496 263 818 584 1126 399 736 705 1715 215 1678 1670 228 390 184 667 503 164 233 198 2571 455 1442 651
is_linear=0
shrinkage=0.035


Tree=67
num_leaves=31
num_cat=0
split_feature=81 96 88 117 110 110 10 98 56 110 59 65 48 70 73 93 75 55 20 16 113 11 48 101 68 116 92 56 70 83
split_gain=23.6249 17.8539 17.0409 12.5189 14.8183 13.7288 10.7022 11.7165 12.4922 10.4176 9.65787 9.38602 8.23949 7.27061 6.37947 5.8222 5.48747 6.63159 5.22821 5.14976 5.06517 4.96067 4.95011 4.58924 4.39292 4.04736 4.00158 3.87683 3.85304 3.49785
threshold=452.50265221412877 3.2583333333333337 1076.5000000000002 0.11324786324786326 61.250000000000007 1520.5000000000002 3.5000000000000004 0.89039039039039047 0.65030120481927722 310.25000000000006 0.6906926406926408 4.2264957264957275 0.047247023809523815 12.019230769230772 13.500000000000002 14956.000000000002 2.3956521739130436 0.74813432835820903 1.5000000000000002 22.500000000000004 0.02339261285909713 7.5000000000000009 0.066120218579234988 0.28759398496240607 3.5000000000000004 0.74536878216123503 74741.000000000015 0.41588050314465413 16.763888888888893 1911.5000000000002
decision_type=10 2 10 2 10 8 2 2 10 10 2 10 2 10 10 2 10 10 2 2 2 2 2 2 10 2 2 10 10 10
left_child=1 2 3 5 6 9 7 14 10 24 12 18 13 20 -5 -6 17 25 -12 -19 21 -9 26 -20 -1 -15 -17 -28 -10 -2
right_child=29 -3 -4 4 15 -7 -8 8 28 -11 11 -13 -14 16 -16 22 -18 19 23 -21 -22 -23 -24 -25 -26 -27 27 -29 -30 -31
leaf_value=-0.0077504921784310237 -0.026355516834242049 0.030075032101598443 0.035688965152030724 0.01121180714764819 0.01339344046918437 -0.014395194034378733 -0.018937551780168749 -0.011367654214948588 -0.015564688450102069 0.043029243779575607 0.033232427975120007 -0.010768656069742531 -0.018767977742658724 -0.002982462276706566 -0.021085275505173199 -0.023115010892639981 -0.0056680163790162998 0.037874791264093391 0.019733200793462954 -0.0026720207699804615 -0.023466065842236591 0.023636147802023395 0.0065705726060454319 -0.011198937517299412 0.02179926300839153 0.024819873044579683 0.018994998988447337 -0.013726082677183183 0.012671982081800504 0.0062779116034104654
leaf_weight=11.209783717989923 33.32626698166132 25.700033478438854 12.739903868176041 6.5619695018976953 4.7454605028033248 9.6219895500689727 20.613398453220725 5.7941486723721045 26.011245956644419 16.727103903889656 40.374823782593012 6.4314472284167996 10.862581480294464 19.94444906432182 23.948072867467999 58.198416264727712 10.68039516918361 18.374543527141217 7.6078526992350799 3.8381524700671426 8.0063011255115253 4.685194406658411 7.2401638170704237 6.5779710710048676 5.1913123391568652 3.8937779981642953 3.3280117362737647 4.5582630606368184 3.3496759925037614 2.5938156936317673
leaf_count=266 2419 183 75 104 110 334 610 102 626 116 465 53 138 280 253 1862 129 192 91 32 110 41 210 120 44 23 70 163 58 183
internal_value=0.00181367 0.00443629 0.00222581 0.000514428 -0.00205764 0.0171925 0.00251007 0.00504281 0.00854055 0.0270516 0.0126678 0.0227898 0.00463838 0.00897778 -0.0135384 -0.0147211 0.0148897 0.0197457 0.0273175 0.031665 -0.00847284 0.00686182 -0.0172795 0.00620939 0.00451048 0.00507474 -0.0201709 0.00209471 -0.0109681 -0.0235199
internal_weight=422.737 386.816 361.116 348.377 305.626 42.7502 227.556 206.943 176.433 33.1282 147.072 60.9921 86.0795 75.217 30.51 78.0703 56.7313 46.0509 54.5606 22.2127 18.4856 10.4793 73.3249 14.1858 16.4011 23.8382 66.0847 7.88627 29.3609 35.9201
internal_count=9462 6860 6677 6602 5842 760 3427 2817 2460 426 1776 729 1047 909 357 2415 656 527 676 224 253 143 2305 211 310 303 2095 233 684 2602
is_linear=0
shrinkage=0.035


Tree=68
num_leaves=31
num_cat=0
split_feature=83 69 50 11 59 88 117 47 92 45 71 0 42 23 98 87 117 116 97 69 72 76 112 40 61 47 61 46 63 85
split_gain=20.7393 16.7231 11.7522 10.8284 11.9291 8.92023 8.70971 8.61624 7.9544 7.4063 6.33919 5.44031 6.11389 6.47285 5.0715 4.62151 4.34932 4.34593 4.26901 3.97912 3.9647 5.52027 6.05807 4.88785 4.62852 3.96132 3.93429 3.78626 3.6755 3.57419
threshold=1537.5000000000002 3.2500000000000004 0.030457637600494747 4.5000000000000009 0.68989800874210794 1079.5000000000002 0.26491228070175443 0.040956108470785575 26631.500000000004 0.20483682983682985 1.7320508075688776 2.7513599537037039 1.0000000180025095e-35 1.0000000180025095e-35 0.89039039039039047 1.0000000180025095e-35 0.66018867924528313 0.34428879310344834 5.004931959903737 1.2500000000000002 10.500000000000002 0.70622241510413308 0.01709526592635886 8.5000000000000018 0.96459899749373446 0.094044811320754734 0.92172181372549022 0.14194139194139196 0.4555335968379447 608.88636363636385
decision_type=10 10 2 2 2 10 2 2 2 2 8 2 10 2 2 8 2 2 2 8 8 8 2 2 2 2 2 2 2 8
left_child=1 2 3 11 6 -2 -5 9 20 27 -10 12 -1 -14 -6 -12 -13 -8 28 -18 21 24 -23 -22 -4 -17 -21 -3 -19 -20
right_child=5 7 8 4 14 -7 17 -9 10 -11 15 16 13 -15 -16 25 19 18 29 26 23 22 -24 -25 -26 -27 -28 -29 -30 -31
leaf_value=-0.013789261378370065 -0.024421948270227405 0.030117638844797533 -0.014932023046599048 0.030897783005718774 -0.0028701445096089595 0.02149118278175011 -0.016615744087780823 -0.0055367339795026589 0.0072665813251208888 -0.011517738848175522 0.014549906359668864 -0.016149025045381456 0.031580261102463023 -0.0046893531170499507 0.033865085799370066 -0.020091951230877734 -0.014934465314460301 -0.0088594414740393902 0.014825160667285051 -0.012222871229609021 -0.018571280124606588 0.041784955251946303 -0.0064315706262684305 0.015695820929948787 0.013762047243814267 0.0030725021909959209 0.020676737897047791 -0.0027243454088460893 0.02461531794028821 -0.0096305817931138567
leaf_weight=6.3127739662304547 40.527095081284642 49.984400326386094 8.2955613937228971 7.2178850537165991 4.4501581210643044 1.9936350062489498 12.213849209249018 12.453913889825342 14.479802280664442 3.8261254718527189 2.2441940270364276 33.083919254131615 10.534489924088122 7.9873969210311762 29.78600618429482 70.598685616627336 4.7994804931804564 2.5547315292060366 5.0124923083931234 2.4445054884999964 9.8090584753081185 5.9179326603189093 2.8420119006186724 3.2862751148641101 9.2858432652428728 8.8838722826912981 10.756034194491804 3.8084252094849935 10.498661551624535 23.747312244959176
leaf_count=149 2619 450 185 67 40 11 261 162 283 82 12 1184 118 158 329 1746 126 36 27 57 223 88 72 43 162 200 199 56 115 200
internal_value=0.00159518 0.0042891 0.000657676 0.00666474 0.0142171 -0.0202345 0.00419114 0.0190976 -0.00689997 0.024439 -0.0121466 -0.00312526 0.00917342 0.0182673 0.0293328 -0.0158067 -0.00938911 -0.00169183 0.0039766 0.00384522 0.00582578 0.0128853 0.0294891 -0.00801109 -8.53436e-05 -0.0174742 0.0129002 0.0277585 0.0174246 -0.00380383
internal_weight=419.637 377.116 307.043 171.4 95.4811 42.5207 61.2449 70.0729 135.643 57.619 96.2066 75.9186 24.8347 18.5219 34.2362 81.7268 51.0839 54.027 41.8132 18 39.4367 26.3413 8.75994 13.0953 17.5814 79.4826 13.2005 53.7928 13.0534 28.7598
internal_count=9460 6830 6080 3066 1075 2630 706 750 3014 588 2241 1991 425 276 369 1958 1566 639 378 382 773 507 160 266 347 1946 256 506 151 227
is_linear=0
shrinkage=0.035


Tree=69
num_leaves=31
num_cat=0
split_feature=81 10 11 119 91 110 110 98 65 101 75 79 60 46 26 32 47 59 82 49 110 72 110 54 126 107 94 61 118 67
split_gain=20.9732 17.9277 22.1161 10.5931 12.0851 7.25326 8.75123 6.74961 9.3163 7.83794 7.34856 6.52852 5.73099 6.18735 6.18221 5.72565 5.28789 5.10034 4.90191 4.84896 5.34679 4.80444 4.71069 4.49778 4.38759 4.24442 4.04484 3.93746 3.74089 3.64362
threshold=452.50265221412877 3.5000000000000004 5.5000000000000009 0.8704386226815618 286.94801306537175 195.25000000000003 82.250000000000014 1.5577777777777781 4.6076923076923082 0.56904761904761914 2.0727513227513232 2.2500000000000004 0.93132920719127632 0.071008403361344549 19.500000000000004 4.5000000000000009 0.039344685242518065 0.6906926406926408 58.500000000000007 0.13809523809523813 28.750000000000004 10.500000000000002 27.250000000000004 0.43650793650793657 1.0000000180025095e-35 1343.617205976461 78170.500000000015 0.93039405684754539 0.95180023228803723 3.5000000000000004
decision_type=10 2 2 8 10 10 10 2 8 2 10 8 2 2 2 2 2 2 8 2 8 10 10 8 2 10 2 2 2 10
left_child=1 2 3 4 15 6 7 8 10 -9 12 19 13 28 27 22 -10 -12 -8 20 25 -11 -1 24 -13 -5 29 -14 -4 -22
right_child=-2 -3 5 11 -6 -7 18 9 16 21 17 23 14 -15 -16 -17 -18 -19 -20 -21 26 -23 -24 -25 -26 -27 -28 -29 -30 -31
leaf_value=0.0096539233773058654 -0.022290542886600866 -0.021584465037711203 -0.016912583077402749 -0.013957556512989369 0.034769005053116524 0.038478012300071023 0.018705262962807973 0.034966859353474093 0.031970153042748611 -0.014411442479312886 -0.017793312662420978 0.02298076387267527 -0.0019233984372520562 0.017096441813062465 -0.0050911268350587197 0.018977905167041877 -0.0047391082113555283 0.0072822383658081771 -0.018381816544398133 0.018757169946084361 -0.025174057405547474 0.019940605696209514 -0.018662224975588334 -0.0080455595616394267 -0.007174140056359221 0.012860829963622849 0.00029612796698855144 0.03055027268871896 0.011194119787134837 0.0063850664487560037
leaf_weight=7.0463301464915338 34.822363990359008 25.288411097601056 17.678707094863061 8.0278821066021937 12.109007865190504 10.2737092487514 1.3562068566679926 27.996146012097597 22.981349777430299 6.8136723870411497 20.165977224707603 13.061941453255715 4.7417371775954988 10.614217322319744 8.4645640533417446 6.8312431201338759 4.3795699626207343 12.810703938826917 13.374959577806294 1.430417027324437 50.415834818966687 3.6314156521111727 16.555185611359775 16.871885229833424 5.9247731883078805 11.279095016419886 10.627913871780036 24.437735306099057 3.9282401409000149 2.9290721472352734
leaf_count=68 2632 801 223 143 130 76 7 320 166 136 218 241 44 108 112 104 30 138 373 31 1547 61 418 520 127 117 284 210 29 55
internal_value=0.00192705 0.00439384 0.00650815 -0.00295932 0.0112201 0.0143564 0.0120195 0.0142996 0.00981794 0.0266023 0.00442588 -0.00820996 0.0106242 -0.000447707 0.0190424 -0.00173402 0.0262699 -0.00837578 -0.0110926 -0.0132833 -0.0148648 0.000120659 -0.00999854 0.00393381 0.014037 0.0011324 -0.0194248 0.0257638 -0.0106593 -0.0230425
internal_weight=416.87 382.048 356.759 163.111 42.5418 193.649 183.375 168.644 130.203 38.4412 102.842 120.569 69.8652 32.2212 37.644 30.4328 27.3609 32.9767 14.7312 84.7102 83.2798 10.4451 23.6015 35.8586 18.9867 19.307 63.9728 29.1795 21.6069 53.3449
internal_count=9469 6837 6036 3785 720 2251 2175 1795 1278 517 1082 3065 726 360 366 590 196 356 380 2177 2146 197 486 888 368 260 1886 254 252 1602
is_linear=0
shrinkage=0.035


Tree=70
num_leaves=31
num_cat=0
split_feature=81 10 0 54 20 81 123 76 54 110 115 101 110 82 60 122 57 76 23 0 54 94 72 121 56 11 64 38 60 98
split_gain=22.0435 14.6927 13.8234 12.7171 6.5211 6.42691 7.25172 5.88881 5.8221 5.36014 11.6448 5.52078 5.18959 4.89461 5.03628 7.17556 4.50571 4.3266 4.21414 4.14861 4.96226 4.94997 6.04701 3.96413 3.66774 3.62869 3.55327 3.53472 3.39537 4.07998
threshold=452.50265221412877 3.5000000000000004 2.9956192129629637 0.20416666666666669 2.5000000000000004 273.96594751508638 1.0000000180025095e-35 0.45828458797909361 0.17752100840336138 182.75000000000003 0.060915275200989494 0.23904761904761906 27.250000000000004 6.5000000000000009 0.92214439655172431 1.5000000000000002 0.41042780748663105 0.44782039932319934 1.0000000180025095e-35 75.732285879629643 0.40833333333333338 63797.500000000007 10.500000000000002 3.5000000000000004 0.71291208791208804 16.500000000000004 0.79285714285714304 23.500000000000004 0.80322580645161301 1.652586206896552
decision_type=10 2 2 8 2 8 2 8 10 10 2 2 10 10 2 2 10 8 2 2 8 2 8 2 10 2 2 2 2 2
left_child=1 2 9 4 7 18 13 16 23 10 28 27 -6 14 15 -7 -4 -17 -5 21 -21 -16 -23 24 -9 -3 -2 -12 -1 -30
right_child=26 25 3 5 12 6 -8 8 -10 -11 11 -13 -14 -15 19 17 -18 -19 -20 20 -22 22 -24 -25 -26 -27 -28 -29 29 -31
leaf_value=0.014273733072190412 0.010154135303242372 -0.02426335907882067 -0.0096679227201734112 -0.0053606770900060299 0.011629620817985915 -0.02125234408134109 -0.022406537859234962 0.037660619317710357 -0.00041372029643713858 0.032532826040539829 0.026405538934981328 0.0040225313381065412 -0.018742237558108901 -0.021397673292438645 0.00053795161414560107 -0.011729607427346947 0.01246813874169621 0.025000944508474749 0.026646982177809357 0.010387133416057166 -0.017351594345996056 -0.0035151763417078322 0.044615279543361905 0.009933619217571547 -0.0019861141891660736 0.0052833254147257053 -0.025286113663797443 -0.0042226193204313745 -0.019356090860643136 0.008068441448202188
leaf_weight=3.1358610093593624 1.1863564746454347 20.504386244341735 17.388819236308336 6.4874430280178768 7.2179552707821157 17.28874473832548 30.19094149209559 22.394680551253263 13.53265489451587 16.616158505901694 50.690596112981439 26.377942301332951 12.152796564623712 9.6284251101315004 12.110100720077755 2.6967525053769341 17.773545657284558 5.0007962025702 6.4984136987477541 12.238297309726478 9.7356574889272434 3.597788875922558 5.6307725459337243 19.854621669277549 2.6499746963381758 4.4010807126760474 32.892963286489248 3.6494252979755393 17.450063304975632 6.1812800392508498
leaf_count=62 82 673 261 87 55 528 797 282 231 154 431 359 313 260 317 56 187 113 50 242 326 88 150 208 64 132 2573 21 284 120
internal_value=0.00218073 0.00467938 0.00656746 0.00146333 0.00969639 -0.00629636 -0.00918343 0.0134209 0.0197966 0.0157649 0.0118419 0.018202 -0.00736094 -0.00301839 0.000855501 -0.0104694 0.00168044 0.0125811 0.0136117 0.00779602 -0.00284091 0.0172096 0.0312099 0.0253191 0.0338332 -0.0190317 -0.0229111 0.0241661 -0.00718354 -0.0120263
internal_weight=417.155 383.076 358.171 234.069 112.965 121.104 108.118 93.5943 58.4319 124.101 107.485 80.718 19.3708 77.9273 68.2989 24.9863 35.1624 7.69755 12.9859 43.3126 21.974 21.3387 9.22856 44.8993 25.0447 24.9055 34.0793 54.34 26.7672 23.6313
internal_count=9506 6851 6046 4615 1601 3014 2877 1233 785 1431 1277 811 368 2080 1820 697 448 169 137 1123 568 555 238 554 346 805 2655 452 466 404
is_linear=0
shrinkage=0.035


Tree=71
num_leaves=31
num_cat=0
split_feature=83 69 119 11 46 55 27 98 44 117 109 43 63 43 70 88 66 108 108 44 32 16 109 92 116 110 60 30 63 76
split_gain=18.5611 15.462 11.3595 12.4545 14.9244 8.94844 9.30126 8.41428 7.88066 7.17912 6.53082 7.4461 6.326 6.1432 5.66339 5.63965 4.95988 4.67779 4.58357 4.57433 4.40184 4.39548 4.19766 4.12694 3.90656 3.87456 3.62349 3.59077 3.51137 3.479
threshold=1618.5000000000002 3.2500000000000004 0.77303240518350214 4.5000000000000009 0.13100686498855837 0.83527131782945752 12.500000000000002 0.89039039039039047 0.74166666666666681 0.66018867924528313 281.50000000000006 0.22599846390168973 0.63967213114754118 0.41240409207161127 12.720779220779223 1079.5000000000002 3.534890964666531 31.500000000000004 352.00000000000006 0.43620268620268626 4.5000000000000009 22.500000000000004 5803.5000000000009 17012.000000000004 0.55634920634920648 16.250000000000004 0.91631652661064433 12.500000000000002 0.46225071225071229 0.51402417322031113
decision_type=10 10 8 2 2 10 2 2 2 2 10 2 2 2 10 10 8 10 10 2 2 2 10 2 2 10 2 2 2 8
left_child=1 2 10 8 5 6 17 25 9 18 11 -1 16 19 29 -2 28 -5 27 -8 -13 -16 -14 -21 26 -7 -11 -4 -3 -9
right_child=15 12 3 4 -6 7 13 14 -10 24 -12 20 22 -15 21 -17 -18 -19 -20 23 -22 -23 -24 -25 -26 -27 -28 -29 -30 -31
leaf_value=0.023453630988560504 -0.024156311088534013 -0.0087514088064399795 -0.026804519710913771 -0.016516653989468652 0.02892968016829154 0.013555362604379024 -0.012071518970473802 -0.012901502439795676 0.013906899517625797 -0.0092667590120144964 0.034075201191404482 -0.016341102045338139 -0.0099177174393948637 0.027255467357955677 0.031306375971279991 0.016681492364062984 0.035291486970415044 0.014028866008155278 0.0097153256886619698 -0.013709372759210685 0.013141448513225421 -0.00046486760591604314 0.014774196098083512 0.019689512023512889 -0.013022863255447176 -0.018888280234509395 0.019088080417992637 0.010192370745765175 0.017219492939480243 0.012693867718644752
leaf_weight=11.187950752675535 33.69304808229208 5.8535628793761161 48.921224030666053 62.32568643707782 19.242065094411373 2.199862875044345 17.217713227495555 8.018604878336193 8.5903389845043403 4.9592911470681438 12.158186085522173 13.919216094538571 11.620052712038161 7.5600255681201807 22.075779301114384 1.1473653726279724 24.650418009608984 3.0027903215959659 2.45977634564042 2.3255656883120528 4.8452919404953709 6.4626838825643054 12.418724860996006 10.828653289005159 12.160864764824508 11.269794267602263 10.050967251881957 0.93570404872298141 14.090602977201341 8.003104876726864
leaf_count=189 2442 74 1832 1496 235 15 282 96 213 107 105 296 156 68 242 7 219 45 59 24 63 76 148 102 233 113 216 21 162 112
internal_value=0.00188433 0.00422016 0.000789835 -0.00195602 0.00332369 -0.00050913 -0.0065986 0.00999058 -0.012375 -0.0158702 0.0166535 0.00571882 0.0186419 0.00664674 0.0169373 -0.0208867 0.0258124 -0.0142151 -0.0228966 -0.00161066 -0.00756504 0.0251149 0.0031859 0.0116353 -0.000885262 -0.0113544 0.00974519 -0.0252445 0.00937079 -0.000137946
internal_weight=414.195 379.355 310.721 268.61 180.532 161.29 103.26 58.0298 88.0782 79.4878 42.1106 29.9525 68.6334 37.932 44.5602 34.8404 44.5946 65.3285 52.3167 30.3719 18.7645 28.5385 24.0388 13.1542 27.1711 13.4697 15.0103 49.8569 19.9442 16.0217
internal_count=9448 6999 6240 5587 2906 2671 2017 654 2681 2468 653 548 759 476 526 2449 455 1541 1912 408 359 318 304 126 556 128 323 1853 236 208
is_linear=0
shrinkage=0.035


Tree=72
num_leaves=31
num_cat=0
split_feature=11 10 83 118 116 98 55 70 110 45 44 85 49 27 88 95 71 93 108 95 57 97 71 65 71 43 71 96 69 0
split_gain=20.3088 19.7058 14.471 11.8906 14.1834 12.2071 10.1357 14.4816 8.7883 6.93134 6.68524 5.40651 5.63258 5.15201 5.14532 5.12042 6.261 5.79707 4.92979 4.85806 5.60569 4.46673 4.24719 4.18697 4.14951 4.04743 3.91424 3.81431 3.75454 3.61224
threshold=2.5000000000000004 3.5000000000000004 1618.5000000000002 0.61721611721611735 0.90521114106019784 1.0571895424836604 0.82247899159663873 11.860389610389612 82.250000000000014 0.033712121212121214 0.28509852216748771 772.43750000000011 0.06030303030303031 2.5000000000000004 1079.5000000000002 26003.000000000004 1.2236222811979214 78734.000000000015 125.50000000000001 11850.500000000002 0.4188596491228071 1.5253991221971623 4.9511500605035215 1.3541666666666667 2.6096101096362121 0.13867521367521371 1.1547005383792517 2.2899159663865549 2.2500000000000004 43.875121527777786
decision_type=2 2 10 2 2 2 10 10 10 2 2 8 2 2 10 2 8 2 10 2 10 2 8 10 8 2 8 2 10 2
left_child=18 2 3 13 5 19 9 -8 26 10 -7 24 15 -2 -4 16 -13 -17 -1 25 27 -20 -12 29 -11 -5 -9 -21 -22 -18
right_child=1 -3 14 4 -6 6 7 8 -10 11 22 12 -14 -15 -16 17 23 -19 21 20 28 -23 -24 -25 -26 -27 -28 -29 -30 -31
leaf_value=-0.020660358511447572 0.0051423255482303514 -0.021318793524080854 -0.021838746485723589 0.0085898269606250501 0.029366541297306509 -0.011718787855790402 -0.0063529453864534799 0.00130978549114808 -0.0062794541179520373 -0.0098806449276179157 0.035178711153860523 0.014521618734961033 0.019536415085582872 0.038848629897931204 0.016461969940662711 0.023308648256387513 0.019404205135792905 -0.015252249542042028 -0.015632993373224709 -0.018538437756413541 -0.0056338812609747439 0.018061649486716409 -0.0012033192023723838 -0.02013159414748052 0.024336795800494297 -0.01800079971836363 0.038677270172707591 0.011558251377298729 0.027164935370864441 -0.011785982364036041
leaf_weight=51.939253387972713 9.6779738347977418 28.371188553981483 22.109884521923963 5.2315319618210188 24.971645684912801 4.2036068644374636 17.063950366340578 4.1655257344245902 5.7435398856177917 3.0153185324743363 11.671708434820177 5.3416497623547903 4.8783549759536973 17.35896831471473 1.3532332852482785 7.3785829413682205 3.824378125369547 3.4822506811469793 3.7197975805029255 10.779759534634652 4.1706482619047156 6.0865786960348487 4.7218086868524543 47.089014709927142 9.3574902443215251 40.289320062845945 33.304829955101013 3.65456898510456 8.0910799447447044 4.6782424375414848
leaf_count=2015 213 1192 1620 83 186 87 251 57 161 36 137 96 82 152 7 133 76 91 114 168 65 112 75 936 80 597 370 21 63 122
internal_value=0.00104403 0.00439728 0.00698924 0.00916694 0.00660823 0.00371451 0.00876913 0.0196988 0.0295779 0.00216326 0.0182417 -0.00232796 -0.0059892 0.0294689 -0.017126 -0.00888272 -0.0127598 0.0100344 -0.0166672 -0.0079763 0.00351626 0.00431742 0.0268675 -0.0163632 0.0155541 -0.0143972 0.0351664 -0.00990517 0.0176084 0.00423343
internal_weight=407.726 345.98 317.609 294.146 267.109 242.137 169.92 60.2778 43.2139 109.642 20.5971 89.0453 76.6725 27.0369 23.4631 71.7941 60.9333 10.8608 61.7456 72.2169 26.6961 9.80638 16.3935 55.5916 12.3728 45.5209 37.4704 14.4343 12.2617 8.50262
internal_count=9398 7157 5965 4338 3973 3787 2790 839 588 1951 299 1652 1536 365 1627 1454 1230 224 2241 997 317 226 212 1134 116 680 427 189 128 198
is_linear=0
shrinkage=0.035


Tree=73
num_leaves=31
num_cat=0
split_feature=81 27 47 117 10 118 96 98 86 44 10 98 69 110 47 59 91 16 65 65 68 70 54 93 91 101 110 92 110 110
split_gain=16.4809 16.4499 14.6567 9.82086 8.78742 6.95462 10.3305 6.82011 5.87342 5.57269 5.8827 7.16813 9.97276 6.60999 6.37533 6.33334 5.9307 6.05251 5.19642 5.02643 4.9099 4.54187 4.25003 3.95298 3.82343 4.47679 4.15917 3.81124 4.54096 3.72433
threshold=420.30579107873831 3.5000000000000004 0.099019607843137278 0.5545634920634922 2.5000000000000004 0.61721611721611735 1.9915254237288138 1.0519568151147101 283.49660063017274 0.26975051975051983 3.5000000000000004 1.3585714285714288 2.7500000000000004 113.75000000000001 0.037617924528301892 0.65545505935556825 9326.0072969939083 2.5000000000000004 2.3245614035087727 2.5400641025641026 9.5000000000000018 13.639610389610391 0.42261904761904767 84264.500000000015 116.64868663604186 0.089572192513368995 520.25000000000011 67753.500000000015 50.750000000000007 46.750000000000007
decision_type=10 2 2 2 2 2 2 2 8 2 2 2 8 10 2 2 10 2 10 8 8 10 10 2 8 2 10 2 10 10
left_child=1 2 9 -4 5 -3 7 -7 -6 -1 11 12 -11 15 24 21 17 -17 -5 -8 22 -13 -9 -19 -14 26 -26 -2 -29 -23
right_child=27 4 3 18 8 6 19 20 -10 10 -12 13 14 -15 -16 16 -18 23 -20 -21 -22 29 -24 -25 25 -27 -28 28 -30 -31
leaf_value=-0.018188611933174018 -0.025246736812160844 0.034883466541705516 -0.011506029031637648 0.037683504046311475 0.018430834088327359 -0.011502975171342977 -0.0035127293825597816 0.019647676357640177 -0.0089577756694251501 -0.016168601461007209 -0.022895053063138993 -0.020425466548730752 -0.0072837292309008367 -0.013630260181789434 -0.018376342425269587 -0.010227566375031449 -0.011471430951865725 0.039403882524725813 0.0038663088633145003 0.027547793322346831 -0.011186282900214258 -0.0079308017388182404 -0.010926096210472623 -0.0041633594440088403 0.038629146959374965 0.0030013841490106816 -0.0057493376544225806 0.018013787226101426 -0.016602329697862465 0.028367658571247862
leaf_weight=34.619827325455844 25.857515309937298 17.763022117316723 7.7433628821745542 14.742204973474147 8.0115027418360096 22.577846922911704 6.1725301006808868 30.959071096032858 31.845262465067208 47.593839933164418 11.283648851327596 5.0657686572521907 5.8603028599172857 7.3005115808919063 5.1459154468029729 1.9170406106859506 2.2520049549639216 18.299118238501254 9.5020281337201578 41.791668264195323 6.7117406893521538 3.5160678308457136 3.2916297791525713 1.8581160139292467 8.91002523340285 13.368251122534273 1.7395997960120428 4.1922303708270174 4.3850355418398976 2.105118933133781
leaf_count=1097 2084 153 253 144 55 318 48 418 542 1135 417 128 110 231 64 57 65 363 136 275 69 51 78 37 165 202 39 292 352 53
internal_value=0.00205667 0.00428536 -0.00243429 0.0176654 0.0121824 0.0164708 0.0121664 0.00244643 -0.00201171 -0.00659311 -0.0031064 -0.000506852 -0.00641653 0.0104905 0.00719981 0.0165947 0.0250829 0.0302419 0.0273567 0.0235963 0.0105501 -0.00456313 0.0156919 0.0353585 0.0136077 0.0190818 0.0318592 -0.0195076 0.000719838 0.0126178
internal_weight=406.382 371.947 202.823 31.9876 169.124 129.268 111.504 63.5403 39.8568 170.835 136.215 124.932 82.6179 42.3137 35.0241 35.0132 24.3263 22.0743 24.2442 47.9642 40.9624 10.687 34.2507 20.1572 29.8782 24.0179 10.6496 34.4348 8.57727 5.62119
internal_count=9431 6703 4747 533 1956 1359 1206 883 597 4214 3117 2700 1715 985 580 754 522 457 280 323 565 232 496 400 516 406 204 2728 644 104
is_linear=0
shrinkage=0.035


Tree=74
num_leaves=31
num_cat=0
split_feature=83 11 10 69 55 27 98 70 119 45 48 50 46 107 50 57 11 110 119 110 2 46 47 76 63 11 64 70 38 128
split_gain=18.3699 17.1409 15.2468 10.8663 7.76683 8.75464 7.89787 8.8887 7.30914 5.88708 5.78015 6.74048 4.74529 4.65925 4.57052 6.42902 5.81118 5.4371 4.47406 5.49023 4.41609 4.87462 4.26662 3.99517 3.8702 3.65696 3.61307 3.56412 4.15399 3.50986
threshold=1618.5000000000002 2.5000000000000004 3.5000000000000004 3.7500000000000004 0.88516483516483524 8.5000000000000018 0.89039039039039047 11.860389610389612 0.77303240518350214 0.15047169811320757 0.030076888285843515 0.030457637600494747 0.14194139194139196 2105.7015433094944 0.072949002217294903 0.42462121212121218 6.5000000000000009 24.750000000000004 1.9188982253199827 16.250000000000004 1.0000000180025095e-35 0.11043360433604336 0.036811201445347795 1.1571011735538288 0.58990285077241611 16.500000000000004 0.79285714285714304 14.757352941176473 23.500000000000004 0.39009661835748799
decision_type=10 2 2 8 10 2 2 10 10 2 2 2 2 10 2 10 2 10 10 10 2 2 2 8 2 2 2 10 2 2
left_child=1 29 3 4 5 8 18 -8 23 12 20 -12 22 27 15 17 -16 -9 -6 -20 24 -22 -5 -3 -10 -4 -2 28 -7 -1
right_child=26 2 25 9 6 13 7 14 10 -11 11 -13 -14 -15 16 -17 -18 -19 19 -21 21 -23 -24 -25 -26 -27 -28 -29 -30 -31
leaf_value=-0.01575480335733969 0.011749989874657059 0.025117851553162929 -0.023198926147899701 0.035451067966615735 0.013781876499170582 0.025721915735782142 -0.0025903624243604618 0.027825497231880283 -0.013648204190647764 -0.00097913014678406921 0.021762221806116078 -0.011967224174651217 -0.0029821862569907849 -0.0051147374434112724 -0.010887968414489196 0.041014896973549216 0.023157501513172928 -0.0052765785015560455 0.015348971538948444 -0.022447134539736149 -0.024462419390356632 0.001197294623168365 0.0040869119288457975 -0.008989521841214201 0.019134455100442569 0.0064446189870085661 -0.02354460358167107 -0.0020265723306253027 -0.0071124250299201552 0.0087591634912767176
leaf_weight=49.470612621866167 0.95862996485084195 8.2796601830050314 18.558868775144223 35.227192798629403 6.5630253562703755 27.929116300307218 17.419782920740545 5.7502437531948116 3.3366156974807364 10.310897034592925 9.4233126007020491 10.057138280011712 4.7601135289296499 13.384952290914951 8.5427047535777074 24.146809884347022 6.6733113434165707 11.04783610254526 2.5100444108247748 12.342269915156065 37.332816154696047 10.967287397943435 7.7518779076635829 3.1192398704588422 4.8767826212570071 4.1500615552067748 32.145942414179444 8.8138953968882543 3.3242984581738702 4.9930081246420732
leaf_count=1707 55 118 640 294 99 293 266 34 81 187 136 219 57 194 189 250 82 173 17 146 948 213 78 55 109 128 2413 95 30 96
internal_value=0.00207779 0.00440015 0.0075416 0.00974586 0.0061403 0.000814467 0.013601 0.0187667 -0.00592014 0.0227456 -0.00997046 0.00546114 0.0274768 0.0113899 0.0250614 0.0306869 0.00607796 0.00983817 -0.00434038 -0.0138026 -0.0153013 -0.0190702 0.0308095 0.0158894 0.00569172 -0.0175962 -0.0211149 0.0168592 0.0217302 -0.0129599
internal_weight=404.168 371.064 316.6 293.891 235.841 140.845 94.996 73.5807 87.3929 58.0501 75.994 19.4805 47.7392 53.4523 56.1609 40.9449 15.216 16.7981 21.4153 14.8523 56.5135 48.3001 42.9791 11.3989 8.2134 22.7089 33.1046 40.0673 31.2534 54.4636
internal_count=9402 6934 5131 4363 3747 2491 1256 994 1879 616 1706 355 429 612 728 457 271 207 262 163 1351 1161 372 173 190 768 2468 418 323 1803
is_linear=0
shrinkage=0.035


Tree=75
num_leaves=31
num_cat=0
split_feature=83 56 55 50 54 43 88 110 118 129 98 96 65 43 71 107 119 65 126 96 59 95 29 66 95 65 75 110 41 71
split_gain=18.2996 16.9871 10.2806 9.33233 11.2913 7.64705 7.58014 6.5422 6.32606 5.39 4.89498 4.88632 4.71539 4.61979 4.25269 5.23668 4.11987 5.4741 4.01808 5.62236 4.02178 3.91446 3.71491 3.68283 4.18837 3.49643 3.4636 4.18474 3.05002 3.04974
threshold=1537.5000000000002 0.61583184257602874 0.51887464387464399 0.020204081632653064 0.22474747474747478 0.45183384887317724 1079.5000000000002 37.250000000000007 0.71240601503759404 6.5000000000000009 1.2390476190476194 1.5508620689655175 1.607692307692308 0.35948717948717951 1.7320508075688776 1992.4481020958231 1.000162128780518 3.6381818181818186 1.0000000180025095e-35 2.8090909090909095 0.72281323877068571 149.50000000000003 2.5000000000000004 0.95909801529343064 29732.000000000004 2.3245614035087727 2.3206854345165246 17.250000000000004 1.5000000000000002 5.6592638144258283
decision_type=10 8 10 2 8 2 10 10 2 2 2 2 8 2 8 8 10 10 2 2 2 2 2 8 2 10 10 10 8 10
left_child=1 2 13 4 5 29 -2 18 12 16 28 -12 -6 23 15 -9 21 -18 -5 20 -20 -3 -23 -1 -25 -15 27 -19 -10 -4
right_child=6 9 3 7 8 -7 -8 14 10 -11 11 -13 -14 25 -16 -17 17 26 19 -21 -22 22 -24 24 -26 -27 -28 -29 -30 -31
leaf_value=0.0060256155513290196 -0.024232663627976186 -0.013126847744096323 0.033331686809033527 0.019226980538059921 -0.0057165962894077183 -0.0020104727411670879 0.01862503287058544 0.025920503893752209 0.0062368570253036439 0.01570204416771066 -0.0069930802588733321 0.022629401108011694 0.028847548916863766 -0.0097261650687394292 -0.01035028356633688 -0.011242790568724405 -0.021892665387837979 0.014441994378495804 -0.017782417913296409 0.021446288601833018 0.0093763454854940646 0.020646610621553308 -0.0074848619172669245 -0.025823847173324505 0.0071223494834564997 0.017826827238252727 0.021810079945732398 -0.018601888345446627 -0.017251416788152067 0.0021738850975691073
leaf_weight=6.2781450031325248 35.228577667847276 10.320642688311638 54.309767914935946 29.017850113101304 4.5796885164454606 9.164325285702942 2.0817504599690428 5.6807565493509147 6.5616264613345292 5.7196060037240377 9.0342858741059917 10.259176064282654 13.587658900767563 5.3308022813871494 40.625890682451427 4.3871783651411542 42.284378921613097 3.0778785943984968 13.131390986964112 6.0307126790285102 6.6593438405543557 9.2609445285052043 6.2379653230309478 18.109517544507984 3.628018816933035 9.0654757842421514 2.4926245808601371 7.3244468607008457 18.188853409141302 4.8917646668851367
leaf_count=158 2613 386 456 247 107 73 11 93 129 57 237 110 185 153 966 101 1469 21 116 46 61 208 167 479 98 141 30 147 308 41
internal_value=0.00191465 0.00438435 0.00857109 0.011394 0.0174852 0.0268507 -0.019923 0.00340714 0.00596144 -0.00879681 -0.00164687 0.0101741 0.0207812 -0.00668826 -0.00540326 0.0113693 -0.0113391 -0.0163572 0.0113225 0.00076148 -0.00859587 0.00029896 0.0102603 -0.0141559 -0.0200215 0.00774704 0.00283976 -0.00731041 -0.0110228 0.031127
internal_weight=402.551 365.241 278.522 236.11 130.577 68.3659 37.3103 105.533 62.2113 86.7185 44.0439 19.2935 18.1673 42.412 50.6938 10.0679 80.9989 55.1793 54.8393 25.8214 19.7907 25.8196 15.4989 28.0157 21.7375 14.3963 12.895 10.4023 24.7505 59.2015
internal_count=9414 6790 4305 3276 1646 570 2624 1630 1076 2485 784 347 292 1029 1160 194 2428 1667 470 223 177 761 375 735 577 294 198 168 437 497
is_linear=0
shrinkage=0.035


Tree=76
num_leaves=31
num_cat=0
split_feature=87 83 56 10 54 119 32 23 75 54 86 59 63 88 106 107 110 16 117 74 90 118 97 0 44 44 91 54 70 60
split_gain=18.6202 20.9831 12.8171 10.23 8.00928 7.10194 6.72308 6.36518 8.33188 6.67618 7.43442 7.16346 4.73398 4.48999 4.39505 4.28399 5.27646 5.25007 4.63071 4.22447 3.72958 3.57486 3.84458 3.54241 5.46907 3.30796 3.24906 3.00612 3.00914 2.92599
threshold=1.5000000000000002 1384.5000000000002 0.65030120481927722 3.5000000000000004 0.12861869313482219 1.000162128780518 3.5000000000000004 1.5000000000000002 1.7165178571428574 0.22474747474747478 248.06104507297934 0.67700320512820522 0.61152570480928703 1079.5000000000002 167.10000000000002 1391.5623272224295 11.250000000000002 30.500000000000004 0.46076923076923088 8.7500000000000018 22538.158119658121 0.77859477124183019 1.9975031595345596 36.617500000000007 0.34969879518072294 0.95833333333333337 10493.638477247574 0.086067019400352746 14.433035714285717 0.94399641577060944
decision_type=8 10 8 2 8 10 2 2 8 8 8 2 2 10 10 10 10 2 2 8 2 2 2 2 2 2 10 10 8 2
left_child=20 2 3 4 15 6 14 9 19 11 -11 29 -10 -3 25 16 -2 18 -17 -9 -1 22 -12 24 -23 -4 -5 -18 -29 -6
right_child=1 13 5 26 7 -7 -8 8 12 10 21 -13 -14 -15 -16 17 27 -19 -20 -21 -22 23 -24 -25 -26 -27 -28 28 -30 -31
leaf_value=-0.00070819159114965944 0.024760324851296825 -0.025194272251452685 -0.019856192285548656 -0.022821118747836072 0.013087618965618617 -0.016435069676257356 0.029836364343396871 -0.0089902149517597368 0.00029968622855286605 0.027127304119036157 -0.0063589807765431442 0.031462886059659093 -0.020214814934992182 0.012065754564691861 0.014765104611693215 -0.0037480749983172888 0.012938428642790389 -0.0027213190489884052 0.035747200524017642 0.023269025462042986 0.039819259827942086 0.019322463340818895 0.016317457724872784 -0.016704182691599508 -0.010025110217170227 0.0099489404760928091 0.0071870959520164658 -0.019115937411785199 0.0065335093335956145 -0.0080022245105741963
leaf_weight=3.0810221182182458 7.7593595013022449 37.799864947795868 12.882066484540706 13.649537846446039 12.642293937504293 50.41557187307626 4.4515278255566946 3.9212277345359299 25.009305231273174 7.8727894565090528 12.270254461094739 21.905844314955175 25.30023371335119 1.4624186158180226 5.280467444099485 3.1111521422863033 5.2456141933798817 5.6191969960927954 25.85390323586762 12.048431140370667 13.159585216082631 7.9634253298863795 16.578744325786829 20.409967034123838 14.568914399482308 2.7130542006343594 3.1948965853080145 9.9245851095765794 5.7874446231871852 10.326397757977245
leaf_count=25 70 2738 446 462 133 1507 79 73 384 61 288 224 500 7 99 70 39 93 254 167 139 132 284 508 220 88 104 93 45 106
internal_value=0.00186993 0.000112734 0.00296956 0.00652156 0.00836071 -0.00935441 0.00512605 0.00454048 -0.00402675 0.00907938 0.00261439 0.0191438 -0.0109117 -0.0226002 -0.00489036 0.0187011 0.00693035 0.0263651 0.0315777 0.0150931 0.0337739 -0.00166502 0.00715794 -0.0077207 0.0019724 -0.0135145 -0.0167872 -0.00316883 -0.0103716 0.00387041
internal_weight=402.209 385.968 346.706 270.964 254.119 75.7427 25.3271 190.818 66.2792 124.539 79.6641 44.8745 50.3095 39.2623 20.8756 63.3013 28.717 34.5843 28.9651 15.9697 16.2406 71.7913 28.849 42.9423 22.5323 15.5951 16.8444 20.9576 15.712 22.9687
internal_count=9438 9274 6529 4310 3744 2219 712 3080 1124 1956 1493 463 884 2745 633 664 247 417 324 240 164 1432 572 860 352 534 566 177 138 239
is_linear=0
shrinkage=0.035


Tree=77
num_leaves=31
num_cat=0
split_feature=11 83 69 72 47 88 98 55 46 110 88 21 56 29 110 109 45 35 47 68 44 27 100 92 71 54 44 96 113 60
split_gain=18.5928 14.8227 9.93232 8.82795 7.50619 7.46912 7.2 8.77865 6.94099 6.74895 6.52751 6.23811 6.16451 7.90168 7.97508 5.99124 5.80691 5.23588 4.99861 4.9664 4.66958 4.49163 4.24199 4.07923 4.06551 3.89292 3.51896 3.48949 3.42112 3.29806
threshold=2.5000000000000004 1618.5000000000002 2.7500000000000004 8.5000000000000018 0.040956108470785575 1079.5000000000002 1.2526595744680853 0.5447860962566845 0.10762548262548265 185.75000000000003 914.50000000000011 6.5000000000000009 0.31851119894598162 7.5000000000000009 82.250000000000014 188.50000000000003 0.16024691358024692 31.500000000000004 0.11451990632318503 10.500000000000002 0.95833333333333337 20.500000000000004 0.23973727422003285 19125.500000000004 3.2160309312024933 0.22474747474747478 0.17712418300653598 1.1017241379310347 0.020204081632653064 0.91977011494252892
decision_type=2 10 8 10 2 10 2 10 2 10 8 2 10 2 10 10 2 2 2 8 2 2 2 2 10 8 2 2 2 2
left_child=20 2 3 8 15 -3 9 -8 10 21 -2 28 23 14 26 19 17 -17 27 24 -1 22 -5 -9 -4 -10 -14 -12 -6 -18
right_child=1 5 4 6 11 -7 7 12 25 -11 18 -13 13 -15 -16 16 29 -19 -20 -21 -22 -23 -24 -25 -26 -27 -28 -29 -30 -31
leaf_value=-0.01754921664330393 0.018080891147392628 -0.022778403781900405 -0.026382967815817952 -0.019214657971298874 -0.00014008406878402666 0.020798483147166799 -0.0062888226073388219 0.0013786230634263805 0.022743161239580537 0.023194240554992574 0.0070385561845542361 -0.012917172400112345 -0.0037031989468739694 -0.013373721450174679 -0.0098321388456198179 0.029505749211400398 -0.015357691557262524 -0.0035213547876086063 0.011465923665518331 0.017286453789176918 0.010763805241059382 0.01185438733003649 0.010610384110278946 0.044004837109582411 0.0092829302723557699 -0.0083838602603131477 0.03667728429944208 -0.018102626522606351 0.028580344713770529 0.012345960714486154
leaf_weight=53.102372720837593 5.1371486596763125 24.542421241290871 5.3538801325485075 23.802591877989475 10.017630106769504 1.7251005060970772 13.189595649950205 3.5852114465087679 10.416621124371883 5.7570683173835269 4.9661026317626229 15.992122491821645 2.0961343897506657 8.1775824138894659 5.2852579327300182 66.85738443210721 4.436250093393026 5.3137183561921111 5.8512488901615134 5.6155438972637066 4.7631180798634878 6.7518660221248856 3.9045951049774876 14.560161288827656 3.0800959104672074 4.1217813016846785 12.832148995250462 56.356104327365756 5.2090486632660022 6.9061425561085343
leaf_count=2075 34 2063 60 517 148 10 354 51 145 66 105 206 47 209 157 630 99 62 94 63 144 60 47 181 28 99 201 1334 67 124
internal_value=0.00301934 0.00615991 0.00832748 0.00302277 0.0156211 -0.0170483 0.00989541 0.0171273 -0.00499411 -0.00155116 -0.00947931 0.000511213 0.0237303 0.0104937 0.0208868 0.0201955 0.0235666 0.0270035 -0.0126936 -0.000769259 -0.0145479 -0.00810054 -0.0140321 0.0376999 -0.0147506 0.0140312 0.0315008 -0.0156895 0.0143214 0.000126894
internal_weight=399.706 341.841 315.573 186.791 128.782 26.2675 99.9422 59.7261 86.849 40.2161 72.3106 31.2188 46.5365 28.3911 20.2135 97.563 83.5135 72.1711 67.1735 14.0495 57.8655 34.4591 27.7072 18.1454 8.43398 14.5384 14.9283 61.3222 15.2267 11.3424
internal_count=9480 7261 5188 3701 1487 2073 1890 1200 1811 690 1567 421 846 614 405 1066 915 692 1533 151 2219 624 564 232 88 244 248 1439 215 223
is_linear=0
shrinkage=0.035


Tree=78
num_leaves=31
num_cat=0
split_feature=83 56 0 82 110 50 45 72 94 68 46 110 42 14 66 94 55 108 97 94 66 2 110 48 86 55 11 65 76 98
split_gain=14.2197 9.73851 11.9865 11.7896 8.01979 6.01406 6.40973 5.54358 4.69438 4.33742 4.34008 4.23101 4.14261 5.73403 4.13099 3.99741 4.4024 3.67137 6.57808 4.00208 3.57165 3.38074 3.33358 3.24763 4.22127 3.16483 3.05226 3.03974 3.06818 3.02424
threshold=1618.5000000000002 0.20864427860696519 4.7096238425925927 1.0000000180025095e-35 37.250000000000007 0.018350168350168353 0.11050061050061051 9.5000000000000018 71263.000000000015 14.500000000000002 0.068573667711598757 57.250000000000007 1.0000000180025095e-35 3.5000000000000004 1.6893025954935037 36119.250000000007 0.49747474747474757 41.500000000000007 2.8901154071475355 80843.000000000015 2.4932375766486756 2.5000000000000004 18.250000000000004 0.10912698412698414 222.46515834919282 0.79361054766734285 8.5000000000000018 2.6733333333333338 0.54733872931548899 1.3956521739130436
decision_type=10 8 2 8 8 2 2 10 2 8 2 8 10 2 8 2 10 8 2 2 10 2 10 2 8 10 2 8 8 2
left_child=1 15 5 -4 9 6 12 -7 -2 10 21 27 -3 -14 -12 22 -17 19 -19 23 -8 -5 -1 24 -6 -21 29 28 -10 -9
right_child=8 2 3 4 17 7 20 26 11 -11 14 -13 13 -15 -16 16 -18 18 -20 25 -22 -23 -24 -25 -26 -27 -28 -29 -30 -31
leaf_value=0.017464615702563697 -0.025571114857797346 -0.0012981437933591836 0.031934587838641254 0.0041905319214144542 0.011372446666370745 -0.0098399190466871896 -0.0090890926025983219 -0.011292514138602621 -0.0058466550287513772 0.019228996332814243 0.022647177194500993 -0.015686690846751641 0.035471344976866326 0.0060720752175423658 -0.0031246836416319364 -0.0053871704449037008 0.026161819275409736 -0.010235950490345605 0.022081658096936494 -0.0092279827069354781 0.017255141848213442 -0.013802528099267517 -0.0067452482457800158 0.0063287129723920144 -0.020794815066601861 0.021936732689230694 0.028433104753132214 -0.0064592484696244633 0.039342768683684332 0.013368405270005022
leaf_weight=6.2988197803497341 22.43528462108225 6.7731583127751938 6.0487431958317748 18.074731198139489 2.3106871200725427 24.032938421703875 14.095739278011026 6.6576180029660481 0.98560472577810054 11.242553032003341 10.253890193998815 3.8030906645581135 26.894720095209777 14.135171221569179 13.12113408371806 4.4741259049624196 36.4811054719612 18.878659451380376 6.3987454222515217 4.2333460431545964 4.4142422014847389 27.350567070767283 13.584090018644927 4.4080641176551572 67.056274558417499 2.5774468267336488 4.4581431085243812 2.2706565409898758 1.5177319217473266 7.8830088088288903
leaf_count=48 1857 132 31 309 34 406 286 96 84 141 148 297 255 112 167 76 330 634 127 142 43 436 130 121 2470 83 46 136 104 137
internal_value=0.00256864 0.0045974 0.00189919 -0.00336746 -0.00532238 0.0108878 0.0171236 0.000496007 -0.0184707 0.00295543 -0.000826412 0.00267918 0.0233368 0.0271028 0.0101792 0.0168012 0.0225041 -0.0114322 0.000240523 -0.0148938 -0.000472942 -0.00693747 0.00289256 -0.01721 -0.0190307 0.00685977 0.0128967 0.0178501 0.0295109 0.00207677
internal_weight=393.15 362.138 301.3 191.955 185.906 109.345 66.313 43.0317 31.0124 80.0429 68.8003 8.57708 47.803 41.0299 23.375 60.8381 40.9552 105.863 25.2774 80.5858 18.51 45.4253 19.8829 73.775 69.367 6.81079 18.9988 4.77399 2.50334 14.5406
internal_count=9418 6940 6356 4843 4812 1513 828 685 2478 1201 1060 621 499 367 315 584 406 3611 761 2850 329 745 178 2625 2504 225 279 324 188 233
is_linear=0
shrinkage=0.035


Tree=79
num_leaves=31
num_cat=0
split_feature=88 83 50 0 56 72 69 100 55 95 98 72 110 114 23 15 1 98 116 119 55 117 91 62 117 116 118 108 31 77
split_gain=13.9143 16.8259 13.8189 11.3885 8.94481 6.69496 7.0759 6.86985 5.95879 5.83184 5.11422 5.02034 4.39328 5.05738 4.2094 4.16828 4.61654 4.13627 6.39195 5.95612 5.05057 4.5792 4.02658 3.9458 3.75745 3.71206 3.77447 3.53359 3.43367 3.297
threshold=1079.5000000000002 1354.5000000000002 0.027973395931142415 2.9956192129629637 0.20864427860696519 9.5000000000000018 2.7500000000000004 0.10620300751879701 0.55409356725146208 11954.500000000002 1.5972972972972974 11.500000000000002 82.250000000000014 0.14784456587735278 4.5000000000000009 2.5000000000000004 4.5000000000000009 1.2182539682539686 0.37377450980392163 0.78582996308391106 0.66441441441441451 0.21498599439775914 6401.6746088137779 0.42325017325017328 0.72264957264957275 0.57307060755336625 0.68857758620689669 26.500000000000004 15.500000000000002 1.5000000000000002
decision_type=10 10 2 2 10 10 10 2 8 2 2 10 10 2 2 2 2 2 2 8 10 2 10 2 2 2 2 10 2 10
left_child=1 2 3 8 14 6 27 24 -1 17 11 -7 13 15 -4 -12 -17 21 19 -19 -20 -5 23 -11 -8 26 -24 -6 -23 -10
right_child=-2 -3 4 9 5 10 7 -9 29 22 12 -13 -14 -15 -16 16 -18 18 20 -21 -22 28 25 -25 -26 -27 -28 -29 -30 -31
leaf_value=-0.0059827708014862351 0.033206611622357475 -0.019865872224223754 0.017663213719850523 0.0071863827802046984 -0.026179059509610483 0.0049243550249728919 -0.0066967253193046493 -0.017667643823066251 0.029842925359818705 0.030287408610530111 0.0020374049271118153 -0.020136449486033332 -0.0082580003793716848 -0.0087510342166506692 -0.010064780503951801 -0.0046631722339664236 0.048331190316314519 0.013772041989116393 -0.0040302616387897644 -0.020364178346756311 0.026194972209873681 -0.018156582403519778 0.010596138993274083 -0.0037904128248238429 0.024805156169052919 0.016414793798508596 -0.021311899336268796 0.0022990162158291129 0.012647093025163628 0.011263332244689795
leaf_weight=8.0364954080432636 11.435518410056828 39.855028155259788 22.353357587009672 11.88351933006197 40.946893008425832 15.831753524020316 4.4555355999618795 9.1991023756563646 35.301124026998878 13.16356130782515 5.9465673938393646 15.360879094339905 6.8925905944779506 3.6155474092811337 5.2772897984832516 1.4832093473523853 5.4193786447867751 5.5094087189063456 8.6830303175374883 12.438413450494407 14.022551121190189 32.8265515929088 3.4676114898174983 4.0769834984093896 8.2794651482254249 5.2111705597490063 7.0408901860937476 5.1705555683001867 1.4891533106565464 29.856694035232067
leaf_count=130 60 2849 252 353 1211 305 102 174 341 193 128 350 191 84 76 38 116 104 147 410 177 745 80 54 70 41 153 143 10 345
internal_value=0.00167171 0.000314696 0.00290954 0.00900535 -0.00495971 -0.00900943 -0.0159374 0.000564838 0.0194044 0.00212968 0.00024575 -0.0084938 0.0113568 0.0195789 0.0116366 0.0277689 0.0397685 -0.00272866 0.00509855 -0.00916788 0.0159949 -0.00944156 0.0136049 0.0231884 0.015003 3.4943e-05 -0.0107612 -0.0230736 -0.0153814 0.0227388
internal_weight=394.53 383.094 343.239 193.007 150.232 122.601 68.0516 21.9341 73.1943 119.813 54.5499 31.1926 23.3573 16.4647 27.6306 12.8492 6.90259 86.8526 40.6534 17.9478 22.7056 46.1992 32.9602 17.2405 12.735 15.7197 10.5085 46.1174 34.3157 65.1578
internal_count=9432 9372 6523 3283 3240 2912 1700 346 816 2467 1212 655 557 366 328 282 154 1946 838 514 324 1108 521 247 172 274 233 1354 755 686
is_linear=0
shrinkage=0.035


Tree=80
num_leaves=31
num_cat=0
split_feature=87 83 96 49 117 97 110 106 0 88 84 110 61 38 69 94 98 20 118 55 71 9 26 48 57 65 47 117 91 110
split_gain=17.4681 19.1301 11.5464 8.59749 9.41935 13.4922 9.17656 9.1214 5.92197 5.6195 5.38444 5.77014 5.53015 5.16537 4.87841 4.49625 4.44688 5.23344 4.41758 4.62742 4.60709 4.56611 4.32961 3.8738 3.76872 3.98077 3.75314 3.69933 3.57502 3.28798
threshold=1.0000000180025095e-35 1384.5000000000002 3.3229166666666674 0.059411764705882358 0.17028985507246377 2.9784571001579669 37.250000000000007 627.62500000000011 2.321064814814815 1079.5000000000002 680.50000000000011 34.750000000000007 0.94943101905127236 1.5000000000000002 3.7500000000000004 80648.250000000015 1.0571895424836604 1.5000000000000002 0.89512961508248245 0.65301003344481623 1.2236222811979214 11.500000000000002 5.5000000000000009 0.032522474881015347 0.6496163682864452 4.2899159663865554 0.094044811320754734 0.84234892787524374 2681.1887165817948 43.750000000000007
decision_type=8 10 2 2 2 2 8 10 2 10 8 10 2 2 10 2 2 2 2 10 8 2 2 2 8 8 2 2 10 10
left_child=-1 2 3 4 5 8 7 10 -2 -3 -6 12 -12 18 15 26 24 27 19 21 -21 -9 29 -23 25 -14 -8 -18 -16 -17
right_child=1 9 -4 -5 6 -7 14 13 -10 -11 11 -13 16 -15 28 22 17 -19 -20 20 -22 23 -24 -25 -26 -27 -28 -29 -30 -31
leaf_value=0.033664957334564205 0.016239733887528193 -0.024918228863707967 0.025536735188571521 0.021334953498435644 0.019977820814904096 0.036179118437795428 -0.017384613867028692 -0.011229446386473897 -0.011744571231830311 0.014504853752626229 -0.020061502825704815 0.017496354451276931 -0.027444803255076557 -0.010201808106827633 -0.0094440939763869632 -0.0087905391526128668 -0.0036867050504184448 -0.011931713720685159 -0.0091812738678546824 -0.0053637375412909361 0.039363945791062178 0.030689576695246221 -0.014321194536215519 -0.0082901689172412835 0.0062976757058197733 0.006344710389829665 0.0024985604418804762 0.021160275064025357 0.019195210817890329 0.028042043985217938
leaf_weight=15.124612217769025 10.011454755440356 36.729712129570544 20.68376661464572 18.867748557589948 6.6019235393032423 14.521597652696071 82.980703138746321 6.6414003670215624 19.246917431242764 1.7181927561759938 26.315651243552566 7.4503780202940098 12.22573914937675 4.7366480287164441 5.3076585382223112 1.4923490192741136 9.0263633383438009 10.232372261583803 2.8637263029813758 1.9873188380152012 15.808742566034196 4.5177758615463972 3.2626419384032488 2.0696767289191484 6.8240314135327926 3.5330067761242399 12.061393037438391 17.15833923779428 7.4693439919501543 5.0438136486336589
leaf_count=129 132 2817 177 283 60 155 2712 114 563 9 312 122 110 47 113 28 132 146 39 23 150 70 119 52 112 26 327 127 123 139
internal_value=0.00189269 0.000195817 0.00295765 0.00111794 -0.000485672 0.0136385 -0.00312006 0.00297573 -0.00119643 -0.02169 -0.00275332 -0.00531002 -0.00816001 0.0163407 -0.0101015 -0.0125694 -0.00169901 0.00568406 0.0208852 0.0245496 0.0342882 0.00563728 0.00717943 0.02015 -0.0124771 -0.0201658 -0.0148626 0.0133772 0.00798814 0.0194673
internal_weight=392.515 377.39 338.942 318.259 299.391 43.78 255.611 137.993 29.2584 38.4479 99.3678 92.7659 85.3155 38.6253 117.618 104.841 58.9999 36.4171 33.8886 31.0249 17.7961 13.2289 9.7988 6.58745 22.5828 15.7587 95.0421 26.1847 12.777 6.53616
internal_count=9468 9339 6513 6336 6053 850 5203 1642 695 2826 1147 1087 965 495 3561 3325 653 405 448 409 173 236 286 122 248 136 3039 259 236 167
is_linear=0
shrinkage=0.035


Tree=81
num_leaves=31
num_cat=0
split_feature=96 87 83 117 97 116 56 122 50 46 10 75 90 117 65 117 108 71 1 38 70 75 115 72 98 54 83 40 65 2
split_gain=14.2133 14.5668 13.7125 11.0766 13.9093 12.4256 6.90772 6.65631 9.19085 6.32508 5.04413 4.76478 4.75478 7.12242 4.40581 4.38648 5.79799 4.41494 4.55911 4.36467 4.33174 4.6228 4.25026 3.9519 3.79131 3.66519 3.63822 3.42662 3.34257 3.28782
threshold=3.3229166666666674 1.5000000000000002 1384.5000000000002 0.12916666666666668 1.9644910455513627 0.37567204301075274 0.62593283582089565 5.5000000000000009 0.073879142300194947 0.090326340326340335 3.5000000000000004 2.2412698412698417 17613.500000000004 0.43050193050193059 1.5773809523809526 0.39339826839826847 7.5000000000000009 4.9003966044253024 12.500000000000002 12.500000000000002 12.256578947368423 1.9897959183673473 0.35505093378607816 11.500000000000002 0.98684210526315808 0.24404761904761907 1911.5000000000002 43.500000000000007 2.2886904761904767 1.0000000180025095e-35
decision_type=2 8 10 2 2 2 8 2 2 2 2 8 2 2 10 2 10 8 2 2 8 10 2 8 2 8 10 2 8 2
left_child=1 -1 3 4 28 12 7 8 10 27 20 -8 13 -5 -6 -14 19 18 24 -17 21 25 29 -10 -18 -7 -4 -9 -3 -22
right_child=-2 2 26 5 14 6 11 9 23 -11 -12 -13 15 -15 -16 16 17 -19 -20 -21 22 -23 -24 -25 -26 -27 -28 -29 -30 -31
leaf_value=0.0282457939504898 0.025737805204499462 -0.020356539248323875 -0.024283373896723772 0.025328721162122377 0.0044975782468698218 0.024897947710372098 -0.018309968751891476 -0.016960269776288443 -0.014817616023071231 0.018477212943177626 -0.011547146809347607 0.0072461298536379672 -0.023726462422891208 -0.014462056323450023 0.040605594963308782 -0.019420768664109442 -0.0082427573914444253 -0.010298935013973547 -0.0054505817454246477 0.012057222815172883 0.00069867272537755794 -0.012925394390272137 -0.0018096303746709176 0.010069432757234197 0.032176587081834164 -0.005628938047235901 0.0086945978017867655 0.0084784493091297486 0.0051884790160414279 0.031259611931989867
leaf_weight=15.161630124785004 21.694931218400598 6.1860848776996162 33.424372179433703 6.2269204612821323 6.9378565391525653 8.4835185911506414 21.163517145439986 24.892765589058403 16.115173131227497 6.0886327549815169 3.7442343514412633 10.232966233976184 32.062887910753489 6.2858514320105314 15.097087533213196 34.63553255982697 1.4203842123970449 11.537815046496688 7.3515042830258599 2.8293311893939963 5.0374508993700138 7.2209945851936927 5.8980203242972484 8.0913001224398595 8.1384114492684585 5.0901376716792592 2.0969538046047083 4.9735756069421759 10.799226080998777 39.03612410183996
leaf_count=163 191 215 2568 164 122 65 516 243 278 43 121 213 1130 175 122 1001 37 345 201 46 59 87 67 122 183 72 172 37 295 399
internal_value=0.00107991 -0.000707628 -0.00233698 0.000122194 0.0164472 -0.00243232 0.00360416 0.00705389 0.0115967 -0.00531173 0.0174043 -0.0101294 -0.0112686 0.00691763 0.0321712 -0.0138143 -0.00765967 0.00395188 0.0138065 -0.0159038 0.0195971 0.00468911 0.02481 -0.00619912 0.0254023 0.0150167 -0.0215039 -0.0121157 -0.00662879 0.0281937
internal_weight=387.955 366.26 351.099 315.577 39.0203 276.557 166.068 134.672 98.717 35.955 74.5105 31.3965 110.489 12.5128 22.0349 97.9759 65.913 28.4481 16.9103 37.4649 70.7662 20.7947 49.9716 24.2065 9.5588 13.5737 35.5213 29.8663 16.9853 44.0736
internal_count=9452 9261 9098 6358 754 5604 2322 1593 1270 323 870 729 3282 339 244 2943 1813 766 421 1047 749 224 525 400 220 137 2740 280 510 458
is_linear=0
shrinkage=0.035


Tree=82
num_leaves=31
num_cat=0
split_feature=87 81 96 108 54 57 0 110 107 117 66 91 110 82 98 110 98 20 45 70 72 46 118 0 98 75 74 29 96 45
split_gain=14.3622 14.8384 10.0315 7.68732 9.44112 9.84987 7.78577 7.47181 7.10733 12.0317 5.94753 6.55029 5.50763 5.04824 4.99706 4.54927 4.97746 7.66694 6.31812 5.24093 4.46347 8.61804 4.44055 3.89647 3.78774 3.49178 4.97017 5.69749 4.01603 3.4197
threshold=1.5000000000000002 332.60676822318106 3.3229166666666674 94.500000000000014 0.44949494949494956 0.42462121212121218 45.283339120370378 1520.5000000000002 1837.7640941860936 0.43534002229654406 2.2823424245109822 3399.1630781436374 195.25000000000003 8.5000000000000018 1.9614814814814816 88.250000000000014 1.491935483870968 1.5000000000000002 0.094044811320754734 9.5192307692307718 9.5000000000000018 0.05345238095238096 0.89209979209979229 74.98038194444446 0.81934731934731941 1.8768939393939397 11.750000000000002 19.500000000000004 1.4234028683181228 0.17089216944801031
decision_type=8 10 2 10 8 8 2 10 10 2 8 10 10 10 2 10 2 2 2 8 10 2 2 2 2 10 10 2 2 2
left_child=-1 2 3 4 5 8 15 14 12 -10 -8 -12 25 -3 -5 16 18 19 24 -18 21 -11 -23 -13 -7 26 -2 28 -28 -22
right_child=1 13 -4 7 -6 6 10 -9 9 20 11 23 -14 -15 -16 -17 17 -19 -20 -21 29 22 -24 -25 -26 -27 27 -29 -30 -31
leaf_value=0.029842912799311318 -0.018143170211957764 0.011667449606668831 0.024631909914158534 0.03341255067679131 -0.015113579223045698 -0.0045799516315301447 -0.011597898367752164 -0.015006494947710572 -0.019751722908400059 -0.014060774982294482 -0.0043591866107281722 -0.0056459593261448931 0.020479808936148144 -0.02313259901546099 -0.004343459951718978 -0.0039417925902755918 -0.0037969576416481288 -0.0079486298593223672 -0.011205835495057537 0.046582340304795272 0.032126194690142516 0.02659567116167514 -0.0096267531386425974 0.033214791212074463 0.025073497808010214 -0.01762282176903103 -0.0098628785317729315 -0.013675101368991822 0.024535752371491203 -0.0046714398005892714
leaf_weight=16.651431136764586 10.277242682874205 2.8032533489167681 19.194752957671881 15.657084682956343 40.629096586257219 5.1072579734027448 24.849640731699765 3.3384569613263002 12.792601979337631 12.927875429391863 16.562553863041106 2.4152756920084348 2.335779905319213 33.358494817279279 4.0890768673270932 8.5768446214497072 2.0762432403862539 3.0093434331938616 8.6468740841373783 15.048493368551133 12.897242311388252 12.422263119369743 2.6190628688782445 8.983704471960662 17.421228481456637 49.684563309885561 2.4881249796599176 6.7265310483053318 12.063781353645025 2.3428810546174637
leaf_count=170 221 219 169 153 1354 47 595 91 440 306 296 44 18 2621 62 220 34 55 120 192 207 218 33 127 167 908 78 95 142 56
internal_value=0.00213235 0.000509816 0.00290477 0.00122182 -0.000447812 0.00216194 0.00964534 0.0187148 -0.00400488 0.00536318 -0.000304246 0.00996933 -0.0102306 -0.0193453 0.0262961 0.0177668 0.0214234 0.033555 0.0100334 0.0409965 0.0140761 0.00418361 0.0194603 0.0257699 0.0187401 -0.0122497 -0.00253643 0.00701932 0.017636 0.0267127
internal_weight=387.997 371.346 335.184 315.989 292.905 252.275 112.697 23.0846 139.578 56.0019 52.8112 27.9615 83.576 36.1617 19.7462 59.8863 51.3094 20.1341 31.1754 17.1247 43.2093 27.9692 15.0413 11.399 22.5285 81.2402 31.5557 21.2784 14.5519 15.2401
internal_count=9458 9288 6448 6279 5973 4619 1897 306 2722 1260 1062 467 1462 2840 215 835 615 281 334 226 820 557 251 171 214 1444 536 315 220 263
is_linear=0
shrinkage=0.035


Tree=83
num_leaves=31
num_cat=1
split_feature=10 54 119 45 65 14 106 106 32 94 95 27 98 55 93 93 92 1 101 55 93 118 84 116 110 88 70 114 76 133
split_gain=14.4092 13.5815 9.16984 6.63749 7.77762 10.8503 5.95104 7.27944 5.22349 6.94804 4.75573 5.84594 4.53235 4.45916 4.28067 4.08465 3.87054 3.67449 3.58407 4.98205 4.09665 3.92618 3.58097 3.79796 3.66955 3.41234 3.21534 4.02223 3.16259 3.11659
threshold=3.5000000000000004 0.26969696969696971 0.77303240518350214 0.10050505050505053 4.6742424242424248 3.5000000000000004 157.31547619047623 36.81944444444445 4.5000000000000009 47779.250000000007 2336.5000000000005 13.500000000000002 1.5303308823529413 0.95916666666666683 57895.500000000007 79225.500000000015 80608.000000000015 12.500000000000002 0.53589743589743599 0.88516483516483524 78865.500000000015 0.74801587301587313 635.75000000000011 0.78679653679653694 195.25000000000003 1079.5000000000002 9.4772727272727284 0.18808962264150947 0.40458561829460077 0
decision_type=2 8 8 2 8 2 10 10 2 2 2 2 2 10 2 2 2 2 2 10 2 2 8 2 10 10 10 2 8 1
left_child=1 3 6 4 5 8 7 -3 9 -1 -7 13 22 -12 -13 -10 25 -15 20 -20 21 -14 -5 24 -24 -4 -23 28 -28 -11
right_child=-2 2 16 12 -6 10 -8 -9 15 29 11 14 18 17 -16 -17 -18 -19 19 -21 -22 26 23 -25 -26 -27 27 -29 -30 -31
leaf_value=-0.009465855948304791 -0.020827775345652996 0.016355435852940595 -0.013025798376809094 0.015128539155846428 0.029606658492474031 -0.022281227099923511 0.027000994315086478 -0.017544071984714096 0.038341029219195723 -0.00064570856119829556 -0.018437321744435149 -0.0032463207334845388 -0.0076146626853394964 0.022780136513018693 0.02066606271474223 -0.0032477773538942532 0.0092508773754491607 -0.0084694483983634924 -0.0098008051952213297 0.019276631845230527 -0.0059406682029042061 -0.0047918409045659815 -0.017209229656182014 0.0094221818192763342 0.014413586951623779 0.01372160354772569 0.0016482942505300815 -0.0040175751749632269 0.050781558022666991 0.026845122377711864
leaf_weight=12.072391757741569 26.447366562671959 10.136040445417171 93.500010654330254 3.8530474044382563 25.678919521160424 5.8666934557259074 10.608845664188264 10.946305985562502 15.921861007809641 6.4908599406480807 15.527161849662662 12.834444317035375 1.712971039116385 3.8545382907614112 19.211673909798265 2.4989626742899409 8.3389640422537905 5.6485926555469632 17.481689459644262 5.6350736543536177 4.378681017085909 1.4169140895828594 32.309049390256405 6.8036877661943427 1.3094020402058948 2.2596947103738776 2.2645177897065851 1.6699820458888996 6.5351832928136 14.638918421231208
leaf_count=279 1257 141 3211 39 229 51 122 421 182 140 267 162 67 42 243 37 285 49 583 119 110 24 869 45 19 10 48 24 142 282
internal_value=0.00194475 0.00387271 -0.00476442 0.00906168 0.0136162 0.00894392 0.0106088 -0.0012348 0.0200624 0.00937603 -0.000980315 0.00282745 0.00124013 -0.00888922 0.0119436 0.0332102 -0.00971625 0.00768937 0.00906909 -0.000545236 0.01886 0.0262955 -0.00620939 -0.00968476 -0.0142709 -0.011745 0.03199 0.0369078 0.0433161 0.0198926
internal_weight=387.852 361.405 135.79 225.615 140.245 114.566 31.6912 21.0823 51.623 33.2022 62.9431 57.0764 85.3702 25.0303 32.0461 18.4208 104.099 9.50313 41.095 23.1168 17.9782 13.5996 44.2752 40.4221 33.6185 95.7597 11.8866 10.4697 8.7997 21.1298
internal_count=9499 8242 4190 4052 1963 1734 684 562 920 701 814 763 2089 358 405 219 3506 91 1117 702 415 305 972 933 888 3221 238 214 190 422
cat_boundaries=0 1
cat_threshold=1
is_linear=0
shrinkage=0.035


Tree=84
num_leaves=31
num_cat=0
split_feature=10 11 69 117 110 47 94 93 46 114 46 104 77 82 45 47 65 107 94 44 94 93 66 50 71 72 73 108 66 65
split_gain=13.3807 14.77 11.8081 8.14966 10.1452 8.2234 7.94824 6.90155 6.32505 5.52359 5.65631 7.52277 5.27417 5.02449 4.63676 5.35181 4.43609 4.37197 4.33469 4.05698 3.99957 3.9717 3.90494 3.56281 3.56071 3.53711 3.36678 3.49597 3.29562 3.24093
threshold=3.5000000000000004 2.5000000000000004 3.2500000000000004 0.11324786324786326 59.750000000000007 0.094044811320754734 34302.750000000007 35014.000000000007 0.10676291793313071 0.086067019400352746 0.033060109289617494 0.94590643274853814 1.5000000000000002 141.50000000000003 0.15047169811320757 0.040270270270270282 1.5773809523809526 2682.4693851852958 46265.750000000007 0.95833333333333337 41778.250000000007 86045.000000000015 2.5114021650893998 0.073879142300194947 1.9055032466318698 10.500000000000002 8.5000000000000018 352.00000000000006 1.5189263736608203 4.2264957264957275
decision_type=2 2 8 2 10 2 2 2 2 2 2 2 10 10 2 2 10 10 2 2 2 2 8 2 10 10 8 10 8 10
left_child=1 19 3 16 5 6 8 -6 22 10 18 12 -12 24 15 28 -3 -9 -8 21 -13 26 -5 -7 -11 -14 -1 -28 -4 -26
right_child=-2 2 14 4 7 23 9 17 -10 13 11 20 25 -15 -16 -17 -18 -19 -20 -21 -22 -23 -24 -25 29 -27 27 -29 -30 -31
leaf_value=0.0066637568159047395 -0.020494684597216806 -0.0052578574704288082 -0.0024060185867819553 -0.025665658011654255 0.0093451209188198953 0.026857280246901399 0.019459438365890105 -0.023295992369819784 0.011873965182508391 0.0078414686972482304 0.041097171059381619 0.020028122305205853 -0.011782204246314331 0.019281330758717536 -0.0002824666777347508 0.00078104392848881408 0.030129647275800666 0.0020277851118855432 -0.0079979843858171262 0.010793877064686009 -0.01210928429427406 0.013469504436163498 -0.000275318632571016 -0.0041157019843482915 -0.017700124233466352 0.019235611677962686 -0.023057234733727668 0.006056744647808995 0.030111285752744927 0.010585951594883495
leaf_weight=4.0169152487069359 25.85766445286572 3.9423331161960986 3.3875991227105251 19.777247761376206 11.432561060413716 20.148356723599139 4.858973101712766 33.138183793984354 7.6274435874074689 9.1533270729705674 14.543254056014121 2.1183168869465581 4.3809021171182394 5.2296283803880206 12.839791052043436 11.43482891935855 13.49653090815991 9.7244576113298518 19.66393462754786 4.7565579628571859 9.3407587790861708 1.9297749688848842 10.748460059985517 4.0786985838785759 25.05226473603398 3.9690169133245945 40.913729954510927 3.6284154672175637 41.667289945296943 2.5091652143746606
leaf_count=148 1272 84 45 396 413 235 67 1418 115 160 214 29 65 95 290 160 122 382 365 147 152 50 129 75 475 65 1810 77 424 22
internal_value=0.00166556 0.0035187 0.00656477 0.00265663 0.000571423 0.00494759 0.00134839 -0.0118904 -0.0113624 0.00646813 0.0129732 0.0211952 0.0310172 -0.00307201 0.0187386 0.0227334 0.0227407 -0.017939 -0.000183305 -0.01241 -0.00188892 -0.0153717 -0.0180224 0.0218308 -0.00818546 0.00464398 -0.0176683 -0.0203137 0.0276703 -0.0138949
internal_weight=385.366 359.509 304.263 234.934 217.495 163.2 138.973 54.2952 38.1532 100.82 58.8752 34.3522 22.8932 41.9444 69.3295 56.4897 17.4389 42.8626 24.5229 55.2454 11.4591 50.4888 30.5257 24.2271 36.7148 8.34992 48.5591 44.5421 45.0549 27.5614
internal_count=9501 8229 5997 5078 4872 2659 2349 2213 640 1709 957 525 344 752 919 629 206 1800 432 2232 181 2085 525 310 657 130 2035 1887 469 497
is_linear=0
shrinkage=0.035


Tree=85
num_leaves=31
num_cat=0
split_feature=0 110 94 50 55 69 42 55 98 68 70 97 118 9 73 13 50 60 87 29 94 99 117 0 1 45 68 30 88 26
split_gain=12.5175 9.28177 8.51424 6.60107 7.19868 6.49188 6.13062 6.10283 5.36177 5.31975 4.99103 4.17573 5.3276 4.11254 3.96802 3.78801 5.20146 3.37883 3.36165 3.34765 3.28587 3.47504 3.22738 3.16247 3.45323 3.07654 4.34203 3.10244 2.77053 2.67747
threshold=3.2949363425925928 36.250000000000007 71055.000000000015 0.027212143650499818 0.56736587333602262 2.7500000000000004 1.5000000000000002 0.88516483516483524 0.72804314329738073 14.500000000000002 18.828571428571433 4.9253221481639793 0.82167318982387483 2.5000000000000004 18.500000000000004 4.5000000000000009 0.070692347735554412 0.88203668564199889 1.0000000180025095e-35 10.500000000000002 45026.500000000007 0.63245614035087727 0.76500600240096051 141.24585069444447 7.5000000000000009 0.067231638418079109 6.5000000000000009 7.5000000000000009 1079.5000000000002 22.500000000000004
decision_type=2 8 2 2 8 10 10 10 2 8 10 2 2 2 10 2 2 2 8 2 2 2 2 2 2 2 8 2 10 2
left_child=3 7 5 4 -1 10 -6 9 -9 11 28 12 -2 -10 22 16 -16 -14 -5 -15 -20 29 25 24 -7 26 -4 -27 -3 -22
right_child=1 2 14 18 6 23 -8 8 13 -11 -12 -13 17 19 15 -17 -18 -19 20 -21 21 -23 -24 -25 -26 27 -28 -29 -30 -31
leaf_value=-0.0082147164631143372 -0.014687552327064174 -0.021789906992032985 -0.0089254571928105708 0.021620598273510691 0.002214395860609281 0.010422857164540347 0.026283178553627155 -0.01254188493307478 -0.0082054295601511878 0.016996644719704881 0.012373468035331705 -0.013135995576731967 -0.0081397399419353509 0.028311541014553448 0.041884857886341997 -0.0048832932573900749 -0.0057686824964597594 0.022321360056936922 0.0076111798308506305 0.0036479224339332874 0.012703409323707268 -0.017564176253792238 0.017959180767155716 0.017848676969626179 -0.014746855222367392 -0.021092507924642002 0.022920570350656987 0.011915191345728115 0.0062539082745785039 -0.013710315696281648
leaf_weight=9.9668562365695816 6.6577002755366292 72.597554373554885 8.5618744501844084 2.7628427296876898 18.382769970223308 6.5423707785084906 48.695407793857157 4.5788515927270046 3.8239291729405513 9.6209635972045344 2.8668290558271101 36.036094431299716 3.1729747215285888 23.484022552613169 4.1434828294441086 4.1829511518590152 2.4940172294154763 11.617731140460817 17.604756738524884 10.993372815195469 8.8082162514328974 18.095081395469606 2.7170105325058094 5.1686275373212984 12.01767909619957 13.171290651895102 3.7706579240039 0.91851594019681293 2.4969250261783591 2.3940958129242054
leaf_count=201 177 3246 326 23 351 170 522 59 135 117 81 695 81 243 125 159 96 274 359 109 134 425 53 110 353 588 108 47 13 38
internal_value=0.00148221 -0.00304008 -0.00883096 0.0102376 0.0163339 -0.0140198 0.0202983 0.00447766 0.0140398 -0.00218238 -0.0186426 -0.00649551 0.00503552 0.0182989 0.00446434 0.0186404 0.0291938 0.0153812 0.000151397 0.0219054 -0.00307427 -0.00966867 -0.00275881 0.00176979 -0.00554552 -0.00740796 0.00461459 -0.0163835 -0.0205252 0.00456947
internal_weight=378.345 251.635 141.65 126.71 77.045 101.69 67.0782 109.986 42.8802 67.1055 77.9613 57.4845 21.4484 38.3013 39.9598 10.8205 6.6375 14.7907 49.665 34.4774 46.9022 29.2974 29.1393 23.7287 18.56 26.4223 12.3325 14.0898 75.0945 11.2023
internal_count=9418 7365 5475 2053 1074 3973 873 1890 546 1344 3340 1227 532 487 1502 380 221 355 979 352 956 597 1122 633 523 1069 434 635 3259 172
is_linear=0
shrinkage=0.035


Tree=86
num_leaves=31
num_cat=0
split_feature=65 87 83 117 66 117 32 65 27 74 90 55 98 56 46 94 66 44 107 101 83 38 108 55 43 118 29 0 82 109
split_gain=10.4772 9.83407 11.2187 9.13163 9.6044 8.54404 7.48001 7.88204 6.71361 5.15423 6.05742 5.03062 5.10199 4.85027 4.9506 4.76726 4.65674 4.62449 4.5711 4.50765 4.29881 4.29582 4.14687 4.01408 3.98764 3.85325 3.83557 3.81227 4.1897 3.57143
threshold=5.2613636363636376 1.5000000000000002 1384.5000000000002 0.12916666666666668 0.76526280762996912 0.69113355780022456 4.5000000000000009 2.3964285714285718 2.5000000000000004 17.250000000000004 14201.355769230771 0.95119047619047625 1.1017241379310347 0.36474501108647456 0.076436222005842283 27420.750000000004 1.5127066004855074 0.56594202898550738 1797.8972565093279 0.22902097902097904 1911.5000000000002 15.500000000000002 11.500000000000002 0.74813432835820903 0.23562458691341706 0.75235849056603787 2.5000000000000004 0.82528356481481502 1.0000000180025095e-35 8410.5000000000018
decision_type=10 8 10 2 10 2 2 10 2 10 2 10 2 10 2 2 8 2 10 2 10 2 10 10 2 2 2 2 8 10
left_child=1 15 3 4 17 9 8 19 11 10 26 -7 -13 14 -12 -1 -10 -3 -16 -8 -4 22 -18 -9 -2 -11 -5 -15 -29 -20
right_child=24 2 20 5 -6 6 7 23 16 25 13 12 -14 27 18 -17 21 -19 29 -21 -22 -23 -24 -25 -26 -27 -28 28 -30 -31
leaf_value=-0.0060856293041150946 -0.0062146667318790615 -0.0093323073906000278 -0.021806540129997404 0.026601995364109839 0.034737026557253803 -0.018654548109789029 0.038282524929569371 -0.013101888763418125 -0.010185321360639481 0.026649375266200998 -0.010626361855564584 -0.010943482566787606 0.021792452837188128 0.0023135340182742813 -0.0097673460979137948 0.032915230261675921 0.019248676353728129 0.017135744674805744 0.030949746319495337 0.0037890270622517245 0.011555531663600259 -0.0071849015572029371 -0.0087982333106473663 0.012664872540586951 0.028285293611194945 -0.0041623946655279893 -0.0078743931491233321 0.012164171029164283 -0.024152693591994449 -0.0065221121061110367
leaf_weight=3.2057243082672349 3.0200572768226293 15.345166471786799 30.83191987266764 4.344440736807881 14.761829644441603 25.987203701399267 14.098794760182502 9.6579450592398661 11.914692701771854 4.2899145139381281 29.632843994535506 7.8976920945569855 5.9834448797628284 8.1152310101315361 4.9288003249093881 11.529656372033058 37.86824397277087 8.4540012488141638 6.8132455116137844 7.7146301697939625 2.2921904027461997 9.7135748174041492 4.6191329611465326 9.9709106869995576 19.672700255177915 8.2673456445336324 3.7689251685515046 1.265908259898423 46.767835703678429 2.1990360543131828
leaf_count=33 58 467 2542 120 111 475 104 150 134 97 806 152 70 198 128 128 316 167 132 96 174 75 50 71 214 228 127 6 1923 52
internal_value=0.00266772 0.00102318 -0.000375523 0.0018375 0.0166926 -0.000585842 0.00504946 0.0167279 -0.000158861 -0.00732277 -0.00984236 -0.0106944 0.00520152 -0.0123192 -0.00301263 0.0250383 0.00669209 0.00141244 0.011704 0.0290648 -0.0182851 0.0110979 0.0155942 -9.91556e-05 0.0234008 0.0109554 0.0136907 -0.0187047 -0.022139 0.0227418
internal_weight=374.933 352.24 337.505 304.381 38.561 265.82 145.426 41.4423 103.984 120.394 107.836 39.8683 13.8811 99.7229 43.5739 14.7354 64.1156 23.7992 13.9411 21.8134 33.1241 52.201 42.4874 19.6289 22.6928 12.5573 8.11337 56.149 48.0337 9.01228
internal_count=9404 9132 8971 6255 745 5510 1693 421 1272 3817 3492 697 222 3245 1118 161 575 634 312 200 2716 441 366 221 272 325 247 2127 1929 184
is_linear=0
shrinkage=0.035


Tree=87
num_leaves=31
num_cat=0
split_feature=96 88 83 49 118 110 110 98 98 10 110 61 72 73 66 117 122 59 26 71 87 107 91 98 75 75 93 123 21 54
split_gain=12.5404 10.268 12.8146 8.32938 7.34918 11.8171 6.88568 6.05503 6.02104 6.20635 5.27602 5.04475 4.26826 3.92771 3.92714 3.67159 3.6674 8.52579 3.94273 4.29507 3.76245 3.63279 3.4857 3.37581 3.15379 3.7249 5.57241 3.13259 4.31168 2.97238
threshold=3.3229166666666674 1079.5000000000002 1354.5000000000002 0.057983193277310933 0.48333333333333339 1234.0000000000002 37.250000000000007 1.3585714285714288 1.0571895424836604 2.5000000000000004 18.250000000000004 0.96638418079096056 15.500000000000002 21.500000000000004 4.0922271842640443 0.76705426356589157 3.5000000000000004 0.6906926406926408 16.500000000000004 4.3119023082692367 1.0000000180025095e-35 1626.4133617029136 5451.380805077345 0.93541666666666679 1.3682588597842835 1.9076704545454548 79912.000000000015 1.0000000180025095e-35 1.5000000000000002 0.21240601503759401
decision_type=2 10 10 2 2 8 10 2 2 2 10 2 10 10 8 2 2 2 2 10 8 8 10 2 8 10 2 2 2 10
left_child=1 2 3 4 5 -1 8 -5 14 10 -10 13 16 -11 22 -4 20 -18 19 23 -8 -17 -6 -19 -12 -26 -27 28 -14 -13
right_child=-2 -3 15 7 6 -7 12 -9 9 11 24 29 27 -15 -16 21 17 18 -20 -21 -22 -23 -24 -25 25 26 -28 -29 -30 -31
leaf_value=0.032010978096636909 0.025710330827424663 0.026968109618268628 -0.025756905076359925 -0.0066546129174694926 -0.017815076756975114 -0.012456870325237348 0.013769784944341163 0.029831096014087202 -0.0035961929443953438 -0.023008919654647107 -0.0063145203096419559 0.015954246862981254 -0.010712849374285819 0.0085679574069690671 0.0076849183107229047 -0.014237354315056268 -0.017399437414789685 -0.0021713600242708507 -0.0045835393426408673 -0.008803895307709364 -0.014973803410569099 0.016903456502357379 0.0057039401489777618 0.041047315266216446 0.0338391684439482 0.018564224919359353 -0.013235718485975493 -0.010629170856815908 0.027645305305819691 -0.0095389190963477803
leaf_weight=14.202488798648121 18.831989830359817 10.944142505526541 26.860565370880067 5.658387201838198 26.857864967547357 8.3799215620383602 2.1516624093055716 14.094592464156447 13.420340538024901 12.563944726251068 3.0409786868840447 12.256255234591665 2.0807324228808266 3.6702759582549325 12.728075730614362 4.985442443750796 12.687888719141485 2.168533659540115 6.1998384520411483 1.5856583081185807 88.498975140042603 3.4914621664211163 7.5281134434044352 6.0081125730648637 16.345946934074163 17.92800824157894 5.4555506324395528 3.3010067967697969 6.4464179165661335 4.3540376108139744
leaf_count=125 183 58 2441 94 271 315 11 208 107 273 29 199 77 62 187 257 326 50 225 51 2857 181 56 106 141 186 57 94 125 73
internal_value=0.00113007 -0.000508763 -0.00175337 0.000653713 -0.000993751 0.0162429 -0.00272162 0.0201465 0.00275563 0.00796304 0.0145866 -0.00379864 -0.0083009 -0.0155335 -0.00690508 -0.0203102 -0.0103165 0.000571005 0.0155983 0.0256267 -0.0136074 0.000101565 -0.0125956 0.0331107 0.0200711 0.0225709 0.0101204 0.0090534 0.0177853 0.00861086
internal_weight=374.727 355.895 344.951 309.614 289.861 22.5824 267.278 19.753 136.149 89.0353 56.1908 32.8445 131.129 16.2342 47.1141 35.3375 119.301 28.65 15.9621 9.7623 90.6506 8.4769 34.386 8.17665 42.7705 39.7295 23.3836 11.8282 8.52715 16.6103
internal_count=9425 9242 9184 6305 6003 440 5563 302 1641 1127 520 607 3922 335 514 2879 3626 758 432 207 2868 438 327 156 413 384 243 296 202 272
is_linear=0
shrinkage=0.035


Tree=88
num_leaves=31
num_cat=0
split_feature=87 83 11 117 116 63 23 54 106 65 110 94 100 41 98 16 54 76 55 21 71 76 108 110 107 115 118 58 98 108
split_gain=11.2238 14.1073 7.64394 11.743 11.2107 12.5592 6.04058 5.36057 6.43285 4.86807 4.65858 4.61187 4.42552 4.28318 4.02178 3.90797 5.04404 6.01826 4.82109 4.81845 4.26887 4.09858 3.79404 4.24239 3.51018 3.02174 3.00182 2.96245 2.89625 4.11332
threshold=1.0000000180025095e-35 1341.5000000000002 2.5000000000000004 0.12916666666666668 0.90521114106019784 0.72456896551724148 1.5000000000000002 0.098780487804878067 658.10000000000014 1.5147058823529413 58.250000000000007 27420.750000000004 0.077935222672064791 19.500000000000004 1.5270467836257311 17.500000000000004 0.16954022988505749 0.37850674739933959 0.56048780487804895 7.5000000000000009 1.6372347310774018 0.85692088214510986 56.500000000000007 1098.5000000000002 1187.0618664435249 0.23483455882352944 0.77638888888888902 0.39602987421383656 0.89039039039039047 18.500000000000004
decision_type=8 10 2 2 2 2 2 8 10 8 8 2 2 10 2 2 8 8 10 2 10 10 10 10 8 2 2 2 2 10
left_child=11 2 22 9 5 7 28 8 12 -4 13 -1 -5 -10 -8 16 17 -9 -19 -20 -17 -18 -2 26 -21 -16 -24 -3 -7 -30
right_child=1 27 3 4 -6 6 14 15 10 -11 -12 -13 -14 -15 25 20 21 18 19 24 -22 -23 23 -25 -26 -27 -28 -29 29 -31
leaf_value=-0.0043431730399692932 -0.015908231769066809 0.0097593533341469359 -0.0044825562549950888 0.013163813974189859 0.02487242604753406 -4.9493428572036084e-05 -0.011921195435372869 -0.01400784694016737 0.041443746713039659 0.033337885295056456 -0.0091942588530057722 0.035238331661420694 -0.013748190470749818 -0.0050941496115974776 0.02155165279405653 0.0098241223039569701 -0.011035091525476052 -0.0058248370248277764 0.035703410539619548 -0.013373434424739513 -0.02187583374954425 0.0077999190730303793 0.026160494986279596 -0.015896499379696002 0.014385722981133142 -0.0094119736563212757 -0.0039577914819726142 -0.021460696434517451 0.034713543653527947 -0.0041638809182179548
leaf_weight=3.3355521438643327 31.719222034327686 1.2870550886727858 3.7756596058607128 7.7460902007296744 19.901300456374884 4.6428202390670803 10.510053837671878 9.2544925250112993 6.8895956045016611 17.669151546433568 1.7152232993394143 11.344640541821716 13.511443761177359 1.7860449450090525 7.46948653180152 3.2924352791160372 78.106807082891464 9.4759116377681512 8.5360804917290825 4.3578174868598554 24.850936429575086 13.327653052285312 4.9966108193621022 3.8429251424968234 9.4480167143046856 2.2476730467751622 4.8975577522069216 34.080635976046324 18.530668918974701 2.7249814085662356
leaf_count=27 1242 76 67 90 182 78 218 122 102 142 75 99 251 52 162 43 1630 212 125 35 552 245 76 127 83 45 165 2760 245 72
internal_value=0.00168735 0.000278722 0.00266253 0.00485165 0.00252615 0.000188334 0.0156441 -0.00382147 0.00845131 0.0270905 0.0257581 0.0274263 -0.00330235 0.0335034 0.000619361 -0.00642134 -0.00357908 0.00612057 0.0130823 0.0207002 -0.0172447 -0.0080276 -0.00995645 0.00436419 0.00439752 0.0136251 0.0149282 -0.0192565 0.0253796 0.0298856
internal_weight=375.275 360.594 325.227 279.77 258.326 238.424 46.1257 192.299 31.6484 21.4448 10.3909 14.6802 21.2575 8.67564 20.2272 160.65 132.507 41.0723 31.8178 22.3419 28.1434 91.4345 45.4563 13.7371 13.8058 9.71716 9.89417 35.3677 25.8985 21.2557
internal_count=9400 9274 6438 4828 4619 4437 820 3617 570 209 229 126 341 154 425 3047 2452 577 455 243 595 1875 1610 368 118 207 241 2836 395 317
is_linear=0
shrinkage=0.035


Tree=89
num_leaves=31
num_cat=0
split_feature=88 83 11 116 118 47 66 50 47 98 45 86 1 78 49 108 110 60 108 54 120 60 109 55 57 43 63 128 50 16
split_gain=12.0266 15.0849 9.81479 9.51379 11.7273 8.66928 7.57974 6.51907 5.23645 5.08731 6.18066 6.19448 4.96364 4.79325 4.36303 3.58463 3.88856 3.33624 3.3988 4.45515 4.43852 4.73609 3.32499 3.31059 3.0255 5.0755 4.11498 3.92175 2.96837 3.77167
threshold=1079.5000000000002 1537.5000000000002 2.5000000000000004 0.90521114106019784 0.67156862745098056 0.099019607843137278 1.4010953360514657 0.070692347735554412 0.10948202054794522 1.037749287749288 0.067231638418079109 287.39754870672448 14.500000000000002 2.5000000000000004 0.096006144393241177 56.500000000000007 1098.5000000000002 0.76696832579185525 23.500000000000004 0.11483516483516486 1.0000000180025095e-35 0.94038734896943865 281.50000000000006 0.43405797101449278 0.42462121212121218 0.34815546772068517 0.47213622291021679 0.4393382352941177 0.079595736122284808 12.500000000000002
decision_type=10 10 2 2 2 2 10 2 2 2 2 8 2 8 2 10 10 2 10 10 2 2 10 10 8 2 2 2 2 2
left_child=1 2 15 4 7 9 12 8 -4 24 28 -12 13 -7 17 -1 22 -13 19 20 21 23 -17 -19 27 -26 -27 -6 29 -11
right_child=-2 -3 3 -5 5 6 -8 -9 -10 10 11 14 -14 -15 -16 16 -18 18 -20 -21 -22 -23 -24 -25 25 26 -28 -29 -30 -31
leaf_value=-0.016803314902236997 0.031439546250180139 -0.022129829414214122 0.033200076480595905 0.025921262694550175 -0.023768514539475233 0.046880809060265378 -0.0056322070941679184 -0.0033632884947441682 -0.0090712581538055 0.026730525905341033 0.018829498601084179 0.01454535126840573 0.0001653996194084502 0.0028440046898010711 0.022497251639849298 -0.0064955064786636181 -0.01619667766535338 -0.0063941088913228297 0.01180047058609197 -0.016701134868706297 -0.013467549990288289 -0.011078939869089669 0.023751610568681941 0.028939580399412013 -0.013072589030346396 -0.010935657568438761 0.021100489313365799 0.0076833647679608241 -0.0017180857812321522 0.0018398233568517055
leaf_weight=33.491339930333197 11.105595853179691 27.851113387849182 22.928295451216403 19.976248128339648 21.809983691200618 8.5959285320714152 11.192232508212326 9.0425738468766195 1.9872292540967453 15.176756831817331 8.3908367836847884 3.0759668070822945 6.3403966259211293 4.7723354771733293 1.25774043239653 4.5897928606718761 4.0014443378895512 2.2489410722628262 4.3501102188602081 56.5184136191383 10.63406605273485 4.5396817373111835 6.021416038274765 8.1361819664016348 19.381353124976158 3.7031191978603593 9.3356208680197579 3.4264473728835574 13.380921636708079 13.084778303280471
leaf_count=1367 62 2581 345 191 368 103 203 233 45 161 65 71 103 67 23 170 145 89 117 1348 284 121 101 127 304 54 84 29 287 164
internal_value=0.00184934 0.000515573 0.00271941 0.00523047 0.00320695 0.0001871 0.0160402 0.0209612 0.0288759 -0.00261494 0.00104182 -0.00373624 0.0269969 0.0362136 -0.00669665 -0.0111685 0.00273764 -0.00827548 -0.00983872 -0.0115973 0.000574725 0.0114488 0.0127784 0.0216966 -0.0109151 -0.00297736 0.0114927 -0.0189338 0.0115995 0.0172153
internal_weight=370.347 359.241 331.39 283.286 263.31 229.352 30.9009 33.9581 24.9155 198.451 140.794 99.1519 19.7087 13.3683 90.7611 48.104 14.6127 89.5034 86.4274 82.0773 25.5589 14.9248 10.6112 10.3851 57.6565 32.4201 13.0387 25.2364 41.6425 28.2615
internal_count=9412 9350 6769 4986 4795 4172 476 623 390 3696 2857 2245 273 170 2180 1783 416 2157 2086 1969 621 337 271 216 839 442 138 397 612 325
is_linear=0
shrinkage=0.035


Tree=90
num_leaves=31
num_cat=0
split_feature=81 88 11 119 109 32 91 50 16 110 68 38 32 0 92 91 117 98 4 107 92 65 10 0 118 118 10 90 13 129
split_gain=11.3324 10.3132 9.92329 12.9516 9.87802 8.11082 6.01703 8.17442 5.66743 7.36741 5.49262 5.17107 4.74402 5.36553 4.52682 4.37523 4.29114 4.06132 4.84945 4.23349 4.01071 3.94365 3.7555 3.85433 4.08801 3.40617 3.77314 3.27265 3.19199 5.12992
threshold=452.50265221412877 1076.5000000000002 14.500000000000002 0.78582996308391106 255.50000000000003 4.5000000000000009 3736.6899829017552 0.10050505050505053 13.500000000000002 86.250000000000014 5.5000000000000009 2.5000000000000004 10.500000000000002 5.8279629629629639 41712.500000000007 70.860516809325944 0.49104573073233138 0.76986128625472905 6.5000000000000009 1780.7868310646534 68338.500000000015 1.6417112299465242 1.5000000000000002 106.21807291666669 0.77859477124183019 0.90743574051407594 1.5000000000000002 18144.124197689347 8.5000000000000018 29.500000000000004
decision_type=10 10 2 8 10 2 8 2 2 8 8 2 2 2 2 10 2 2 2 10 2 10 2 2 2 2 2 2 2 2
left_child=1 2 3 4 5 15 11 8 9 17 -11 12 22 -14 16 -1 -10 -8 19 -19 -2 -6 23 24 -5 26 -18 -26 29 -4
right_child=20 -3 28 6 21 -7 7 -9 14 10 -12 -13 13 -15 -16 -17 25 18 -20 -21 -22 -23 -24 -25 27 -27 -28 -29 -30 -31
leaf_value=0.0086809673608949315 -0.026155217737214815 0.029392677721205279 0.031855502568921189 0.0080484733874844859 0.0024180168268007531 0.023834427247749198 -0.0083351188879379687 -0.015605409503160677 -0.013218106234096558 -0.016501905525522578 0.014576579109799207 0.0094574007628518159 0.020693826146147773 -0.0098855616678351806 -0.013932815702267988 -0.017905911870754531 -0.0066769380364710114 -0.0033156124709446504 -0.0051371826127462189 0.032936080823439517 0.0036697555988234481 0.042928214457750476 -0.019407836128588318 0.01132052319880416 0.0071428126159348744 -0.0072122342091125134 0.029590526800229739 -0.022219574922524563 0.0044478413093193125 -0.0074643299978942633
leaf_weight=8.5004624268040079 17.993925735820088 12.700548965483902 17.361101459711794 7.498404553160074 4.3873950615525237 9.6769815310835821 2.8045418085530391 20.88331984449178 5.0388438664376762 11.648378431797029 7.1895215623080722 13.256114878691731 7.5333243515342501 11.389543988741933 19.342617889866233 14.628851940855382 2.5383042497560409 3.5214649569243219 4.4179116776213041 26.809815341606736 5.7964400020427993 10.783142114058135 58.520049714483321 9.0955369397997838 3.2564191576093462 3.8840359188616267 9.6545162415131909 18.662401686422527 16.726259520277381 2.9460134506225577
leaf_count=128 2043 77 185 187 56 120 33 668 186 408 198 221 78 224 432 336 34 55 58 404 582 83 1408 235 60 47 178 423 284 19
internal_value=0.00162511 0.00334238 0.00192434 -0.000337523 0.0153989 0.00305616 -0.00363974 0.00205656 0.00644406 0.013177 -0.00407118 -0.00871325 -0.0110956 0.00406902 -0.00335752 -0.00832852 0.00714259 0.0212908 0.0244296 0.0288537 -0.0195132 0.034716 -0.0141074 -0.00474878 -0.0106401 0.0151459 0.0222943 -0.0173408 0.0178346 0.0258035
internal_weight=368.446 344.656 331.955 294.922 47.9768 32.8063 246.945 117.733 96.85 56.3916 18.8379 129.212 115.956 18.9229 40.4583 23.1293 21.1157 37.5537 34.7492 30.3313 23.7904 15.1705 97.0328 38.5128 29.4172 16.0769 12.1928 21.9188 37.0334 20.3071
internal_count=9450 6825 6748 6260 723 584 5537 2701 2033 1156 606 2836 2615 302 877 464 445 550 517 459 2625 139 2313 905 670 259 212 483 488 204
is_linear=0
shrinkage=0.035


Tree=91
num_leaves=31
num_cat=0
split_feature=83 27 47 65 50 117 66 116 117 58 94 88 65 90 47 49 85 29 119 69 114 114 90 13 49 38 86 119 41 44
split_gain=10.8183 8.24 9.4684 8.64699 8.46242 7.41579 7.12677 6.82022 6.28873 6.23896 5.8191 4.90762 4.6988 4.43445 4.32192 4.39585 4.07376 3.79564 3.78472 4.47479 4.90339 5.163 4.0234 4.58995 3.6039 3.34969 3.34564 3.34466 3.23113 3.03994
threshold=1537.5000000000002 3.5000000000000004 0.059411764705882358 2.6733333333333338 0.079595736122284808 0.21498599439775914 1.9500635676244293 0.37567204301075274 0.5545634920634922 0.46998799519807927 80648.250000000015 1079.5000000000002 1.5773809523809526 71551.49621212123 0.052289815447710192 0.025320512820512824 504.40969899665555 5.5000000000000009 0.61061243460626269 2.7500000000000004 0.068404634581105184 0.15339366515837108 78553.572981366466 2.5000000000000004 0.088932806324110686 3.5000000000000004 325.72970121050292 2.3430886675178768 12.500000000000002 0.35653753026634388
decision_type=10 2 2 10 2 2 8 2 2 2 2 10 10 2 2 2 10 2 8 10 2 2 2 2 2 2 8 10 10 2
left_child=1 2 18 4 8 12 10 16 -4 -9 17 -2 -3 -10 15 -11 25 -7 -1 22 27 -22 24 -24 28 -8 -19 29 -20 -21
right_child=11 5 3 -5 -6 6 7 9 13 14 -12 -13 -14 -15 -16 -17 -18 26 19 20 21 -23 23 -25 -26 -27 -28 -29 -30 -31
leaf_value=0.009043399920227008 -0.02144756785857696 -0.00084116187157659041 -0.0014011063710800337 -0.0088127692602169641 -0.011121054515586733 -0.017461405715760239 -0.021815792435942141 -0.0095875000331926575 0.040332685380356073 0.027398888981564336 0.020810656346544755 0.015348613109024842 0.034596288047727589 0.00099952068267688361 -0.0029335773579433526 -0.0051166193416326243 0.01529831388928999 0.017272151940108289 -0.019250171810496521 -0.012250218670305747 0.026523880333719243 -0.0070618113141029957 0.017349935260504677 -0.014310258584877469 0.010794183920868611 0.0066108900807329363 -0.0068511921749758167 -0.019796092666638562 0.0020182416516001957 0.015213726181030091
leaf_weight=14.123541355133055 26.242745212744925 5.6025836216285851 7.2914147656410959 15.836934722028671 6.2074670717120162 22.795544984284788 10.131486809346827 6.4757592231035224 18.264961525797847 44.424850473180413 4.7812576582655302 1.539853200316428 15.508140678517519 4.4399664709344497 6.9885264551267019 4.0874845907092086 4.0857648947276166 5.8287751292809871 63.43673402024433 3.8256042608991283 9.4970378763973695 6.3574554510414591 8.0461068786680681 5.0890358276665202 3.0111125446856013 4.8135103657841674 15.340479008853434 9.1892025955021364 9.0071943430230004 6.7525696316733956
leaf_count=252 2604 89 242 307 186 435 222 46 181 404 76 9 139 71 81 38 65 50 2187 125 140 102 290 136 58 81 303 141 278 112
internal_value=0.00187598 0.00367191 -0.00118424 0.0109094 0.0195592 0.00964131 0.00595271 0.0120485 0.02659 0.0173567 -0.00435595 -0.0173782 0.0268314 0.0342096 0.0210331 0.0244371 -0.00525295 -0.00893845 -0.00595563 -0.00794505 0.00231667 0.0145922 -0.0119746 0.00452009 -0.0149484 -0.013298 0.00182197 -0.00848721 -0.0166462 0.00453742
internal_weight=369.023 341.241 190.376 52.0407 36.2038 150.864 129.753 81.0074 29.9963 61.9766 48.7461 27.7826 21.1107 22.7049 55.5009 48.5123 19.0308 43.9648 138.336 124.212 35.6219 15.8545 88.5902 13.1351 75.455 14.945 21.1693 19.7674 72.4439 10.5782
internal_count=9450 6837 4808 987 680 2029 1801 937 494 569 864 2613 228 252 523 442 368 788 3821 3569 620 242 2949 426 2523 303 353 378 2465 237
is_linear=0
shrinkage=0.035


Tree=92
num_leaves=31
num_cat=0
split_feature=81 54 20 76 10 11 30 117 110 65 95 86 32 16 99 44 107 92 84 57 74 110 49 118 75 28 47 116 26 100
split_gain=10.5144 8.82068 7.67008 7.33959 6.22213 5.852 5.59455 5.50428 7.33722 6.08144 5.63583 5.5816 4.98265 5.64858 5.26223 5.00707 5.58017 4.30442 4.25553 4.08035 3.73828 3.6445 3.61148 3.6618 4.67061 3.5265 4.00747 3.86602 3.1242 3.00076
threshold=434.32254476783305 0.17752100840336138 2.5000000000000004 0.40458561829460077 3.5000000000000004 14.500000000000002 11.500000000000002 0.17028985507246377 1234.0000000000002 1.6794871794871797 350.50000000000006 211.94075091250801 8.5000000000000018 7.5000000000000009 0.68990384615384626 0.37406716417910452 704.03949768568657 67753.500000000015 502.50000000000006 0.41042780748663105 12.750000000000002 50.750000000000007 0.13809523809523813 0.68237250554323736 2.7434210526315792 4.5000000000000009 0.19756097560975613 0.8426212590299279 36.500000000000007 0.11324786324786326
decision_type=10 8 2 8 2 2 2 2 8 8 2 8 2 2 2 2 8 2 8 10 10 10 2 2 10 2 2 2 2 2
left_child=1 2 3 19 6 -4 28 8 9 -3 -11 -9 14 -14 15 16 -13 -2 -16 -1 -8 -19 23 24 -20 26 27 -25 -5 -18
right_child=17 7 5 4 -6 -7 20 11 -10 10 -12 12 13 -15 18 -17 29 21 22 -21 -22 -23 -24 25 -26 -27 -28 -29 -30 -31
leaf_value=-0.012463281886091455 -0.02457229817661177 -0.0062053131674914335 -0.016418636756907128 0.02880933471860123 -0.006432563684445898 0.011179191178006259 -0.017937826660249873 0.016100595461388204 -0.012259849177032902 -0.0087250980780381304 0.031768111471363082 -0.010550491216819485 0.020257022682594626 -0.0064163333434384563 0.01325258151139936 -0.0089205216623648911 0.030807557880165076 0.019862488493609262 -0.0097558193584893985 0.01039732497431013 0.01356741344495401 -0.013498665572351319 0.013746171633007894 -0.0269043995641274 0.026125945001552332 0.0074384000199623846 0.0082365999383133479 0.0042192289855920726 0.0016152986930608668 -0.00036401029761716546
leaf_weight=12.741117316298189 17.834047903772447 7.3811633540317443 15.912904384545984 59.324529263190925 7.5835180860012761 12.488715309649704 3.9559875074774009 11.928643942810593 9.1205466026440245 2.8373824656009701 20.052202937193215 5.7452769605442908 13.577674183063211 16.678586869500577 3.0912065012380472 22.79842565767467 9.0471953563392145 3.2589383944869033 10.573891183361409 15.75300475116819 4.5949546843767166 3.0813325494527817 1.3714061398059119 49.230401529930532 1.2205166025087226 2.9748269263654938 2.6547545827925196 4.0012172553688279 6.2965199109166852 5.0192705038934937
leaf_count=191 2051 173 437 730 295 224 31 104 357 97 216 127 168 413 28 450 166 278 356 145 44 333 32 1491 32 78 50 61 69 118
internal_value=0.00289396 0.00457373 0.0111853 0.0152247 0.0202866 -0.00442648 0.0232522 -0.000186981 0.0107574 0.0184473 0.0260843 -0.00312731 -0.00515278 0.00672877 -0.00835608 0.0014234 0.0127256 -0.0173484 -0.013646 -0.000159336 -0.00224872 0.00484608 -0.0155858 -0.0170259 0.00063002 -0.0203361 -0.022304 -0.0244035 0.0264991 0.0225061
internal_weight=362.13 337.956 138.651 110.25 81.7555 28.4016 74.172 199.305 39.3913 30.2707 22.8896 159.913 147.985 30.2563 117.728 42.6102 19.8117 24.1743 75.1182 28.4941 8.55094 6.34027 72.027 70.6556 11.7944 58.8612 55.8864 53.2316 65.621 14.0665
internal_count=9345 6683 2166 1505 1169 661 874 4517 843 486 313 3674 3570 581 2989 861 411 2662 2128 336 75 611 2100 2068 388 1680 1602 1552 799 284
is_linear=0
shrinkage=0.035


Tree=93
num_leaves=31
num_cat=0
split_feature=0 50 82 54 55 78 107 88 45 42 56 115 29 106 56 69 94 0 64 29 117 81 118 110 118 50 34 86 78 70
split_gain=9.02742 8.99822 7.39544 8.43689 5.89925 8.92356 5.67337 5.02772 4.83139 4.16595 4.14898 4.06266 3.91047 4.35933 3.85376 3.84171 5.16489 3.77776 3.85892 3.60285 3.42573 3.34966 5.57565 3.33707 4.82342 3.29109 3.23642 3.1368 3.01608 4.00669
threshold=3.2949363425925928 0.037855266300453792 1.0000000180025095e-35 0.20416666666666669 0.59761904761904772 2.5000000000000004 2586.7177786518037 1077.5000000000002 0.095695970695970703 1.0000000180025095e-35 0.22287581699346407 0.20710681244743484 21.500000000000004 1226.5500000000002 0.34833164812942369 2.2500000000000004 69369.000000000015 74.426556712962977 0.85599078341013835 30.500000000000004 0.43534002229654406 273.96594751508638 0.68237250554323736 21.750000000000004 0.89512961508248245 0.045199182839632285 6.5000000000000009 362.15589910114267 2.5000000000000004 11.509259259259261
decision_type=2 2 8 8 10 10 10 10 2 10 8 2 2 10 10 10 2 2 2 2 2 8 2 10 2 2 2 10 10 8
left_child=1 8 -2 4 6 12 -4 11 9 -1 -5 -3 13 -6 -10 16 -12 18 28 26 -8 -17 -23 -7 25 -25 -11 -19 29 -18
right_child=2 7 3 10 5 23 20 -9 14 19 15 -13 -14 -15 -16 21 17 27 -20 -21 -22 22 -24 24 -26 -27 -28 -29 -30 -31
leaf_value=-0.0038588162120246593 0.021982102675785209 -0.015299857993146478 -0.012098008001487493 0.0089692835416543843 0.028814740062018878 0.0093622968026304144 -0.0084441539167958591 0.023742835018173678 0.015166655417950837 0.030378099313347354 -0.022982964220187467 0.0058702812976305597 -0.0017036897304697363 -0.00736174581569983 -0.007964977806014812 0.017132784844547163 -0.0079994243241313118 -0.019247091229417361 -0.013301381624761468 -0.0025312577223997822 0.028007547368402455 0.014301455421423356 -0.014848237407937941 0.016525624842789827 -0.023860888207564247 -0.0094889085185738218 0.00050931102282911016 0.013551533679864053 -0.0062932641107595211 0.035226838809556418
leaf_weight=5.9515214702114454 9.0238394038751704 25.94372666021809 39.239667738322169 8.5178150185383839 25.561755210626874 11.439895468764005 2.115288578439503 2.1429479517973951 10.624050478450956 36.993621291127056 48.901174873113632 13.962105951271949 7.7998519781976929 2.6594688459299496 15.507432862650601 3.9019514098763457 1.4188044667243973 11.745109548326578 2.798182670492678 4.6954455729573956 3.5454330486245453 6.8301309677772251 22.717206299304962 6.2591510713100451 10.719943241216241 7.9412024156190455 5.1625561146065584 0.74579659989103753 2.5704232132993639 5.2383540319278836
leaf_count=136 63 654 1443 159 431 90 83 22 143 399 2150 213 161 99 365 24 62 533 164 41 110 173 661 144 185 290 56 42 84 178
internal_value=0.00108276 0.00869286 -0.00282562 -0.00422999 0.00235986 0.00832921 -0.00713337 -0.00409209 0.0153415 0.0210034 -0.010748 -0.00806402 0.0195615 0.0248107 0.00236492 -0.0126502 -0.0169004 -0.00292992 0.00927705 0.0242291 0.0168144 -0.0023368 -0.00701541 -0.00381792 -0.0104219 0.00329508 0.0271621 -0.0139747 0.0183921 0.0265346
internal_weight=362.674 120.983 241.69 232.667 117.282 72.3813 44.9004 42.0488 78.9346 52.8031 115.385 39.9058 36.0211 28.2212 26.1315 106.867 73.4178 24.5167 12.0258 46.8516 5.66072 33.4493 29.5473 36.3602 24.9203 14.2004 42.1562 12.4909 9.22758 6.65716
internal_count=9358 2029 7329 7266 3036 1400 1636 889 1140 632 4230 867 691 530 508 4071 3213 1063 488 496 193 858 834 709 619 434 455 575 324 240
is_linear=0
shrinkage=0.035


Tree=94
num_leaves=31
num_cat=0
split_feature=10 88 83 96 117 106 117 106 74 69 74 96 106 84 11 93 98 3 54 0 29 65 119 98 75 100 2 92 55 11
split_gain=11.8223 9.72417 10.7099 8.58451 6.03999 9.03328 8.09656 9.90545 8.31915 6.49612 5.91045 4.82955 4.49306 4.39361 4.24126 5.52262 4.21276 4.17547 4.07257 3.87846 3.80459 3.69136 3.67604 4.52628 4.22091 3.81879 3.55657 3.29332 3.28097 3.26056
threshold=3.5000000000000004 1079.5000000000002 1341.5000000000002 3.3229166666666674 0.12916666666666668 1306.788888888889 0.65345368916797497 621.25739130434795 17.250000000000004 1.7500000000000002 12.750000000000002 1.8554006968641119 144.44285714285715 641.25000000000011 9.5000000000000018 14956.000000000002 0.89039039039039047 19.500000000000004 0.28991596638655465 42.506122685185197 2.5000000000000004 1.5147058823529413 3.5641097262822887 1.0571895424836604 1.8360215053763442 0.084523809523809543 1.0000000180025095e-35 32507.500000000004 0.95419580419580441 6.5000000000000009
decision_type=2 10 10 2 2 8 2 10 10 8 8 2 10 8 2 2 2 2 8 2 2 8 8 2 8 2 2 2 10 2
left_child=1 2 3 4 5 12 8 9 14 19 11 -9 -1 -11 15 20 -12 -16 27 -8 -6 -14 23 -15 -25 -24 -18 -10 -26 -4
right_child=-2 -3 29 -5 6 -7 7 10 18 13 16 -13 21 22 17 -17 26 -19 -20 -21 -22 -23 25 24 28 -27 -28 -29 -30 -31
leaf_value=-0.0073144571369129531 -0.020526490645296856 0.029617509725534803 -0.023435791041089907 0.025060786784477259 0.026720263418758744 -0.0063013336555687695 0.023781194395180057 -0.014947777422224381 -0.0047343205571558321 0.015014761981705208 -0.0039684122157795862 0.017023341406432229 0.00044175193112974155 -0.025185388234787859 0.02527964975367767 -0.017433023173107496 -0.0016934711683120368 -0.0058158494639466742 -0.0066555987814388888 -0.002257925625488088 -0.010576906740166142 0.036740253257425158 0.013881126927876616 0.011634982128786681 -0.019178047829446647 -0.0091699364598120132 0.034752286179144644 0.037085297945633006 0.0052725617624414627 0.00023728559838634807
leaf_weight=2.4649666724726584 22.488465768285096 11.449148051440714 19.459504251368347 17.154129974544048 2.5408436171710482 14.122749501839278 13.031202686950566 7.9605905767530185 1.6988177280873031 6.9505319632589808 3.7815710678696659 5.4675645027309656 4.2330133626237538 17.720549117773771 2.6244803071022025 65.223234307952225 3.2156112045049694 13.094688054174183 3.8238667603582153 10.156013712286947 2.3552560079842806 16.418633635155857 12.459458073601128 9.8039999864995462 15.249901958741249 12.973873617127536 22.308313094079494 4.4520357605069876 7.3972406703978768 9.9176680468954128
leaf_count=98 1232 64 1720 176 60 409 138 113 37 53 37 45 71 212 45 2371 38 316 133 192 78 164 120 105 204 94 232 97 70 695
internal_value=0.00159336 0.00333518 0.00198708 0.00405523 0.00236034 0.0145813 0.000242294 0.00529925 -0.00746835 -0.000644877 0.0185346 -0.000843226 0.026191 -0.00532231 -0.0111516 -0.0146501 0.0262426 0.00422354 0.0173685 0.0139986 0.0124996 0.0308364 -0.00800735 -0.013104 -0.00402509 0.00254779 0.0306354 0.0285913 -0.0116825 -0.0165717
internal_weight=361.998 339.509 328.06 298.683 281.529 37.2394 244.29 148.476 95.8132 105.743 42.7337 13.4282 23.1166 82.5556 85.8385 70.1193 29.3055 15.7192 9.97472 23.1872 4.8961 20.6516 75.605 50.1717 32.4511 25.4333 25.5239 6.15085 22.6471 29.3772
internal_count=9419 8187 8123 5708 5532 742 4790 1653 3137 1188 465 158 333 858 2870 2509 307 361 267 330 138 235 805 591 379 214 270 134 274 2415
is_linear=0
shrinkage=0.035


Tree=95
num_leaves=31
num_cat=0
split_feature=88 96 83 117 97 110 98 55 44 44 115 42 11 71 116 90 49 68 107 121 110 107 99 46 58 120 87 64 118 119
split_gain=10.6595 10.1886 8.54457 7.67669 10.3292 9.50771 7.91547 11.4087 7.94134 6.06424 5.37551 5.18232 5.77428 5.88465 5.33775 5.08642 5.01937 4.51499 3.99831 3.84505 3.64713 5.61381 4.68796 4.96175 4.47395 3.42849 3.25018 3.2639 3.22627 3.48158
threshold=1079.5000000000002 3.5131578947368425 1341.5000000000002 0.17028985507246377 2.9784571001579669 82.250000000000014 1.5270467836257311 0.64248120300751899 0.24417344173441738 0.36882591093117417 0.28062500000000007 4.5000000000000009 6.5000000000000009 1.9910312089651152 0.68496240601503777 75739.408653846171 0.088932806324110686 4.5000000000000009 1580.2746299649073 3.5000000000000004 37.250000000000007 1508.0245399717408 0.36515151515151517 0.071008403361344549 0.45049019607843144 0.06472559698366151 1.5000000000000002 0.87627551020408168 0.79772727272727284 0.59099750612234125
decision_type=10 2 10 2 2 8 2 10 2 2 2 8 2 8 2 2 2 8 10 2 10 10 2 2 2 2 10 2 2 8
left_child=1 2 3 4 17 6 11 9 -9 16 -10 12 14 -14 28 -7 -8 -1 -11 -15 21 22 -13 -24 -22 -26 -4 -28 -5 -30
right_child=-2 -3 26 5 -6 15 7 8 10 18 -12 20 13 19 -16 -17 -18 -19 -20 -21 24 -23 23 -25 25 -27 27 -29 29 -31
leaf_value=-0.011946767581840125 0.028376708737784376 0.025006476483063384 0.0083097395895508734 0.0067322919137272168 0.033559520962318741 -0.024176220301767623 -0.01577452007664067 0.0005757338585338377 0.040057181384048804 -0.0078001892640986066 -0.0014165347210239887 0.0091333467107005389 -0.014201925342872896 0.030018343611374093 0.015044504727109645 0.0061119448806267037 0.019316130363821883 0.011965686724767752 0.028245475113706904 -0.0024598413937576007 0.01342328293476811 0.0073439374544445766 -0.027044108857333802 0.002282498116225164 -0.026980509121429175 0.0091583886977612203 0.0049687789869234051 -0.024437770478074279 0.0082735181987892252 -0.018871316925828396
leaf_weight=14.055895507335665 12.050671488046644 13.953149165958164 2.8015667088329819 8.4546546107158047 13.939465296454726 25.939743127673864 26.932408729568127 13.547940139658747 18.396886294707659 3.2169432314112765 4.1786341192200771 6.5127998776733866 3.0155253354460028 14.356283009983601 9.6015183506533486 6.4745948659256092 1.5588373485952605 14.645103460177777 5.20331244263798 4.8761725593358269 1.3690243950113679 26.565707011148334 18.22504025511444 9.1095474995672685 21.130106100812558 1.2307315617799748 3.6739935269579318 25.514216740615666 4.1204763166606453 25.669299552217126
leaf_count=366 68 158 96 212 148 1112 765 296 288 69 64 38 44 165 125 231 28 332 104 47 17 245 182 74 587 33 340 2437 79 665
internal_value=0.00135663 3.32982e-05 -0.00136212 0.000571324 0.0134971 -0.00176597 0.000906037 0.0100207 0.0227337 -0.00364872 0.0335156 -0.00358912 0.00332724 0.0162549 -0.00365323 -0.018118 -0.0112575 0.000219898 0.0166989 0.0229754 -0.00921414 -0.00395836 -0.0126326 -0.018429 -0.0195771 -0.0236813 -0.0172418 -0.020551 -0.00954414 -0.0144672
internal_weight=360.32 348.27 334.316 302.327 42.6405 259.686 227.272 73.035 36.1235 36.9115 22.5755 154.237 70.0939 22.248 47.8459 32.4143 28.4912 28.701 8.42026 19.2325 84.143 60.4131 33.8474 27.3346 23.7299 22.3608 31.9898 29.1882 38.2444 29.7898
internal_count=9415 9347 9189 6316 846 5470 4127 1614 648 966 352 2513 1337 256 1081 1343 793 698 173 212 1176 539 294 256 637 620 2873 2777 956 744
is_linear=0
shrinkage=0.035


Tree=96
num_leaves=31
num_cat=0
split_feature=88 83 10 11 119 107 113 94 117 97 93 98 74 65 19 111 65 27 32 119 101 56 110 4 107 54 71 93 117 59
split_gain=10.8511 10.3663 7.96062 9.80291 6.5788 6.47091 5.87992 5.86673 5.73094 9.35387 9.72639 5.37016 5.22512 6.09975 7.51925 5.17508 5.22626 4.58625 4.50453 4.40821 4.29624 4.24106 3.9039 3.88252 3.79618 3.704 3.54399 3.51285 3.2968 3.54028
threshold=1079.5000000000002 1537.5000000000002 3.5000000000000004 9.5000000000000018 0.77303240518350214 81.391134454052704 0.02339261285909713 71263.000000000015 0.66018867924528313 2.9633695166077172 51987.500000000007 1.134848484848485 13.750000000000002 2.2426470588235299 1.0000000180025095e-35 0.03468323977546111 4.2899159663865554 15.500000000000002 4.5000000000000009 2.4883507064641059 0.44222222222222224 0.21466973886328727 54.250000000000007 1.5000000000000002 1416.6835657023987 0.34848484848484856 2.516793406529676 77427.500000000015 0.10357142857142858 0.78319623971797891
decision_type=10 10 2 2 8 10 2 2 2 2 2 2 8 10 2 2 10 2 2 10 2 8 8 2 10 8 10 2 2 2
left_child=1 2 3 4 5 18 -5 -3 12 10 -10 17 28 21 25 16 26 -11 -1 -13 24 -14 -9 -23 -21 -15 -8 -17 -6 -30
right_child=-2 7 -4 6 8 -7 15 22 9 11 -12 19 13 14 -16 27 -18 -19 -20 20 -22 23 -24 -25 -26 -27 -28 -29 29 -31
leaf_value=-0.0066811589494520174 0.030715717545175485 -0.027484071946901303 -0.016385414421291131 0.023845553261970156 0.0029543340835411934 0.029791761232729207 0.0075315653740088886 0.019464590102354049 -0.011004060570641327 -0.023081099608739716 0.034340390693389344 -0.0090329352362940093 0.017467136055549861 0.03092636729532551 -0.015039987793211864 0.02500623843215018 0.014904047021281152 0.0041372996749043508 0.01874846588954807 0.0010076642019708718 -0.0062091093477641777 0.008330052622895899 -0.014017921522737575 -0.018069164031863826 0.029239534596659483 -0.0039376558735939324 -0.020429967929571562 -0.0059611795528136131 -0.025335593062504786 0.001614045577454194
leaf_weight=20.671734652016315 11.042463470250366 17.593309320043776 19.241095188073814 37.763682215474546 7.5097036212682715 11.927712524309753 4.7355553898960414 4.2995150336064389 5.4096687790006426 15.962251980789008 14.696602605283259 14.475981706753371 2.1609471011906853 11.385039018467069 4.8392279390245667 12.082587755285202 7.0528602413833132 9.8092664182186109 7.8462669765576711 9.5006920387968474 8.8886175844818336 5.5393108278512981 3.1914699603803456 26.366958705242723 11.810768898576496 3.4971086913719782 14.705854200758038 3.8567632799968115 27.757385501638055 6.5996959633193901
leaf_count=436 63 1922 791 413 181 122 50 333 111 225 227 248 37 217 149 125 67 73 99 85 101 198 331 1066 104 103 192 62 1085 215
internal_value=0.00255786 0.00125371 0.00302427 0.00448455 0.000664985 0.0126225 0.0146069 -0.0184406 -0.0021944 0.00401102 0.0223785 -0.00236683 -0.00797631 -0.000486681 0.0131582 0.00473809 -0.00475101 -0.0137322 0.00206847 0.00491161 0.0119294 -0.00905876 0.00529853 -0.0129783 0.0192369 0.0238038 -0.0134716 0.017879 -0.0165202 -0.0206114
internal_weight=362.22 351.178 326.093 306.852 226.655 40.4457 80.1973 25.0843 186.209 90.5539 20.1063 70.4476 95.6554 53.7886 19.7214 42.4336 26.4943 25.7715 28.518 44.6761 30.2001 34.0672 7.49098 31.9063 21.3115 14.8821 19.4414 15.9394 41.8668 34.3571
internal_count=9431 9368 6782 5991 5082 657 909 2586 4425 1174 338 836 3251 1770 469 496 309 298 535 538 290 1301 664 1264 189 320 242 187 1481 1300
is_linear=0
shrinkage=0.035


Tree=97
num_leaves=31
num_cat=0
split_feature=10 54 109 106 66 110 45 117 117 128 98 11 20 112 73 118 55 86 110 88 83 110 90 74 122 107 71 93 32 90
split_gain=9.74614 8.36127 6.44821 8.10995 5.67721 5.23157 5.21579 4.90702 4.64518 5.71545 5.56586 4.99993 7.0833 5.28072 4.48283 4.77603 3.76712 4.09173 4.06048 3.65437 3.5369 3.3248 3.37508 3.03133 5.19265 3.11992 3.06022 2.99297 3.23069 2.8429
threshold=3.5000000000000004 0.26969696969696971 3076.0000000000005 280.73268398268402 4.2259120153140755 195.25000000000003 0.17521929824561405 0.83192090395480245 0.37617924528301894 0.10263157894736843 1.3397435897435901 4.5000000000000009 2.5000000000000004 0.026144907723855096 14.500000000000002 0.87112743532417769 0.73123827392120078 142.42454162214739 22.250000000000004 829.50000000000011 1065.5000000000002 54.750000000000007 39432.474137931044 15.250000000000002 2.5000000000000004 2795.2214169332487 2.516793406529676 19971.500000000004 3.5000000000000004 44913.619658119664
decision_type=2 8 10 10 8 10 2 2 2 2 2 2 2 2 10 2 10 8 10 10 8 10 2 10 2 10 10 2 2 2
left_child=1 4 3 20 5 8 -6 23 -1 10 -10 -12 13 -13 -11 21 29 -18 -19 -5 -3 22 -16 24 -4 -25 -27 28 -22 -17
right_child=-2 2 7 19 6 -7 -8 -9 9 14 11 12 -14 -15 15 16 17 18 -20 -21 27 -23 -24 25 -26 26 -28 -29 -30 -31
leaf_value=-0.014093502493206287 -0.018516041127015177 0.013545849564238106 -0.025683340849472901 0.02696621275062018 0.024553769293108357 0.025066367315480339 -0.005569537459729222 0.0099706108271603398 -0.00022674460170079677 -0.019086076651071014 -0.0062266748903540732 0.04226485897124261 -0.0078280487937419079 0.0046817527806704588 -0.0026860937041878947 0.0016131900534081698 -0.016839744093062256 0.020924442026055735 -0.0023243354971095782 -0.0080476973520927312 -0.0071378576438332359 -0.0067764388336420426 0.026960114047449166 -0.012778296655892595 0.006179101982256463 -0.008052797455679191 0.024806967901497494 -0.010850149977956386 0.026359943588318127 -0.01993776790087614
leaf_weight=13.463876786641775 22.367144225630909 7.3650893876329055 30.534663821570575 14.204140482936056 30.296266097109765 8.9919001227244717 6.7710416084155431 7.2342302235774687 24.352926205378026 9.2569243451580387 4.9843447352759531 15.689036432653671 4.3424780061468473 7.6421655640006056 5.2097183251753512 10.797822960652413 4.4732274399138978 12.990184825845065 17.020850195083767 2.1177419470623127 4.0820806091651312 4.89192160218954 13.186894289683549 7.5794991040602309 5.5485742492601267 2.7928435588255525 3.1803719843737781 40.552220241632313 1.6935629770159719 15.250644078478215
leaf_count=638 1233 141 1281 278 397 125 177 70 555 135 196 257 155 188 94 149 26 94 204 91 174 194 207 247 183 100 70 1530 33 262
internal_value=0.00161357 0.00320311 -0.00379581 0.00327194 0.00742951 0.00446854 0.0190432 -0.0120584 0.00262612 0.00453198 0.0127663 0.0211988 0.0263354 0.0329533 -0.000905278 0.00206393 -0.00324332 0.00419722 0.00928995 0.0216014 -0.00366547 0.0139938 0.0197848 -0.0158876 -0.0206281 -0.00110865 0.0127744 -0.00745469 0.0103581 -0.0121831
internal_weight=358.864 336.497 126.885 70.0148 209.612 172.545 37.0673 56.8702 163.553 150.089 57.011 32.658 27.6737 23.3312 93.0782 83.8213 60.5327 34.4843 30.011 16.3219 53.693 23.2885 18.3966 49.636 36.0832 13.5527 5.97322 46.3279 5.77564 26.0485
internal_count=9484 8251 4198 2247 4053 3479 574 1951 3354 2716 1351 796 600 445 1365 1230 735 324 298 369 1878 495 301 1881 1464 417 170 1737 207 411
is_linear=0
shrinkage=0.035


Tree=98
num_leaves=31
num_cat=0
split_feature=81 54 16 0 46 61 82 104 30 70 20 97 44 70 98 49 65 55 98 1 117 70 45 116 50 82 57 40 28 44
split_gain=8.81086 7.69861 12.7593 7.57843 6.37821 6.26488 6.17538 4.79229 4.57222 4.38556 4.92775 4.19466 4.11941 5.00027 4.5594 3.92976 3.6765 4.08753 4.74572 4.22258 4.21856 3.90936 3.64531 3.49709 3.42098 3.37308 3.32844 3.27069 3.59889 3.25557
threshold=452.50265221412877 0.16954022988505749 12.500000000000002 2.4328125000000003 0.028174603174603175 0.954284221525601 1.0000000180025095e-35 0.98146258503401362 12.500000000000002 9.9750000000000014 1.0000000180025095e-35 4.2053629744289767 0.42340286831812263 14.509259259259261 1.890873015873016 0.012270400481782597 4.5419580419580425 0.7633053221288516 0.89039039039039047 22.500000000000004 0.66018867924528313 10.174242424242426 0.15235814296241715 0.62988330796549985 0.10275263951734541 8.5000000000000018 0.74456521739130443 10.500000000000002 9.5000000000000018 0.36602542081758854
decision_type=10 8 2 2 2 2 8 2 2 8 2 2 2 10 2 2 10 8 2 2 2 8 2 2 2 10 10 2 2 2
left_child=1 2 8 5 -4 -3 -5 12 22 -7 26 -12 13 14 -6 -14 17 27 19 -19 21 -20 24 -22 -1 -2 -11 28 -8 -18
right_child=25 3 4 6 7 9 16 -9 -10 10 11 -13 15 -15 -16 -17 29 18 20 -21 23 -23 -24 -25 -26 -27 -28 -29 -30 -31
leaf_value=0.033387147780017321 0.0094090359254445366 -0.0072213942092957872 -0.014743051111311353 0.022507277029697955 -0.013421044411676917 -0.01065347321279978 -0.021235610949677127 -0.011298082964215559 -0.0052483527873899245 0.030467101214458819 0.014498624830858909 -0.015917822266236583 0.026877072936387508 0.019303433525988869 0.014123712716981733 -0.0070154611659615489 -0.010842207694929322 -0.023772540320446546 0.014473187390777168 0.013920638683930972 0.021345122477611601 -0.011425373501160791 0.0027225181144315738 -0.0033906600352673444 -0.00079236208466037334 -0.022261631132901954 0.0027865607980666657 0.005703172598239283 0.011342769501048853 0.018688530211108449
leaf_weight=32.491834766231477 2.0721446308307376 19.82482489105314 18.995748674497008 4.0697138532996169 19.909746957011524 4.2509610475972286 45.054893805179745 11.36188226751983 4.7994172153994432 22.283307919278744 6.1572909634560329 6.0713652325794101 16.746043071150783 9.1472317995503527 5.8499414278194299 2.9900224488228551 3.2070659361779672 13.52168842963874 4.6254171142354634 1.0613598600029952 12.782938422635199 26.773264171089977 8.1314584491774422 9.5693041486665589 3.7140441061928859 19.175192622002214 7.9542644424363962 5.1269362308084956 1.4794509727507819 7.3805269319564104
leaf_count=309 228 300 401 21 409 76 1468 198 50 273 115 85 203 173 154 60 62 391 147 21 215 1022 141 121 74 2381 117 93 44 85
internal_value=0.00160337 0.00308929 0.00942209 -0.00125891 0.000908934 0.00803793 -0.00597648 0.00613444 0.0227047 0.0145855 0.017968 -0.000839685 0.0104024 0.00230579 -0.00588671 0.0213622 -0.00766148 -0.00944961 -0.00340171 -0.0181754 0.0018122 -0.00614613 0.0259558 0.0120714 0.0302103 -0.017969 0.0246141 -0.0164433 -0.0191998 0.0091349
internal_weight=356.579 335.332 134.137 201.195 85.0006 66.542 134.653 66.0049 49.1368 46.7172 42.4662 12.2287 54.643 34.9069 25.7597 19.7361 130.583 119.995 68.334 14.583 53.7509 31.3987 44.3373 22.3522 36.2059 21.2473 30.2376 51.6613 46.5343 10.5876
internal_count=9437 6828 2172 4656 1598 966 3690 1197 574 666 590 200 999 736 563 263 3669 3522 1917 412 1505 1169 524 336 383 2609 390 1605 1512 147
is_linear=0
shrinkage=0.035


Tree=99
num_leaves=31
num_cat=0
split_feature=88 83 116 50 118 110 47 76 65 107 110 115 11 98 101 65 63 81 90 43 54 126 71 50 87 98 83 75 48 56
split_gain=10.4368 11.2875 7.91008 6.99863 9.07224 8.76719 6.98423 7.23694 5.35568 4.8089 5.55016 5.29442 5.54739 5.04329 5.47068 4.77968 4.70964 4.16957 3.79328 3.53379 3.39572 3.27992 3.85544 3.47291 3.20331 2.97913 2.93047 2.82577 2.78034 3.32196
threshold=1079.5000000000002 1341.5000000000002 0.90521114106019784 0.10050505050505053 0.68857758620689669 1098.5000000000002 0.10948202054794522 0.77211542875759676 1.8603896103896107 1391.5623272224295 127.25000000000001 0.05594679186228483 4.5000000000000009 0.87068004459308812 0.20204081632653065 2.3245614035087727 0.78319623971797891 177.27980201333841 78859.617424242446 0.26500600240096045 0.16954022988505749 1.0000000180025095e-35 2.5830642782900934 0.20900537634408606 1.0000000180025095e-35 1.5270467836257311 1911.5000000000002 1.8867521367521369 0.058481532147742828 0.86515151515151534
decision_type=10 10 2 2 2 8 2 10 8 8 10 2 2 2 2 10 2 10 2 2 10 2 10 2 10 2 10 10 2 10
left_child=1 2 3 4 5 8 7 9 -1 10 16 28 -13 -14 -15 -8 17 -6 -7 -9 -17 22 23 25 -3 -5 -26 -21 29 -11
right_child=-2 24 -4 21 6 18 15 19 -10 11 -12 12 13 14 -16 20 -18 -19 -20 27 -22 -23 -24 -25 26 -27 -28 -29 -30 -31
leaf_value=0.0014161610150298573 0.029457860813868426 0.0077255748943216513 0.019994091597405443 -0.0053894319045205029 -0.021216604758665093 -0.018318884519650542 0.025989961213177031 -0.0074583404171107053 0.033026659005319925 -0.023015790362997956 0.015324346883699652 -0.015624770644236929 -0.013386245299075217 0.023953487810026021 0.00098780241084707237 0.013781233974473898 0.0065075333014721487 0.010876711618365544 0.013948767470488014 -0.003031877470406885 -0.016326510896584989 -0.02170604113002789 -0.014535439880636367 -0.01000478445141518 -0.024920513312013472 0.024054905046122156 0.007593224714780451 0.022948223509575774 0.0082715978134309028 0.0092861831828072883
leaf_weight=9.3660344313830155 9.8683088272809965 2.5221196860075024 21.317723849788308 3.9384900443255919 52.938953189179301 7.8062360347248596 13.545408522710206 6.2278744215145734 21.317160602658987 16.377085109241314 3.9493883680552235 8.8658153396099788 6.2925998801365486 22.457754750736058 24.487257679924369 3.5030936850234848 7.8442162033170453 2.4254470737650982 2.4876106102019548 5.2823994066566256 5.2227315455675125 17.393336686305702 15.068452254869042 6.2358956327661863 26.826342896558348 7.9862383222207427 1.5552025036886323 17.183352738618851 2.9528778335079542 1.923189011402427
leaf_count=240 59 61 282 115 973 300 190 119 321 406 85 272 64 243 539 55 149 35 100 98 104 561 452 219 2679 146 174 316 55 72
internal_value=0.000744274 -0.000485082 0.00161341 -3.65085e-05 0.00248567 0.0165161 -0.000698685 -0.00312983 0.0249281 -0.00624181 -0.0128576 -0.000485721 0.00475417 0.00919803 0.0132224 0.015851 -0.0156127 -0.0190262 -0.00851016 0.0116981 -0.00362225 -0.0112541 -0.00365971 0.00655408 -0.0190855 0.0156108 -0.0222684 0.0173996 -0.0137864 -0.0183569
internal_weight=355.169 345.3 314.397 293.079 242.456 40.977 201.479 179.208 30.6832 150.515 67.158 83.3566 62.1034 53.2376 46.945 22.2712 63.2086 55.3644 10.2938 28.6936 8.72583 50.6224 33.2291 18.1606 30.9037 11.9247 28.3815 22.4658 21.2532 18.3003
internal_count=9484 9425 6511 6229 4736 961 3775 3426 561 2893 1242 1651 1118 846 782 349 1157 1008 400 533 159 1493 932 480 2914 261 2853 414 533 478
is_linear=0
shrinkage=0.035


Tree=100
num_leaves=31
num_cat=1
split_feature=116 88 88 48 54 97 97 96 117 114 118 110 61 56 117 115 117 0 70 55 110 98 71 109 38 133 85 24 109 92
split_gain=7.84362 6.56104 6.99803 5.05524 5.94119 4.54914 7.64455 6.71345 5.62691 5.22972 4.42068 7.49913 4.57154 5.99892 4.24329 4.53479 4.07742 3.96561 3.74534 4.55468 3.70524 3.6052 3.58834 3.4302 3.42497 3.34232 3.18778 3.18215 3.05593 2.81433
threshold=0.83558558558558571 1079.5000000000002 992.50000000000011 0.1023024594453166 0.22474747474747478 5.004931959903737 4.5980926763902401 1.8429276315789476 0.21498599439775914 0.23145604395604399 0.31666666666666671 1234.0000000000002 0.94073748902546106 0.71525096525096543 0.39339826839826847 0.17001204335608192 0.83827375762859646 2.4328125000000003 12.116531165311654 0.87339743589743601 42.250000000000007 1.0571895424836604 5.1004611364146859 73.500000000000014 17.500000000000004 0 350.44444444444451 19.500000000000004 2748.0000000000005 69348.500000000015
decision_type=2 10 10 2 8 2 2 2 2 2 2 8 2 8 2 2 2 2 8 10 10 2 10 10 2 1 8 2 10 2
left_child=1 2 3 5 -5 6 7 10 -7 -9 11 -1 13 14 -12 20 -4 -14 24 22 -16 29 26 -19 27 -8 -20 -10 -2 -21
right_child=28 -3 16 4 -6 8 25 9 18 -11 12 -13 17 -15 15 -17 -18 23 19 21 -22 -23 -24 -25 -26 -27 -28 -29 -30 -31
leaf_value=0.02817274034098002 0.0020486972760338602 0.02228459408695908 -0.024418564510336305 0.034317289623757311 -0.0036887488161846298 0.019310911152194892 0.0027142724072959268 0.022839365144859097 -0.025358003639763801 -0.012214786663937719 -0.0067811432784237163 -0.011683337523785987 0.0015934679558565401 -0.019772693915963375 0.00083549219997174485 -0.0074576170598282124 0.007961736483952972 0.010177383947828886 0.011920393958568004 -0.013844953737262628 0.03368424452851021 0.015471611194266812 0.008693277900870898 -0.018114208680770898 0.0085527666884716736 0.031553045206969235 -0.01707952419164473 0.0084340385996053077 0.023250188433615589 0.012523459214128983
leaf_weight=7.9054430960677537 14.227923124097286 9.2321830168366414 18.928174169268463 5.7458366816863391 7.8540224372409293 4.6553374524228266 9.1680238666012883 16.816191913560036 24.572963252663619 3.3760020574554792 10.102699227631094 6.6482941294088969 20.455660915467888 6.0544590656645587 6.1389677831903162 4.663852436002343 3.3877779985778025 2.6373483566567293 1.697813756763934 10.379614190198483 10.43879285128787 15.447166257072238 6.4260561396367839 50.607412052806467 2.4315891470760098 9.0393348555080593 37.297493983060122 1.4667445207014669 19.430969748646021 2.8191463141702107
leaf_count=57 202 52 1718 78 218 62 215 207 561 64 354 314 427 322 98 152 143 109 14 134 313 207 142 1969 19 164 825 19 199 41
internal_value=0.000826183 -0.000977235 -0.00202214 -0.000392366 0.0172772 -0.00157497 0.00208329 -0.000856868 -0.00701699 0.0157174 -0.0040199 0.0116341 -0.00648327 0.00321451 0.00976405 0.0174258 -0.0189454 -0.0112959 -0.00905458 -0.00432426 0.0245322 0.00598418 -0.0107742 -0.0159595 -0.0188762 0.0207451 -0.0146057 -0.0224026 0.0157122 -0.00631951
internal_weight=350.053 316.394 307.162 284.846 13.5999 271.246 164.052 145.845 107.194 20.1922 125.653 14.5537 111.099 37.3988 31.3443 21.2416 22.316 73.7004 102.539 74.0673 16.5778 28.6459 45.4214 53.2448 28.4713 18.2074 38.9953 26.0397 33.6589 13.1988
internal_count=9399 8998 8946 7085 296 6789 4765 4386 2024 271 4115 371 3744 1239 917 563 1861 2505 1962 1363 411 382 981 2078 599 379 839 580 401 175
cat_boundaries=0 1
cat_threshold=1
is_linear=0
shrinkage=0.035


Tree=101
num_leaves=31
num_cat=0
split_feature=96 87 83 117 97 47 74 55 98 45 68 95 93 54 88 63 73 3 92 40 94 115 63 92 106 45 98 118 116 80
split_gain=8.68691 8.8672 8.00088 7.66335 8.41055 5.78354 5.75012 5.15918 8.40696 5.99561 4.77493 4.711 5.46535 4.70079 4.46773 4.29162 3.78213 3.58635 3.56637 3.3789 3.34411 3.14561 3.12456 3.0139 2.8399 2.76533 3.73913 3.35568 3.1241 3.01475
threshold=3.3229166666666674 1.5000000000000002 1321.5000000000002 0.17028985507246377 3.5149807587738739 0.15590277777777781 11.750000000000002 0.81872946330777674 0.89039039039039047 0.14962686567164182 4.5000000000000009 26003.000000000004 80449.500000000015 0.42261904761904767 1079.5000000000002 0.72046511627906984 14.500000000000002 6.5000000000000009 69348.500000000015 23.500000000000004 78912.500000000015 0.060915275200989494 0.55348474341192799 81344.000000000015 810.60327767470642 0.067231638418079109 1.320714285714286 0.91537359751730729 0.56543697848045682 583.61437908496748
decision_type=2 8 10 2 2 2 8 10 2 2 8 2 2 10 8 2 10 2 2 2 2 2 2 2 10 2 2 2 2 8
left_child=1 19 3 4 10 6 15 11 16 13 -3 17 21 -10 -4 -5 -9 18 -8 -1 22 -13 -7 -20 -11 26 27 -19 -29 -27
right_child=-2 2 14 5 -6 20 7 8 9 24 -12 12 -14 -15 -16 -17 -18 25 23 -21 -22 -23 -24 -25 -26 29 -28 28 -30 -31
leaf_value=0.030221710732289929 0.022802421397990689 -0.0099657857748489745 -0.021004653430338884 -0.016528921342346906 0.033649985210213021 -0.0049919482567826728 -0.0068861449145606914 0.0086075131912062997 0.022068549501106413 -0.014143646833791337 0.014463306466416307 -0.0081100115954482379 -0.011975726936914146 -0.0070186152978835301 0.013468203676608064 0.005064844754765865 -0.02088809926063212 -0.021504600078916577 0.031203445869388009 -0.0041123340353149823 -0.0094094451878290533 0.027882313114427452 0.032127688675677071 -0.0073857337610780862 0.0097363839931016508 0.010289991671892439 0.011167814094988333 0.017415802302076983 -0.011479813019253795 -0.017973482724227139
leaf_weight=10.75802208855748 17.086479187011719 15.304328883066775 27.577453265432272 46.581349166110158 11.699814575724302 2.0308768795803172 7.5176431005820614 4.4334247019141939 41.105792639777064 9.9228990487754327 14.073594571091233 1.3822526624426235 5.2671952527016392 5.5739429779350749 1.8903651535511006 11.894012958742676 12.262581086717544 9.1889803763479048 3.2658500093966722 3.1166384546086183 1.6364747406914819 9.0792732425034028 7.3724012291058898 1.2676623249426482 5.8506995690986505 1.9207198619842518 11.203335666097699 4.3879417683929187 4.2556219361722469 43.866216879338026
leaf_count=110 200 386 2793 1105 118 42 233 92 499 240 336 45 160 191 11 246 207 188 87 53 35 193 115 39 173 9 195 57 31 1228
internal_value=0.00154049 0.00013949 -0.00120966 0.000659651 0.0137912 -0.00171432 -0.00301466 0.000148549 0.00663667 0.0124213 0.00213854 -0.00493231 0.0105094 0.0182523 -0.0171603 -0.0120837 -0.0128772 -0.00814785 0.0073563 0.023463 0.0187006 0.022042 0.0251609 0.0221987 -0.0050746 -0.0109494 -0.00196636 -0.0108565 0.0041958 -0.0158915
internal_weight=352.774 335.687 321.813 292.345 41.0777 251.267 240.227 181.752 79.1493 62.4533 29.3779 102.603 15.7287 46.6797 29.4678 58.4754 16.696 86.874 12.0512 13.8747 11.0398 10.4615 9.40328 4.53351 15.7736 74.8228 29.0359 17.8325 8.64356 45.7869
internal_count=9417 9217 9054 6250 840 5410 5218 3867 1402 1103 722 2465 398 690 2804 1351 299 2067 359 163 192 238 157 126 413 1708 471 276 88 1237
is_linear=0
shrinkage=0.035


Tree=102
num_leaves=31
num_cat=0
split_feature=11 96 10 98 101 75 0 54 117 98 57 74 110 110 94 97 100 74 96 60 32 84 117 11 93 26 45 65 41 20
split_gain=7.88879 7.09127 5.88929 5.79271 9.84503 7.8256 6.48025 7.59481 6.18611 7.18393 6.98584 4.43513 4.68557 4.21972 4.6878 4.13047 3.90408 4.0468 4.19444 3.52832 3.51992 3.45167 3.33313 3.26168 3.16211 3.03352 2.91907 3.43116 3.21532 2.83835
threshold=2.5000000000000004 3.60952380952381 3.5000000000000004 1.5577777777777781 0.18808962264150947 1.7290209790209794 4.0473495370370385 0.26491228070175443 0.21498599439775914 1.0571895424836604 0.41042780748663105 10.250000000000002 72.250000000000014 59.750000000000007 29966.750000000004 2.1302814417865412 0.048809523809523817 15.250000000000002 1.5053191489361704 0.88203668564199889 3.5000000000000004 635.75000000000011 0.84234892787524374 4.5000000000000009 54806.500000000007 5.5000000000000009 0.27429467084639503 1.5634920634920637 5.5000000000000009 1.5000000000000002
decision_type=2 2 2 2 2 10 2 10 2 2 10 8 8 10 2 2 2 10 2 2 2 8 2 2 2 2 2 10 8 2
left_child=20 2 3 4 8 11 29 26 15 10 -10 -6 -13 14 22 -2 17 18 -7 -16 -1 -18 -11 -4 -12 -22 27 28 -8 -5
right_child=1 -3 23 6 5 16 7 -9 9 13 24 12 -14 -15 19 -17 21 -19 -20 -21 25 -23 -24 -25 -26 -27 -28 -29 -30 -31
leaf_value=-0.014542556859242436 -0.003688388439709824 0.026357273676865502 0.012075973000337867 0.029053137949769121 -0.01133398655531497 -0.010842021675453469 0.038622983986176848 -0.014675310857716915 -0.018507238042634988 -0.018022181578648752 -0.0073103284304406706 0.025869377259649193 -0.010194902415839069 -0.0079514140103636687 -0.0008844013162178652 0.034314558803388399 0.0095764503658512263 -0.020424685622775576 0.015456508495473106 0.028921961134733651 0.020053581555909489 -0.026993532390658052 0.01129000921236057 -0.018392718126742379 0.013784552104094329 -0.01029283482578789 -0.010091845848488261 0.0062517303367517632 -0.00069894990158958145 0.0015943060199476034
leaf_weight=41.569139489904046 3.4450588570907703 11.136144150048493 1.6581461406312907 20.674955761060122 5.9292025961913195 9.0736624314449781 5.2926215748302612 14.967678720597176 21.97564280545339 3.9380499823018891 10.414558842312546 10.880307256244119 3.0297959255985925 6.9590914258733383 5.5926522468216744 9.4128716499544662 1.0655037676915551 8.0754632065072638 11.141431893222032 21.722683955449611 3.9711335203610352 25.331343266647309 5.3388318130746484 18.238534305710346 16.840083433780819 3.1666435832157731 3.4886130858212701 29.984003530815244 3.1527194748632619 6.3584048338234416
leaf_count=1923 61 142 104 300 164 410 132 586 411 85 203 200 132 257 90 106 21 215 150 251 154 641 33 1077 250 138 126 762 96 140
internal_value=0.00155852 0.00374866 0.00242138 0.00389004 0.000274669 -0.00912579 0.0112 0.00374637 0.00701922 0.00320286 -0.00573249 0.00825624 0.0173955 0.0128535 0.0172904 0.0259505 -0.015595 -0.00511133 0.00384306 0.0236267 -0.0108252 -0.0242274 -0.00310696 -0.0139383 0.0058401 0.00789646 0.0111871 0.0140583 0.0291427 0.0238516
internal_weight=343.825 295.118 283.982 264.085 180.166 74.5267 83.919 56.8856 105.64 92.7816 49.2303 19.8393 13.9101 43.5513 36.5922 12.8579 54.6874 28.2906 20.2151 27.3153 48.7069 26.3968 9.27688 19.8967 27.2546 7.13778 41.918 38.4293 8.44534 27.0334
internal_count=9360 7145 7003 5822 3680 1933 2142 1702 1747 1580 864 496 332 716 459 167 1437 775 560 341 2215 662 118 1181 453 292 1116 990 228 440
is_linear=0
shrinkage=0.035


Tree=103
num_leaves=31
num_cat=0
split_feature=88 86 45 83 63 117 110 91 50 98 68 14 70 69 110 90 119 50 75 55 92 63 98 50 98 122 41 46 21 87
split_gain=8.70906 9.32058 6.61841 5.35318 4.92055 5.65025 9.28271 7.09084 6.10075 6.94218 5.12985 6.7182 5.59407 5.10338 5.07466 4.97462 5.33553 4.45518 3.79501 5.63736 3.98224 3.8925 3.47549 3.42491 3.42064 8.22202 5.9343 6.86573 3.66381 3.41786
threshold=1079.5000000000002 287.39754870672448 0.10367218987908645 1531.5000000000002 0.39642857142857152 0.21498599439775914 82.250000000000014 2640.6775888285802 0.079595736122284808 1.2828571428571431 4.5000000000000009 6.5000000000000009 12.116531165311654 2.2500000000000004 1098.5000000000002 49740.343750000007 0.62711717603783845 0.24568965517241384 1.7165178571428574 0.60136986301369866 69126.500000000015 0.4555335968379447 0.84731934731934744 0.10275263951734541 1.4472222222222224 1.0000000180025095e-35 10.500000000000002 0.068573667711598757 1.0000000180025095e-35 1.5000000000000002
decision_type=10 10 2 8 2 2 10 10 2 2 10 2 10 8 10 2 8 2 8 10 2 2 2 2 2 2 10 2 2 10
left_child=1 2 4 -4 -1 14 7 8 9 15 22 12 -12 -11 17 16 -7 -6 19 -5 21 -21 -9 -24 -20 28 27 -27 -26 -3
right_child=-2 29 3 18 5 6 -8 10 -10 13 11 -13 -14 -15 -16 -17 -18 -19 24 20 -22 -23 23 -25 25 26 -28 -29 -30 -31
leaf_value=-0.010402498906570268 0.02642301074585765 0.0087391666396225472 0.015733516410960175 -0.014563764805696513 0.031563545591433088 0.010653266171941265 -0.020038030524129308 -0.0064557629772909048 -0.020539371202890094 0.031087165600767692 -0.018547033637272673 0.020649604820267349 0.0065866067562502109 -0.0038591022307253552 -0.011169570225955917 0.0068864503429270658 -0.027258163434442775 -0.0090798489503433853 -0.017668107873724616 -0.009838119641440761 -0.010205504792217889 0.028174373164103001 0.03532019519956997 0.00070321083376365698 0.0084557646938589991 0.028320024770395438 -0.011199145725996916 -0.0075250590974182668 -0.023143697041071064 -0.022272665614461919
leaf_weight=16.109687896911055 11.362598627805708 2.4185964716598418 9.9452241067774576 7.3945671725086894 19.250125369057066 3.2657740456052133 11.789724773261694 1.8964709779247666 11.158298740163444 9.7925628088414687 11.039218388497828 22.399746676906943 28.71156506659463 6.3038475904613724 2.1958758961409321 15.939351845532654 10.981263441964984 1.6061816830188025 35.086681241635233 1.4684435809031153 2.9071638360619536 11.629987876862286 17.280957400798801 4.398324992042034 2.8301607365720001 13.866821788717067 10.078433533664791 7.3674003700725725 18.764611349906772 22.721611551009119
leaf_count=524 69 92 142 260 343 36 522 65 302 117 184 237 418 74 79 235 181 58 1035 36 79 292 261 136 96 395 352 208 676 1992
internal_value=0.00148014 0.000277789 0.00202399 -0.0042808 0.00597351 0.00769924 0.00490113 0.00756174 -0.00190595 0.00415093 0.013661 0.00730238 -0.00168567 0.0197302 0.0222821 -0.00577964 -0.018058 0.027283 -0.00666678 0.00505962 0.0154342 0.0223722 0.0262129 0.0297451 -0.00988954 -0.00365088 0.00750091 0.0168194 -0.0181912 -0.0183344
internal_weight=351.961 340.599 315.458 121.339 194.119 178.009 154.957 143.167 57.4411 46.2828 85.7263 62.1505 39.7508 16.0964 23.0522 30.1864 14.247 20.8563 111.394 23.4002 16.0056 13.0984 23.5758 21.6793 87.9941 52.9074 31.3127 21.2342 21.5948 25.1402
internal_count=9496 9427 7343 3571 3772 3248 2768 2246 945 643 1301 839 602 191 480 452 217 401 3429 667 407 328 462 397 2762 1727 955 603 772 2084
is_linear=0
shrinkage=0.035


Tree=104
num_leaves=31
num_cat=0
split_feature=88 83 45 86 54 56 98 42 92 120 83 29 108 119 110 92 11 66 76 117 106 71 2 27 100 66 101 30 76 117
split_gain=7.60376 8.01768 6.6902 7.49363 7.45845 5.1051 4.68337 4.70816 4.51532 4.46819 4.3997 5.1293 3.77377 3.51787 3.42276 5.07505 3.39806 3.35349 3.20212 3.03428 7.89189 5.10836 4.6022 3.82598 2.99343 3.72603 3.21776 2.90206 2.84773 2.70222
threshold=1079.5000000000002 1341.5000000000002 0.069366479550922219 271.69162411992949 0.28991596638655465 0.31296641791044782 1.5694980694980696 5.5000000000000009 19917.500000000004 0.012121657361151927 1228.5000000000002 17.500000000000004 165.50000000000003 0.62711717603783845 50.750000000000007 67753.500000000015 9.5000000000000018 2.2339913763974155 1.0933882440091915 0.66018867924528313 627.62500000000011 5.8623082982641952 2.5000000000000004 19.500000000000004 0.077935222672064791 1.3296422396737395 0.17519181585677754 1.5000000000000002 0.54163275951997569 0.74862637362637374
decision_type=10 10 2 8 8 10 2 10 2 2 8 2 8 10 8 2 2 10 10 2 10 10 2 2 2 10 2 2 8 2
left_child=1 2 4 -4 10 6 24 -8 -6 -9 -1 18 27 -7 15 -3 -13 -18 -12 21 23 -15 -22 -21 25 -5 -26 -10 -17 -29
right_child=-2 14 3 5 8 13 7 9 12 -11 11 16 -14 19 -16 28 17 -19 -20 20 22 -23 -24 -25 26 -27 -28 29 -30 -31
leaf_value=-0.0066630763174063551 0.026100074195452804 -0.013282069445700198 0.020871999827517584 -0.011990749725088965 0.015571164577175783 0.0072450254970094332 -0.0010033733042428754 0.035977470380131209 -0.01582852520238023 -0.0024176047960467917 0.023466686758630038 -0.0137571352304137 0.010209811101147468 -0.020944262296980893 -0.024193446196546259 -0.0067830128248269859 -0.0090601375391966762 0.019577974910756725 -0.0055860151621948267 -0.020209351139575848 -0.0088641318646641345 0.01276645918121126 0.024114854209226017 0.0066258965279867611 0.011509107760444625 0.013604221882614403 -0.019155720623298945 -0.009643955416579239 0.029760806818288375 0.020834220989282805
leaf_weight=8.1431435514241439 11.337322950363157 10.529473961330952 11.85657273000106 6.5525039760395911 9.4060328700579685 11.433524101041256 13.954441047273578 8.2955576339736563 28.708870509639382 4.3247195230796924 58.672413709573448 6.7328308038413551 8.3678801730275136 37.961543114855886 14.417517892085014 1.6501077846623946 4.1848680609837166 8.8965109512209875 3.1640579719096413 21.057102370075885 4.7074175151064983 2.9469805071130386 10.081373303197322 5.9611754454672328 1.7932089762762178 13.386535180732606 13.919675006531177 2.8607951244339338 2.5591273759491742 2.2057906109839678
leaf_count=55 68 907 99 131 185 240 277 144 852 100 767 129 256 1679 1674 125 61 84 48 410 89 124 158 69 23 183 255 60 184 26
internal_value=0.0027617 0.00161227 0.00333901 -0.00138329 0.0088149 -0.00366511 0.0039293 0.0138332 -0.00174081 0.0258678 0.014647 0.0170341 -0.00684636 -0.00862957 -0.0145268 -0.00133776 0.00110579 0.0104444 0.0216734 -0.0111118 -0.00376721 -0.0173899 0.01403 -0.0141784 -0.00424641 0.00447537 -0.0137227 -0.0118437 0.0195302 0.00738263
internal_weight=350.069 338.732 309.576 168.232 141.343 156.376 62.2266 26.5747 51.5494 12.6203 89.7938 81.6507 42.1433 94.1491 29.1562 14.7387 19.8142 13.0814 61.8365 82.7156 41.8071 40.9085 14.7888 27.0183 35.6519 19.939 15.7129 33.7755 4.20924 5.06659
internal_count=9462 9394 6504 3981 2523 3882 1113 521 1379 244 1144 1089 1194 2769 2890 1216 274 145 815 2529 726 1803 247 479 592 314 278 938 309 86
is_linear=0
shrinkage=0.035


Tree=105
num_leaves=31
num_cat=0
split_feature=87 86 68 55 11 43 98 118 72 117 42 32 97 94 116 117 113 75 94 97 13 65 26 55 108 60 90 63 111 46
split_gain=7.11644 7.62626 6.28176 5.79602 5.96783 5.49336 5.36772 7.89228 7.4316 6.04131 5.83534 5.0956 4.6789 4.49053 3.87075 3.89956 3.74078 3.62849 3.58949 5.27104 4.29162 3.51395 3.48551 3.45119 3.3947 3.08748 2.85956 2.73312 2.63772 3.91475
threshold=1.5000000000000002 303.99371850685986 17.500000000000004 0.56736587333602262 2.5000000000000004 0.44342189500640211 1.589572192513369 0.67156862745098056 9.5000000000000018 0.70320320320320329 4.5000000000000009 4.5000000000000009 15.178355765055761 27420.750000000004 0.21525096525096529 0.39339826839826847 0.021054964539007095 1.8535714285714289 16422.250000000004 3.2013635975726493 5.5000000000000009 1.939338235294118 5.5000000000000009 0.61326979472140775 261.50000000000006 0.90260840108401097 78859.617424242446 0.37171052631578955 0.034286833855799378 0.068573667711598757
decision_type=8 10 10 8 2 2 2 2 10 2 10 2 2 2 2 2 2 10 2 2 2 8 2 10 10 2 2 2 2 2
left_child=13 2 3 5 11 18 7 21 10 14 -8 23 17 -1 15 -9 -12 25 -2 20 26 -6 -13 -5 -25 -11 -20 -10 29 -19
right_child=1 -3 -4 4 6 -7 8 9 27 12 16 22 -14 -15 -16 -17 -18 28 19 -21 -22 -23 -24 24 -26 -27 -28 -29 -30 -31
leaf_value=-0.0065283257817867731 0.007194346202495561 -0.019704959518171625 0.022055714280174742 0.011344530846081655 -0.0035404082236721785 0.011295351449997245 -0.013299609416444381 -0.011288521643854651 -0.0057035161480419551 0.030398924077051231 0.027654210048353164 0.027634501732480936 -0.016380737030327323 0.029797856809074385 -0.018723645160163001 0.017061241667696049 -0.005137941577608861 -0.011459435537266369 -0.015793175310771724 -0.022469541988262443 0.023480783124468323 0.027718861517329867 -0.0084778826893049629 -0.022011312920480985 0.0062948201320861879 0.0055010839015095228 0.012635787622252833 0.026793367801291133 0.012306803761777925 0.0097980117320934142
leaf_weight=3.559690684080123 6.532726385165005 18.327377216424793 11.503390833735464 2.2813328984193495 4.5020529464818564 9.8678888343274576 14.467329876963051 7.8013185197487456 1.7723865234293068 6.6607086225412813 5.5100150420330447 2.5547305140644303 7.9178947908803812 10.799278912134467 28.084087213501334 6.1985833570361137 4.9339708760380745 25.012128409463912 9.4164904076606017 35.884302548132837 2.4808857422322026 12.543734339065848 2.6113865245133638 26.197360435035083 3.9398556058295062 18.99676953535527 1.9337811428122211 27.806006927508861 11.355534232221542 11.85353668220341
leaf_count=36 154 1595 135 94 151 292 409 302 48 60 83 77 62 130 939 203 117 244 391 1216 96 186 108 1244 87 164 55 564 107 110
internal_value=0.000808714 -0.000398937 0.00103428 -0.000123482 0.00249832 -0.00888905 0.00498052 0.00121377 0.0138016 -0.00213788 -0.000645304 -0.00947698 0.00342606 0.0214321 -0.0121676 0.00245021 0.0155145 0.00645263 -0.0130631 -0.0161392 0.00188988 0.0205323 0.0141886 -0.0146402 -0.0179417 0.0158683 -0.00856673 0.024303 0.000422641 -0.00427059
internal_weight=343.307 328.948 310.62 299.117 233.001 66.1161 195.416 140.926 54.4897 123.881 24.9113 37.5847 81.7966 14.359 42.084 13.9999 10.444 73.8787 56.2482 49.7155 13.8312 17.0458 5.16612 32.4185 30.1372 25.6575 11.3503 29.5784 48.2212 36.8657
internal_count=9459 9293 7698 7563 5359 2204 3749 2528 1221 2191 609 1610 747 166 1444 505 200 685 1912 1758 542 337 185 1425 1331 224 446 612 461 354
is_linear=0
shrinkage=0.035


Tree=106
num_leaves=31
num_cat=0
split_feature=10 11 110 98 101 75 0 21 65 29 100 96 63 0 108 32 23 74 55 97 99 110 98 57 96 61 106 49 1 64
split_gain=7.10316 7.06168 5.60871 5.74389 7.43225 7.51024 6.4846 5.72306 5.06191 4.78287 4.59031 3.94365 3.80132 3.73694 3.54073 4.65064 3.38541 3.74106 3.29879 3.17591 3.13649 3.09289 2.95735 6.4451 6.79796 3.19692 3.61391 3.51509 3.82252 3.22447
threshold=3.5000000000000004 2.5000000000000004 260.25000000000006 1.5577777777777781 0.18808962264150947 1.7290209790209794 45.283339120370378 4.5000000000000009 1.4316770186335406 11.500000000000002 0.054093567251461992 1.5053191489361704 0.47913043478260875 56.961516203703709 31.500000000000004 3.5000000000000004 3.5000000000000004 9.7500000000000018 0.48212005108556838 2.3135325905905941 0.72474747474747481 82.250000000000014 1.0571895424836604 0.4045454545454546 2.9309523809523812 0.96638418079096056 347.6018518518519 0.027973395931142415 13.500000000000002 0.99473684210526325
decision_type=2 2 10 2 2 10 2 2 8 2 2 2 2 2 8 2 2 10 10 2 2 10 2 10 2 2 10 2 2 2
left_child=1 14 3 4 22 9 12 8 -8 -6 11 -7 -5 -9 -1 -16 17 -14 -15 -4 -13 -20 23 24 -3 26 -24 28 -28 -27
right_child=-2 2 19 6 5 10 7 13 -10 -11 -12 20 16 18 15 -17 -18 -19 21 -21 -22 -23 25 -25 -26 29 27 -29 -30 -31
leaf_value=-0.016934843646012547 -0.01614110738764209 -0.020409993431844142 0.003264438014513274 -0.0036482307772582856 -0.0048706106722271082 -0.015810101293085629 0.013307671681736062 -0.012417443989273242 -0.017593247220750112 0.02478894014882322 -0.024005776601304415 0.016937518310228827 -0.0021901470794111356 -0.0082397213838095052 -0.005976450745673407 0.025822309911604443 0.0017074169619425441 0.03370774695559204 0.030292187397170638 0.031766802933276155 -0.0078620540574545084 -0.0060032941687758112 -0.013638426722744755 0.010163802081127372 0.014610135364653212 0.024139754876343931 0.02861626210215678 -0.011196333803837314 -0.004373745004011405 -0.0064184633766104946
leaf_weight=24.538648081943393 20.855675992555916 19.557491018902514 9.0449201161973196 5.6239010323770335 11.90988806076348 12.195119624491783 4.8855972308665541 1.9994868421927119 18.092091890983284 7.0771358674392095 25.7848832430318 9.2714642812497932 3.4098999481648233 1.9740037177689362 20.826846399344507 2.2150994874536982 7.3254354628734282 22.593821649905294 11.294403666164724 9.5276358583942038 7.1258881511166683 1.7185569400899101 7.1395136434584883 31.757993866223842 5.3275062106549731 20.439433172345165 7.2323532323352975 3.2857386260293415 4.836377551779151 2.9010420045815399
leaf_count=1240 1254 403 226 160 304 532 180 62 558 163 657 98 68 71 887 60 170 425 252 76 138 81 92 522 66 291 137 59 104 62
internal_value=0.00155082 0.00293059 0.00511401 0.00352652 -6.70094e-05 -0.00826223 0.0110605 0.000759927 -0.00981892 0.0090473 -0.0145591 -0.003735 0.0203397 0.0140487 -0.00890585 0.00113964 0.0243353 0.0294064 0.0198027 0.0215227 0.00684144 0.025163 0.00591144 0.00037748 -0.0117227 0.0120406 0.00177088 0.0105261 0.0179874 0.0198793
internal_weight=341.768 320.912 273.332 254.759 175.842 73.3644 78.9172 39.9641 22.9777 18.987 54.3774 28.5925 38.9531 16.9865 47.5806 23.0419 33.3292 26.0037 14.987 18.5726 16.3974 13.013 102.477 56.643 24.885 45.8345 22.494 15.3545 12.0687 23.3405
internal_count=9398 8144 5957 5655 3628 1892 2027 1204 738 467 1425 768 823 466 2187 947 663 493 404 302 236 333 1736 991 469 745 392 300 241 353
is_linear=0
shrinkage=0.035


Tree=107
num_leaves=31
num_cat=0
split_feature=10 87 96 86 63 97 55 45 50 97 116 116 106 110 70 44 116 26 114 64 88 67 22 119 95 119 60 106 56 24
split_gain=9.41451 6.55651 6.72491 5.21978 5.32054 5.44195 5.84185 5.66058 7.33909 3.61785 4.41268 5.33279 6.27994 3.6008 3.54657 5.5805 3.75414 3.45191 3.80146 3.36122 3.10361 3.02531 3.01865 2.79455 2.70981 2.64169 4.59973 2.67434 2.59216 2.55279
threshold=3.5000000000000004 1.0000000180025095e-35 3.3229166666666674 303.99371850685986 0.39642857142857152 10.909553247970949 0.47434210526315795 0.07634032634032635 0.18019480519480521 6.5747698430607295 0.3120941558441559 0.10147058823529413 911.53928571428582 1098.5000000000002 14.804761904761907 0.43772810218978109 0.52992327365728908 31.500000000000004 0.16428133306072382 0.79285714285714304 873.50000000000011 1.5000000000000002 1.0000000180025095e-35 0.6776862645894618 129.50000000000003 1.7546824544074184 0.84877072612921689 1581.2900000000002 0.23466833541927412 20.500000000000004
decision_type=2 8 2 10 2 2 8 2 2 2 2 2 8 10 10 2 2 2 2 2 10 10 2 10 2 10 2 10 10 2
left_child=1 -1 3 4 -3 6 -6 8 13 10 11 12 -9 17 16 21 -12 18 24 -5 23 -16 -18 -11 -8 27 -27 -26 -14 -25
right_child=-2 2 -4 19 5 -7 7 9 -10 20 14 -13 28 -15 15 -17 22 -19 -20 -21 -22 -23 -24 29 25 26 -28 -29 -30 -31
leaf_value=0.023193386668613078 -0.019751570490502062 -0.013800680324958424 0.020599465117397721 0.012932746685882129 -0.015610536179379131 -0.012694338696377469 -0.0026552277709000201 0.022515648623025589 -0.013733375771776088 0.007837305646265301 -0.0058360772392113949 -0.014274755999702409 0.011414748233054613 -0.012146220469483113 0.03825785035486514 -0.0078163205212289037 0.01982412299720817 -0.0069930512954627889 -0.0026258457426197937 -0.021256750423153808 0.01173348283899074 -0.0035971712234210865 -0.0086635829449137405 -0.024197781674190889 0.036010121825820605 -0.0098187311657419781 0.018085222030786351 -4.9690977328857024e-05 -0.017492633600242353 0.0064577761515040195
leaf_weight=12.696855495683847 20.180647558066994 21.52382295858115 15.551030388101934 0.79797375947237092 12.161292415112255 20.773848754353821 5.062427483033388 10.275608671829106 8.8242009342648071 2.5949865989387098 21.520743688568473 24.124789007008076 1.4729184922762195 2.4845489095896474 8.240986490622161 3.5403222073800853 13.545973041094841 5.0980714261531821 9.2150790290907008 15.303651242051274 2.4893026775680474 1.560623648110776 2.8825523676350704 15.233820453751834 18.063927531242374 5.1952804420143357 46.155919312499464 2.8129622326232484 7.6398553010076284 1.8164034523069847
leaf_count=106 1225 739 188 41 373 228 172 265 326 49 644 1045 15 92 152 69 169 67 200 1318 67 45 38 317 323 91 657 70 307 12
internal_value=0.000878525 0.00246997 0.00125089 -0.000116314 0.00115372 0.00267001 0.00428447 0.00570764 0.0114888 0.000357441 0.00342451 -0.00451479 0.00806624 0.0144279 0.00996261 0.0226922 0.00336652 0.0157401 0.0173887 -0.0168995 -0.0109895 0.0326297 0.0139705 -0.0156651 0.0197895 0.0214327 0.0146414 0.0320806 -0.0104315 -0.0202082
internal_weight=338.84 318.66 305.963 290.412 274.31 252.786 232.013 219.851 102.912 116.939 94.8044 43.5132 19.3884 94.0882 51.2912 13.3419 37.9493 91.6037 86.5056 16.1016 22.1345 9.80161 16.4285 19.6452 77.2905 72.2281 51.3512 20.8769 9.11277 17.0502
internal_count=9410 8185 8079 7891 6532 5793 5565 5192 1998 3194 2749 1632 587 1672 1117 266 851 1580 1513 1359 445 197 207 378 1313 1141 748 393 322 329
is_linear=0
shrinkage=0.035


Tree=108
num_leaves=31
num_cat=0
split_feature=50 10 54 41 83 84 54 110 117 117 118 98 45 113 99 110 128 60 30 4 111 48 44 113 74 25 90 69 127 96
split_gain=6.54174 6.76243 5.03956 6.17201 5.20586 5.19489 5.1227 4.87446 4.58887 5.45434 8.51698 6.13914 6.70806 5.5263 5.48201 5.16159 4.73748 4.14916 3.87947 3.42161 3.32414 3.32157 3.20614 3.2035 4.91807 4.41492 3.17095 3.16869 3.07781 3.00201
threshold=0.20416666666666669 3.5000000000000004 0.1126984126984127 8.5000000000000018 1537.5000000000002 250.25000000000003 0.42261904761904767 22.750000000000004 0.12916666666666668 0.3816526610644258 0.71240601503759404 1.0923295454545456 0.07634032634032635 0.10487038491751768 0.37797619047619052 1098.5000000000002 0.075498575498575513 0.84409722222222239 2.5000000000000004 5.5000000000000009 0.047338935574229697 0.055175038051750384 0.62645348837209314 0.023904761904761908 12.750000000000002 1.5000000000000002 16772.682291666668 1.2500000000000002 1.5000000000000002 1.7703296703296705
decision_type=2 2 8 8 10 10 10 8 2 2 2 2 2 2 2 10 2 2 2 2 2 2 2 2 8 2 2 8 2 2
left_child=1 2 23 4 5 8 18 -5 15 26 27 14 13 17 -12 -4 21 -13 -7 -6 -18 29 28 25 -25 -1 -10 -11 -9 -14
right_child=-2 -3 3 7 19 6 -8 22 9 10 11 12 16 -15 -16 -17 20 -19 -20 -21 -22 -23 -24 24 -26 -27 -28 -29 -30 -31
leaf_value=-0.0013525451243444316 -0.018596547069596247 -0.015004892534966998 0.021394711395597971 0.0059412898754986187 -0.020168205237145794 0.032699526680020241 -0.002844845056237427 -0.023301490278954319 0.010386005133692221 -0.0030587495615778744 0.01340781701012512 -0.0059897871451298273 -0.010213392281883022 -0.01274319352330933 -0.016488418978581505 -0.013460244731851746 -0.021911636723025759 0.027136521298110807 0.0009121361683861179 0.010978271201243147 0.007568772899731944 0.021030060734578488 0.011421667445992651 -0.013855306795003526 0.013106504101657106 0.029706004445823525 -0.018594526309914625 0.034331249046586423 0.0050005205593571678 0.012160939052288934
leaf_weight=6.9836267600767341 13.534299278166143 19.496557742822915 21.963949168100957 14.87258833227679 11.37914367765188 16.40270715625957 9.5301798707805556 24.605181125458337 2.3425741186365512 2.5306370230391595 5.497442999854683 3.6356638800352874 14.262690793722873 3.2410766705870619 30.447799314279109 2.8573453584685913 13.119102175347509 23.1419677445665 6.4037476270459583 2.3009784966707221 3.5100621823221436 6.4652707660570732 1.4291072445921589 7.998343454673889 18.646117394790053 16.778358112089336 18.589686466380954 8.5113082244060934 3.7363348342478266 6.9584710281342259
leaf_count=147 632 1194 354 139 1243 178 274 802 76 93 90 61 484 63 636 92 240 267 77 264 64 98 26 160 320 248 804 187 45 79
internal_value=0.0016823 0.00278694 0.00413426 0.00203265 0.00453344 0.00606077 0.017916 -0.00915853 0.00331232 0.000671248 0.00365118 0.000176935 0.00585027 0.0173316 -0.0108372 0.0157982 -0.00289572 0.0224041 0.025543 -0.0133932 -0.0153778 0.00580682 -0.0164716 0.0137269 0.00410252 0.0219296 -0.0139741 0.0274796 -0.01938 -0.00195686
internal_weight=341.172 327.638 308.141 257.735 213.092 199.412 32.3366 44.6432 167.075 142.254 121.321 110.28 74.3343 30.0187 35.9452 24.8213 44.3156 26.7776 22.8065 13.6801 16.6292 27.6864 29.7706 50.4064 26.6445 23.762 20.9323 11.0419 28.3415 21.2212
internal_count=9437 8805 7611 6736 5724 4217 529 1012 3688 3242 2362 2082 1356 391 726 446 965 328 255 1507 304 661 873 875 480 395 880 280 847 563
is_linear=0
shrinkage=0.035


Tree=109
num_leaves=31
num_cat=0
split_feature=88 83 55 68 98 59 118 106 117 65 66 20 110 60 34 90 116 71 51 93 119 120 69 68 92 110 91 26 114 106
split_gain=7.48686 6.47782 5.02491 5.39634 4.84898 6.26305 6.22882 7.46909 6.92889 5.2467 4.7886 4.52358 4.74301 4.37015 4.23073 3.9017 4.22212 4.50129 3.61954 3.60093 3.42794 3.95818 3.38575 3.6718 3.26299 3.50763 3.1802 3.15469 3.06908 3.16439
threshold=1079.5000000000002 1354.5000000000002 0.51492869875222824 10.500000000000002 1.5303308823529413 0.53410852713178303 0.67156862745098056 1159.3809523809525 0.70320320320320329 3.4031250000000006 0.71679496922166341 2.5000000000000004 153.25000000000003 0.99350649350649356 6.5000000000000009 61618.066468253972 0.89309523809523828 5.001388503300606 0.043167701863354044 84264.500000000015 0.61061243460626269 0.029198635976129584 1.2500000000000002 10.500000000000002 68338.500000000015 54.250000000000007 9140.0395344078152 3.5000000000000004 0.097800095648015326 627.62500000000011
decision_type=10 10 8 10 2 2 2 8 2 8 8 2 10 2 2 2 2 8 2 2 8 2 10 10 2 8 10 2 2 8
left_child=1 2 3 10 6 27 7 -4 20 11 -1 12 14 15 18 16 17 26 19 -7 -8 -22 -15 -24 -3 -26 -10 -6 -12 -30
right_child=-2 24 4 -5 5 9 8 -9 13 -11 28 -13 -14 22 -16 -17 -18 -19 -20 -21 21 -23 23 -25 25 -27 -28 -29 29 -31
leaf_value=0.0088888925498970019 0.025884994951440799 -0.020370351766777022 0.031352136577578731 0.017016872903580182 0.0066388276948683199 0.038947957696395162 0.010551554587943277 -0.00094976623360763389 -0.014963891189202964 -0.0011393413085937377 -0.023865358875928108 -0.0049075276833048763 -0.004144818845177649 0.0073681287246124055 -0.0053856833843808011 0.016882390395680874 0.019381930297342403 0.014034465661919298 0.0016554259659069216 -0.002416939419493194 -0.018518597904910734 0.0037100125529577407 -0.022333504397114273 0.0086417535303075811 0.017611191855198344 -0.013997717051638476 0.0096908960223492779 -0.020518725966346761 -0.014787250707400591 0.012272627115843713
leaf_weight=7.4568958776071659 10.330195955932139 19.63536183163524 11.733007746748628 4.7755707493051878 6.4669463527388853 26.649877422489229 4.3296761643141499 17.827861991710961 25.23849617224187 16.382130169309676 22.119218808598816 5.4958970565348855 4.8181452080607405 8.6287726862356084 2.6740497266873708 28.822387024760246 6.8382134903222314 7.8217106945812693 4.8146838545799246 2.1933343978598705 39.947127875871956 10.659047700464724 13.330396153032781 3.3103056848049155 4.2615864546969524 3.2158573064953089 4.4308535382151595 6.0619525397196412 5.4782790048047874 5.7428725352510819
leaf_count=248 62 2192 151 118 106 508 102 567 209 301 751 168 129 133 36 263 94 67 118 57 1275 314 173 26 301 349 40 207 175 162
internal_value=0.00196815 0.00084818 0.00239074 -0.0077756 0.00429675 0.0114554 0.00111363 0.0145521 -0.00185444 0.0157827 -0.0122187 0.0212606 0.0249086 0.00369514 0.0287968 0.00792439 0.000979158 -0.00426316 0.0318579 0.0359101 -0.0112757 -0.013924 -0.00783455 -0.0155987 -0.0141292 0.0038553 -0.0104153 -0.00860579 -0.0174832 -0.00142417
internal_weight=341.491 331.161 304.048 45.5728 258.475 75.557 182.918 29.5609 153.357 63.0281 40.7973 46.646 41.1501 98.4211 36.3319 73.1517 44.3293 37.4911 33.6579 28.8432 54.9359 50.6062 25.2695 16.6407 27.1128 7.47744 29.6693 12.5289 33.3404 11.2212
internal_count=9402 9340 6498 1454 5044 1630 3414 718 2696 1317 1336 1016 848 1005 719 673 410 316 683 565 1691 1589 332 199 2842 650 249 313 1088 337
is_linear=0
shrinkage=0.035


Tree=110
num_leaves=31
num_cat=0
split_feature=10 54 14 65 119 118 40 55 78 109 110 72 77 45 1 128 20 98 107 43 71 91 59 0 1 51 0 98 1 15
split_gain=6.83461 7.04668 6.87144 5.83343 5.18701 4.97238 4.49263 4.33008 4.05527 4.01482 4.8485 3.9757 3.89875 3.88346 3.59299 3.5789 4.17732 4.33919 3.56476 3.36016 2.94789 2.90815 2.9081 2.89059 2.79071 2.71142 2.69109 2.66132 2.64974 2.58043
threshold=3.5000000000000004 0.22474747474747478 3.5000000000000004 5.1756548536209559 0.77303240518350214 0.97332859174964448 9.5000000000000018 0.82247899159663873 2.5000000000000004 281.50000000000006 1234.0000000000002 5.5000000000000009 1.5000000000000002 0.14729990356798459 12.500000000000002 0.16333333333333336 2.5000000000000004 1.2526595744680853 31.852784969255051 0.40946348733233989 4.7261640914749208 7695.2167534639984 0.67769272826681248 110.88914351851854 2.5000000000000004 0.02339261285909713 73.533865740740751 0.76986128625472905 22.500000000000004 4.5000000000000009
decision_type=2 8 2 10 10 2 2 10 10 10 8 10 8 2 2 2 2 2 10 2 10 8 2 2 2 2 2 2 2 2
left_child=1 2 13 5 9 7 12 24 11 18 -11 -9 29 15 20 16 17 -1 23 -8 26 -13 -5 27 -4 -10 -15 -3 -2 -6
right_child=28 4 3 22 6 -7 19 8 25 10 -12 21 -14 14 -16 -17 -18 -19 -20 -21 -22 -23 -24 -25 -26 -27 -28 -29 -30 -31
leaf_value=0.0083543418399511134 -0.019889803559943232 -0.0080114973696465541 0.010646108474244945 0.027064234067821904 -0.022188421408239831 -0.023234996016065337 -0.0043663648826596643 -0.0076753289606915145 -0.0084876161782029072 0.028414034107482389 -0.010989317352337871 0.033718291867744152 -0.0040643893191854887 0.026293421636135218 -0.012271518021437154 0.0029433911173692936 -0.0054948017650299028 0.036767394270297397 -0.017122519369307448 0.021772100780859352 -0.011144733792490756 -0.002150406744285481 -0.0043656064058619068 -0.010535279459544671 -0.0093893571817635323 0.014100151344746657 -0.003942333891101984 0.01690381410622728 0.0099610641165055521 0.0067894122154388671
leaf_weight=13.626964479219167 18.239097176119689 3.6730152429081562 6.1343687148764721 9.0687536261975747 27.704770760145042 6.9762256876565507 10.464965210296215 2.745664521586149 15.105060861911626 10.098300743382421 2.1559448256157348 9.4665536605752969 55.086681806016713 7.1860527414828557 8.1760022514499706 13.306601292453704 3.4229809660464516 21.641324127558619 6.4749305830337098 5.9200847842730573 1.9152530832216133 2.7170920926146218 3.1867708708159617 5.7390933646820477 39.7126151220873 4.6619668258354059 3.4743145788088441 16.229555897414684 1.1989864353090514 1.982727208174764
leaf_count=261 1149 143 106 120 1012 63 374 45 186 102 81 95 2011 173 263 193 135 404 308 138 70 53 30 210 854 62 125 434 69 65
internal_value=0.00149258 0.00282203 0.0075133 0.00136292 -0.00280425 -0.00218569 -0.00708602 0.000889002 0.00950549 0.00668658 0.020306 0.0206601 -0.0102755 0.0153184 0.00187352 0.020049 0.0249218 0.0281896 -0.000545374 0.00796012 0.0119447 0.027421 0.0199947 0.00575156 -0.00592533 -0.0013893 0.0183268 0.0116204 -0.0163872 -0.0195534
internal_weight=337.493 318.055 172.525 99.7751 145.53 87.5195 101.159 80.5433 34.6963 44.3708 12.2542 14.9293 84.7742 72.7495 20.7516 51.9979 38.6913 35.2683 32.1166 16.385 12.5756 12.1836 12.2555 25.6417 45.847 19.767 10.6604 19.9026 19.4381 29.6875
internal_count=9334 8116 3238 1614 4878 1464 3600 1401 441 1278 183 193 3088 1624 631 993 800 665 1095 512 368 148 150 787 960 248 298 577 1218 1077
is_linear=0
shrinkage=0.035


Tree=111
num_leaves=31
num_cat=0
split_feature=10 11 118 110 48 103 91 47 116 93 73 1 71 50 47 98 120 11 54 40 32 108 80 45 50 47 26 106 1 92
split_gain=6.76386 6.51888 5.70807 8.10285 4.63242 4.84779 4.78157 4.44937 5.70383 7.21147 6.23325 4.96932 4.87131 6.41046 5.1246 5.87796 4.5391 3.95096 3.90479 3.54728 3.47649 3.69488 3.77642 3.41653 3.00209 3.1089 2.93683 2.85694 2.81133 2.80064
threshold=3.5000000000000004 2.5000000000000004 0.61721611721611735 59.750000000000007 0.045199182839632285 0.6310068649885584 4560.4185777846715 0.094044811320754734 0.83558558558558571 51405.000000000007 13.500000000000002 14.500000000000002 4.8780675354397607 0.078278186274509817 0.045804195804195813 1.0571895424836604 0.044949494949494954 16.500000000000004 0.13840996168582378 14.500000000000002 3.5000000000000004 125.50000000000001 538.25297619047626 0.16575091575091577 0.18634259259259262 0.082988980716253449 5.5000000000000009 1181.822510822511 9.5000000000000018 9918.0000000000018
decision_type=2 2 2 10 2 2 10 2 2 2 8 2 8 2 2 2 2 2 10 2 2 8 8 2 2 2 2 8 2 2
left_child=1 20 24 7 5 -5 -6 8 9 10 -4 -9 14 23 15 19 -10 -2 28 -11 21 22 -1 -14 25 -3 -22 -23 -12 -7
right_child=17 2 3 4 6 29 -8 11 16 12 18 -13 13 -15 -16 -17 -18 -19 -20 -21 26 27 -24 -25 -26 -27 -28 -29 -30 -31
leaf_value=0.010179554776563238 -0.022227936044326834 0.027658754103188844 0.015437005432103202 -0.016846733314600314 -0.008841327450505922 -0.007845763482377437 0.028836860957190864 0.028409024979943805 0.024134089355063094 -0.016827058201022295 -0.011999106786386183 -0.0015545472839506944 0.034021407035458903 -0.0064526893685723594 -0.015094780644916539 0.014633705547671749 -0.0093820035686002102 0.0086779032746519512 -0.019512833299624947 0.0085837163292745086 0.020587589731413052 0.015644303260050108 -0.022152160398841013 -0.001469204688468532 -0.0081814835259023892 -0.0062887912472980347 -0.0096140692586752126 -0.0094264004637960707 0.01158188578223761 0.02219184236318766
leaf_weight=2.2154159857891527 15.875575094483795 19.108529191929854 7.0831302269361904 38.523607810493559 4.7346294452436251 3.4927409999072543 3.2895493214018643 16.688609290402386 20.693154873326424 12.087676955386998 6.1993174431845537 9.1414689752273244 14.450968762394046 6.8689467892982057 12.034098762553183 34.613278221338987 3.3060606792569152 3.7214093725197008 30.25569268502295 7.1392538552172473 4.4517460642382494 5.5582571406848702 25.219283415470272 3.5228812699206165 1.6535049662925292 1.9388947724364687 2.9021769054234028 7.0244442019611606 8.9198849136009795 3.2492454214952886
leaf_count=44 1052 358 124 1770 171 147 127 223 223 212 87 141 191 167 260 622 24 203 619 72 163 106 1436 85 61 60 126 346 128 91
internal_value=0.00194939 0.00327666 0.00539621 0.00362045 -0.00795713 -0.0122708 0.0117457 0.0069373 0.00452708 0.00160144 -0.0082595 0.0192724 0.00743721 0.0191886 0.00196443 0.0067361 0.0186955 -0.015788 -0.0131236 -0.00756742 -0.00812519 -0.0120874 -0.0183745 0.0282594 0.0205314 0.0239246 0.00960153 0.00294775 0.00133389 0.00991603
internal_weight=335.963 316.366 268.995 246.294 53.2898 45.2656 8.02418 193.004 167.174 143.175 52.458 25.8301 90.7171 24.8428 65.8743 53.8402 23.9992 19.597 45.3749 19.2269 47.3713 40.0174 27.4347 17.9739 22.7009 21.0474 7.35392 12.5827 15.1192 6.74199
internal_count=9439 8184 5963 5484 2306 2008 298 3178 2814 2567 958 364 1609 443 1166 906 247 1255 834 284 2221 1932 1480 276 479 418 289 452 215 238
is_linear=0
shrinkage=0.035


Tree=112
num_leaves=31
num_cat=0
split_feature=88 83 96 49 97 86 122 118 110 99 63 71 11 108 109 76 92 72 86 1 96 51 60 4 59 56 99 21 32 110
split_gain=6.93265 7.9676 5.76936 4.18853 5.22235 6.35356 5.15068 5.85891 6.17515 4.82148 4.17462 3.99758 4.67303 4.41823 3.90057 3.86867 3.64796 3.55521 3.52761 3.41353 3.30038 3.29148 4.72311 3.29096 3.08593 3.01027 2.96998 4.20368 3.07289 2.95792
threshold=1079.5000000000002 1537.5000000000002 3.2583333333333337 0.057983193277310933 7.4612907470765828 249.43380008303424 1.5000000000000002 0.68857758620689669 35.250000000000007 0.45643939393939398 0.84292763157894746 2.8891549707155213 4.5000000000000009 31.500000000000004 8175.5000000000009 0.37850674739933959 67753.500000000015 7.5000000000000009 175.17588490727806 22.500000000000004 1.3737745098039218 0.015038444142921758 0.96238207547169818 5.5000000000000009 0.73226861167002022 0.6198686371100165 0.46770833333333339 17.500000000000004 8.5000000000000018 1098.5000000000002
decision_type=10 10 2 2 2 8 2 2 10 2 2 8 2 8 10 8 2 8 10 2 2 2 2 2 2 10 2 2 2 10
left_child=1 2 3 4 5 9 11 25 15 -1 17 12 -7 -13 24 -9 -3 -10 26 -19 -5 22 -17 -18 -14 -8 27 -6 -28 -15
right_child=-2 16 -4 20 18 6 7 8 10 -11 -12 13 14 29 -16 21 23 19 -20 -21 -22 -23 -24 -25 -26 -27 28 -29 -30 -31
leaf_value=-0.0058464011226899903 0.024175241088157311 -0.025661624390594339 0.020062072993027962 -0.0059319591734972891 0.015829502423879777 -0.0076268878034844462 0.028480172999743276 -0.0067333905565748866 0.0021644119645069719 0.028245045325571344 0.016221780582306108 -0.016598466311656321 0.028859710665734426 0.0076834276829821314 -0.010799334306196571 0.030854340956661022 -0.011267527473133117 -0.021445997363231325 0.013633750041172702 0.010662112105206451 0.021860851169156016 -0.0025898984958550066 0.0018183495535631586 0.021256358341104994 -0.0064760661905382327 -0.0047705795331062792 -0.022482720489954689 -0.014942579791052551 -0.0011823820538844362 -0.015943228427640573
leaf_weight=5.0743624651804593 10.329162150621412 15.153192394878717 14.534570090472696 4.8431223966181305 6.8169915704056603 16.658407317474488 11.370502212550489 10.324979589320717 14.825929846148936 12.476171514950691 3.4467765400186172 43.100613272283226 9.9856791235506517 19.457277112640444 2.2472471785731605 14.445962820202112 4.2513553285971275 24.313652119599286 2.9807266918942323 1.6383195901289571 13.203600753098724 8.8688178732991201 11.629321028478444 1.5831621401011942 1.8033611914142955 2.575981360860168 26.848115034867078 5.1362452674657106 12.002235003747044 3.8742246474139383
leaf_count=64 62 2032 182 125 47 581 172 104 525 156 88 1416 173 632 54 163 439 772 32 40 175 147 127 148 38 78 479 34 188 152
internal_value=0.00117323 8.85075e-05 0.00165023 0.000402832 -0.000797187 0.00166276 -0.000310002 0.00500982 0.00119768 0.0192774 -0.00767803 -0.00594352 0.00406143 -0.010527 0.016293 0.00976987 -0.0185268 -0.0112493 -0.0100662 -0.0180241 0.0147334 0.0148786 0.0202808 0.00329448 0.0231355 0.0227004 -0.0125537 0.00209963 -0.0167874 0.00163888
internal_weight=335.8 325.471 304.483 289.949 271.902 218.118 200.567 103.44 89.4938 17.5505 44.2247 97.1268 30.6947 66.4321 14.0363 45.2691 20.9877 40.7779 53.7843 25.952 18.0467 34.9441 26.0753 5.83452 11.789 13.9465 50.8036 11.9532 38.8504 23.3315
internal_count=9425 9363 6744 6562 6262 5482 5262 2216 1966 220 1425 3046 846 2200 265 541 2619 1337 780 812 300 437 290 587 211 250 748 81 667 784
is_linear=0
shrinkage=0.035


Tree=113
num_leaves=31
num_cat=0
split_feature=10 11 82 67 65 60 118 11 61 26 38 110 54 76 75 2 117 118 74 83 50 63 27 82 82 50 109 0 1 20
split_gain=6.9009 7.08241 6.75728 5.41026 5.2054 7.87511 5.04391 4.4899 4.49831 4.39854 4.43311 3.89683 3.88205 5.86917 3.64794 3.52751 4.26779 3.43133 3.41901 3.42604 3.19014 3.1787 3.19197 3.07196 3.00675 3.04511 2.98428 4.08823 2.9601 2.88622
threshold=3.5000000000000004 4.5000000000000009 1.0000000180025095e-35 1.5000000000000002 1.7071428571428573 0.89943820224719107 0.70659971305595415 9.5000000000000018 0.86319073083778985 31.500000000000004 23.500000000000004 127.25000000000001 0.17752100840336138 0.49742925481348316 1.8768939393939397 1.0000000180025095e-35 0.93120351588911443 0.80521680216802183 12.250000000000002 1253.5000000000002 0.21980676328502416 0.46225071225071229 16.500000000000004 468.00000000000006 562.50000000000011 0.092807924203273051 2998.5000000000005 50.229126157407414 19.500000000000004 2.5000000000000004
decision_type=2 2 8 8 8 2 2 2 2 2 2 10 8 10 8 2 2 2 10 10 2 2 2 10 10 2 8 2 2 2
left_child=1 2 -1 26 5 -3 28 8 -8 10 17 21 13 14 -10 -14 23 -9 19 20 -5 -7 -23 -17 25 -19 27 -4 -6 -28
right_child=-2 4 3 18 6 11 7 9 12 -11 -12 -13 15 -15 -16 16 -18 24 -20 -21 -22 22 -24 -25 -26 -27 29 -29 -30 -31
leaf_value=0.028699521671275256 -0.015973539971261167 -0.0079429958988156309 0.0080012381010323552 0.016411761021940981 0.025497598249898789 -0.005427684260994328 0.018815922309458433 -0.0071481341505323396 0.007416296614585819 -0.0067475918592243165 -0.0080805495537043717 -0.0042093502887422677 0.0067537594224118536 0.014866826868624502 -0.022844759602969736 -0.023201998509401901 0.0073338242102717255 0.024395946242504258 -0.0081128706409756609 -0.013640365409837272 -0.0095666657400948901 0.040050242500611039 -0.00032377025160069863 0.0084039198396793913 -0.0048933518717461221 -0.0025135955293425142 -0.021368489238086825 -0.015298524297934525 -0.0074684598120934942 0.0082560585892651923
leaf_weight=2.6901424718089393 18.996852354612201 7.4465023856610086 15.685454862657936 28.060648412443701 13.986450248863546 1.2082834159955442 5.2791768647730342 4.471154272556304 4.8545713662169883 15.344454490579663 7.9345112210139623 2.8430871604941776 7.3793211989104739 17.647351776249707 7.5404796106740841 29.917602005414668 5.5445979302749029 37.755128746386617 18.421511549968272 3.0735689308494321 3.5912919621914616 16.787193077616397 2.6059412653557947 1.7146784798242141 4.1414045654237261 4.8560974439606062 29.842520987149332 11.861770663410423 1.7210570122115303 1.9305923851206888
leaf_count=16 1239 260 493 686 262 46 92 124 87 213 119 112 136 342 155 765 43 506 551 275 149 343 97 15 26 96 1450 602 52 84
internal_value=0.00218827 0.00351134 -0.00331905 -0.00527391 0.00741059 0.0196302 0.0046941 0.00243422 -0.00325271 0.00835255 0.0124898 0.0282448 -0.00589828 0.00351844 -0.0122678 -0.011962 -0.0160371 0.0161114 0.00275597 0.00881718 0.0125612 0.032671 0.0356707 -0.0205755 0.0188115 0.0213873 -0.0121231 -0.00284052 0.0209544 -0.0186906
internal_weight=335.133 316.137 115.158 112.467 200.979 30.891 170.088 154.381 79.8778 74.5028 59.1583 23.4445 74.5986 30.0424 12.3951 44.5562 37.1769 51.2238 53.147 34.7255 31.6519 20.6014 19.3931 31.6323 46.7526 42.6112 59.3203 27.5472 15.7075 31.7731
internal_count=9436 8197 4306 4290 3891 858 3033 2719 1635 1084 871 598 1543 584 242 959 823 752 1661 1110 835 486 440 780 628 602 2629 1095 314 1534
is_linear=0
shrinkage=0.035


Tree=114
num_leaves=31
num_cat=0
split_feature=11 117 117 93 97 96 54 100 76 91 117 71 91 0 100 107 84 41 96 1 63 63 108 87 95 94 36 70 117 44
split_gain=6.35672 5.12577 6.29913 6.56682 5.74787 6.05627 4.41405 5.97473 5.82246 5.7077 5.38814 4.55751 5.33837 4.39077 4.20123 4.0769 4.01357 3.99218 3.59734 3.46437 3.3675 3.34908 2.94308 2.92439 2.80163 3.15144 2.67314 2.66126 2.89785 2.6348
threshold=2.5000000000000004 0.11324786324786326 0.37617924528301894 24277.000000000004 5.004931959903737 3.8166666666666669 0.15894736842105264 0.22902097902097904 0.40458561829460077 6146.7443945091736 0.83192090395480245 5.1253972414153344 4826.7036100195101 2.0223495370370377 0.72077922077922085 2095.2858590069841 680.50000000000011 11.500000000000002 1.3737745098039218 16.500000000000004 0.77664399092970526 0.7117014341590614 56.500000000000007 1.0000000180025095e-35 9052.0000000000018 28717.000000000004 4.5000000000000009 15.292857142857146 0.66018867924528313 0.41561309977151567
decision_type=2 2 2 2 2 2 8 2 8 10 2 10 10 2 2 10 8 10 2 2 2 2 10 8 2 2 2 10 2 2
left_child=22 21 3 29 6 14 8 9 -4 11 -9 12 15 -14 16 18 -6 24 19 -8 -5 -2 23 -1 -10 -26 -25 28 -20 -3
right_child=1 2 4 20 5 -7 7 10 17 -11 -12 -13 13 -15 -16 -17 -18 -19 27 -21 -22 -23 -24 26 25 -27 -28 -29 -30 -31
leaf_value=0.013257248970563301 0.025391483883887407 -0.0080373631370759847 -0.0052863985850974951 -0.023508655379108064 0.012393973611299472 0.021096982094495599 0.04189677609197897 -0.021017246808891655 -0.0024676328358700719 -0.010970458977257617 0.012718080581020046 -0.0084852900961698927 -0.0042571422814256712 0.0480851115564934 0.01710124439876615 -0.0059041018981100934 -0.0075767221039820193 0.0042437016471415859 -0.0099834712197507825 -0.0040880026264751672 0.0054458159858692722 -0.0042676013997703238 0.0025776206075487414 -0.019856520343675532 -0.0013853471805644231 0.039990898012224295 0.0097741467614757011 -0.013826564092959553 0.018532032045242217 0.026093325787333137
leaf_weight=0.60528910905123012 14.39634737186134 1.4383727544918681 8.2469614027068001 21.202219330705706 9.3849978842772526 8.5189573056995851 4.0453703789971831 13.376625164877625 1.9194866637699366 9.561495653819291 4.5432776734232894 5.975044385995715 1.4852309161797155 5.3568596830591559 6.2419620505534104 11.125346375163643 102.19966814899817 10.459966963622717 2.5563543913885942 1.5241151391528545 4.0353878168389192 4.4485961128957561 14.539489358197896 30.159640572965149 2.1609080787748125 15.893729977775363 1.1981079252436746 2.5792738515883675 9.6366384769789857 2.7430703183636069
leaf_count=8 179 83 210 1142 116 130 145 437 38 311 45 167 29 121 102 296 2116 362 118 75 168 75 478 1705 81 330 55 56 148 57
internal_value=0.00140024 0.00339297 0.00196147 -0.0121002 0.00392259 -0.00119132 0.00957088 0.00391821 0.0184094 0.00961221 -0.0115556 0.0147184 0.0188992 0.0397229 -0.00359599 0.00954582 -0.00543755 0.0246703 0.0174934 0.0333319 -0.018744 0.0189633 -0.00995856 -0.0152384 0.0323761 0.0358123 -0.0175359 0.00460305 0.0113888 0.0163694
internal_weight=331.559 285.056 266.211 29.4191 236.792 126.346 110.447 71.7656 38.6811 53.8457 17.9199 44.2842 38.3092 6.84209 117.827 31.4671 111.585 30.4341 20.3418 5.56949 25.2376 18.8449 46.5025 31.963 19.9741 18.0546 31.3577 14.7723 12.193 4.18144
internal_count=9383 7137 6883 1450 5433 2464 2969 1948 1021 1466 482 1155 988 150 2334 838 2232 811 542 220 1310 254 2246 1768 449 411 1760 322 266 140
is_linear=0
shrinkage=0.035


Tree=115
num_leaves=31
num_cat=0
split_feature=88 83 0 56 63 41 9 0 99 74 48 110 77 54 0 111 92 119 51 65 126 50 51 55 116 29 71 28 58 90
split_gain=5.9339 8.19376 4.99823 5.38605 4.60621 4.52914 8.26055 4.29932 3.92463 3.7713 3.62439 3.41559 4.66512 4.46952 3.92968 4.9957 4.02502 3.77415 3.331 3.26568 3.18944 3.26763 3.34686 3.18286 4.21324 2.97604 2.91181 2.70119 2.75712 2.59097
threshold=1079.5000000000002 1341.5000000000002 4.7096238425925927 0.20864427860696519 0.47646733111849399 6.5000000000000009 8.5000000000000018 132.59153356481485 0.45993589743589752 10.250000000000002 0.030076888285843515 59.250000000000007 1.5000000000000002 0.17752100840336138 114.10465277777779 0.084523809523809543 35342.500000000007 0.77303240518350214 0.043167701863354044 1.7290209790209794 2.5000000000000004 0.20416666666666669 0.045804195804195813 0.50247524752475259 0.70938416422287409 8.5000000000000018 6.6348583130479142 6.5000000000000009 0.46998799519807927 71368.500000000015
decision_type=10 10 2 8 2 8 2 2 2 8 2 10 8 10 2 2 2 8 2 10 2 2 2 8 2 2 8 2 2 2
left_child=1 2 9 4 -4 6 11 8 -7 -1 -9 12 13 -5 15 16 -14 19 -8 -13 21 22 27 -18 25 -25 -10 28 -11 -19
right_child=-2 -3 3 5 -6 7 18 10 26 20 -12 17 14 -15 -16 -17 23 29 -20 -21 -22 -23 -24 24 -26 -27 -28 -29 -30 -31
leaf_value=-0.0064195796336984244 0.023001400667607433 -0.016329668857829101 -0.013488607074770132 0.01479288901727382 0.015738654534195921 0.004101828552590025 0.027544088159600327 -0.0085795618356195782 -0.024462148637617177 -0.0057131765901219829 0.020620643359996266 -0.011271275402883644 -0.0026547915276007267 -0.018427012045991075 -0.0086610453176090545 -0.013509956150339659 -0.0039071876358286592 -0.022095269338952946 -0.0054986291295885384 0.019001382891129692 -0.012600250267491283 -0.012674958858430839 -0.0049988542964968189 0.044702683056941722 -0.0058380507758747325 -0.0013705672332829444 0.0048734215926395617 -0.0073113134800408992 0.018140583852465635 5.5944941478482209e-05
leaf_weight=15.707266928628085 10.133855782449244 26.833804869558662 4.1749773230403653 2.5939712757244733 28.357577306218445 7.3165768422186366 11.459112409502266 7.4349696249701065 29.989781895186752 4.169319173321127 4.311171667650342 3.5142922033555788 5.3947763256728747 13.643305229488758 7.1105478429235509 2.4932917263358823 2.054777818731961 20.824616912286732 2.9479033928364506 4.7478547394275665 3.0255900230258694 2.5570837454870334 8.8894383832812292 9.6823252295143885 1.5586100723594434 1.6153108868747938 3.0096959788352242 3.4738245904445639 75.09977643750608 8.5965426880866271
leaf_count=231 62 2914 45 35 351 115 234 217 921 33 108 110 125 357 221 70 53 952 82 103 39 77 161 187 32 41 106 57 1010 374
internal_value=0.00157957 0.000565823 0.00234475 -0.00124713 0.0106906 -0.00409207 0.000441298 -0.0119353 -0.0169117 0.00796662 0.00509465 -0.00409872 0.00227766 -0.0108867 0.00995996 0.0162807 0.0218852 -0.0112593 0.0211083 0.00673012 0.0104914 0.0118309 0.0131352 0.0292008 0.0341048 0.0397157 -0.0214974 0.0152573 0.0166214 -0.016555
internal_weight=332.722 322.588 295.754 182.832 32.5326 150.299 98.2372 52.0622 40.3161 112.922 11.7461 83.8302 46.1469 16.2373 29.9096 22.7991 20.3058 37.6833 14.407 8.26215 97.215 94.1894 91.6324 14.911 12.8562 11.2976 32.9995 82.7429 79.2691 29.4212
internal_count=9423 9361 6447 4839 396 4443 2976 1467 1142 1608 325 2660 1121 392 729 508 438 1539 316 213 1377 1338 1261 313 260 228 1027 1100 1043 1326
is_linear=0
shrinkage=0.035


Tree=116
num_leaves=31
num_cat=0
split_feature=87 96 119 109 32 11 46 108 55 75 91 0 55 98 70 78 55 95 16 54 47 65 1 107 118 93 65 94 85 82
split_gain=5.90649 5.08709 4.54015 5.91724 6.07057 5.16046 6.2886 4.94807 4.0821 4.32471 4.08104 3.62035 3.54161 6.51404 6.08558 4.0533 3.96102 3.84314 3.8021 3.7392 3.20106 3.16792 3.1296 3.01421 3.45459 2.9732 3.25522 2.89398 2.87361 2.78511
threshold=1.5000000000000002 3.60952380952381 0.77303240518350214 255.50000000000003 4.5000000000000009 4.5000000000000009 0.12276295133437992 23.500000000000004 0.3465463108320252 2.3956521739130436 957.17418659397583 15.682447916666669 0.95119047619047625 0.89039039039039047 12.670289855072467 2.5000000000000004 0.63438086303939978 26003.000000000004 22.500000000000004 0.14907407407407411 0.16515151515151519 1.6417112299465242 15.500000000000002 1441.5748728058809 0.76705426356589157 80322.500000000015 2.5590277777777781 80648.250000000015 684.23333333333346 1.0000000180025095e-35
decision_type=8 2 8 10 2 2 2 10 10 10 10 2 10 2 10 10 10 2 2 10 2 10 2 10 2 2 10 2 8 8
left_child=-1 2 3 4 29 8 7 12 -4 20 -8 -12 15 -14 -15 16 19 -17 28 -7 27 -5 23 -18 -25 26 -19 -10 -16 -2
right_child=1 -3 5 21 -6 6 10 -9 9 -11 11 -13 13 14 18 17 22 25 -20 -21 -22 -23 -24 24 -26 -27 -28 -29 -30 -31
leaf_value=0.019649475387279368 0.01519080211468235 0.019736789028162012 0.018165259328875034 -0.0025810994541416148 0.018714346876307048 -0.020159241751526842 -0.012210505146237711 0.018378816814553996 -0.020408195937999488 0.0049232975815738603 0.032574624157509884 0.0038365659350345881 -0.016222931687233107 -0.0084474912485619311 -0.0037211083099909377 -0.018073396253490252 -0.0030206021764186985 -0.0092224409893659591 -0.0039528711161493065 0.0035787135150913726 0.0064140041169298747 0.032161250845541438 -0.0070318038191697725 -0.0068717140469188127 0.03040443340134448 -0.012774573755663925 0.022159238260220902 -9.6216220601961715e-06 0.030423431384707114 -0.01357951695114133
leaf_weight=13.470297705382107 0.62741333432496205 9.2796526011079532 1.5545940967276681 3.2728011868894091 8.3051376063376647 11.616185384802522 2.2697792164981392 7.8903092253021887 52.917918227147311 13.260301321279256 8.8666698746383208 11.258540020324288 9.8833151687867922 10.394256795756517 2.3554218942299547 44.017670187633485 5.9033801630139413 2.9490183242596668 5.1106516448780885 13.432040208484976 5.1597823589108875 8.9068772946484369 7.231053906492888 1.8487883219495405 9.2513772668316943 5.205203741323202 5.9278476312756538 9.9948180625215155 15.600098069757221 21.629101455677301
leaf_count=170 4 144 89 58 112 396 46 180 2570 506 116 275 134 200 72 1278 96 158 73 452 174 86 174 75 181 238 174 362 171 629
internal_value=0.000408218 -0.000705557 -0.00163092 0.00835296 -0.000762857 -0.00337317 5.21297e-06 -0.00259351 -0.0103315 -0.0118967 0.0155251 0.0204607 -0.00424623 0.00388665 0.0111633 -0.00755584 -3.14228e-05 -0.0134302 0.0199311 -0.0089525 -0.0152859 0.0247915 0.00914331 0.0160568 0.0239899 0.00201636 0.0121673 -0.0174068 0.0261094 -0.0101306
internal_weight=329.39 315.92 306.64 42.7413 30.5617 263.899 181.012 158.617 82.8874 81.3328 22.395 20.1252 150.726 43.3437 33.4604 107.383 49.2828 58.0997 23.0662 25.0482 68.0725 12.1797 24.2346 17.0035 11.1002 14.0821 8.87687 62.9127 17.9555 22.2565
internal_count=9393 9223 9079 889 745 8190 4489 4052 3701 3612 437 391 3872 650 516 3222 1374 1848 316 848 3106 144 526 352 256 570 332 2932 243 633
is_linear=0
shrinkage=0.035


Tree=117
num_leaves=31
num_cat=0
split_feature=87 50 118 110 110 65 100 94 106 71 100 119 93 95 71 88 92 118 74 69 71 90 87 91 45 70 97 110 69 66
split_gain=6.61131 6.19375 5.16278 6.99943 6.65063 6.36622 5.46018 6.86572 5.07264 6.34367 5.85289 7.04357 4.92376 4.59883 4.06649 3.85141 3.7567 3.68331 4.54795 4.52579 3.65498 3.64732 3.61569 3.46465 3.32425 4.08139 3.87622 3.69736 3.73422 3.30786
threshold=1.5000000000000002 0.10050505050505053 0.68857758620689669 61.250000000000007 1098.5000000000002 1.8603896103896107 0.61250000000000016 66134.000000000015 687.16666666666674 2.411193067343794 0.054093567251461992 3.1086914497846494 13580.500000000002 233.50000000000003 5.0280023304555712 1076.5000000000002 26170.500000000004 0.82167318982387483 15.250000000000002 1.2500000000000002 4.2024443701488163 78859.617424242446 167.50000000000003 41.891372117465366 0.071796759941089847 12.146428571428574 11.420216075618333 45.750000000000007 2.7500000000000004 1.3420501978246824
decision_type=8 2 2 10 8 8 2 2 10 8 2 10 2 2 10 10 2 2 10 8 10 2 8 10 2 10 2 10 8 8
left_child=-1 2 4 6 5 -2 8 -8 10 -10 11 13 -3 23 -15 -14 29 19 -19 -11 -13 -6 -7 -4 25 -12 -27 -26 -29 -5
right_child=1 12 3 16 21 22 7 -9 9 17 24 20 15 14 -16 -17 -18 18 -20 -21 -22 -23 -24 -25 27 26 -28 28 -30 -31
leaf_value=0.021662476681647242 -0.0034857569055608633 0.016913324584529467 -0.0065051843486001234 0.018524762599318862 -0.018119769515241125 -0.0071132492788018213 0.03452529380622324 -0.0087328179953132766 -0.010092916104105062 0.023222269294035845 -0.01622099555589138 0.024131225219353125 -0.015414565689141606 -0.018491665310573665 0.011476632939506175 0.013838092766702214 -0.017327648725772134 0.031372564143226297 -0.0043036863949944028 -0.0085634712061286467 -0.0023405718171427199 0.01361344126190992 0.032531937727484597 0.021194895964893792 -0.019948589667415209 0.015238839558626031 -0.013017297804260695 -0.011987721104151468 0.025142812075151746 -0.010337863686762028
leaf_weight=14.071688721422104 8.6817341558635253 3.3426391198299816 6.8969638170674425 4.7251951729413095 7.5795311257243139 1.3768079136498297 8.6227866206318122 4.2043988606892517 10.315066181123255 3.2215722785331282 7.8194818063639131 18.795258208643649 48.378011157736182 20.572391491383318 3.4380329595878711 2.2913467581383875 30.405912999995053 17.312434013467286 4.0720307221636167 11.708221101667732 7.6076879515312603 2.4957285546697676 20.548645901959389 7.0497640371322632 30.387727135792375 15.893793663941326 3.9958393895067266 2.4755045683123167 1.4935122374445198 5.1943021868355581
leaf_count=173 353 95 225 222 365 94 128 99 234 97 121 207 2098 479 90 40 1560 348 85 293 94 112 352 163 664 232 50 140 34 247
internal_value=0.00164047 0.00044362 0.0026679 0.000489495 0.0134012 0.0207288 0.00341523 0.0218739 0.00147121 0.0107347 -0.00222382 0.00499805 -0.00984205 -0.00461004 -0.0129621 -0.0129676 -0.0118859 0.0171563 0.0250509 0.00240059 0.0173455 -0.00835114 0.0291838 0.00939484 -0.00952696 -0.00020328 0.00808753 -0.0160655 0.0082117 0.00501154
internal_weight=334.974 320.902 266.89 226.208 40.6824 30.6072 185.882 12.8272 173.055 46.6293 126.426 64.3601 54.012 37.9572 24.0104 50.6694 40.3254 36.3143 21.3845 14.9298 26.4029 10.0753 21.9255 13.9467 62.0659 27.7091 19.8896 34.3567 3.96902 9.9195
internal_count=9494 9321 7088 5812 1276 799 3783 227 3556 1057 2499 1258 2233 957 569 2138 2029 823 433 390 301 477 446 388 1241 403 282 838 174 469
is_linear=0
shrinkage=0.035


Tree=118
num_leaves=31
num_cat=0
split_feature=96 87 86 41 21 11 123 89 21 59 118 110 43 56 55 63 113 32 107 115 60 113 64 96 50 76 98 96 110 70
split_gain=5.13245 4.85879 4.51192 3.84618 4.34402 3.92797 5.46904 5.07036 4.79211 4.47764 5.207 5.04479 4.6601 5.24156 4.42753 4.05947 3.93167 5.08496 3.91864 3.84448 3.46271 3.88678 3.4226 3.33139 3.08098 2.85824 2.82821 3.29596 2.96469 2.80618
threshold=4.0303030303030312 1.5000000000000002 303.99371850685986 16.500000000000004 29.500000000000004 9.5000000000000018 1.0000000180025095e-35 471.75000000000006 11.500000000000002 0.6906926406926408 0.61721611721611735 1234.0000000000002 0.38315602836879442 0.27334993773349942 0.43875000000000003 0.43050193050193059 0.06186224489795919 1.5000000000000002 407.33244047339832 0.259437321937322 0.85610766045548659 0.080322580645161304 0.79285714285714304 1.4124040920716114 0.078501400560224102 0.33210558207753588 1.4127789046653147 1.7979591836734696 195.25000000000003 11.449494949494952
decision_type=2 8 10 8 2 2 2 10 2 2 2 10 2 8 10 2 2 2 8 2 2 2 2 2 2 10 2 2 10 10
left_child=1 -1 3 5 -5 6 9 26 14 10 11 -3 13 -12 -7 25 17 -11 -18 23 -17 29 -4 -10 -16 -14 28 -28 -8 -22
right_child=-2 2 22 4 -6 8 7 -9 19 16 12 -13 15 -15 24 20 18 -19 -20 -21 21 -23 -24 -25 -26 -27 27 -29 -30 -31
leaf_value=0.017041942800394588 0.022694209545951503 0.022404368011641827 0.013296425457343867 -0.019897585259688589 0.0096898657731513856 -0.010175803747436318 -0.020706738517096666 0.013254774830561866 0.011086497387307085 -0.0043469147067121032 0.0086245914307630876 -0.013540144862105287 0.0072135120868913796 -0.026169927121395528 0.02704174222891018 -0.012872701382603689 -0.0060087999554763547 0.018349833726636323 0.02972429897027537 0.014752511423123872 -0.0057580112079644438 -0.011752820171729518 -0.021090631870406475 -0.01470511191784594 -0.00084352844209500922 -0.019119391010458734 -0.0095689629633240285 0.01269223031314984 0.008052372293344873 0.023276599810357922
leaf_weight=13.379213695414363 7.1748927980661383 11.363539987709371 0.75939927063882606 17.454981544986371 4.9041471332311621 3.2896928153932121 33.382699085399508 7.0047161076217881 4.2580274504143807 31.973648001439869 4.3076399108395007 2.9239373994059852 4.1840767548419526 16.867612026166171 20.679721576161686 3.7399423765018609 2.9594614976085696 13.201827660202978 11.552610212936997 7.5286839823238543 2.9172335527837339 2.8918679566122583 16.026267307344824 18.150786150246859 5.6199142336845389 11.394396936055271 21.435680864378813 6.9468088955618432 2.32368638832122 16.489951993338764
leaf_count=169 113 193 42 587 77 163 841 317 131 917 78 141 126 644 275 106 96 266 251 71 105 88 1571 224 147 361 840 97 47 346
internal_value=0.000388133 -0.000453678 -0.00147857 -0.000318053 -0.0128231 0.000943818 -0.00136737 -0.00891032 0.00849485 0.00272951 -0.00280835 0.0134452 -0.00722546 -0.0187964 0.0173785 4.64565e-05 0.00954538 0.00345346 0.0227648 -0.00151603 0.00803399 0.0132559 -0.0168403 -0.00867589 0.0219001 -0.0120126 -0.0121168 -0.00303544 -0.018076 0.0186267
internal_weight=327.087 319.912 306.533 289.747 22.3591 267.388 207.861 71.0936 59.5268 136.768 77.0802 14.2875 62.7927 21.1753 29.5893 41.6175 59.6875 45.1755 14.5121 29.9375 26.039 22.2991 16.7857 22.4088 26.2996 15.5785 64.0889 28.3825 35.7064 19.4072
internal_count=9430 9317 9148 7535 664 6871 5860 2142 1011 3718 2188 334 1854 722 585 1132 1530 1183 347 426 645 539 1613 355 422 487 1825 937 888 451
is_linear=0
shrinkage=0.035


Tree=119
num_leaves=31
num_cat=0
split_feature=87 45 56 81 82 70 20 110 118 70 54 43 123 32 11 82 14 38 109 70 94 115 119 63 36 110 55 66 66 55
split_gain=6.83888 6.04207 5.66056 6.74685 4.73535 4.2451 5.2823 4.2305 3.86227 3.7103 3.8392 3.57333 3.24769 3.43505 3.10951 3.27336 3.03137 2.99475 2.95351 2.846 2.79935 2.77226 2.76166 2.74435 2.69341 2.99206 2.67139 3.38189 2.63164 2.61002
threshold=1.5000000000000002 0.07634032634032635 0.20864427860696519 243.08262478922265 8.5000000000000018 13.891812865497078 1.5000000000000002 1098.5000000000002 0.84045454545454557 17.677083333333339 0.15504807692307696 0.26365441906653431 1.0000000180025095e-35 9.5000000000000018 14.500000000000002 3.5000000000000004 8.5000000000000018 4.5000000000000009 281.50000000000006 14.912878787878789 27420.750000000004 0.13574938574938578 1.8189859115239608 0.39642857142857152 12.500000000000002 191.25000000000003 0.83130081300813019 2.0692378095127695 1.2755285514799304 0.73993558776167478
decision_type=8 2 8 8 10 10 2 10 2 10 8 2 2 2 2 8 2 2 10 10 2 2 10 2 2 10 10 10 10 10
left_child=20 4 8 -4 5 6 7 17 -3 10 -7 -8 13 26 15 -14 -13 23 -11 -16 -1 -15 -6 -2 25 -17 27 -5 -28 -10
right_child=1 2 3 12 22 9 11 -9 29 18 -12 16 14 21 19 24 -18 -19 -20 -21 -22 -23 -24 -25 -26 -27 28 -29 -30 -31
leaf_value=-0.0037605928594936062 -0.0013895707801919526 0.022744802899900898 0.017326140411037933 -0.019160518317065917 -0.016690678759194309 0.0079589766389835514 0.013183575461467199 -0.012201941835833296 -0.012988598973961695 -0.0075131525578877633 -0.012030314798222686 -0.021872834103918274 0.013809067515103968 0.022752864308518 -0.0076520141658328123 -0.020981057442043434 0.009879127479470895 -0.0043964613856412524 0.025360281860863327 0.021801970966456106 0.028388212764537395 -0.0064608113975755006 0.0035738391635788949 0.023278718424662469 0.0053166789895538668 0.0037593516676692178 0.01114213952348563 0.0061680416426849885 -0.010690296996903721 0.0093897948409509494
leaf_weight=2.8771768924780181 5.5292678140103808 9.3430734477005917 8.1218778723850829 19.193200033158067 12.704478303203361 14.45413260348141 4.2995322076603761 2.5158046036958686 7.4867269336245945 2.2256576716899863 26.593803524971008 8.2014348413795215 0.82796542113646765 5.5395070142112655 5.8113118736073366 59.638942446326837 1.8109407238662232 4.5844448059797278 5.3535701003856957 1.6620776155032215 10.266562679782508 3.5515008368529379 12.69077888317406 50.625388742424548 4.022698611021041 5.0719242324121288 12.412190652685242 6.0767023535445324 6.2827272668946526 8.1808418836444599
leaf_count=30 193 180 66 898 693 189 101 97 182 61 547 204 41 137 248 2523 23 53 81 41 134 92 526 860 96 154 538 182 187 91
internal_value=0.0013593 0.000152649 -0.0044553 -0.00724304 0.00509808 0.00785539 0.0126873 0.016796 0.00959029 -0.000316377 -0.00489161 -0.00511941 -0.00936146 -0.00236471 -0.0137425 -0.0159584 -0.0147523 0.0188338 0.0165576 0.00501212 0.0222538 0.0130973 -0.00764184 0.0209347 -0.017229 -0.0189114 -0.00657287 -0.013057 0.00309743 -0.00185894
internal_weight=327.956 314.813 163.223 138.213 151.589 126.194 77.5668 63.2549 25.0106 48.6272 41.0479 14.3119 130.091 53.0558 77.0349 69.5615 10.0124 60.7391 7.57923 7.47339 13.1437 9.09101 25.3953 56.1547 68.7336 64.7109 43.9648 25.2699 18.6949 15.6676
internal_count=9448 9284 5656 5203 3628 2409 1531 1203 453 878 736 328 5137 2034 3103 2814 227 1106 142 289 164 229 1219 1053 2773 2677 1805 1080 725 273
is_linear=0
shrinkage=0.035


Tree=120
num_leaves=31
num_cat=1
split_feature=83 133 66 50 54 8 0 38 84 47 0 30 113 64 110 1 76 71 107 44 4 88 101 75 70 35 115 110 60 110
split_gain=6.41566 5.03753 6.07442 6.81242 6.29931 5.21602 4.13391 5.41219 3.34063 3.19526 3.80676 3.16739 3.17564 3.13844 2.8055 2.78854 3.0077 3.45831 3.66894 3.59562 2.75486 2.75193 2.72791 2.68833 3.53337 2.74523 2.744 2.94162 2.66319 2.42554
threshold=1537.5000000000002 0 1.3792679969468657 0.073350071736011491 0.16954022988505749 1.5000000000000002 15.682447916666669 15.500000000000002 317.25000000000006 0.073801742919389998 64.677031250000013 1.0000000180025095e-35 0.1526806526806527 0.79285714285714304 29.250000000000004 22.500000000000004 0.80984165916683415 1.5025210155124435 1808.5692764999842 0.38847429519071314 4.5000000000000009 1079.5000000000002 0.12250000000000001 1.6715686274509807 12.377155172413795 2.5000000000000004 0.25101626016260165 20.750000000000004 0.90219990435198483 17.250000000000004
decision_type=10 1 8 2 8 2 2 2 10 2 2 2 2 2 8 2 10 8 8 2 2 10 2 8 10 2 2 10 2 10
left_child=1 5 3 4 -3 6 7 -1 -7 -6 -11 12 -8 -2 -13 16 17 18 19 -4 -5 -15 -17 24 25 -19 29 -28 -18 -25
right_child=13 2 15 20 9 8 11 -9 -10 10 -12 14 -14 21 -16 22 28 23 -20 -21 -22 -23 -24 26 -26 -27 27 -29 -30 -31
leaf_value=0.021958393345636453 0.013618230768354613 0.028415746002766962 0.029986279410072002 0.0076943279699367845 -0.0066081545447474986 -0.016078815909530725 0.010957827344246052 -0.0081945895285143039 0.0085013333177093274 0.025739666938124718 -0.010238519886595677 0.0074715047058517229 -0.013949606051453121 -0.02198954918153358 -0.016550580724793946 0.024163789971933313 0.020188228330455624 0.012478678509915745 -0.013158678336564835 -0.0065702134398408964 -0.01620985239947851 0.008109832716919901 -0.0078284021571650465 0.0040988291006355954 0.01822586766838841 -0.01688690122761502 -0.011024606388395588 0.014216714210189494 -0.0050151617092019131 -0.020771733631557127
leaf_weight=44.878027719445527 0.74544800259173172 17.353044860996306 3.8060202766209814 5.3597532985731986 16.102219989523295 12.434987958520653 52.033727691974491 5.8845290355384341 7.075793814379721 5.6100781308487049 2.1734973462298512 6.3100267061963651 2.7544235503301016 18.390541631728414 9.4415142242796719 2.5872094547376028 4.124055969528853 1.4313758127391318 3.0831545591354379 2.8843660205602646 12.182358443271367 1.7775598764419545 2.4794917982071638 3.6716413851827374 4.129907550290226 7.9688089191913605 8.5663639623671752 4.7069612508639684 8.3114113956689817 44.48470200272277
leaf_count=577 70 304 53 215 593 206 1010 56 99 76 61 76 73 2539 292 43 92 42 83 46 466 11 87 109 77 235 115 134 187 1342
internal_value=0.00206856 0.00345174 -0.000792446 0.00778561 0.015039 0.00816563 0.0108338 0.0180416 -0.00724879 0.00208432 0.015618 0.00479592 0.00864376 -0.0147081 -0.00744583 -0.00585751 -0.00736933 -0.00969936 0.00716783 0.0181566 -0.00881959 -0.0182526 0.0123956 -0.0122093 0.00149231 -0.00963515 -0.0151123 -0.000632765 0.00673568 -0.0186683
internal_weight=322.743 301.829 161.016 58.781 41.2388 140.813 121.302 50.7626 19.5108 23.8858 7.78358 70.5397 54.7882 20.9135 15.7515 102.235 97.1688 84.7333 9.77354 6.69039 17.5421 20.1681 5.0667 74.9598 13.5301 9.40018 61.4297 13.2733 12.4355 48.1563
internal_count=9369 6749 4360 1715 1034 2389 2084 633 305 730 137 1451 1083 2620 368 2645 2515 2236 182 99 681 2550 130 2054 354 277 1700 249 279 1451
cat_boundaries=0 1
cat_threshold=2
is_linear=0
shrinkage=0.035


Tree=121
num_leaves=31
num_cat=0
split_feature=69 98 55 1 108 49 50 76 47 45 116 114 81 30 8 110 97 98 23 116 59 122 3 32 92 46 80 109 119 64
split_gain=5.33662 4.24516 7.80337 4.51662 3.89606 3.62683 3.5573 4.58369 3.40351 5.65981 4.17267 3.78536 3.4918 3.42022 3.04858 3.17229 3.02024 2.99655 3.62901 2.85707 3.66937 2.80494 2.76196 3.14654 3.04452 3.6487 2.87588 2.65558 2.65288 2.56457
threshold=2.7500000000000004 1.1644144144144146 0.77525466893039063 14.500000000000002 46.500000000000007 0.064866760168302964 0.077422577422577438 0.57814224635573275 0.040956108470785575 0.20483682983682985 0.27346041055718479 0.13245614035087722 185.75823001011639 6.5000000000000009 1.5000000000000002 85.250000000000014 1.9644910455513627 1.3021739130434786 4.5000000000000009 0.70938416422287409 0.85934065934065951 1.0000000180025095e-35 3.5000000000000004 31.500000000000004 72647.500000000015 0.13484848484848486 597.96875000000011 7032.5000000000009 0.37282449471082063 0.92705099778270517
decision_type=8 2 10 2 10 2 2 8 2 2 2 2 8 2 2 10 2 2 2 2 2 2 2 2 2 2 10 10 8 2
left_child=1 4 3 6 19 -5 7 21 9 13 -10 12 -12 22 15 17 -6 27 29 20 -1 -3 -2 24 25 26 -24 -4 -11 -19
right_child=8 2 14 5 16 -7 -8 -9 10 28 11 -13 -14 -15 -16 -17 -18 18 -20 -21 -22 -23 23 -25 -26 -27 -28 -29 -30 -31
leaf_value=-0.020304499164074223 -0.0027561186289366242 -0.0052781293970812727 -0.014191199908456754 -0.020296055441350942 -0.010691456265178062 0.010537905534199097 -0.011764874722672458 -0.0072028663926524778 0.013829007674821217 0.011815375002768986 0.011842454649172164 0.0088939680549371264 -0.022302705227045087 -0.0048773454411564967 -0.011008641274353165 -0.0024242588044212149 0.018870486783471221 0.028727089571297063 -0.0079025087610715087 0.002110840988064328 0.00897356305031549 0.020921590006405092 0.027360799260927132 -0.0058473469327097148 0.00085682918129596135 -0.0035214030077076216 0.001922539309799587 0.012772569182698999 -0.016790733047234118 -0.0043526458789362099
leaf_weight=39.339691865025088 8.954204354900865 4.2933766138739911 3.9271131670102468 25.146006610710177 3.0035149534232897 2.3453396600671104 15.260981966741381 15.053517914609982 7.0563157896976945 1.4187578321434529 1.1803314909339011 5.5677416138350955 16.271040060557425 10.767305074259637 3.4177328750956795 10.945671114837749 5.3606106974184513 23.488292438210927 2.1475058388896278 10.097071914467959 3.1010666191577902 16.265367859741673 42.269073270261288 4.9222336011007419 10.731905239634214 5.1809432920999816 7.0474642810877404 3.9874859023839235 10.327645058510825 1.8488547238521267
leaf_count=1566 335 167 81 1142 145 61 782 551 212 24 8 111 329 150 109 479 136 457 63 142 64 492 558 54 193 131 199 67 449 138
internal_value=0.000553831 -0.00318671 0.00050686 -0.00625443 -0.0104062 -0.0164487 0.000233438 0.00619052 0.00584302 0.00880895 -0.00400552 -0.0109647 -0.0178702 0.0118129 0.0107532 0.0132738 0.00822654 0.017827 0.0225365 -0.0138297 -0.0174449 0.015488 0.0142396 0.016448 0.0184269 0.0215241 0.0242372 -0.000920908 -0.0108395 0.0259937
internal_weight=320.724 189.029 128.127 78.3646 60.902 27.4913 50.8732 35.6123 131.695 101.62 30.0754 23.0191 17.4514 89.8731 49.7627 46.3449 8.36413 35.3993 27.4847 52.5378 42.4408 20.5587 79.1058 70.1516 65.2294 54.4975 49.3165 7.9146 11.7464 25.3371
internal_count=9395 6642 4589 3195 2053 1203 1992 1210 2753 2093 660 448 337 1620 1394 1285 281 806 658 1772 1630 659 1470 1135 1081 888 757 148 473 595
is_linear=0
shrinkage=0.035


Tree=122
num_leaves=31
num_cat=0
split_feature=88 86 110 118 110 119 64 107 98 55 70 64 98 65 0 59 86 109 73 23 96 59 0 92 92 30 11 47 125 49
split_gain=5.19262 6.59909 5.20299 7.56583 5.74019 6.54267 5.12403 4.85319 5.27709 4.8276 4.82739 4.79464 4.46737 4.47431 4.46622 4.33075 4.14623 4.11642 3.93018 3.83045 3.5867 3.1704 3.24724 3.1068 3.22615 2.97399 2.8222 2.66397 3.14989 2.99375
threshold=1079.5000000000002 287.39754870672448 1234.0000000000002 0.48333333333333339 82.250000000000014 0.8704386226815618 0.79285714285714304 1441.5748728058809 0.84731934731934744 0.81698564593301448 14.509259259259261 0.89009661835748799 1.3779761904761907 3.5075757575757582 0.56244212962962969 0.75171232876712335 80.722294882315595 281.50000000000006 14.500000000000002 4.5000000000000009 1.283482142857143 0.48742928975487121 110.88914351851854 40034.000000000007 60428.500000000007 2.5000000000000004 4.5000000000000009 0.13714733542319751 6.5000000000000009 0.098387096774193564
decision_type=10 10 8 2 10 10 2 10 2 10 8 2 2 8 2 2 8 10 10 2 2 2 2 2 2 2 2 2 2 2
left_child=1 2 3 -1 7 17 -3 9 -9 11 15 27 13 -11 -7 18 -15 -6 -10 20 -20 -12 -23 25 -25 -22 -17 28 29 -5
right_child=-2 6 -4 4 5 14 -8 8 10 12 21 -13 -14 16 -16 26 -18 -19 19 -21 23 22 -24 24 -26 -27 -28 -29 -30 -31
leaf_value=0.024812381221949648 0.020837582290284845 0.016875723254607677 -0.018502014331306681 -0.019971602880277963 -0.0081885323317586432 0.010460880136338684 -0.021575972173282713 -0.012359196957393927 -0.015865152349811111 -0.011004901041529241 -0.0082788338629452875 0.013143292864339802 0.018435231937931069 -0.016204786046740003 -0.021755843368461664 -0.0066784337227750699 0.015753883370276289 0.022822916444811749 -0.013152037671964704 -0.012072576238649366 0.026142399806314956 0.028032841984543894 -0.00043109848897026726 -0.012296018883197989 0.011766421628053258 -0.0051623033026444252 0.02461568009331367 0.0073013753820442779 0.00682631367984357 0.0093486849220757832
leaf_weight=12.703456989955155 10.581743463873861 1.2709633028134728 10.03952947212383 39.114404066465795 6.2592695010825974 3.1855888613499728 20.337632833281532 9.4666507802903634 9.6827355334535223 21.819483276922256 1.8352049100212742 6.6026820978149763 16.016919922549278 2.0522492169402566 28.280787971569225 2.1672097123228005 17.296041484922171 6.1086885030381382 3.5708699563983819 8.8050140286795777 15.354084714315833 25.557902904693041 5.6710221762768915 7.2493514730595079 10.485325988382099 2.7604926144704214 12.083191437181084 4.6291064387187353 4.7200561650097361 1.8428523577749718
leaf_count=136 66 65 495 980 267 80 2019 172 250 463 35 178 315 17 1393 78 243 69 150 278 260 480 163 183 196 34 229 70 78 24
internal_value=0.00111172 0.000139815 0.00161763 0.00263204 0.00117021 -0.00976951 -0.0165682 0.00343035 0.00835992 -0.00166787 0.0107001 -0.00852715 0.00529511 -0.00126012 -0.0175072 0.00497613 0.00973247 0.00928928 0.000179642 0.0045889 0.00925047 0.0208973 0.0235178 0.0128186 0.00138945 0.0212871 0.019358 -0.0123025 -0.0148136 -0.0177788
internal_weight=327.551 316.969 295.36 285.321 272.617 43.8343 21.6086 228.783 114.689 114.094 105.222 56.9091 57.1847 41.1678 31.4664 72.1583 19.3483 12.368 57.9079 48.2251 39.4201 33.0641 31.2289 35.8493 17.7347 18.1146 14.2504 50.3064 45.6773 40.9573
internal_count=9466 9400 7316 6821 6685 1809 2084 4876 2508 2368 2336 1330 1038 723 1473 1658 260 336 1351 1101 823 678 643 673 379 294 307 1152 1082 1004
is_linear=0
shrinkage=0.035


Tree=123
num_leaves=31
num_cat=0
split_feature=88 83 96 118 98 110 50 57 110 55 32 61 72 117 92 110 23 94 120 70 96 116 107 64 81 72 43 95 61 84
split_gain=6.25898 5.32594 3.99237 3.47731 6.27339 5.9729 6.45109 4.42447 4.39954 3.89945 6.07942 5.48079 7.44861 4.76057 4.54259 4.81677 4.27977 4.14894 3.59076 3.48 3.96053 3.41533 3.17469 3.12726 3.42161 2.94888 2.91604 3.60836 3.21821 3.165
threshold=1079.5000000000002 1341.5000000000002 4.2583333333333337 0.67156862745098056 1.037749287749288 1098.5000000000002 0.045199182839632285 0.48683298683298687 21.750000000000004 0.77525466893039063 8.5000000000000018 0.96638418079096056 12.500000000000002 0.67890835579514841 38904.000000000007 25.250000000000004 1.0000000180025095e-35 61273.500000000007 0.036429993364299938 15.486842105263159 1.569805194805195 0.72281323877068571 39.091238813825591 0.95683229813664605 577.99737447218195 6.5000000000000009 0.46720430107526884 27188.500000000004 0.93369963369963382 761.75000000000011
decision_type=10 10 2 2 2 10 2 8 10 10 2 2 8 2 2 10 2 2 2 10 2 2 8 2 10 10 2 2 2 8
left_child=1 2 3 5 7 6 -1 8 -5 11 13 16 14 22 15 -13 -6 -16 -12 20 -9 -15 -11 24 -3 -17 27 29 -29 -18
right_child=-2 23 -4 4 9 -7 -8 19 -10 10 18 12 -14 21 17 25 26 -19 -20 -21 -22 -23 -24 -25 -26 -27 -28 28 -30 -31
leaf_value=0.021733313303230053 0.024468121169530455 -0.010344044266963622 0.02201633881648743 -0.00026935577410092072 0.011665748925658428 -0.014889219066913222 -0.0065672744140897986 -0.0078981009065927053 -0.027567418102038804 0.015291686544108831 0.029094491314436505 -0.00363072871004634 -0.015284725375606191 0.017386275168123255 -0.014291380767731111 0.0012405810041332835 0.0095122928623775638 0.010959585703541648 -0.0068131725576661443 -0.015774157374679305 0.013807509011879904 -0.0070831705901253563 -0.014504412444006761 -0.022430996602689334 0.01904353764089296 0.039101306528435256 0.0097416328403934632 0.017043800452112085 -0.012018257352338189 -0.022961289369603274
leaf_weight=29.51929090404883 8.7475373484194261 7.9848342975601554 6.45628348737955 10.782171783968808 6.3113342719152561 6.4363051652908316 11.119692082982509 14.383282100781797 17.6008963258937 1.1260943571105624 15.483311605174096 4.8741599470376995 10.783976211212574 18.682229488156739 7.778029874898496 3.4455401673912993 1.3976362477987994 16.336112464778125 2.1076024947687975 9.7409534836187941 17.790206832811236 6.6935791224241248 18.180825078394264 13.833308154484257 2.7581767328083515 9.7335934177972359 2.9330377159640184 4.1974419606849533 4.6358073591254652 30.634843626525253
leaf_count=638 58 741 105 81 118 265 327 490 434 25 202 59 285 195 195 88 11 397 47 211 227 56 593 1675 460 201 52 123 149 878
internal_value=0.00135222 0.000333997 0.00175236 0.000915009 -0.00087612 0.00910371 0.0141185 -0.00927309 -0.0187909 0.00286152 0.00942269 -0.00135553 0.0062241 0.00173848 0.012762 0.0238894 -0.00920296 0.00175926 0.0242366 -0.00151214 0.00434678 0.0108283 -0.00997847 -0.0138294 0.000852914 0.0322667 -0.0130973 -0.0156198 0.00296053 -0.0204514
internal_weight=322.488 313.741 289.164 282.708 235.633 47.0753 40.639 70.2975 28.3831 165.335 62.2736 103.062 52.9514 44.6827 42.1674 18.0533 50.1101 24.1141 17.5909 41.9144 32.1735 25.3758 19.3069 24.5763 10.743 13.1791 43.7988 40.8657 8.83325 32.0325
internal_count=9386 9328 6452 6347 5117 1230 965 1443 515 3674 1118 2556 1225 869 940 348 1331 592 249 928 717 251 618 2876 1201 289 1213 1161 272 889
is_linear=0
shrinkage=0.035


Tree=124
num_leaves=31
num_cat=0
split_feature=50 65 76 9 110 110 3 60 110 110 98 93 46 44 97 2 43 55 44 46 16 70 115 92 97 93 116 96 61 116
split_gain=6.40607 5.51487 4.19273 5.6962 5.74427 5.28197 5.6018 5.57187 5.04083 4.47286 4.05373 3.65938 3.49998 3.38232 3.70332 3.38056 3.32699 3.2873 3.16482 3.06088 3.24407 2.95913 2.92173 2.89083 2.79978 2.78954 2.7118 3.4726 2.58124 2.50222
threshold=0.079595736122284808 2.5590277777777781 0.51998804968410772 17.500000000000004 195.25000000000003 61.250000000000007 26.500000000000004 0.94399641577060944 270.75000000000006 1098.5000000000002 0.87068004459308812 80179.500000000015 0.13245614035087722 0.35653753026634388 7.8779758495951082 5.5000000000000009 0.31782106782106784 0.45534290271132377 0.36140661938534285 0.025320512820512824 30.500000000000004 13.33854166666667 0.34738243123336293 3908.5000000000005 2.5361161738017999 51987.500000000007 0.87577160493827166 1.5270467836257311 0.93231791113147056 0.28452380952380957
decision_type=2 10 8 2 10 8 2 2 10 10 2 2 2 2 2 2 2 10 2 2 2 10 2 2 2 2 2 2 2 2
left_child=2 -2 3 4 18 6 7 10 11 -10 -4 12 -7 16 -15 22 -3 -5 25 -19 -21 -9 29 -20 -13 -1 27 -8 -27 -12
right_child=1 13 5 17 -6 8 26 21 9 -11 15 24 -14 14 -16 -17 -18 19 23 20 -22 -23 -24 -25 -26 28 -28 -29 -30 -31
leaf_value=-0.010594538404799708 -0.014854032060650904 -0.020136428096708577 -0.0026303677322858884 -0.012192604633467377 0.016072800103943699 -0.021085535235096438 0.013643008141540474 0.013351028490727236 0.022773714676485209 -0.0094089303712025767 0.0021216443597842994 0.019794370116292346 0.0067434866913077089 0.019300897405180237 -0.011757826349852622 0.0010517646406754952 0.0056665136117020161 -0.0053576131595977428 0.010811500789694322 0.027720029523087109 -0.0042835695734716088 -0.0061698268201826473 0.00019954561447277524 -0.01640123138356232 -0.0083154074015124417 -0.0096104179509198615 0.0166686173517318 -0.011753632293469865 0.014301550424391202 0.043907653787088045
leaf_weight=11.991080694366248 43.365908185020089 6.4737513507716384 3.9037007894367006 2.1414571222849217 8.5030176651198399 18.756450372049592 4.4010133927222403 20.092975254636261 10.223268698435275 4.6994650466367593 2.4742492209188738 4.1209525074809772 4.5961997697595498 13.828914413461463 2.5611906012054524 4.0788100019562981 9.5887811044231039 4.277349577285352 1.9024843359366048 14.122990029864015 3.3498661662451914 11.56582837528549 2.515682778786867 42.818792189937085 4.3259520838037133 3.8139923845883468 3.7825786881148806 19.552057194756344 13.865969951730222 17.409804811468348
leaf_count=334 2129 258 81 94 175 1019 134 449 121 214 86 176 178 304 54 95 257 65 36 209 71 304 59 982 192 173 58 404 344 313
internal_value=0.00125351 -0.00732864 0.00402181 -0.00116284 -0.00554678 0.00797568 0.0127282 0.0182016 -0.00150385 0.012821 0.027908 -0.00905476 -0.015385 0.00336796 0.0128336 0.0321129 -0.0070444 0.0123754 -0.0088745 0.0166211 0.0219964 0.00635069 0.0365449 -0.0142728 0.00765934 0.000146918 -0.000425356 -0.00553716 0.00816167 0.0401791
internal_weight=319.105 75.8185 243.286 106.787 82.8953 136.499 89.7767 62.0411 46.7223 14.9227 30.3822 31.7996 23.3527 32.4526 16.3901 26.4785 16.0625 23.8917 74.3923 21.7502 17.4729 31.6588 22.3997 44.7213 8.4469 29.671 27.7356 23.9531 17.68 19.8841
internal_count=9368 3002 6366 2483 2044 3883 1983 1387 1900 335 634 1565 1197 873 358 553 515 439 1869 345 280 753 458 1018 368 851 596 538 517 399
is_linear=0
shrinkage=0.035


Tree=125
num_leaves=31
num_cat=0
split_feature=87 86 116 117 106 98 110 23 128 59 50 120 68 72 44 99 95 28 91 94 64 10 107 91 71 56 44 93 45 1
split_gain=6.88979 5.05125 4.38691 4.79741 5.31519 5.03016 5.3381 5.82758 4.91058 6.31827 5.35303 4.86096 5.40036 4.18432 4.12448 4.03261 4.03153 3.99258 3.72971 3.6348 3.49503 3.2853 3.25936 3.1687 3.11447 2.92487 2.89934 2.81206 2.80792 3.74863
threshold=1.5000000000000002 303.99371850685986 0.90521114106019784 0.12916666666666668 1181.822510822511 1.320714285714286 90.250000000000014 4.5000000000000009 0.2834821428571429 0.52730883813306861 0.081356867071152791 0.020942982456140354 15.500000000000002 9.5000000000000018 0.48038461538461547 0.4188596491228071 2336.5000000000005 1.5000000000000002 5803.9471686479301 27420.750000000004 0.79285714285714304 2.5000000000000004 60.321008406321198 103.40235143913883 1.0068968775248519 0.66811594202898561 0.95833333333333337 18836.000000000004 0.13015245623941277 16.500000000000004
decision_type=8 10 2 2 8 2 10 2 2 2 2 2 10 10 2 2 2 2 10 2 2 2 8 10 8 10 2 2 2 2
left_child=19 2 3 4 22 11 7 8 9 -7 17 12 14 -9 15 -5 -13 23 -16 -1 -3 24 -2 -11 -18 -26 -6 -25 -12 -30
right_child=1 20 -4 5 26 6 -8 13 -10 10 28 16 -14 -15 18 -17 21 -19 -20 -21 -22 -23 -24 27 25 -27 -28 -29 29 -31
leaf_value=-0.0044976469378511831 -0.0071893034041872611 0.013719537462974662 0.016661769064893174 0.0037780018615328121 -0.011797765601527177 -0.0094007631951403704 -0.013242046195036977 -0.018915429757544108 -0.005973590624905583 -0.00096311419254582634 -0.0072860101268607085 -0.016671806585064928 0.016379181681160149 0.01052520201406533 -0.0092410056315431373 -0.02402063799790409 -0.0097720994649956889 -0.0063813528382833115 0.01373384817525136 0.030279257563616487 -0.021125027626494288 -0.0092647630226356768 0.02536920817225205 -0.00070354046971725403 0.022836528387887689 -0.0068483595826511721 0.014278141744144535 0.03291403575240899 0.023327344340372671 -0.011209200271174866
leaf_weight=3.3740645796060553 2.2419447205029455 0.71237569069489559 16.175104733090848 6.0723394479136905 11.551049377303569 9.445406284183262 15.824007190065457 12.849472642177718 16.677652668673545 4.1294630835764101 12.570259072119372 4.5706441493239245 4.0175862801261237 4.9879733317065975 29.99003998702392 37.093368750298396 2.495460360310978 2.9813155410811296 6.7278652044478795 9.5457249307073635 14.924499200191349 5.7021713606081894 18.216971297282726 3.1046470152214161 18.670289259869609 2.5476229027844957 2.8624621173366895 30.960938124218956 6.6747241744305921 2.1701003541238606
leaf_count=38 65 47 275 67 404 303 897 498 348 89 442 101 35 154 785 1022 42 57 129 131 1563 168 289 51 242 81 86 643 247 98
internal_value=0.00138094 0.000146985 0.00131074 0.000126979 0.0113845 -0.00170574 0.0032078 0.0061348 0.00978348 0.0135824 0.0174896 -0.00672936 -0.0110668 -0.0101809 -0.0133306 -0.0201238 0.00402448 0.0242157 -0.0038898 0.0224763 -0.0165982 0.00919523 0.0210901 0.0270662 0.0144745 0.018646 -0.00427558 0.0301523 0.00242105 0.0138658
internal_weight=319.868 306.948 291.311 275.136 34.8724 240.263 122.376 106.552 88.7145 72.0369 62.5914 117.887 83.9012 17.8374 79.8836 43.1657 33.9862 41.1764 36.7179 12.9198 15.6369 29.4155 20.4589 38.195 23.7134 21.2179 14.4135 34.0656 21.4151 8.84482
internal_count=9397 9228 7618 7343 844 6499 3827 2930 2278 1930 1627 2672 2038 652 2003 1089 634 840 914 169 1610 533 354 783 365 323 490 694 787 345
is_linear=0
shrinkage=0.035


Tree=126
num_leaves=31
num_cat=0
split_feature=96 50 41 54 125 93 98 116 70 110 106 56 65 120 95 63 29 54 0 66 86 120 59 10 116 98 27 56 110 72
split_gain=5.36021 4.38573 4.89361 5.05234 4.9719 4.34588 4.26223 8.087 6.94288 5.50505 8.22864 4.87754 4.32863 3.99757 4.27965 3.97324 3.94017 3.85345 3.78709 3.68226 5.40949 5.50014 3.92698 3.56855 3.40425 3.15194 3.02052 3.00512 4.23386 3.25711
threshold=3.60952380952381 0.20416666666666669 7.5000000000000009 0.1126984126984127 2.5000000000000004 81870.500000000015 1.320714285714286 0.3628526645768026 9.4772727272727284 167.25000000000003 1159.3809523809525 0.20864427860696519 3.9148550724637685 0.06472559698366151 92.500000000000014 0.36515151515151517 1.0000000180025095e-35 0.17519181585677754 0.44903356481481488 1.9978046076701188 60.667337839091182 0.03478523895946764 0.79830508474576278 2.5000000000000004 0.10147058823529413 2.1909090909090914 27.500000000000004 0.34833164812942369 69.250000000000014 10.500000000000002
decision_type=2 2 8 8 2 2 2 2 8 10 10 10 10 2 2 2 2 10 2 8 10 2 2 2 2 2 2 10 8 10
left_child=1 2 6 4 5 26 9 11 -9 27 -11 -8 13 14 -10 -16 24 -18 -19 22 21 -21 -5 -6 -13 -26 -4 -1 29 -29
right_child=-2 -3 3 19 23 -7 7 8 12 10 -12 16 -14 -15 15 -17 17 18 -20 20 -22 -23 -24 -25 25 -27 -28 28 -30 -31
leaf_value=-0.013170320998939862 0.022411160065782323 -0.016772012525193818 0.032219614461573731 -0.025916065577859897 0.0064248718000760258 -0.0084718691493136586 0.020193263012467249 -0.01517287553122878 -0.0084083154045817218 0.031411898880350883 -0.0094433400495853113 0.016686971817437817 -0.0033193167506120501 -0.0071224627621208209 -0.0056366561716546743 0.033441197070208338 0.0079307928160472722 0.010294483513503042 -0.02496855856244623 -0.018120811668920201 0.020820298016506818 0.013131417718458651 0.004501524099975597 -0.014665434642635946 -0.015204936151168963 0.011269416138956125 -0.0035202603030983532 0.013187555981981623 -0.014692158586891093 -0.0054174395316206958
leaf_weight=27.34453811426647 9.3432376254349929 12.04042251058854 8.8128393969964218 20.043044221820313 15.24196450202726 3.5595296679530284 6.6029309872537842 3.3483328814618281 1.6501800068654109 9.0242807776667195 7.431802208069711 9.901765394490214 5.9343061782419673 2.2991652118507764 2.0272974753752342 35.314459905028343 4.9699018865358111 1.6549975471571112 16.586543024051934 17.777787358965732 4.6558994597289702 5.7308762622997156 4.8866876575630149 14.907659429823978 9.3934310902841371 4.4610633240081361 2.5138859611470243 23.763045076280832 11.586193640716372 15.590212493436409
leaf_count=550 149 603 186 753 214 137 123 88 48 143 269 263 93 86 57 690 193 41 828 362 153 84 151 588 461 175 110 587 670 475
internal_value=0.00149274 0.000513606 0.0014804 -0.00476231 0.00368088 0.0174029 0.00460182 0.00931808 0.0186722 -0.000789806 0.0150601 -0.000352908 0.0222948 0.0259369 0.0284742 0.0309046 -0.00490634 -0.013874 -0.0202429 -0.0116244 -0.00213486 -0.00953536 -0.0201977 -0.00460609 0.00474453 -0.00595246 0.0256385 -0.00482574 0.000430484 0.00603717
internal_weight=318.398 309.055 297.015 98.1302 45.0359 14.8863 198.884 104.144 50.5737 94.7401 16.4561 53.5706 47.2254 41.2911 38.9919 37.3418 46.9677 23.2114 18.2415 53.0943 28.1646 23.5087 24.9297 30.1496 23.7563 13.8545 11.3267 78.284 50.9395 39.3533
internal_count=9330 9181 8578 2738 1235 433 5840 3146 1062 2694 412 2084 974 881 795 747 1961 1062 869 1503 599 446 904 802 899 636 296 2282 1732 1062
is_linear=0
shrinkage=0.035


Tree=127
num_leaves=31
num_cat=0
split_feature=87 83 51 40 103 118 11 49 110 93 54 119 107 71 74 26 0 45 27 110 90 63 60 2 96 110 93 110 111 71
split_gain=6.73383 4.58671 4.28894 3.94681 3.93367 3.92399 4.52884 4.57577 3.82997 4.50052 3.72828 4.19961 4.02852 3.62821 3.61063 4.82669 3.51604 3.28964 2.99301 3.26479 3.41941 2.98835 2.85318 3.39007 2.60658 3.14427 2.44867 3.47782 3.70769 2.95242
threshold=1.5000000000000002 1384.5000000000002 0.015038444142921758 25.500000000000004 0.62231063955201893 0.81302966101694929 14.500000000000002 0.064866760168302964 50.750000000000007 62191.000000000007 0.44949494949494956 2.1808768823007667 1534.4260626288108 6.6348583130479142 15.750000000000002 2.5000000000000004 2.321064814814815 0.085236118318630011 25.500000000000004 36.750000000000007 79558.700000000012 0.53139076576576583 0.91277173913043486 1.0000000180025095e-35 1.6809090909090911 59.250000000000007 40514.000000000007 93.250000000000014 0.026201372997711674 1.1040711977693534
decision_type=8 10 2 2 2 2 2 2 8 2 8 10 10 10 8 2 2 2 2 10 2 2 2 2 2 8 2 10 2 10
left_child=3 2 4 -1 5 10 7 14 9 -3 11 26 -12 17 15 18 -6 24 19 20 -7 -8 23 -17 25 -4 -2 28 -28 -29
right_child=1 8 13 -5 16 6 21 -9 -10 -11 12 -13 -14 -15 -16 22 -18 -19 -20 -21 -22 -23 -24 -25 -26 -27 27 29 -30 -31
leaf_value=0.030573184699214041 -0.0025176411557801506 -0.015531285422699928 0.018706913250517491 -0.0063531195724802654 0.025627861691780232 0.025138666617602983 -0.0075661397244732639 0.01706418396192726 -0.024010377863873365 0.016834460227117216 0.0093202154005395388 -0.0085085324149525889 -0.01762504763534186 0.019134104328886951 -0.015752399103607491 0.022817021516467462 0.0044342107475123845 -0.015741005943866893 -0.0083212858459070799 -0.0027776836827247014 -0.0049522215506990711 0.019932197400701481 -0.016110479437019546 -0.0077313024820713609 -0.0091586274526631473 -0.0076938214977735602 0.035110786298516411 0.018191438169353005 -0.001696155935045753 -0.0056222271091641469
leaf_weight=10.496661559678612 5.2998122228309503 4.9677018779329973 9.1738143311813474 2.6535430694930247 14.323355028405784 14.526367241516715 3.6210570363327887 6.8128156419843426 10.232443007407708 6.2232283751945943 9.9513698499649781 5.8235002802684894 7.7318895780481389 1.9321679943241168 27.61864277580753 1.9678872926160673 24.281419275794178 26.717828898690641 8.9667633464559895 11.673623538110403 4.1664870381355277 13.037508752197025 24.151640939991921 7.829669660422951 12.641300654970108 5.4922628086060294 15.589813414961101 7.1174121787771609 3.4721009926870456 9.7862021219916624
leaf_count=120 123 556 183 48 171 165 47 101 1602 584 341 176 308 59 625 38 519 904 95 347 55 181 603 217 154 236 309 164 97 277
internal_value=0.00269967 0.00144324 0.00269894 0.0234244 0.00482484 0.0025647 -0.00111972 -0.00389623 -0.0125499 0.00210771 0.0092126 0.0139729 -0.00374947 -0.00563963 -0.00605032 -0.00162123 0.0143346 -0.00807143 0.00638205 0.0112863 0.018802 0.0135881 -0.0105227 0.00404096 0.00070735 0.00937771 0.0177222 0.020648 0.0294471 0.00626845
internal_weight=318.28 305.13 283.707 13.1502 227.749 189.145 124.372 107.714 21.4234 11.1909 64.7721 47.0888 17.6833 55.9574 100.901 73.2824 38.6048 54.0252 39.3332 30.3665 18.6929 16.6586 33.9492 9.79756 27.3074 14.6661 41.2653 35.9655 19.0619 16.9036
internal_count=9405 9237 6495 168 4959 4269 2474 2246 2742 1140 1795 1146 649 1536 2145 1520 690 1477 662 567 220 228 858 255 573 419 970 847 406 441
is_linear=0
shrinkage=0.035


Tree=128
num_leaves=31
num_cat=0
split_feature=10 96 98 82 109 70 29 81 55 128 69 93 76 126 44 125 114 85 119 119 1 1 98 109 68 56 45 59 50 71
split_gain=5.62633 5.02411 6.38356 4.43128 4.07754 3.98817 5.46971 5.77404 5.34284 3.94097 3.99379 3.8774 3.79337 3.32454 3.18111 3.43854 3.46681 3.11045 3.07916 7.23151 3.1954 3.17572 2.92437 3.17672 2.89589 3.00958 2.8089 2.70686 2.59608 2.4604
threshold=3.5000000000000004 3.3229166666666674 0.84731934731934744 8.5000000000000018 6840.0000000000009 14.509259259259261 2.5000000000000004 284.69296540114448 0.87339743589743601 0.31909090909090915 1.7500000000000002 61137.500000000007 0.95132145669942547 1.5000000000000002 0.5270467836257311 4.5000000000000009 0.074350469872857941 568.35681818181831 1.9671171154098113 0.77303240518350214 20.500000000000004 2.5000000000000004 1.320714285714286 8076.5000000000009 3.5000000000000004 0.23038461538461544 0.17089216944801031 0.71718621821164896 0.11050061050061051 1.1547005383792517
decision_type=2 2 2 8 10 10 2 10 10 2 10 2 8 2 2 2 2 10 8 10 2 2 2 10 8 10 2 2 2 8
left_child=1 2 12 4 -4 6 7 13 9 10 11 -7 -1 18 15 17 -17 24 19 -5 21 -20 -13 -24 25 -8 28 -11 -10 -23
right_child=-2 -3 3 5 -6 8 14 -9 26 27 -12 22 -14 -15 -16 16 -18 -19 20 -21 -22 29 23 -25 -26 -27 -28 -29 -30 -31
leaf_value=-0.020960465323019966 -0.016260984488824373 0.020285992779311413 0.032102936477818957 0.017955853289054705 -0.0062044260830082278 -0.010891247641678101 0.01518547535512681 -0.017844110824436956 0.027541429017091026 0.021678272194251388 -0.015744846441816757 -0.0067712360375871581 0.0023469166910160457 -0.010834279507150915 0.0074105383341852788 0.015947602762042695 -0.012165641351218941 0.0086221697830868287 -0.0051792833174343208 -0.01286847401762828 -0.0062360348532024216 -0.0048811976513140178 0.034395584970791947 -0.0068955802680519609 -0.021483166270027922 -0.010045550466477617 -0.0018655302674524886 -0.0062860853017322965 -0.0014856026377026374 0.022666963732891825
leaf_weight=19.366400067694489 17.534302447456867 12.127209534868596 6.0232407590374333 11.109013997949662 2.9071395404171199 5.3914720288012195 3.0433002018835422 7.9193055159412316 19.072162384167321 8.2986197911668551 17.722447075648233 2.1500107904430479 11.761841870378701 6.9446688573807469 10.992713005747644 7.6919670992065203 4.6754993097856641 3.9429703047499052 4.7929949844256035 17.134590739849955 5.5907150972634545 2.6392167294397941 4.4576564512681216 1.1098173062782732 34.587138796690851 17.057684060186148 5.9097730105277142 3.533950747922062 3.8905731607228509 36.334038853645325
leaf_count=495 1244 179 111 165 87 239 55 813 339 109 510 79 367 135 282 119 74 233 110 521 134 47 128 39 924 767 210 68 129 673
internal_value=0.00062386 0.00186857 0.000752676 0.0026564 0.0218816 0.00153646 -0.00134989 0.00438448 0.00820375 -3.22067e-05 -0.00659145 0.00671383 -0.0130478 0.00734673 -0.00769706 -0.0103698 0.00487681 -0.0137164 0.00953113 0.000132738 0.0144023 0.0174077 0.0184593 0.0267965 -0.0159143 -0.00396161 0.0185821 0.01394 0.0232371 0.0204585
internal_weight=315.712 298.178 286.051 254.923 8.93038 245.992 174.456 92.4645 71.5365 42.664 30.8314 13.109 31.1282 84.5452 81.9913 70.9986 12.3675 58.6311 77.6006 28.2436 49.357 43.7663 7.71748 5.56747 54.6881 20.101 28.8725 11.8326 22.9627 38.9733
internal_count=9385 8141 7962 7100 198 6902 5052 2598 1850 1172 995 485 862 1785 2454 2172 193 1979 1650 686 964 830 246 167 1746 822 678 177 468 720
is_linear=0
shrinkage=0.035


Tree=129
num_leaves=31
num_cat=0
split_feature=88 83 63 90 100 50 66 43 94 43 90 63 128 54 20 60 110 0 1 59 38 71 114 101 122 90 71 51 68 49
split_gain=5.35744 4.70133 4.63149 4.53554 4.52902 6.45082 6.33667 5.2848 4.73849 4.3165 4.17389 4.07158 4.06237 4.27951 3.56247 3.42923 4.66669 3.32031 3.39812 3.20087 3.10625 2.77838 2.67221 2.60088 2.74841 2.59665 2.84578 2.39865 2.75947 2.3646
threshold=1079.5000000000002 1537.5000000000002 0.39642857142857152 74629.346153846171 0.063164893617021281 0.022857889237199586 2.0343637680652829 0.23861283643892342 76947.250000000015 0.44948979591836741 14201.355769230771 0.64906659236556152 0.30495169082125612 0.21240601503759401 3.5000000000000004 0.75500000000000012 61.750000000000007 74.426556712962977 15.500000000000002 0.55086206896551737 6.5000000000000009 3.3168395281219438 0.058257918552036207 0.55086206896551737 6.5000000000000009 5494.6923076923085 3.0485030833257967 0.043167701863354044 7.5000000000000009 0.026491228070175444
decision_type=10 10 2 2 2 2 10 2 2 2 2 2 2 10 2 2 10 2 2 2 2 8 2 2 2 2 8 2 8 2
left_child=1 2 -1 -3 6 12 8 21 10 14 25 20 13 23 -9 16 -12 18 -10 -17 29 -7 -15 24 -6 -4 -27 28 -23 -8
right_child=-2 3 4 -5 5 7 11 9 17 -11 15 -13 -14 22 -16 19 -18 -19 -20 -21 -22 27 -24 -25 -26 26 -28 -29 -30 -31
leaf_value=-0.012978492496800519 0.021460710747518603 -0.02344452649213748 -0.008675415313849081 0.0084177132147772084 0.027365672869897335 -0.0092139468005819746 0.025471736253523749 -0.022567985377039607 0.032192733115588103 0.010701553578459347 0.02834110865343346 -0.004892396782223511 -0.0099961258848461371 -0.010349515963886996 0.0037312254543920217 0.0074546320223454789 -0.011240293945957741 -0.0036339074807371402 -0.0014915116105514801 -0.012263154377334416 -0.0014885772898974988 0.024781751731212154 0.010440107891935498 -0.00528239961371362 -0.00096182084742828331 -0.0055849645164733298 0.027825774777164424 -0.0094771970258228037 -0.0054630543254922167 -0.0029321884175403296
leaf_weight=20.292635241523385 10.258018705993889 13.299997012596579 2.0873018549755207 4.8033812241628757 17.937458724714823 7.2875062976963845 34.785593213047832 35.613371061626822 7.8374893022701162 3.7089911596849552 3.022135487291961 7.7814131476916364 11.090100726112722 12.23767075687647 5.941691276151686 8.7540490741375816 2.9575870260596275 6.7857007295824578 4.5407648542895913 51.558988086879253 6.6272765211760989 8.6316452850587631 8.5720599852502328 2.9397270204499355 4.7294336827471843 2.3145529478788349 6.4031462678685793 1.7518742023967195 2.9459374789148578 2.8819452933967105
leaf_count=664 67 2116 54 515 228 207 461 884 167 66 75 146 158 287 209 267 123 228 117 1518 60 204 169 73 62 54 114 73 74 27
internal_value=0.00121299 0.000213358 0.001393 -0.0149984 0.00268138 -0.00223138 0.00670733 -0.00938664 0.0011656 -0.0155685 -0.00290124 0.0159516 0.00606103 0.0104965 -0.0188108 -0.00635618 0.0125605 0.0147416 0.0229622 -0.00904965 0.0197382 0.00457516 -0.00142225 0.0188325 0.0223495 0.013601 0.0201528 0.0125709 0.0177593 0.0232096
internal_weight=320.379 310.121 292.018 18.1034 271.725 123.387 148.338 65.881 96.2617 45.2641 77.0978 52.0762 57.5065 46.4164 41.5551 66.2928 5.97972 19.164 12.3783 60.313 44.2948 20.617 20.8097 25.6066 22.6669 10.805 8.7177 13.3295 11.5776 37.6675
internal_count=9467 9400 6769 2631 6105 2694 3411 1717 2717 1159 2205 694 977 819 1093 1983 198 512 284 1785 548 558 456 363 290 222 168 351 278 488
is_linear=0
shrinkage=0.035


Tree=130
num_leaves=31
num_cat=0
split_feature=10 11 49 118 65 113 0 0 98 93 74 100 65 56 86 114 49 117 0 50 109 73 11 79 32 54 80 116 92 90
split_gain=5.76129 6.18594 5.65858 4.42622 5.76655 5.46935 5.193 3.89182 3.87657 4.08804 4.69521 4.51603 3.87461 3.77513 5.09113 3.79344 3.36337 3.07289 2.95583 4.43306 3.68968 2.87775 2.79059 2.61237 2.56963 3.047 3.02033 2.84804 2.43315 2.4215
threshold=3.5000000000000004 2.5000000000000004 0.062019230769230778 0.68857758620689669 1.8603896103896107 0.074537037037037054 45.283339120370378 58.336440972222228 0.84731934731934744 80718.500000000015 9.7500000000000018 0.080540540540540564 5.1756548536209559 0.18237250554323728 279.59133398449859 0.079077644606565925 0.044610281923714766 0.92888748419721889 103.7189178240741 0.070692347735554412 5287.5000000000009 18.500000000000004 4.5000000000000009 1.2500000000000002 3.5000000000000004 0.81666666666666676 538.25297619047626 0.054093567251461992 74741.000000000015 14675.741666666669
decision_type=2 2 2 2 8 2 2 2 2 2 8 2 8 10 8 2 2 2 2 2 10 8 2 10 2 10 8 2 2 2
left_child=1 24 3 4 -3 6 8 29 17 10 -10 -11 13 15 -15 -8 -12 -5 23 -20 -21 -9 -2 -16 25 26 -1 -26 -27 -7
right_child=22 2 -4 5 -6 7 12 21 9 11 16 -13 -14 14 18 -17 -18 -19 19 20 -22 -23 -24 -25 27 28 -28 -29 -30 -31
leaf_value=0.0083866571452057628 0.0086501604352778403 -0.0065882287960018849 0.022697187365923289 -0.014860600894570988 0.022934698297288197 0.004561106455939783 0.02021329883850153 -0.0077159560169654338 -0.0066542708738940365 0.013016035591372536 0.021410398382797836 -0.016458599827912968 0.01594536466301974 0.012643120955346679 0.0058261108829328898 -0.012131411564857314 -0.0081480040994334271 0.011858697163170321 -0.012283628955299995 0.02692891194919976 -0.0069674620935544418 0.014899134970097618 -0.020257353807505412 -0.0224745609299512 0.021956951346016582 -0.0077591033356642176 -0.021146307586482081 -0.0075676731978613267 0.016337994642144565 -0.022295902687565372
leaf_weight=2.2516706530004766 2.1702981921844211 8.7582805168349314 16.722676694858819 9.3260195769835246 23.225488992175087 3.1954548424109843 8.1262328135780972 11.10625066352077 7.1952391627710304 7.4323233328759661 54.966523247305304 8.1954749741125834 7.7300128149799994 7.7324779061600557 2.5386490400414941 2.7342389090917996 2.5909249954856923 3.840715062338858 15.715190269052984 4.0630457005463523 4.0656044294591993 7.1997568907681844 14.36900931317359 25.116419719299302 2.4756416729651383 7.7720555735286307 22.962317507946864 4.7242063193116337 3.7098663784563541 17.484004843281582
leaf_count=47 155 376 298 143 459 57 92 351 131 136 1013 163 155 190 84 34 42 55 455 120 190 188 1069 817 59 399 1327 229 155 439
internal_value=0.00222715 0.00341945 0.00549029 0.00386809 0.0150526 0.00185752 0.00457255 -0.0092401 0.00991903 0.0127142 0.0163564 -0.00268373 -0.00206511 -0.00498084 -0.00849301 0.0108129 0.0195349 -0.0059479 -0.0125046 -0.00255042 0.0137785 0.00246678 -0.0153366 -0.0193824 -0.00811375 -0.0116865 -0.0175575 0.00742244 0.00262118 -0.0180658
internal_weight=319.496 302.957 259.061 242.338 31.9838 210.355 171.369 38.9855 93.5472 80.3805 64.7527 15.6278 77.8219 70.0919 59.2314 10.8605 57.5574 13.1667 51.4989 23.8438 8.12865 18.306 16.5393 27.6551 43.8958 36.6959 25.214 7.19985 11.4819 20.6795
internal_count=9428 8204 5988 5690 835 4855 3820 1035 1683 1485 1186 299 2137 1982 1856 126 1055 198 1666 765 310 539 1224 901 2216 1928 1374 288 554 496
is_linear=0
shrinkage=0.035


Tree=131
num_leaves=31
num_cat=0
split_feature=88 81 82 65 87 119 123 92 11 113 46 55 26 41 91 71 117 63 119 59 87 115 76 44 96 50 0 100 74 109
split_gain=6.15912 5.97925 4.38176 4.33717 3.85128 3.84503 4.19024 3.66694 3.33088 6.46656 4.64446 4.00942 3.65169 3.38001 3.9859 5.32915 5.54647 3.42804 3.31669 2.97472 2.70989 3.33069 3.01336 2.83026 2.63679 2.62848 2.56287 2.3475 2.22219 3.0735
threshold=1079.5000000000002 273.96594751508638 8.5000000000000018 6.169540229885059 1.5000000000000002 0.77303240518350214 1.0000000180025095e-35 63559.500000000007 9.5000000000000018 0.015504807692307694 0.028778467908902695 0.46470099667774095 33.500000000000007 6.5000000000000009 3353.1592480933168 3.6561122600723057 0.39339826839826847 0.4555335968379447 3.2050106332779884 0.79193722943722955 115.50000000000001 0.064866760168302964 0.5767792001148434 0.38408851422550055 1.5508620689655175 0.16172624237140368 0.79153356481481485 0.096006144393241177 12.250000000000002 8175.5000000000009
decision_type=10 10 10 10 10 8 2 2 2 2 2 10 2 8 10 10 2 2 8 2 10 2 10 2 2 2 2 2 10 10
left_child=1 3 -3 5 -4 6 7 -1 13 11 -11 -10 -13 14 18 16 -16 -18 20 -15 21 22 -7 -24 -17 26 -19 -26 -12 -30
right_child=-2 2 4 -5 -6 8 -8 -9 9 10 28 12 -14 19 15 24 17 25 -20 -21 -22 -23 23 -25 27 -27 -28 -29 29 -31
leaf_value=0.022421970289341835 0.02359069128788405 0.012095765027989787 0.0081130451467374114 0.021680002274464195 -0.023627364856881342 -0.0092788402879744603 -0.0092541523117264882 -0.0015949499095480226 -0.011387712262289518 -0.019700541836236748 -0.0082658878084614015 0.025425764620589195 -0.0070238895359156991 -0.016581790356398906 -0.0051774543282632765 -0.016936385446496532 -0.0051921822010357029 -0.00231696500882039 0.0073652548933528629 0.0048180198339372498 0.011375979980900982 -0.018626098424874504 0.022516185791750448 -0.0093245332455624778 0.014692142204961317 -0.0039023081025264068 0.034659425561920393 -0.011380686226884363 0.014896558925133222 -0.0079473511981735315
leaf_weight=20.418834281619642 8.7003888972103578 3.1719220373779562 3.076828402932736 7.2182928472757331 22.34965786151588 13.854933853726836 7.5247699664905658 10.320934060029684 2.2956074951216605 10.246968686580656 10.059963879641144 21.29352057538927 2.8480475423857561 32.33706296235323 10.88851682981476 9.9101355075836199 3.0803796774707761 1.9196924883872331 13.168257482815532 7.6826515812426797 2.7655239570885888 30.909773571882397 4.7662925184704354 1.8807625072076914 5.6225814125500602 1.8557982607744623 14.717432184610514 2.4728656746447086 17.999364261981103 6.7767893485724917
leaf_count=308 59 251 87 110 2652 465 142 181 100 202 166 253 48 961 382 357 78 25 367 205 33 949 116 63 61 57 268 36 259 160
internal_value=0.0006348 -0.000395172 -0.0143408 0.00128626 -0.0190844 0.000348656 0.00992957 0.0152632 -0.00142754 0.00463261 -0.00351097 0.0168695 0.0210493 -0.00423156 -0.00106688 0.0060376 0.0137845 0.0225284 -0.00644016 -0.0123948 -0.0101345 -0.0121973 -0.000753359 0.0133716 -0.00788946 0.0272682 0.0308434 0.00542342 0.00312614 0.00836297
internal_weight=312.135 303.434 28.5984 274.836 25.4265 267.617 38.2645 30.7398 229.353 71.5203 45.0831 26.4372 24.1416 157.833 117.813 50.4674 32.4618 21.5733 67.3455 40.0197 54.1773 51.4118 20.502 6.64706 18.0056 18.4929 16.6371 8.09545 34.8361 24.7762
internal_count=9401 9342 2990 6352 2739 6242 631 489 5611 1188 787 401 301 4423 3257 1264 810 428 1993 1166 1626 1593 644 179 454 350 293 97 585 419
is_linear=0
shrinkage=0.035


Tree=132
num_leaves=31
num_cat=0
split_feature=10 88 83 65 110 92 63 55 112 98 57 45 96 63 104 54 74 20 45 76 117 43 92 50 116 73 44 47 61 95
split_gain=4.7312 3.79541 4.51013 3.21693 3.16423 3.33995 2.92671 3.23957 2.86164 2.67784 5.38877 4.18694 4.22316 3.58684 6.89005 3.26069 3.9081 4.21405 6.27752 5.23383 4.06174 3.60932 3.28152 8.35554 3.18783 3.15469 3.03935 3.0824 2.72112 2.8491
threshold=3.5000000000000004 1079.5000000000002 1341.5000000000002 6.169540229885059 54.250000000000007 67753.500000000015 0.39642857142857152 0.44151846785225723 0.14185110663983905 1.0571895424836604 0.42462121212121218 0.13608305274971944 3.2583333333333337 0.64232409381663125 0.99166666666666681 0.43650793650793657 9.7500000000000018 2.5000000000000004 0.052982456140350888 0.3896352499341208 0.39339826839826847 0.43813775510204084 40034.000000000007 0.01941930618401207 0.046536796536796543 10.500000000000002 0.65686274509803932 0.039344685242518065 0.96693989071038267 7628.5000000000009
decision_type=2 10 10 10 8 2 2 8 2 2 8 2 2 2 2 10 8 2 2 8 2 2 2 2 2 8 2 2 2 2
left_child=1 2 3 6 5 -4 -1 -8 9 10 11 12 -9 14 -12 16 -11 19 -19 21 24 28 -22 -24 -21 -17 27 -15 -18 -30
right_child=-2 -3 4 -5 -6 -7 7 8 -10 15 13 -13 -14 26 -16 25 17 18 -20 20 22 -23 23 -25 -26 -27 -28 -29 29 -31
leaf_value=-0.0096206655274286099 -0.014156514540681966 0.019898611262848243 -0.010496406941679789 0.021050326205691208 -0.02294196471539741 0.018196620569083086 -0.015024414573654239 -0.022144770781862257 -0.011519452084657551 -0.006945807376100792 0.023784660659590725 0.015134187555852531 0.011796193532768708 -0.021683050987908879 -0.010590393997909404 0.015413383715341823 -0.015505084410893091 0.018214566333725386 -0.016976772947702182 0.012654341501541972 0.029217963625870147 0.018821839851730075 0.024450864446203847 -0.0056778768132016173 -0.012234644121865305 -0.015792847468488986 0.0075285204599156441 0.0067308580146835991 0.016343471208128697 -0.0090983189212319199
leaf_weight=18.75728473579511 16.969041214091703 9.9606995768845064 7.317130683455618 6.7022053049877277 9.7201508912257832 3.3583476964849979 6.535158308222889 20.214367223903544 9.0383906136266869 13.627922581043093 18.288025800138715 1.916264778934418 2.1794056445360175 8.5280657075345534 6.8932382706552735 1.0651958081871242 11.635843625292186 5.1053506275638965 11.556548027321695 8.0171734085306507 30.268534132279456 4.4715193137526503 20.461664761416614 17.455940774641931 7.237193268723785 9.2421270431950688 12.96709820628166 4.2497504572384051 6.1682571112178266 5.9605763144791126
leaf_count=597 1249 66 733 115 1453 233 205 331 271 269 302 49 33 253 162 35 233 73 321 149 375 57 281 334 300 350 291 70 107 119
internal_value=0.00156922 0.00268022 0.00175826 0.00304055 -0.0123998 0.00145502 0.00219377 0.00328094 0.0040872 0.0049416 -0.000459472 -0.0125897 -0.0172914 0.00593887 0.0141791 0.00753996 0.00896311 0.0108495 -0.00447847 0.0132304 0.0174189 9.43709e-05 0.0208446 0.0115351 0.00074088 -0.00858665 -0.00311614 -0.0129977 -0.00608854 0.00483426
internal_weight=315.868 298.899 288.939 268.543 20.3956 10.6755 261.841 243.084 236.548 227.51 75.2362 24.31 22.3938 50.9262 25.1813 152.274 141.967 128.339 16.6619 111.677 83.4405 28.2362 68.1861 37.9176 15.2544 10.3073 25.7449 12.7778 23.7647 12.1288
internal_count=9416 8167 8101 5682 2419 966 5567 4970 4765 4494 1491 413 364 1078 464 3003 2618 2349 394 1955 1439 516 990 615 449 385 614 323 459 226
is_linear=0
shrinkage=0.035


Tree=133
num_leaves=31
num_cat=0
split_feature=87 11 55 98 44 120 44 117 110 104 92 60 110 76 47 46 47 106 110 109 108 119 63 25 47 41 26 94 44 100
split_gain=4.16178 4.35309 5.21213 4.44478 7.52957 6.7263 5.57797 4.43536 4.99459 4.40174 4.82259 5.72343 3.91622 3.86547 3.83716 3.59117 4.28224 3.50082 3.28317 3.05135 3.02363 2.72741 3.09762 3.04944 2.45844 2.94787 3.61882 2.42231 2.41176 2.3856
threshold=1.5000000000000002 2.5000000000000004 0.65301003344481623 1.5270467836257311 0.17712418300653598 0.034190531852717719 0.48038461538461547 0.70540019286403099 205.25000000000003 0.043961352657004842 77862.500000000015 0.90754985754985762 86.250000000000014 0.52730577763239717 0.022857889237199586 0.078689370485036131 0.040956108470785575 127.55000000000001 19.750000000000004 8283.5000000000018 56.500000000000007 1.8578455039374504 0.86811594202898557 1.5000000000000002 0.02339261285909713 1.5000000000000002 8.5000000000000018 27420.750000000004 0.24417344173441738 0.32305502846299816
decision_type=8 2 10 2 2 2 2 2 10 2 2 2 10 10 2 2 2 10 10 10 8 10 2 2 2 10 2 2 2 2
left_child=27 20 9 5 -5 6 7 8 -4 10 11 -3 14 19 18 -11 -17 -7 -6 -9 -2 22 -8 -23 25 -13 -27 -1 -16 -30
right_child=1 2 3 4 12 17 21 13 -10 15 -12 24 -14 -15 28 16 -18 -19 -20 -21 -22 23 -24 -25 -26 26 -28 -29 29 -31
leaf_value=-0.0041324648092306024 -0.015038977692220798 -0.0092288159704239908 -0.024395502789847735 -0.010694591385851254 -0.00078562344892711721 -0.0087769439298837192 0.024451346390251694 -0.014477744230843647 0.0097145864171229706 -0.014542719534555795 -0.01620831215205296 -0.0041899046080962734 -0.0008770119320056696 0.01186359061068361 -0.009392823504029325 -0.0077698485389881009 0.020186911931866301 0.022121028733774226 0.043046551955338352 0.0093888747593801787 0.0026879645588158908 -0.0079006710540233793 -0.0073777636954069558 0.014704950984888544 0.0025154275464925593 0.037597668793769502 -0.0013668203783045061 0.02475375862267953 -0.0056016775557077483 0.021780323987086292
leaf_weight=2.9862071569077662 25.138510621618479 9.6201032097451371 19.16964655905031 7.6609365500044069 2.1832053698599365 2.6094521062914309 11.812772142002357 17.473661046242345 3.7876902262214562 38.670037578092888 5.7178297636564812 2.3140850339550552 7.2258812184445551 15.302649721503256 2.8097528386861077 13.452970990911128 5.6652133110910645 21.673469183733687 12.129484933335332 5.3062954451888791 17.194834299618378 15.063933691708373 2.3332266726065418 6.5032659235876045 9.7413116779644024 9.8543515577912313 3.20953404624015 10.082307434175162 2.9854875870514652 9.3969590852502716
leaf_count=33 1542 389 890 270 26 67 268 196 76 1572 200 59 270 161 71 412 189 406 252 54 665 281 50 96 258 230 109 143 83 122
internal_value=0.00249513 0.00150565 0.00320784 0.00692353 0.015814 0.00316483 -0.00122232 -0.00745008 -0.0180368 -0.00308102 0.00539099 0.0105381 0.0219618 0.000284545 0.0268717 -0.0089692 0.00298202 0.017869 0.0378881 -0.00822908 -0.00831535 0.00902971 0.0186458 0.000400359 0.0183837 0.025352 0.0302963 0.0188361 0.0096811 0.0154661
internal_weight=319.075 306.007 263.673 165.428 44.3917 121.036 96.7531 61.0399 22.9573 98.2454 40.4572 34.7394 36.7308 38.0826 29.5049 57.7882 19.1182 24.2829 14.3127 22.78 42.3333 35.7132 14.146 21.5672 25.1193 15.378 13.0639 13.0685 15.1922 12.3824
internal_count=9440 9264 7057 3639 1094 2545 2072 1377 966 3418 1245 1045 824 411 554 2173 601 473 278 250 2207 695 318 377 656 398 339 176 276 205
is_linear=0
shrinkage=0.035


Tree=134
num_leaves=31
num_cat=0
split_feature=14 88 20 0 93 29 124 110 115 119 109 56 50 61 14 11 27 56 70 104 93 0 54 119 74 97 119 80 54 119
split_gain=4.36414 4.12434 3.47427 5.48982 4.08527 7.4637 5.30999 4.82916 5.71022 5.64158 4.32894 4.02148 3.99438 3.85096 3.82496 4.3507 3.34111 3.70667 3.32717 3.25574 3.25457 3.17131 3.22794 2.99513 2.96505 2.88853 2.78624 2.67073 2.65137 2.62244
threshold=9.5000000000000018 1079.5000000000002 1.5000000000000002 15.682447916666669 81016.000000000015 1.0000000180025095e-35 1.0000000180025095e-35 29.750000000000004 0.16447026183457605 0.78582996308391106 255.50000000000003 0.26111660079051385 0.081799933087989302 0.89528508771929838 3.5000000000000004 4.5000000000000009 20.500000000000004 0.37198879551820735 12.912878787878789 0.19399641577060936 64038.500000000007 216.70587962962966 0.11882352941176472 2.8895212346428663 8.7500000000000018 3.465009029033955 1.809013896187228 346.86842105263162 0.093386627906976757 0.59099750612234125
decision_type=2 10 2 2 2 2 2 8 2 8 10 10 2 2 2 2 2 10 10 2 2 2 8 10 10 2 10 10 10 8
left_child=1 2 3 13 7 -6 12 8 -5 10 -9 18 19 29 15 20 17 -10 28 23 27 22 -11 24 -7 -12 -17 -15 -4 -1
right_child=-2 -3 11 4 5 6 -8 9 16 21 25 -13 -14 14 -16 26 -18 -19 -20 -21 -22 -23 -24 -25 -26 -27 -28 -29 -30 -31
leaf_value=0.012582887178828746 0.0211405009568718 0.018869768059528721 0.0086986668281790174 0.020003106223895062 -0.0087622255261211607 -0.0014658577814457478 -0.010035557435808215 -0.008709306534027024 -0.023046448365532046 0.0053370990256111327 -0.0052570602947819862 -0.013744059815018863 -0.0059389935089390698 0.018427451210322389 -3.9721716263374622e-05 0.004965401047922929 0.012090053649209323 0.0031100337762289066 0.011994653981209752 -0.005750331574571917 -0.0070767281027004055 0.0082275612657132097 -0.020124837069217055 0.0003614097020167494 0.050198599387312894 0.030038299704352584 0.032693662043851456 -0.0098039837358875476 -0.019975456194664641 -0.014424480820323552
leaf_weight=1.8493035195860983 8.2641979153268021 9.4568234123289567 2.7606200880836713 11.98377755586989 15.217407639836894 1.2168626692146043 2.8882058844901612 7.9868890768848342 9.7880615908652597 4.8016125264111897 2.2048732829280198 38.075217792065814 2.0178425332996985 14.631263476796454 26.45649726758711 8.2480843963567185 5.538014037301763 10.143065877957268 15.397317025810478 0.94826325052417892 11.967283741571007 3.5683804443106046 49.323056681314483 2.2200620705261835 7.3779269871301949 4.5044437707401812 15.852784408023579 1.826827456941827 5.4608328114263713 10.292607893468812
leaf_count=26 129 62 83 160 496 49 91 346 120 177 41 1852 90 252 375 142 66 239 358 53 321 149 2591 44 254 51 231 127 168 261
internal_value=0.00148509 0.00061734 -0.000273867 0.00171024 -0.00258877 0.00766283 0.0212193 -0.00576881 0.00408492 -0.0108015 0.00682944 -0.00732933 0.0286976 0.00818348 0.010967 0.0160325 -0.00545837 -0.0117811 0.00360623 0.0346383 0.0052281 -0.0154791 -0.0176057 0.0388781 0.045035 0.0211473 0.0256878 0.0137395 -0.0106987 -0.00784066
internal_weight=312.268 304.004 294.547 232.853 141.729 31.8866 16.6692 109.842 37.4529 72.3893 14.6962 61.694 13.781 91.1247 78.9827 52.5262 25.4691 19.9311 23.6188 11.7631 28.4254 57.693 54.1247 10.8149 8.59479 6.70932 24.1009 16.4581 8.22145 12.1419
internal_count=9404 9275 9213 6752 5017 1077 581 3940 585 3355 438 2461 490 1735 1448 1073 425 359 609 400 700 2917 2768 347 303 92 373 379 251 287
is_linear=0
shrinkage=0.035


Tree=135
num_leaves=31
num_cat=0
split_feature=87 83 58 50 57 27 0 95 93 117 116 46 30 9 23 1 1 119 65 64 117 94 90 92 106 92 13 96 61 107
split_gain=4.27385 5.91691 3.50697 3.62221 3.66928 4.5426 5.61506 4.26656 3.84002 3.75026 4.74254 4.56103 3.74174 3.3918 4.56758 5.95555 4.02356 3.28231 4.97198 3.0333 3.01004 2.96185 2.95267 4.95725 3.16659 2.88762 3.04536 2.81485 2.71331 3.28922
threshold=1.5000000000000002 1321.5000000000002 0.85416666666666685 0.20416666666666669 0.42462121212121218 1.5000000000000002 15.682447916666669 26003.000000000004 80031.500000000015 0.12916666666666668 0.52223320158102771 0.076436222005842283 5.5000000000000009 7.5000000000000009 1.5000000000000002 11.500000000000002 13.500000000000002 2.0326734437057845 1.8360215053763442 0.95932156646442368 0.43534002229654406 27420.750000000004 44649.923809523818 26170.500000000004 761.65641711229955 68338.500000000015 2.5000000000000004 3.3229166666666674 0.92740447957839278 94.777360723666206
decision_type=8 10 2 2 8 2 2 2 2 2 2 2 2 2 2 2 2 8 8 2 2 2 2 2 10 2 2 2 2 8
left_child=21 2 19 4 7 13 28 9 20 -4 22 27 -8 14 15 -6 -15 18 -17 -2 -9 -1 23 -11 -25 -3 -27 -12 -7 -30
right_child=1 25 3 -5 5 6 12 8 -10 10 11 -13 -14 16 -16 17 -18 -19 -20 -21 -22 -23 -24 24 -26 26 -28 -29 29 -31
leaf_value=-0.005214017768605422 -0.017099220867133468 -0.022010343072252456 0.016195310050713608 -0.013998640449548405 -0.0095352839429097072 0.00069204329827501627 0.010045778804082984 -0.0085612812566730288 -0.0068245791979850354 -0.012910793597415645 -0.0095066275382915538 0.017815390628646986 -0.014845649455983176 0.021340529428270156 -0.019365445985606772 -0.0060427233446383342 -0.0043080675208583986 -0.0035206349331777845 0.030345888447905981 0.010350239475607483 0.024160835385998031 0.025401191835226516 -0.018276563856701289 0.025513577957316194 -0.0093142089782176658 -0.012603949165624021 0.017448112069121363 0.013422106383884861 -0.0006660507236517909 0.037413509710423648
leaf_weight=3.275813232176005 14.653709039092066 14.882559330901133 5.6752820536494246 9.5658771460875851 21.338366796728224 4.217535354197028 25.150228607468311 1.5699511370621646 6.9306854605674735 11.852214630693199 24.029003829695288 11.537155429832636 5.0418063155375412 14.525977830868216 9.9604875924997014 4.4133582599461088 9.8346180436201376 7.9530614046379915 11.162409025710076 2.8792733093723646 14.121478673536329 9.4163632616400701 31.597282891627401 5.1182034686207762 1.6311432449147103 3.5927825684193513 3.0667383470572531 3.7950043622404328 3.0395666612312224 14.47922378964722
leaf_count=37 234 2168 65 394 659 56 482 94 233 377 292 140 77 241 371 201 176 244 235 39 268 130 1071 150 68 349 292 58 38 171
internal_value=0.00154395 0.000541204 0.00202422 0.00312462 0.00404516 0.00796022 0.0155215 -0.000457063 0.0117414 -0.00379582 -0.005852 0.00308142 0.00437046 0.00237448 -0.00255539 0.00274396 0.0120156 0.0135995 0.0210724 -0.011295 0.0196093 0.0182591 -0.0125014 -0.000897726 0.0167148 -0.0152654 0.00278282 -0.00481113 0.0272966 0.0321257
internal_weight=310.307 297.615 276.073 258.54 248.974 131.117 51.9284 117.857 22.6221 95.2353 89.56 39.3612 30.192 79.1883 54.8277 44.8672 24.3606 23.5288 15.5758 17.533 15.6914 12.6922 50.1988 18.6016 6.74935 21.5421 6.65952 27.824 21.7363 17.5188
internal_count=9410 9243 6434 6161 5767 2951 824 2816 595 2221 2156 490 559 2127 1710 1339 417 680 436 273 362 167 1666 595 218 2809 641 350 265 209
is_linear=0
shrinkage=0.035


Tree=136
num_leaves=31
num_cat=0
split_feature=54 20 86 63 56 93 47 32 117 65 117 54 26 116 44 70 109 93 63 113 15 84 120 95 120 97 45 98 117 117
split_gain=3.65651 4.41095 4.86947 3.92201 3.80129 3.63758 7.06645 3.94691 4.99425 5.21313 4.92984 3.66349 4.00586 3.55362 5.43311 5.04858 3.32946 3.14252 3.29517 3.08352 2.9887 3.43094 2.86502 2.8295 2.81493 2.74613 2.74071 2.54853 2.63884 2.39525
threshold=0.093386627906976757 1.5000000000000002 293.07311830514465 0.39642857142857152 0.18808962264150947 81016.000000000015 0.035401002506265669 8.5000000000000018 0.21498599439775914 1.5773809523809526 0.69113355780022456 0.36931818181818188 8.5000000000000018 0.45738498789346255 0.407785336356765 12.019230769230772 117.50000000000001 81758.500000000015 0.53139076576576583 0.04124149659863946 5.5000000000000009 492.75000000000006 0.022857889237199586 14994.000000000002 0.040956108470785575 1.9975031595345596 0.094044811320754734 0.9104278074866311 0.19523809523809527 0.46770833333333339
decision_type=8 2 8 2 10 2 2 2 2 10 2 10 2 2 2 10 10 2 2 2 2 8 2 2 2 2 2 2 2 2
left_child=17 3 -3 -2 -4 7 11 8 9 -5 26 12 23 16 15 -15 -10 18 -1 -8 21 -18 -12 27 -6 -11 -9 -7 -29 -20
right_child=1 2 4 5 24 6 19 10 13 25 22 -13 -14 14 -16 -17 20 -19 29 -21 -22 -23 -24 -25 -26 -27 -28 28 -30 -31
leaf_value=-0.0075488632814663262 -0.010732960997822024 0.01497562717214424 0.0075584602114401531 -0.0053812491204986582 -0.020548892052416258 -0.00066577479340131183 -0.016824731527690973 0.0085345909448731397 0.0082547314934475393 -0.0022914272779264327 0.027087729326948397 0.00033975451880880538 0.0011487174003105502 -0.0080112395043302562 -0.0076231439370514553 0.021727287116731206 0.0084349093187709272 -0.0050861974632327818 -0.0069848635950224931 0.0089068624774949444 0.0089976163231915898 -0.019257869979250476 -0.0024566674017614714 -0.0026590813831795512 0.0027874397580409539 0.027575635627761035 -0.017428424112589571 -0.00019241478850306356 0.047109271780252621 0.024409406446445698
leaf_weight=3.1626400472596314 20.933597370516509 4.8758592030499122 6.5899191226344547 12.602131965104492 31.412448114715517 1.6704805379267842 8.3339643720537406 5.5197135857306439 6.3594427353236815 3.9185799662955096 13.846490803640338 8.2794828428886813 5.9951633042655876 7.2575030054431435 31.678742769639939 16.26756368833594 3.394978685071691 7.9242226383648804 1.204334523994478 5.8176515034865579 3.2171568581834427 40.313616291619837 4.1194578716531387 1.5899400021880854 6.3321817540563634 11.989955804543568 5.0962091342080384 1.5498700574971724 10.37162644532509 20.022134212777019
leaf_count=71 842 241 117 462 1268 35 235 135 200 102 123 326 160 179 464 295 56 309 85 127 128 1995 49 68 233 173 246 24 217 480
internal_value=0.00150355 0.00012665 -0.00887558 0.00219952 -0.0127506 0.00371401 0.0121394 0.00120429 -0.00138378 0.0105444 0.0119685 0.0208397 0.0272587 -0.00484494 0.00139993 0.0127568 -0.0108798 0.0117943 0.0172112 -0.00668294 -0.0140181 -0.0164618 0.0212534 0.0347302 -0.0167658 0.0214301 -0.0055187 0.0386427 0.04272 0.0216361
internal_weight=311.647 279.334 49.2104 230.123 44.3345 209.19 43.6082 165.582 137 28.5107 28.5819 29.4566 21.1771 108.489 55.2038 23.5251 53.2852 32.3133 24.3891 14.1516 46.9258 43.7086 17.9659 15.1819 37.7446 15.9085 10.6159 13.592 11.9215 21.2265
internal_count=9445 8500 1859 6641 1618 5799 1192 4607 4054 737 553 830 504 3317 938 474 2379 945 636 362 2179 2051 172 344 1501 275 381 276 241 565
is_linear=0
shrinkage=0.035


Tree=137
num_leaves=31
num_cat=1
split_feature=87 49 86 133 117 47 117 110 75 93 47 25 83 106 75 118 110 98 45 26 44 92 69 127 108 87 126 98 106 81
split_gain=5.28031 4.50595 4.08589 4.36964 5.66705 5.39356 4.06756 3.96123 3.8428 3.68354 4.01863 3.57642 3.53031 3.25245 2.86685 3.33075 3.57265 3.65084 3.05149 3.58791 2.84764 3.81408 3.64925 2.802 2.79643 2.65601 2.63367 2.49391 2.45655 2.38656
threshold=1.5000000000000002 0.062019230769230778 303.99371850685986 0 0.21498599439775914 0.099019607843137278 0.62605932203389847 1520.5000000000002 1.8768939393939397 51987.500000000007 0.050933932895191984 1.5000000000000002 1531.5000000000002 1194.2481203007521 2.1589473684210532 0.90645833333333348 110.25000000000001 1.2390476190476194 0.27097902097902099 2.5000000000000004 0.35319472616632869 12005.500000000002 3.2500000000000004 1.5000000000000002 19.500000000000004 369.50000000000006 1.0000000180025095e-35 1.1644144144144146 157.31547619047623 168.07894622118144
decision_type=8 2 10 1 2 2 2 8 8 2 2 2 8 10 8 2 10 2 2 2 2 2 10 2 10 8 2 2 10 10
left_child=-1 2 3 4 7 14 12 28 -7 -8 -11 -10 -6 -14 18 16 17 -16 20 -20 23 -22 24 -5 -23 -12 -19 -3 -2 -4
right_child=1 27 29 5 6 8 9 -9 11 10 25 -13 13 -15 15 -17 -18 26 19 -21 21 22 -24 -25 -26 -27 -28 -29 -30 -31
leaf_value=0.020205747287835391 -0.0045069865411572069 -0.0079680002253547343 0.0082483442271935863 -0.023983682476663354 0.0098976000563580826 0.02393304005855457 -0.0036736081427790582 -0.0083514276569535521 -0.010404347339987534 0.01507204981306573 0.01258932353013254 0.017190619992959819 -0.022243486242435901 0.004350225553854877 -0.0034154149428577102 -0.009993208471439384 -0.0096740315367542032 0.03066420159200723 0.027961506571064797 -0.0078650590846465838 0.01233570558593804 -0.019478810011905035 0.0075703266297209287 0.0056324681209979407 0.0044759945878530176 -0.017477698454153069 -0.0019533717079579811 0.020231231879681535 0.028669238133774168 -0.020675715102570331
leaf_weight=13.077413203660397 1.7174627538770497 1.9198188839945967 1.5031106215901662 23.810605938546363 5.4104382442310479 8.503888060338797 30.316640866687521 2.74692558357492 11.852291247807441 41.481159566203132 1.2141809104941774 3.7535824766382566 14.752158810384573 5.883363459724932 7.5497554745525184 16.107541688717902 6.4739976041018954 8.6403523799963278 1.0323307067155827 4.2549439552240074 7.0440861266106358 25.519780297763649 7.8926418498158446 2.5920904362574211 5.3893848699517539 5.6056452123448253 3.1661196635104707 15.101302542490883 16.293278426630422 12.406772150192408
leaf_count=170 66 63 19 966 122 145 477 169 297 585 76 51 947 326 242 388 250 216 35 186 139 798 107 72 176 103 120 342 264 1491
internal_value=0.00183157 0.000712266 -0.000466602 0.00062742 0.00529218 -0.00348825 0.00159327 0.020013 0.0102485 0.00554544 0.0111337 -0.00120633 -0.00930792 -0.0152917 -0.00656065 0.000799453 0.00805886 0.0147583 -0.0103489 0.00932048 -0.0122984 -0.00593583 -0.0102823 -0.0206422 -0.0152603 -0.00906358 0.0239383 0.0159636 0.0252137 -0.0161956
internal_weight=313.013 299.936 282.915 269.005 125.421 143.583 104.664 20.7577 24.1098 78.6176 48.301 15.6059 26.046 20.6355 119.474 41.9378 25.8302 19.3562 77.5359 5.28727 72.2486 45.8459 38.8018 26.4027 30.9092 6.81983 11.8065 17.0211 18.0107 13.9099
internal_count=9408 9238 8833 7323 3135 4188 2636 499 493 1241 764 348 1395 1273 3695 1216 828 578 2479 221 2258 1220 1081 1038 974 179 336 405 330 1510
cat_boundaries=0 1
cat_threshold=2
is_linear=0
shrinkage=0.035


Tree=138
num_leaves=31
num_cat=0
split_feature=10 54 21 74 9 63 109 106 50 4 63 100 65 61 61 13 60 63 115 83 123 116 49 83 115 29 65 57 110 76
split_gain=3.71236 4.29386 3.96169 5.41057 5.0463 3.64022 3.52657 4.25663 3.51536 3.60061 4.97782 3.04006 4.01996 3.98194 2.81543 3.65804 2.77065 2.76512 2.66378 2.62938 2.76956 2.61681 2.58935 2.57659 2.56207 3.1287 2.99485 2.93675 2.60937 2.55408
threshold=3.5000000000000004 0.44949494949494956 7.5000000000000009 8.7500000000000018 17.500000000000004 0.79795918367346952 2998.5000000000005 157.31547619047623 0.073879142300194947 4.5000000000000009 0.78319623971797891 0.077935222672064791 2.4058823529411768 0.92740447957839278 0.97332859174964448 5.5000000000000009 0.84409722222222239 0.53139076576576583 0.14854215918045707 1408.5000000000002 1.0000000180025095e-35 0.4431524547803618 0.018019480519480522 839.50000000000011 0.25625390869293313 26.500000000000004 3.552777777777778 0.30638852672750988 131.25000000000003 0.33545656118061118
decision_type=2 8 2 8 2 2 8 10 2 2 2 2 10 2 2 2 2 2 2 10 2 2 2 10 2 2 10 10 10 8
left_child=1 2 3 -1 5 24 7 16 19 10 -10 17 -13 -14 -2 -16 -3 -6 -17 20 29 -22 -19 -9 25 28 -26 -27 -4 -5
right_child=14 6 4 8 11 -7 -8 23 9 -11 -12 12 13 -15 15 18 -18 22 -20 -21 21 -23 -24 -25 26 27 -28 -29 -30 -31
leaf_value=-0.011850799333277831 -0.020775055947969783 0.0079033188674450475 -0.017794288492964504 0.0043600981453194411 -0.0049748416917798138 0.01482853995410764 -0.016889196113769097 0.019850850724517425 0.02003677799219554 -0.0063811986970391419 -0.014305950654165501 0.015333254350832083 0.012985113840536739 -0.018915829772762793 -0.013879883983800719 -0.0072448800284527406 -0.015580356594727568 0.027273262876802665 0.029327917921267359 -0.0057089023328335958 -0.0041965041632629485 0.014926093875785336 -0.0037833580148818706 -0.0092404081767841085 -0.009706719945258388 -0.011393953293504438 0.01533677380446738 0.015864795417531961 0.0087433816996233833 0.024469453505199461
leaf_weight=10.745189881185068 10.375278322957458 5.4941514078527733 39.791898245923221 12.408577144611625 3.782738953363153 4.6718287083785972 18.01178000937216 10.389775179792194 14.480645247502254 24.548075208906084 3.0357595540117464 6.7069797660224166 2.778572602197527 11.10062920860946 3.1431796548422417 1.2712542612571271 13.587194147054106 12.986094584222881 2.0276409341022372 5.0371097042225292 14.670697306748481 11.968875201418994 2.6632203133776775 1.6851673370692868 6.6770367675926519 4.2241712752729637 7.1015022867359221 5.6028785370290279 2.083911463385447 39.128733703866601
leaf_count=314 836 230 793 217 59 86 939 224 472 908 132 172 41 216 209 99 701 205 111 638 469 133 48 121 93 113 78 90 65 619
internal_value=0.00152436 0.00251454 0.00440635 0.00829197 -0.000542752 -0.00607184 -0.00649055 0.00102527 0.0104081 0.00184466 0.0122298 0.00874777 -0.000939766 -0.0107818 -0.0124569 0.00416404 -0.0085816 0.0171027 0.0193606 0.014387 0.0159472 0.00539612 0.0223517 0.0142739 -0.00850916 -0.0118511 0.0038476 0.00425659 -0.0156819 0.0204415
internal_weight=312.181 295.363 246.195 136.024 110.171 70.1532 49.1681 31.1563 125.278 42.0645 17.5164 40.0182 20.5862 13.8792 16.8174 6.44207 19.0813 19.4321 3.2989 83.214 78.1769 26.6396 15.6493 12.0749 65.4814 51.7029 13.7785 9.82705 41.8758 51.5373
internal_count=9431 8176 5961 3902 2059 1318 2215 1276 3588 1512 604 741 429 257 1255 419 931 312 210 2076 1438 602 253 345 1232 1061 171 203 858 836
is_linear=0
shrinkage=0.035


Tree=139
num_leaves=31
num_cat=0
split_feature=101 69 98 66 40 9 46 112 47 108 29 70 55 80 32 109 40 0 86 59 4 29 82 101 43 76 90 81 70 101
split_gain=3.66318 4.39671 6.52579 6.0348 5.18882 4.4884 4.07834 3.93152 3.84122 3.50513 3.32009 4.15667 3.46931 3.30214 4.13939 3.2646 3.25688 3.24388 3.18138 3.06064 3.29457 4.13918 3.51651 2.99605 3.03821 2.86039 2.78381 2.75299 2.72475 2.71548
threshold=0.54692082111436957 3.2500000000000004 1.320714285714286 0.89657211263641667 26.500000000000004 3.5000000000000004 0.14194139194139196 0.068833903658857609 0.036811201445347795 43.500000000000007 21.500000000000004 13.984848484848486 0.77315608919382517 733.33888888888907 1.5000000000000002 5380.0000000000009 10.500000000000002 66.115758101851867 80.722294882315595 0.84698996655518399 3.5000000000000004 4.5000000000000009 256.50000000000006 0.7947368421052633 0.37406716417910452 0.44689484010234032 19698.938405797104 295.09057685297893 12.019230769230772 1.3095238095238098
decision_type=2 8 2 10 2 2 2 2 2 10 2 10 10 8 2 8 2 2 8 2 2 2 10 2 2 10 2 10 10 2
left_child=1 2 4 5 9 -4 8 17 18 19 12 -12 -5 -2 16 -14 -15 -7 -3 20 21 26 -22 -16 29 -13 -1 -20 -6 -25
right_child=13 6 3 10 28 7 -8 -9 -10 -11 11 25 15 14 23 -17 -18 -19 27 -21 22 -23 -24 24 -26 -27 -28 -29 -30 -31
leaf_value=0.00990121990879516 0.013328996606878729 -0.0082185130753312675 -0.0050199998993959525 -0.011361630231255344 -0.0081589434206225993 0.035823797380545599 -0.0097361442761957958 -0.0051060945039879185 -0.0033501156178570206 0.0090948907023649071 -0.0048757188375297003 -0.0062126517066692245 0.017970597926902067 -0.020533190065152366 -0.010252486716588828 -0.0075598095511809739 0.003679392281155987 0.0052069943318266542 0.022504158691761932 0.0090945185033558616 -0.019272966220801949 0.012765372802019941 0.008236712491478183 0.030686806024896436 -0.0085382095580733078 0.035365872686059528 -0.017693008109528438 -0.0055507002664114437 0.018963751338888651 -0.0049117131424804466
leaf_weight=2.4600645275786546 4.7949786433018735 2.6344968928024164 6.4123619415331623 27.204417853616178 3.1268303969409308 15.418592296075081 6.6549004130065432 3.4730757423676542 11.006006977288051 9.1130268743727338 6.3687916693743301 0.92868154565803696 8.5061339638195896 25.759850395377725 5.7265761967282733 7.3551231634337464 6.9935847846791139 7.7930340603925279 41.313718169461936 5.5590678767766795 48.834869777550921 10.01323387539014 3.5983314819168291 4.9391069859266263 2.4277095668949187 3.9458204994443804 12.085985646583138 2.7933076289482406 10.59884955990128 1.9113500383682547
leaf_count=67 110 30 290 975 51 307 194 152 224 296 315 39 143 1335 165 161 371 320 691 143 1352 315 93 136 103 96 518 187 167 77
internal_value=0.00179611 0.00352626 0.000785794 0.00763002 -0.00497899 0.0183093 0.0110825 0.0238229 0.0140663 -0.00806023 0.000126947 0.0137973 -0.004506 -0.00624209 -0.00928404 0.00715733 -0.0155607 0.0282892 0.0180947 -0.0103653 -0.0122392 -0.00124459 -0.0168323 0.00488182 0.014542 0.0283097 -0.0116872 0.0203432 0.0122562 0.0228728
internal_weight=309.752 257.199 192.796 87.406 105.39 33.0971 64.4024 26.6847 57.7475 91.6646 54.309 11.2433 43.0657 52.5532 47.7582 15.8613 32.7534 23.2116 46.7415 82.5516 76.9925 24.5593 52.4332 15.0047 9.27817 4.8745 14.5461 44.107 13.7257 6.85046
internal_count=9423 7126 5800 2798 3002 1069 1326 779 1132 2784 1729 450 1279 2297 2187 304 1706 627 908 2488 2345 900 1445 481 316 135 585 878 218 213
is_linear=0
shrinkage=0.035


Tree=140
num_leaves=31
num_cat=0
split_feature=87 11 57 86 54 16 15 2 117 93 2 70 93 90 61 110 92 0 109 124 92 110 110 55 117 44 59 11 119 44
split_gain=4.98731 4.79629 4.21421 3.45847 3.27664 4.40147 4.95523 4.08318 3.89759 3.56256 3.35799 2.79436 2.94257 5.77903 4.45819 4.12132 4.88006 4.2466 3.70244 3.43685 2.99812 2.88468 3.04823 2.74203 2.67307 3.14532 2.47771 2.26926 2.30791 2.18434
threshold=1.5000000000000002 2.5000000000000004 0.42462121212121218 317.43984202213289 0.16954022988505749 12.500000000000002 5.5000000000000009 1.0000000180025095e-35 0.57719393282773568 80322.500000000015 2.5000000000000004 8.6794871794871806 51745.000000000007 19698.938405797104 0.91596045197740128 90.250000000000014 79149.500000000015 0.47080439814814817 7554.5000000000009 1.0000000180025095e-35 73657.000000000015 182.75000000000003 17.250000000000004 0.66441441441441451 0.73401360544217698 0.40560125342734049 0.5982456140350878 15.500000000000002 3.2050106332779884 0.35160160160160164
decision_type=8 2 8 10 8 2 2 2 2 2 2 8 2 2 2 10 2 2 10 2 2 10 10 10 2 2 2 2 10 2
left_child=-1 -2 4 11 5 23 27 8 26 10 -8 -4 13 14 -13 16 17 -14 -19 21 -17 22 -15 29 -9 -26 -6 28 -7 -3
right_child=1 2 3 -5 7 6 9 24 -10 -11 -12 12 15 19 -16 20 -18 18 -20 -21 -22 -23 -24 -25 25 -27 -28 -29 -30 -31
leaf_value=0.019305895749561788 -0.010973026382439148 -0.012011526344643031 -0.0092004248089598267 -0.01454660849341184 -0.005157291986642585 -0.0044775289746715975 -0.0027747049201946798 -0.020063659049068334 -0.0083904954043018433 -0.0091067303449013336 0.024860363402434957 -0.011007657985630808 -0.0056766939771255975 0.0072017988661977773 0.021868749517818881 -0.01389734955450719 -0.0066452804446152196 0.030259607857396304 0.0041934787123448832 0.010189113936919972 0.013082648241510043 0.0065774760157117822 -0.02408414391992595 0.024432408876164283 0.0069876643682470589 -0.015843814022861027 0.033697711565639644 0.004143802720411799 -0.025379812118792831 0.010808754326087777
leaf_weight=11.526571171358226 40.088009534636512 4.4106772085651773 7.4809422881808123 4.8916421777103087 1.1782183325849458 15.750210765516387 7.0114213277120205 24.319752820301801 4.9799294080585241 6.937960475916042 9.879957808647303 3.3257151849102238 4.551721532130613 2.3174025476910272 15.242805452784523 7.8581549024675024 6.6180796045809975 29.7894563653972 10.482421676162629 5.9333080137148491 3.5438889944925904 4.2271003995556375 14.981715090805663 8.9001775649376196 13.158242567442359 7.6527766080107531 2.1571612490806729 6.9782367357984176 10.443571145646272 6.3304712849203497
leaf_count=164 2211 129 181 378 62 618 227 1323 96 339 318 78 65 31 254 305 130 549 232 74 89 78 423 123 198 101 83 149 272 122
internal_value=0.000600423 -0.000452604 0.00140673 0.00598174 -0.00292083 0.00173555 -0.00334431 -0.00917539 0.00943129 0.00790435 0.0153756 0.00740858 0.00890371 0.00185361 0.0148944 0.0135502 0.0174731 0.0213437 0.0246873 -0.00790068 -0.00407983 -0.0138675 -0.019218 0.0141651 -0.0132024 -0.0028509 0.0251119 -0.0114018 -0.0155436 0.000599174
internal_weight=302.948 291.421 251.333 121.244 130.089 76.6427 57.0014 53.4461 8.31531 23.8293 16.8914 116.353 108.872 46.028 18.5685 62.8437 51.4417 44.8236 40.2719 27.4595 11.402 21.5262 17.2991 19.6413 45.1308 20.811 3.33538 33.172 26.1938 10.7411
internal_count=9402 9238 7027 2867 4160 2297 1923 1863 241 884 545 2489 2308 938 332 1370 976 846 781 606 394 532 454 374 1622 299 145 1039 890 251
is_linear=0
shrinkage=0.035


Tree=141
num_leaves=31
num_cat=0
split_feature=88 83 112 20 56 11 30 101 98 1 55 0 70 92 42 123 95 109 4 108 66 61 114 66 74 99 101 60 51 71
split_gain=5.27641 5.61078 2.99006 3.19625 4.71318 3.18602 2.99141 3.1367 3.0349 3.31905 4.13154 4.46618 3.91688 3.7312 3.56405 5.17769 4.84802 3.88984 3.10961 3.07163 2.88667 2.88473 2.75985 3.0626 2.445 2.50165 2.36916 2.35451 2.3459 2.23102
threshold=1079.5000000000002 1367.0000000000002 0.13986697965571207 1.5000000000000002 0.25866188769414583 16.500000000000004 1.0000000180025095e-35 1.267857142857143 0.66410256410256419 3.5000000000000004 0.82807881773399028 20.607546296296299 13.065732758620692 51613.000000000007 1.0000000180025095e-35 1.0000000180025095e-35 10775.500000000002 8175.5000000000009 5.5000000000000009 7.5000000000000009 1.8891922141374213 0.90521114106019784 0.13015245623941277 0.98440142042966883 12.250000000000002 0.42640692640692646 0.64852941176470602 0.89943820224719107 0.06186224489795919 3.1158195623405489
decision_type=10 10 2 2 10 2 2 2 2 2 8 2 10 2 8 2 2 10 2 10 10 2 2 8 10 2 2 2 2 10
left_child=1 2 3 6 24 21 7 8 -1 13 11 12 27 20 -12 17 18 26 -17 -14 -10 -6 23 -8 -5 -26 -16 -11 -3 -13
right_child=-2 28 -4 4 5 -7 22 -9 9 10 14 29 19 -15 15 16 -18 -19 -20 -21 -22 -23 -24 -25 25 -27 -28 -29 -30 -31
leaf_value=-0.011265988039382915 0.022107795920034468 -0.01983670435196367 -0.012803682902897124 -0.0085427221337577557 0.0046919352086005868 0.010522893433764103 0.0096577482313238878 -0.013107031345986522 0.016385954136473795 -0.00286807322839073 -0.0034241414544212423 -0.0097786482192482697 -0.012217563251079604 -0.015191812785968499 0.032897850272612633 -0.019074902989795292 0.017411598574188027 -0.0018066882250474944 0.0085513958800658811 0.012813672378690261 -0.0081896891528765552 -0.019750518268099398 0.011932862727186863 -0.015726414175764959 -0.0082347465389317181 0.018199717293507285 -0.00015816255870499535 0.027356115706586717 0.006143768947956524 0.0047121905183543575
leaf_weight=6.473391145002096 8.8511051796376687 17.563880011904988 12.110791475512086 5.2328942175954607 5.2324967361055341 3.1875723255798212 3.9499256894923809 5.6322657251730552 9.6340725622139889 2.7482785326428738 8.6943937423638982 23.629466735292226 8.0040416931733471 11.18620547140017 28.322311595547948 7.5539511279203015 11.90326489927247 4.6833014204166821 4.5467645158059895 6.1731199063360682 5.8143980656750491 26.185676386579871 4.309168236795812 19.391808140091598 2.5596029302105334 13.523397088516502 2.8342046570032826 13.242145037278531 2.7966006067581466 19.707824999466538
leaf_count=205 63 2458 381 126 188 86 75 207 229 62 297 707 143 283 484 165 175 76 43 117 80 899 56 301 30 242 88 188 404 540
internal_value=0.000992775 7.34289e-06 0.00142791 0.00230546 -0.00483102 -0.012164 0.00428846 0.00592829 0.00688719 0.00788814 0.00996079 0.0037905 0.0131116 -0.00299264 0.0158706 0.0187217 0.00470575 0.0263835 -0.00922928 -0.000819152 0.0073955 -0.0155945 -0.00569891 -0.0104849 0.00712316 0.0130375 0.0302848 0.0227157 -0.0157604 -0.00338309
internal_weight=305.678 296.827 276.467 264.356 55.9216 34.6057 208.434 180.783 175.151 168.678 142.043 73.5049 30.1676 26.6347 68.5382 59.8438 24.004 35.8398 12.1007 14.1772 15.4485 31.4182 27.6509 23.3417 21.3159 16.083 31.1565 15.9904 20.3605 43.3373
internal_count=9398 9335 6473 6092 1571 1173 4521 4089 3882 3677 3085 1757 510 592 1328 1031 383 648 208 260 309 1087 432 376 398 272 572 250 2862 1247
is_linear=0
shrinkage=0.035


Tree=142
num_leaves=31
num_cat=0
split_feature=11 118 54 91 91 2 57 91 29 55 106 119 117 27 98 122 1 32 26 48 128 92 23 93 41 32 23 62 48 91
split_gain=4.13178 3.06541 3.85158 4.62745 3.88019 7.26245 4.7487 4.12747 4.01262 3.32226 3.37202 3.54329 3.46509 3.30979 3.16022 3.62822 4.08777 3.00043 3.20071 2.83232 3.07552 2.80441 2.84042 2.74008 2.66696 2.65112 2.61025 2.60387 2.56844 2.53131
threshold=2.5000000000000004 0.61721611721611735 0.093386627906976757 6401.6746088137779 3765.4381051164778 4.5000000000000009 0.27429467084639503 4313.7888401462933 17.500000000000004 0.37198879551820735 658.10000000000014 2.0913651576810515 0.88273491214667688 2.5000000000000004 0.7543103448275863 1.0000000180025095e-35 2.5000000000000004 4.5000000000000009 5.5000000000000009 0.030076888285843515 0.41801075268817212 61613.500000000007 1.5000000000000002 36313.000000000007 21.500000000000004 12.500000000000002 2.5000000000000004 0.42052631578947369 0.079473684210526321 54.248791158578477
decision_type=2 2 8 10 10 2 8 10 2 10 10 10 2 2 2 2 2 2 2 2 2 2 2 2 8 2 2 2 2 10
left_child=17 13 9 4 5 25 7 -6 21 -3 12 -12 -11 -2 -8 -16 -17 27 -19 20 -5 23 29 -7 -13 -4 -27 -1 -18 -23
right_child=1 2 3 19 6 8 14 -9 -10 10 11 24 -14 -15 15 16 28 18 -20 -21 -22 22 -24 -25 -26 26 -28 -29 -30 -31
leaf_value=-0.017218443120118998 -0.0030695227197238243 -0.012179514211466813 -0.0095225456750528212 -0.020847099232585056 0.012620901058780682 0.013534414910048085 -0.010334209689321387 -0.018257187282878933 -0.011987432162114568 -0.0070825970587675337 -0.0080360618724495264 0.037693724246554906 0.017062657192203165 0.022319032529060645 -0.0059828288666381856 -0.0070789279660845861 0.026808822726937336 0.023271455421899425 -0.009732221380134163 0.0034708451360018927 0.0070550823912155563 -0.0041002539041281967 -0.0024620058132675672 -0.0086354461090824425 -0.004214150549109277 0.015025640200569908 -0.011316634499501189 0.0018439409935904743 -0.005819726068792103 0.035644313138954227
leaf_weight=25.95404723403044 7.8945457492955056 2.5763435810804358 72.105711149750277 21.62688636593521 4.3155620796605936 10.192807842278858 2.4552085860632351 8.54171708319336 4.2773385667242101 11.598157812375581 1.0746751320548344 8.3309760545380378 8.4283858155831677 13.465022020507602 5.0124296883586785 3.5414742354769251 29.460848122136671 2.7204950591549268 2.863515283446759 10.032611221307887 3.3369699080940327 1.172603690996765 2.9799544694833449 7.8759061165619633 1.0787784990388907 7.9891224005259556 2.7690287802834064 11.001695617334915 1.4883813615888346 8.9899836233817023
leaf_count=1420 227 209 1964 809 107 223 48 338 93 320 56 173 127 288 206 99 636 95 139 326 47 18 118 284 63 120 68 621 48 176
internal_value=0.00111048 0.00278297 0.00151151 -0.000352491 0.00207086 -0.00154078 0.00934573 -0.00726107 0.0107915 0.0117454 0.0151961 0.0276446 0.0044579 0.0141331 0.0146658 0.0172061 0.0209069 -0.00842109 0.00974467 -0.0111035 -0.0165625 0.0151374 0.0250079 0.00409371 0.0330941 -0.00713595 0.00680604 -0.0120001 0.0246485 0.0312186
internal_weight=305.151 262.611 241.252 208.165 173.168 118.352 54.8156 12.8573 35.4886 33.0873 30.511 10.4844 20.0265 21.3596 41.9583 39.5031 34.4907 42.5398 5.58401 34.9965 24.9639 31.2113 13.1425 18.0687 9.40975 82.8639 10.7582 36.9557 30.9492 10.1626
internal_count=9466 7191 6676 5728 4546 3064 1482 445 912 948 739 292 447 515 1037 989 783 2275 234 1182 856 819 312 507 236 2152 188 2041 684 194
is_linear=0
shrinkage=0.035


Tree=143
num_leaves=31
num_cat=0
split_feature=54 119 10 122 98 115 74 55 69 73 59 46 119 118 116 95 98 4 59 2 45 54 34 71 66 80 73 68 62 118
split_gain=3.49148 4.11481 3.57082 3.34573 3.25732 4.21561 3.44736 4.98095 5.01094 4.08459 3.87824 3.60627 3.46768 3.37108 3.35799 3.21198 3.07946 2.82531 2.81821 2.79155 3.6572 2.73885 3.22625 2.68891 2.58329 2.87531 2.38505 2.19162 2.18032 2.41278
threshold=0.44949494949494956 0.8144879441188323 3.5000000000000004 1.5000000000000002 0.84731934731934744 0.36055555555555557 12.750000000000002 0.92450142450142458 3.2500000000000004 18.500000000000004 0.77681992337164762 0.11043360433604336 3.5215741689311066 0.87841832963784194 0.49683544303797472 6174.5000000000009 1.0519568151147101 6.5000000000000009 0.80576285240464351 3.5000000000000004 0.17010638297872344 0.28991596638655465 9.5000000000000018 1.4025811075924515 1.2152084397994531 771.51515151515162 13.500000000000002 3.5000000000000004 0.38956639566395673 0.98399897593445995
decision_type=8 10 2 2 2 2 8 10 8 10 2 2 10 2 2 2 2 2 2 2 2 10 2 8 8 10 8 8 2 2
left_child=2 -2 4 -3 5 26 10 8 9 13 24 12 18 14 -8 -12 -11 21 -10 -18 -21 22 23 -9 -6 28 -1 -23 -26 -30
right_child=1 3 -4 -5 6 -7 7 17 11 16 15 -13 -14 -15 -16 -17 19 -19 -20 20 -22 27 -24 -25 25 -27 -28 -29 29 -31
leaf_value=0.0062824040932247414 0.002492821500828296 -0.021953128384828439 -0.011228051912332141 0.0067697845908322573 0.0053553283745345591 0.013701267149592692 -0.0072741645521880232 0.00039715597060787934 0.034735886342490321 -0.012461928979024201 -0.0048611625756507819 -0.0086448032826084362 -0.0053366017169736522 -0.019036178770297014 0.016702881585521349 0.022535361531577387 -0.00014694300472144846 -0.0016386560327471573 0.00305916073513029 0.025248541469561028 -0.0083228920436875312 0.013158139727179167 -0.0035911995214675369 0.031684913697389454 -0.018270810681743084 0.0090622258738512623 -0.019367051415014529 -0.010965489658797806 0.0069133683104076124 -0.016372385974471916
leaf_weight=3.0942538974341067 25.932477662805468 18.124519968871031 15.711375160608439 3.8139051261823615 17.993003009585664 4.5081413730513296 17.377867585280914 3.9488195190206232 10.267281816573822 4.2689667174126944 6.0762031781487158 3.2537682238034895 3.3023511837236574 15.262955338694153 5.5219365095254025 8.7078802499454451 16.141734684817497 7.577370192622765 5.7909152312204233 13.212051388574762 2.4678922565653911 4.3146684945095304 3.2959175331052384 24.138277088524774 22.936395984375849 5.4053757742512962 15.14491756656207 4.2036664094775924 11.280038665980099 3.2158568622544399
leaf_count=67 1018 1074 1225 144 648 81 728 76 148 101 145 100 44 421 83 243 465 133 147 293 104 160 48 373 452 264 324 139 173 33
internal_value=0.00121967 -0.00701479 0.00284926 -0.01663 0.00396878 -0.00753308 0.00529923 0.00838324 0.0034748 -0.00118235 -0.000742843 0.0162117 0.0213061 -0.00863622 0.000464748 0.0128926 0.00679126 0.0171124 0.0267513 0.0107156 0.0192299 0.0204592 0.0246545 0.0280109 -0.00478429 -0.0091578 -0.0146002 0.00160086 -0.0125467 -0.00112656
internal_weight=306.291 47.8709 258.42 21.9384 242.709 22.7473 219.961 144.346 96.8677 74.2534 75.6148 22.6143 19.3605 38.1628 22.8998 14.7841 36.0906 47.4787 16.0582 31.8217 15.6799 39.9013 31.383 28.0871 60.8307 42.8377 18.2392 8.51833 37.4323 14.4959
internal_count=9454 2236 7218 1218 5993 472 5521 3563 2634 2195 1958 439 339 1232 811 388 963 929 295 862 397 796 497 449 1570 922 391 299 658 206
is_linear=0
shrinkage=0.035


Tree=144
num_leaves=31
num_cat=0
split_feature=54 91 82 106 32 119 117 11 119 60 67 66 27 108 110 60 126 2 106 72 121 55 48 55 40 50 116 110 65 110
split_gain=3.24065 4.63002 3.86984 4.02103 6.2719 4.37965 5.03425 5.32486 4.96589 7.22362 4.78127 4.60116 4.71817 4.3784 3.39344 3.35543 3.21177 2.9115 2.90605 2.89337 2.86625 2.73901 2.67232 2.6549 2.56076 2.55441 2.55272 2.54848 2.51391 2.488
threshold=0.093386627906976757 6401.6746088137779 8.5000000000000018 157.31547619047623 4.5000000000000009 0.88675731546672643 0.65419580419580436 4.5000000000000009 2.4993136657616621 0.92214439655172431 5.5000000000000009 1.0045249791095132 12.500000000000002 7.5000000000000009 20.250000000000004 0.84877072612921689 1.5000000000000002 4.5000000000000009 58.611111111111121 9.5000000000000018 1.0000000180025095e-35 0.73746867167919816 0.030076888285843515 0.45798022598870064 30.500000000000004 0.079077644606565925 0.5956959706959708 35.750000000000007 1.6417112299465242 20.750000000000004
decision_type=8 10 8 8 2 8 2 2 10 2 8 10 2 10 10 2 2 2 10 8 2 10 2 10 2 2 2 10 10 10
left_child=19 2 -2 4 17 28 7 10 9 -9 -7 16 29 15 -3 -14 26 -4 27 21 -6 25 -16 -11 -17 -1 -8 -19 -5 -13
right_child=1 14 3 5 20 6 11 8 -10 23 -12 12 13 -15 22 24 -18 18 -20 -21 -22 -23 -24 -25 -26 -27 -28 -29 -30 -31
leaf_value=-0.01208217553642554 0.021323415474883159 0.010279534399710914 -0.017105631404268778 -0.00090538585183376854 0.023761306616464507 -0.019079533066417544 0.028767849763536763 -0.0099474570830616338 -0.0094582188991612914 -0.0063122392636634408 0.0067586284419483529 0.0045660382954242204 -0.0097215002899476884 -0.012814809880382293 -0.018569554639962675 0.025117601145394283 -0.0083318559856595028 -0.0027433549068437936 -0.013154126263839853 0.02456920188403915 -0.0024506982329773599 0.015295116883103262 0.0022944621360603472 0.028838227830872105 -0.0026147034066162458 0.011254591502845943 0.0022574970241422956 0.026268731293335752 0.028975558704694513 -0.015190435735691295
leaf_weight=12.081398851936688 7.6663063960149875 5.0104011693038037 32.566588538466021 4.3358819906134141 5.6956465453840783 28.186066333437338 16.185255645774312 7.6623270642012367 14.151608306216074 1.2161996776703752 9.0318540888838452 9.4933907235972601 2.3277745591476622 4.0331150656566015 25.728859237395227 17.612542174058039 2.1592256252188227 5.974012535531072 4.8625428709201506 8.5527219034265709 8.1825375773478282 8.7568273821379972 8.6164199355989677 14.236903804820029 3.9016826215665779 4.0742069662082931 6.7818029043264678 2.1539228898473084 7.6533094234764576 15.917179882759227
leaf_count=449 155 62 1160 92 106 1774 268 379 587 69 386 91 32 61 1040 247 48 139 226 172 167 118 324 422 47 205 112 72 77 327
internal_value=0.00190724 0.00054911 0.00248207 0.00138727 -0.00609415 0.00418403 0.00223326 -0.00415068 0.00493108 0.0138558 -0.0127514 0.00818277 0.00182102 0.0108807 -0.00984038 0.0164157 0.0191329 -0.0121549 0.00156114 0.0114165 0.0117509 0.00354897 -0.0137089 0.025205 0.0205436 -0.00492796 0.0227429 0.0120216 0.0210831 -0.00827225
internal_weight=304.809 271.343 231.988 224.321 59.4353 164.886 152.897 74.485 37.267 23.1154 37.2179 78.412 53.2857 27.8751 39.3557 23.842 25.1263 45.5571 12.9905 33.4652 13.8782 24.9124 34.3453 15.4531 21.5142 16.1556 22.9671 8.12794 11.9892 25.4106
internal_count=9414 8470 7044 6889 1870 5019 4850 3617 1457 870 2160 1233 805 387 1426 326 428 1597 437 944 273 772 1364 491 294 654 380 211 169 418
is_linear=0
shrinkage=0.035


Tree=145
num_leaves=31
num_cat=0
split_feature=10 54 56 119 91 91 57 0 110 98 100 66 116 44 81 54 97 23 27 44 56 109 63 11 48 107 76 48 66 119
split_gain=4.35206 4.61586 3.58629 5.55121 3.32228 4.05052 7.04385 3.93198 4.56567 3.99182 3.42429 3.53642 3.37508 3.23872 3.23768 3.04973 4.67611 3.66561 3.26209 3.12631 3.31936 2.98186 3.11671 2.85425 2.81932 2.79398 2.70688 3.06206 2.54252 2.47671
threshold=3.5000000000000004 0.093386627906976757 0.66811594202898561 0.93947638167683001 6464.6134949423204 4346.1728478968143 0.27429467084639503 2.0223495370370377 87.250000000000014 0.84731934731934744 0.42206477732793529 2.886468303358297 0.54606060606060614 0.36140661938534285 415.26732124042229 0.22474747474747478 15.178355765055761 1.5000000000000002 2.5000000000000004 0.37965517241379315 0.49675324675324678 4038.0000000000005 0.72456896551724148 16.500000000000004 0.022857889237199586 2011.0449298377325 0.72581536887763287 0.066120218579234988 2.1207589991584412 4.1522731927215952
decision_type=2 8 8 10 10 10 8 2 10 2 2 10 2 2 8 8 2 2 2 2 10 10 2 2 2 10 10 2 10 10
left_child=1 24 4 13 5 15 -7 -8 9 -9 11 -11 26 -4 -5 16 17 -3 28 25 -21 22 -19 -2 -1 -20 27 -6 -17 -23
right_child=23 2 3 14 12 6 7 8 -10 10 -12 -13 -14 -15 -16 18 -18 21 19 20 -22 29 -24 -25 -26 -27 -28 -29 -30 -31
leaf_value=0.021811606860902551 -0.019706833391074235 0.017867710987590948 -0.0089396343652296418 0.0066311690210088163 -0.022934211559555912 -0.011244683815384288 0.00033354733879980669 -0.0046128719555276173 -0.0018760745929700441 0.048257252863911963 -0.0028768820394086108 0.00257398210893096 0.0087810541000433139 0.015609097042661649 -0.020120805495257046 -0.012568876026404337 -0.012956133916194375 0.021206374583819149 0.018500533008240505 -0.015439986244579713 0.0089174871150097777 -0.014768870457386497 -0.010313900972412287 0.0080160097933307198 -0.0013874495060513935 -0.0077669128018034526 0.0047786531548140009 0.0084028149181419546 0.0072861589239931676 0.0091584923627410636
leaf_weight=18.284519185079265 12.692538780160247 32.731692360481247 6.6141758223529932 4.287658701650801 15.655237779021268 7.3164219399914137 8.8786054404918087 1.9276314026210517 4.8612261994276187 12.106538015417756 1.6365012060850848 3.0302719618193796 9.0829464383423311 12.028901979792861 24.014054799452424 33.51339881401509 7.5208091267850241 6.9166088285855967 15.633128271438183 10.222637792117895 8.0731234506238234 11.772238441277294 2.1034827462863177 3.0505460740532717 8.0714456001296622 3.4489413285627952 6.1472502432297906 1.9868455608375359 6.4211486508138469 3.7832031408324829
leaf_count=335 1047 455 402 79 605 228 136 33 229 223 47 43 78 346 1470 1133 86 131 531 316 272 266 58 200 163 172 173 46 114 37
internal_value=0.00184905 0.00291787 0.00137003 -0.00693465 0.00330175 0.00515627 0.0143613 0.0208667 0.027191 0.0335487 0.0379865 0.0420218 -0.00628614 0.00685102 -0.0156808 0.00218108 0.00750608 0.0110157 -0.00246877 0.00466385 -0.00508496 0.000411737 0.012799 -0.0136976 0.0156186 0.013126 -0.0125648 -0.0183288 -0.00892084 -0.00813732
internal_weight=303.814 288.071 261.715 46.9448 214.77 181.898 39.7572 32.4408 23.5622 18.7009 16.7733 15.1368 32.8723 18.6431 28.3017 142.14 64.828 57.3072 77.3124 37.3778 18.2958 24.5755 9.02009 15.7431 26.356 19.0821 23.7893 17.6421 39.9345 15.5554
internal_count=9454 8207 7709 2297 5412 4510 939 711 575 346 313 266 902 748 1549 3571 1033 947 2538 1291 588 492 189 1247 498 703 824 651 1247 303
is_linear=0
shrinkage=0.035


Tree=146
num_leaves=31
num_cat=0
split_feature=87 11 105 57 0 69 98 101 76 60 110 97 118 28 126 91 97 1 45 50 100 28 118 55 50 63 98 117 70 90
split_gain=5.56874 3.45205 3.12417 3.03555 4.40554 3.72894 5.55587 4.00978 4.20947 4.11349 3.94502 3.72019 5.34932 4.34875 4.24216 3.83305 4.61308 3.47098 3.5597 3.60569 3.25346 3.20352 3.06565 4.45345 3.00843 2.89238 2.87625 3.46926 2.83504 2.79518
threshold=1.5000000000000002 2.5000000000000004 1.0000000180025095e-35 0.42462121212121218 43.875121527777786 3.7500000000000004 1.0519568151147101 0.53589743589743599 0.40458561829460077 0.96238207547169818 182.75000000000003 2.9025521433256238 0.91077943615257062 9.5000000000000018 1.5000000000000002 12093.139915409325 6.9077632434531928 6.5000000000000009 0.092807924203273051 0.094467108618052034 0.27888888888888896 12.500000000000002 0.70135135135135152 0.94618725868725873 0.021507863089731735 0.44562647754137119 1.1775210084033616 0.39339826839826847 8.8452380952380967 22538.158119658121
decision_type=8 2 2 10 2 10 2 2 8 2 10 2 2 2 2 10 2 2 2 2 2 2 2 10 2 2 2 2 10 2
left_child=29 2 -2 5 17 6 10 8 -8 11 -3 -10 13 14 15 16 25 -5 19 28 -7 -9 -6 -24 -11 -13 -27 -28 -19 -1
right_child=1 3 -4 4 22 20 7 21 9 24 -12 12 -14 -15 -16 -17 -18 18 -20 -21 -22 -23 23 -25 -26 26 27 -29 -30 -31
leaf_value=-0.0040307232488743863 -0.012865197605063964 -0.020542516495481115 0.0065764494291429589 0.025346105297738546 0.012593928501570113 0.018251461473889577 -0.0094892424114047733 -0.016005497813724155 -0.0079431131634269837 0.008956855854837362 0.010344180342422573 0.00024087362218422665 0.00014182222231875715 -0.0092168624329459804 -0.0055301509495406529 -0.0040255344942814924 -0.0063059742670420757 -0.0070151732867787366 -0.0046360717887816783 -0.0097016859462884884 -0.011601097988093254 0.014166475199502855 -0.013576722565653643 0.0074939826401020735 -0.012933755170217548 0.0011708525338233818 -0.001246541092528169 0.05513041368746955 0.021666782643928413 0.028481886193827462
leaf_weight=2.7413002704270175 29.601455503376201 22.551724327728156 10.707736195996402 15.447337526595218 11.266049150843171 14.959696726640688 15.809344803215934 17.794797032838691 5.1041496386751524 9.4259167965501565 2.9898342499509445 1.8368650057818907 13.942157624289392 1.6023713676258911 2.2393856539856634 1.8877139284741122 1.294953827979042 2.5447764983400765 18.062697627348825 3.7167074573226264 2.0732740266248575 1.2584199723787595 24.385110971517861 16.903643988305703 11.947573213838039 1.7981483575422306 1.2154508049134154 11.911608241498469 22.664033866487443 9.2484263400547189
leaf_count=27 1672 631 560 273 335 249 441 913 254 177 46 52 378 59 88 96 54 27 441 100 50 36 806 429 380 63 72 361 300 142
internal_value=0.00254716 0.00140761 -0.0075449 0.00293109 0.00702791 -0.000521058 -0.0027671 0.00119813 0.00471525 0.00864567 -0.0158254 0.0143901 0.0179874 0.0266059 0.0304128 0.034748 0.0387954 0.0129492 0.006828 0.013615 0.0128097 -0.0114821 -0.000520452 -0.00507268 -0.00341195 0.042928 0.0468028 0.0510064 0.0180895 0.0220497
internal_weight=308.933 296.943 40.3092 256.634 114.99 141.643 124.61 99.0689 80.0156 64.2063 25.5416 42.8328 37.7287 23.7865 22.1841 19.9447 18.057 62.4356 46.9882 28.9255 17.033 19.0532 52.5548 41.2888 21.3735 16.7621 14.9252 13.1271 25.2088 11.9897
internal_count=9512 9343 2232 7111 2711 4400 4101 3424 2475 2034 677 1477 1223 845 786 698 602 1141 868 427 299 949 1570 1235 557 548 496 433 327 169
is_linear=0
shrinkage=0.035


Tree=147
num_leaves=31
num_cat=0
split_feature=87 11 66 117 65 110 106 45 59 55 66 94 92 117 54 100 54 123 107 94 73 55 60 73 76 59 93 68 24 0
split_gain=3.36095 3.42802 3.72135 4.96225 3.96541 3.87435 6.1575 3.80995 6.56775 4.52116 3.71135 3.55756 4.14964 3.86631 3.54823 3.98844 3.34109 3.46332 3.1907 2.94828 2.8866 2.76967 2.67754 2.61834 2.61156 2.51876 2.5021 2.4999 2.38782 2.38665
threshold=1.5000000000000002 2.5000000000000004 4.2259120153140755 0.17028985507246377 1.5773809523809526 88.250000000000014 1028.8888888888891 0.071796759941089847 0.68377192982456159 0.65571120689655182 2.8098850316772741 48829.000000000007 78870.500000000015 0.88589511754068717 0.15894736842105264 0.063164893617021281 0.18465909090909094 1.5000000000000002 2204.1464199802544 27420.750000000004 8.5000000000000018 0.52419984387197516 0.92214439655172431 19.500000000000004 0.40458561829460077 0.45307917888563054 79912.000000000015 10.500000000000002 17.500000000000004 0.56244212962962969
decision_type=8 2 8 2 10 10 10 2 2 10 10 2 2 2 8 2 10 2 10 2 10 10 2 10 10 2 2 10 2 2
left_child=19 20 3 4 -3 6 7 8 25 27 18 13 21 -4 24 22 17 28 -10 -1 -2 -13 -16 -22 -8 -5 -26 -9 -11 -7
right_child=1 2 11 5 -6 29 14 9 10 16 -12 12 -14 -15 15 -17 -18 -19 -20 -21 23 -23 -24 -25 26 -27 -28 -29 -30 -31
leaf_value=-0.0065884312565325232 0.0025866805713700082 -0.0098607420240409312 -0.010056150752286193 0.011775674097234083 0.02335250511062199 0.0082809142095184463 -0.0057658476889457895 -0.020764024258055777 0.026256608740306598 0.020974015093376742 -0.008116063874157484 -0.0046764184985674164 -0.0081978353590811456 0.014966250549713053 -0.0063870019633010307 -0.013675373521437143 -0.010536711689183489 -0.0061271166144143373 -0.0077550973907379696 0.02291917787223895 -0.019657779082399379 0.025764460540659589 0.021609089310325996 0.0058653057098404003 0.038298619286428401 -0.0082204790747978582 -0.001009606090347345 0.0042849160997537484 -0.0077102850068035715 -0.02106294834790973
leaf_weight=3.1956978496164075 15.80293815792538 2.7920469287782899 15.122353562153878 4.7680575037375084 12.15821944340132 1.3668030728586007 1.1207302380353237 28.106545936549082 16.408179776743061 12.302733007352801 3.5684738226700565 2.6463960837572875 4.0665107984095803 7.1309815957210949 3.5473291568923759 6.6539032221771768 19.058206341927871 11.389849973609669 1.7100129418540735 9.8352486006915552 20.001019628020007 21.268718877341598 7.3364078775048256 3.7130266309250137 6.0015754678752256 39.540234777145088 2.1133294270839542 3.9361330240499219 1.7226675781421352 13.155970691470428
leaf_count=36 722 96 384 130 193 56 46 1340 297 210 47 113 98 101 151 263 559 234 44 141 1317 417 197 192 127 727 79 122 19 983
internal_value=0.001202 0.000280897 0.00184649 -0.00037752 0.016233 -0.00212267 -0.000407835 -0.00340698 0.00266794 -0.00848884 0.0165074 0.00988355 0.0171828 -0.00076314 0.0135802 0.00233455 -0.000865976 0.00692585 0.0220635 0.0158624 -0.00868319 0.0221698 0.0133461 -0.015336 0.0266144 -0.00509279 0.0315796 -0.017524 0.0163505 -0.0168877
internal_weight=301.54 288.509 248.992 198.757 14.9503 183.807 169.284 142.511 65.995 76.5161 21.6867 50.235 27.9816 22.2533 26.7733 17.5376 44.4735 25.4153 18.1182 13.0309 39.517 23.9151 10.8837 23.714 9.23564 44.3083 8.1149 32.0427 14.0254 14.5228
internal_count=9441 9264 7033 5920 289 5631 4592 3729 1245 2484 388 1113 628 485 863 611 1022 463 341 177 2231 530 348 1509 252 857 206 1462 229 1039
is_linear=0
shrinkage=0.035


Tree=148
num_leaves=31
num_cat=0
split_feature=87 93 11 89 38 35 55 29 108 54 95 103 110 86 74 108 110 94 93 63 97 43 0 76 20 0 0 127 94 110
split_gain=3.78266 3.53124 4.07917 3.32791 3.78453 4.03511 3.93535 3.06989 2.84624 6.11589 3.77164 3.35349 3.1453 3.05714 2.87406 2.85898 2.77618 2.74327 2.63501 2.62212 2.54478 2.53395 3.32679 2.52787 2.28666 2.30672 2.26017 2.23201 2.99132 2.76389
threshold=1.5000000000000002 15685.000000000002 9.5000000000000018 582.25000000000011 23.500000000000004 31.500000000000004 0.43875000000000003 13.500000000000002 9.5000000000000018 0.34848484848484856 13243.500000000002 0.64495798319327746 25.750000000000004 279.59133398449859 13.250000000000002 125.50000000000001 76.750000000000014 52533.250000000007 4594.5000000000009 0.6358901515151516 1.7983802258258772 0.15075757575757578 2.4328125000000003 0.37850674739933959 2.5000000000000004 0.56244212962962969 163.70045717592595 1.0000000180025095e-35 80648.250000000015 31.250000000000004
decision_type=8 2 2 8 2 2 10 2 10 8 2 2 10 8 10 10 10 2 2 2 2 2 2 8 2 2 2 2 2 10
left_child=-1 7 8 -4 5 6 -5 18 13 10 11 14 -11 23 19 -14 24 -7 -2 -10 -17 22 -15 -3 25 -8 -27 28 -23 -30
right_child=1 2 3 4 -6 17 16 -9 9 12 -12 -13 15 21 -16 20 -18 -19 -20 -21 -22 27 -24 -25 -26 26 -28 -29 29 -31
leaf_value=0.017588093241898868 -0.007576506131454888 -0.010906142265774205 -0.011816612949422057 -0.0096351234801944578 -0.012222207397763151 0.0084102222427792379 -0.0015456852158502797 -0.010338458444027631 -0.0083725465668830733 0.013137038377406677 -0.0080404792576477101 -0.010196460726809209 -0.019122492664078131 0.017184094747721534 0.026595365680986922 -0.012684211600464391 -0.0055622702769775609 -0.013594862945965819 0.021444209956125445 0.013878770236639642 0.013439308142612903 -0.016272894700781557 -0.0077933219374261469 0.015792680161902963 0.0016565004035031538 0.03113815225443824 -0.0017092167947509961 -0.00015030327576641186 -0.011272690874356697 0.015442734961871374
leaf_weight=11.831786816474049 2.0287199364975157 2.2883648336864981 6.8422346739098421 3.3604559912346295 5.4352507870644322 10.029289790429177 2.9079507754649994 2.6167242038063696 6.7688983255066004 2.6236256915144649 8.3433290114626271 2.877439512172713 19.617238332750279 6.1891823906917152 15.696169750997795 3.1770592317916435 2.9469183769542715 8.0369789926335198 16.826892030192539 10.659777819411827 5.5660569083411247 60.000594991492108 11.04521018010564 8.4100438936147839 6.4015651871450236 24.646097031189132 2.2580679063685229 19.149842704646289 4.2985487021505815 4.9409478385932744
leaf_count=163 72 108 387 194 102 205 42 58 242 69 376 93 1188 116 387 126 111 217 382 277 105 2224 438 301 118 336 40 608 98 167
internal_value=0.00146146 0.00050353 -0.000703259 0.00609149 0.00864862 0.01131 0.0166795 0.0126948 -0.00337577 0.00185867 0.00976006 0.0143627 -0.00923495 -0.00670244 0.0175535 -0.0129634 0.0197728 -0.00220392 0.0173882 0.00529692 0.00278546 -0.00854651 0.00302372 0.00842713 0.0222592 0.0258099 0.0285455 -0.0108436 -0.0135917 0.00341977
internal_weight=297.821 285.989 264.517 72.8648 66.0226 60.5873 42.5211 21.4723 191.652 75.3296 44.3456 36.0023 30.984 116.323 33.1248 28.3604 39.1606 18.0663 18.8556 17.4287 8.74312 105.624 17.2344 10.6984 36.2137 29.8121 26.9042 88.3899 69.2401 9.2395
internal_count=9350 9187 8675 1752 1365 1263 841 512 6923 2863 1375 999 1488 4060 906 1419 647 422 454 519 231 3651 554 409 536 418 376 3097 2489 265
is_linear=0
shrinkage=0.035


Tree=149
num_leaves=31
num_cat=0
split_feature=88 83 96 64 46 106 119 111 70 75 12 56 21 54 23 25 42 45 66 87 60 56 26 90 60 128 65 29 127 73
split_gain=4.00172 4.2847 3.41372 3.12609 3.03458 4.57186 4.24693 4.98042 5.55553 3.47302 3.79605 4.93489 3.52237 3.28219 5.62133 4.22206 4.03651 2.8998 3.98978 2.89969 2.80485 2.77236 2.7216 2.43491 2.72086 2.41916 2.36948 2.32095 2.28627 2.27988
threshold=1079.5000000000002 1341.5000000000002 3.3229166666666674 0.83602150537634423 0.059850746268656725 422.30952380952385 2.3789374671092465 0.035401002506265669 13.431677018633541 1.4058823529411766 1.5000000000000002 0.29198717948717956 7.5000000000000009 0.16954022988505749 1.5000000000000002 2.5000000000000004 3.5000000000000004 0.10275263951734541 2.5381099681804336 1.5000000000000002 0.85610766045548659 0.23038461538461544 32.500000000000007 79010.893374741208 0.77951388888888895 0.31909090909090915 3.4868421052631584 9.5000000000000018 1.5000000000000002 16.500000000000004
decision_type=10 10 2 2 2 10 8 2 8 8 2 10 2 10 2 2 10 2 8 10 2 10 2 2 2 2 10 2 2 10
left_child=1 2 4 -3 6 17 9 23 -9 -1 26 21 -13 15 20 16 -7 18 -6 -5 -15 27 -17 24 -8 -21 -11 -12 -26 -22
right_child=-2 3 -4 19 5 13 7 8 -10 10 11 12 -14 14 -16 22 -18 -19 -20 25 29 -23 -24 -25 28 -27 -28 -29 -30 -31
leaf_value=-0.014036564509419022 0.021068512881684764 0.012506865228014846 0.018072509974765536 0.0068818387088789706 0.013549097720515626 -0.0017124454334004505 0.0095169429585391409 -0.010634676920238938 0.021714386700859629 -0.012821621634076012 0.015310285661924617 0.019490363724011205 -0.0042927408641088875 -0.008737854050316643 -0.013942011733794687 -0.0082024860062649228 0.037303957530648975 -0.015544441065036382 -0.010130497953856739 -0.026647167234753903 0.024048332991543398 -0.015882075678641736 0.015782554264394004 0.0040602214055591021 -0.020023624510009514 0.0029208336276801629 0.0088862821556277543 -0.009183493090619145 0.0029776038288418399 0.0013954125729379733
leaf_weight=7.8553694458678356 7.6299483329057685 1.6075682130176598 10.655236631631849 2.9039952205494073 14.04825177928433 3.550046285614374 1.9122433313168574 8.1790464571677166 8.6368567296303791 14.668602756224574 6.6048518382012862 36.715099333785474 7.3852511141449204 3.4658033284358707 10.873595333192496 8.1994190681725723 10.885764400940387 10.928687260486184 11.314732759725301 13.381690146168696 11.915099545847626 8.0956375240348262 5.5431280853226772 6.9414028716273597 39.755738348234445 3.0308453082106999 4.8381639160215846 3.7574019795283675 4.6511973817832759 8.9837151644751412
leaf_count=233 55 194 183 100 224 71 71 191 147 602 95 1013 220 101 312 159 185 300 180 2264 233 201 132 212 996 292 73 68 73 182
internal_value=0.00177265 0.000920192 0.00218611 -0.0127036 0.00120526 0.00584775 -0.00177742 -0.00795463 0.00714896 0.00320201 0.00556344 0.0096086 0.015476 0.0112122 0.00325587 0.0191718 0.0297369 -0.00374875 0.00305669 -0.0169419 0.0119981 -0.00472062 0.00310147 -0.0129275 -0.0156209 -0.0217799 -0.00672299 0.00633045 -0.0175569 0.0164599
internal_weight=298.914 291.284 270.36 20.9241 259.705 99.7082 159.997 70.0765 16.8159 89.9204 82.065 62.5582 44.1004 63.4166 35.2382 28.1784 14.4358 36.2917 25.363 19.3165 24.3646 18.4579 13.7425 53.2606 46.3192 16.4125 19.5068 10.3623 44.4069 20.8988
internal_count=9362 9307 6457 2850 6274 2079 4195 1690 338 2505 2272 1597 1233 1375 828 547 256 704 404 2656 516 364 291 1352 1140 2556 675 163 1069 415
is_linear=0
shrinkage=0.035


Tree=150
num_leaves=31
num_cat=0
split_feature=87 83 118 50 49 96 114 114 24 45 69 106 59 79 98 21 76 24 99 65 11 1 56 116 16 2 58 90 65 46
split_gain=3.62817 4.17274 3.79369 4.79776 3.37074 3.56397 3.93116 4.09044 3.89226 3.53633 3.09288 3.96587 3.56326 2.82253 3.41234 2.79017 2.71673 3.59056 2.89571 3.04588 2.82343 2.68597 3.40594 2.54278 2.511 2.48082 2.47007 2.33122 2.25549 2.12033
threshold=1.5000000000000002 1537.5000000000002 0.70659971305595415 0.045199182839632285 0.062019230769230778 3.60952380952381 0.087228260869565227 0.066987179487179499 3.5000000000000004 0.069971440228478191 2.7500000000000004 591.74625000000003 0.76043478260869579 2.7500000000000004 0.9104278074866311 1.0000000180025095e-35 0.46733094779649481 10.500000000000002 0.56594202898550738 5.2613636363636376 13.500000000000002 6.5000000000000009 0.17684288905435594 0.14434523809523811 26.500000000000004 1.5000000000000002 0.38799283154121872 14201.355769230771 1.2613636363636365 0.21240601503759401
decision_type=8 10 2 2 2 2 2 2 2 2 8 10 2 10 2 2 10 2 2 10 2 2 10 2 2 2 2 2 8 2
left_child=25 2 3 15 5 6 7 8 13 -9 12 -12 -8 14 -4 -2 21 18 -18 20 -20 -10 -23 -24 -19 -1 -3 -5 -17 -16
right_child=1 26 4 27 -6 -7 10 9 16 -11 11 -13 -14 -15 29 28 17 24 19 -21 -22 22 23 -25 -26 -27 -28 -29 -30 -31
leaf_value=-0.0058248296575785273 -0.0073260765896805777 0.011338238620386278 -0.010489469712760323 0.011973098833226148 0.012948653822062575 0.016700112479109526 -0.019668734110870806 0.025955510788429108 0.0024602945407506301 -0.002017306933047689 -0.0093116001425499959 0.013686995097599547 0.0026733829506711548 -0.01265904888670462 0.015208454985536227 -0.0006426270730722401 0.011048866240012235 0.019372977114444179 -0.019993376679196082 0.012428295948036749 0.0093834038246044943 0.0058146998798665464 0.0038830762359933295 -0.028452549746890977 -0.004799720272398467 0.023115524425619996 -0.019475845299691704 -0.012767724859494695 0.02237528871167805 -0.007915512074403476
leaf_weight=2.619935914874076 3.2089714894536874 0.45396899408660729 5.5750944071914992 2.1021211096085599 14.403301211539654 6.6081815864890805 34.050605048425496 7.9821478407830027 7.7221189974807229 8.4877195875160378 18.418265311047438 10.114329106640069 9.8531257743015868 4.4729281023610374 32.343091398244724 5.9506140267476466 4.0081939604133394 8.8284976924769563 20.264598134439446 1.6117370408028353 1.734969486016779 3.5260120220482376 2.1811718232929733 16.204790759831667 5.8622065722011021 8.7843596101738495 14.044889900134875 11.40003334940411 25.736031841952354 2.4569052220322183
leaf_count=42 186 57 185 36 244 134 972 93 148 262 297 150 231 138 1027 176 50 136 617 17 32 33 65 306 155 124 2455 454 555 95
internal_value=0.000704842 -0.000198768 0.000894365 0.00929241 -0.00106027 -0.00228673 -0.00327852 0.000352804 -0.00214275 0.0144272 -0.00955055 -0.000333758 -0.0148939 0.00557816 0.00877086 0.0155544 -0.00700546 -0.000939779 -0.00797758 -0.0125739 -0.016368 -0.0142798 -0.0195403 -0.0246064 0.0109576 0.0167181 -0.015851 -0.0067212 0.0185542 0.0127866
internal_weight=301.011 289.607 275.108 48.3978 226.71 212.307 205.699 133.262 116.792 16.4699 72.4363 28.5326 43.9037 44.848 40.3751 34.8956 71.9443 42.3102 27.6195 23.6113 21.9996 29.6341 21.912 18.386 14.6907 11.4043 14.4989 13.5022 31.6866 34.8
internal_count=9472 9306 6794 1407 5387 5143 5009 3359 3004 355 1650 447 1203 1445 1307 917 1559 1007 716 666 649 552 404 371 291 166 2512 490 731 1122
is_linear=0
shrinkage=0.035


Tree=151
num_leaves=31
num_cat=0
split_feature=10 112 110 110 61 110 93 115 94 66 98 85 92 117 66 107 91 20 95 110 109 83 65 117 46 56 97 107 57 114
split_gain=5.12646 2.9537 2.58459 4.98179 4.53526 3.65417 5.81335 4.90455 5.71297 3.56672 3.75524 3.44057 3.22814 3.28004 4.43289 4.06785 3.22512 2.92091 4.59473 2.89666 2.88529 3.26884 3.33667 2.87161 2.75347 2.96272 2.71846 2.55855 2.41735 2.20807
threshold=3.5000000000000004 0.14550264550264552 37.250000000000007 44.250000000000007 0.86319073083778985 61.250000000000007 29953.000000000004 0.083920187793427234 32746.500000000004 4.2259120153140755 1.0571895424836604 677.26666666666677 74741.000000000015 0.12916666666666668 0.76526280762996912 2682.4693851852958 3597.9283146439789 1.5000000000000002 29152.000000000004 127.25000000000001 8371.5000000000018 1842.5000000000002 3.6381818181818186 0.44529914529914533 0.12276295133437992 0.68090909090909102 2.1302814417865412 101.30904968940567 0.4188596491228071 0.097800095648015326
decision_type=2 2 10 10 2 10 2 2 2 8 2 10 2 2 10 10 10 2 2 10 10 8 10 2 2 8 2 8 10 2
left_child=1 2 9 4 -4 7 23 8 -5 10 16 -6 13 14 -8 -15 -1 -12 -19 -17 21 -10 -23 26 25 -11 -7 -14 -18 -9
right_child=-2 -3 3 5 11 6 12 29 20 24 17 -13 27 15 -16 19 28 18 -20 -21 -22 22 -24 -25 -26 -27 -28 -29 -30 -31
leaf_value=-0.015233720420410074 -0.015750475664425358 -0.012466651875564739 0.014374625615177472 -0.0095833303953981683 -0.023252047261157229 -0.0037760509643877112 -0.0099398999654528621 -0.013095657501466223 -0.0022714527516962553 0.025719998918414002 0.011733916403771001 0.010131742246822256 -0.01029852520963782 -0.021387297142461806 0.017538360334793664 0.013721342872739196 -0.0075645512328560626 -0.012923088071787733 0.015789242906202108 -0.012535043369137751 -0.0062138731387074448 0.04330178444688329 -0.0018193153436526618 -0.0098986596786568466 -0.0042290600768913186 -0.00014414333429272862 0.025124250133868035 0.016934630695352726 0.013617594628724054 0.0082163488371946019
leaf_weight=16.122845026664436 15.123355986317618 10.464321867795659 2.3237662760075208 3.3830721729900715 18.330612425692383 3.6665302931796768 11.943591157672929 7.2859752916265261 2.264564148616043 19.685887309489779 50.686264193616807 1.5963531280867744 2.3566924645565424 25.515708394115791 7.5710395993664852 6.493244164157657 7.9764700185041901 14.266713825287299 5.6999340525362632 4.4334239359013736 1.0324161117896427 10.363862593425436 1.8591510988771922 1.9393104715272791 5.1009753313846877 6.8824985960964105 12.052232429618014 7.712490368168802 9.1337680069264007 6.9165506334975362
leaf_count=267 1245 435 50 140 571 131 390 307 97 333 642 22 100 1673 110 322 90 263 86 275 46 276 45 106 92 293 340 299 90 292
internal_value=0.00136694 0.00253092 0.00331517 -6.58595e-05 -0.0135914 0.00296321 -0.0010668 0.0119536 0.0216909 0.0066621 0.00317675 -0.0190818 -0.00593609 -0.00920544 0.00212354 -0.0147963 -0.00594963 0.00757904 -0.00320594 0.00247725 0.0291822 0.0326517 0.037903 0.0144324 0.0161031 0.0200583 0.0190986 0.00925851 0.0042653 -0.0032799
internal_weight=300.184 285.06 274.596 139.041 22.2507 116.79 83.6843 33.1056 18.9031 135.555 103.886 19.927 66.0262 55.957 19.5146 36.4424 33.2331 70.6529 19.9666 10.9267 15.52 14.4876 12.223 17.6581 31.6694 26.5684 15.7188 10.0692 17.1102 14.2025
internal_count=9428 8183 7748 5592 643 4949 3746 1203 604 2156 1438 593 3169 2770 500 2270 447 991 349 597 464 418 321 577 718 626 471 399 180 599
is_linear=0
shrinkage=0.035


Tree=152
num_leaves=31
num_cat=0
split_feature=87 87 85 55 98 110 70 9 94 116 56 65 117 91 113 110 97 69 21 123 65 27 109 41 117 117 76 100 110 110
split_gain=3.29692 3.3982 4.48377 3.41892 4.65472 4.85354 4.25113 4.41931 4.33123 3.96851 3.71287 4.02698 5.28064 4.70864 5.46178 4.14101 4.86605 3.71631 3.88454 3.56595 4.50195 3.37857 3.18181 3.14096 3.04546 2.80648 2.7141 2.68766 2.64451 3.26074
threshold=1.5000000000000002 118.50000000000001 603.91666666666686 0.82247899159663873 0.89039039039039047 14.750000000000002 11.392307692307694 4.5000000000000009 74339.250000000015 0.089572192513368995 0.65030120481927722 1.5634920634920637 0.21498599439775914 5856.9293886708574 0.030457637600494747 88.250000000000014 5.004931959903737 2.7500000000000004 8.5000000000000018 1.5000000000000002 3.6742424242424243 3.5000000000000004 7525.5000000000009 1.5000000000000002 0.43534002229654406 0.90098039215686287 1.0000000180025095e-35 0.87083333333333346 34.250000000000007 59.250000000000007
decision_type=8 8 10 8 2 8 8 2 2 2 10 10 2 10 2 10 2 10 2 2 10 2 10 8 2 2 8 2 8 10
left_child=22 2 -2 10 5 -5 9 8 21 -6 11 15 -13 25 24 16 -3 27 -19 20 -9 -8 -1 -7 -15 26 -14 -12 -10 -30
right_child=1 3 -4 4 6 23 7 19 28 -11 17 12 13 14 -16 -17 -18 18 -20 -21 -22 -23 -24 -25 -26 -27 -28 -29 29 -31
leaf_value=0.024027567439913123 -0.019331295166874062 0.026814337018694203 0.014012237459507464 0.016487032265705272 0.015600207980912394 0.0093746344259209771 -0.016966111945871068 0.02690724712848919 -0.0086579139775897224 -0.01336585433057485 -0.024252999886404541 0.016552844104325809 0.001308306101873468 -0.009463401982664996 -0.0099437782572441898 -0.0076272331949694544 -0.0066709291528634649 0.015848060071769105 -0.016172907875348454 -0.0020158142845715381 0.00017081366725709012 0.0087821531530822717 -0.0059995754453031642 -0.018264424894620893 0.021853085835290262 0.002092391466761748 -0.019599579195335375 0.0083517537847002492 0.034581839976413703 -0.0028133448408056414
leaf_weight=8.6918116221204382 15.883636908372866 14.294165002647793 2.5408756113611153 4.2032003696076599 3.5853264434263137 3.0528979185037342 12.590223079314461 33.302902791416273 1.4530095080845029 14.2422742114868 16.461443009087823 9.687124817632137 8.6978849733713997 1.768883674172687 12.888866585679351 7.3820076950360081 5.0042297577019772 6.4772076297085714 2.93366519222036 8.4804102156776917 9.7411052451934648 5.8476192734669885 3.8785647964105001 19.02862358558923 13.522190022282301 12.732399378903208 34.110858785919845 1.1185470072086889 3.5588002246804544 3.2414337792433798
leaf_count=112 1788 365 280 80 119 87 534 522 45 345 932 138 239 83 369 332 128 177 79 164 95 213 58 491 245 154 970 49 101 134
internal_value=0.00097334 7.35814e-05 -0.0127236 0.00116466 0.00537841 -0.00676505 0.0088721 0.012254 0.000433915 -0.00539945 -0.00240158 0.000404443 -0.00310534 -0.0061846 0.00490741 0.011243 0.0185454 -0.0129982 0.0037181 0.0177971 0.0215041 -0.00866856 0.0156919 -0.0134179 0.0167911 -0.0117529 -0.015659 -0.0207885 0.0163676 0.0231176
internal_weight=300.402 287.832 18.4245 269.407 122.328 26.2847 96.0431 78.2155 26.6911 17.8276 147.079 120.089 93.4082 83.7211 28.1799 26.6804 19.2984 26.9909 9.41087 51.5244 43.044 18.4378 12.5704 22.0815 15.2911 55.5411 42.8087 17.58 8.25324 6.80023
internal_count=9428 9258 2068 7190 2930 658 2272 1808 1027 464 4260 3023 2198 2060 697 825 493 1237 256 781 617 747 170 578 328 1363 1209 981 280 235
is_linear=0
shrinkage=0.035


Tree=153
num_leaves=31
num_cat=0
split_feature=82 32 98 63 10 44 93 56 100 107 98 114 70 70 43 119 101 114 107 76 96 59 43 59 95 110 46 108 0 16
split_gain=3.42202 3.92075 5.09577 4.25213 3.94446 3.76762 5.89178 5.70097 5.58884 5.08258 5.11175 3.57903 3.55911 4.57112 3.5349 3.2328 3.22009 3.11525 3.00411 2.91791 2.83063 2.81855 2.74911 3.85402 2.69977 2.4303 2.38043 2.36208 2.34393 2.37738
threshold=8.5000000000000018 2.5000000000000004 1.2886904761904765 0.53798076923076932 3.5000000000000004 0.43364779874213844 73036.000000000015 0.20864427860696519 0.04210992907801419 135.7272336136032 0.9104278074866311 0.060915275200989494 14.65686274509804 15.387500000000001 0.28966437833714725 1.8868454971521091 0.10620300751879701 0.24764150943396229 31.852784969255051 0.81586802275591774 2.759615384615385 0.8099343185550083 0.43226559893226563 0.47913043478260875 17439.500000000004 131.25000000000003 0.0621778350515464 261.50000000000006 128.40510995370374 3.5000000000000004
decision_type=8 2 2 2 2 2 2 8 2 8 2 2 10 10 2 8 2 2 10 10 2 2 2 2 2 10 2 10 2 2
left_child=11 5 16 -4 24 7 15 8 -2 -8 -11 -1 22 14 -14 21 -3 19 -16 -12 -17 -7 27 -24 25 28 -10 -9 29 -5
right_child=1 2 3 4 -6 6 9 12 26 10 17 -13 13 -15 18 20 -18 -19 -20 -21 -22 -23 23 -25 -26 -27 -28 -29 -30 -31
leaf_value=0.028700984201531825 0.025060917275499618 0.0073597442784985295 -0.0048569639606151445 -0.0015367581330213069 -0.0091021758010863419 0.013978593741382855 -0.011684965318517667 -0.018245064238513405 -0.015149859083524205 -0.0062610007552573619 0.03324364143383416 -0.004273191162792977 -0.0093648318338979807 -0.0085835020198500693 -0.0086446139873649266 -0.014005816830661037 -0.012770594095806916 -0.0066926443787998285 0.029753104683429812 -0.0048451758246257411 0.0085794167553748732 -0.0079946800979282199 -0.014037646007456699 0.010862104024547948 -0.00014037430704582409 -0.0017693857581128586 0.0091172339569296421 0.0092860461411846361 0.00089458294129969389 0.03534548210890788
leaf_weight=5.6911185744684172 8.5417091776616889 13.308908416423948 9.9768028892576677 1.9018780784681535 2.9997008058708152 13.810879409778865 4.2137905452400473 52.834249798208475 7.1537360763177258 5.3030582938808974 17.896116757532589 4.6499451559502631 2.3990267079789209 19.333012859104201 0.77806681836955238 27.715424076421186 16.606219633482397 1.384412113809957 7.1655489460099488 1.4516977807506908 4.9741946998983613 7.4411859535612157 9.9873198934365082 10.553517687600104 5.7295516743324688 2.9462314802221945 4.0987553542945534 1.149818958248942 3.5761247617192558 19.455293302889913
leaf_count=130 123 318 297 43 187 390 118 2612 160 157 422 155 127 766 30 793 406 33 224 53 73 250 459 349 147 92 85 17 79 315
internal_value=0.00121035 0.000336667 0.0068607 0.013576 0.0185795 -0.00216536 0.00342911 -0.00594961 0.00960691 0.0146101 0.0200628 0.0173136 -0.00920933 0.000976495 0.0158202 -0.00354837 -0.00404339 0.0267043 0.0241056 0.0299777 -0.0098869 0.00622756 -0.0130717 -0.00162261 0.0219089 0.0257726 -0.00622501 -0.0169212 0.028779 0.0323926
internal_weight=295.027 284.686 76.5007 46.5856 36.6088 208.186 84.1908 123.995 19.7942 30.2491 26.0353 10.3411 104.201 29.6757 10.3426 53.9417 29.9151 20.7322 7.94362 19.3478 32.6896 21.2521 74.5249 20.5408 33.6091 27.8795 11.2525 53.9841 24.9333 21.3572
internal_count=9410 9125 1884 1160 863 7241 2289 4952 368 783 665 285 4584 1147 381 1506 724 508 254 475 866 640 3437 808 676 529 245 2629 437 358
is_linear=0
shrinkage=0.035


Tree=154
num_leaves=31
num_cat=0
split_feature=87 50 10 113 41 49 0 110 97 0 3 93 61 116 76 108 98 109 61 30 110 114 1 59 23 70 115 48 69 117
split_gain=3.69413 3.35461 3.11608 2.89652 3.87444 3.71942 3.19617 4.05523 3.14105 3.07748 3.48842 2.96814 2.94651 3.37762 3.50988 3.22122 2.93851 2.90633 3.56641 3.49285 2.84579 2.74736 2.56696 2.51457 2.68152 2.28817 2.20716 2.20602 2.24799 2.1752
threshold=1.0000000180025095e-35 0.18634259259259262 3.5000000000000004 0.074537037037037054 2.5000000000000004 0.079473684210526321 4.7096238425925927 28.750000000000004 4.9253221481639793 0.44903356481481488 17.500000000000004 81146.000000000015 0.93969696969696981 0.16172624237140368 0.46733094779649481 41.500000000000007 0.79361054766734285 188.50000000000003 0.90260840108401097 1.0000000180025095e-35 188.25000000000003 0.073350071736011491 22.500000000000004 0.89827586206896559 7.5000000000000009 13.59761904761905 0.23582887700534763 0.070802005012531338 1.7500000000000002 0.91445993031358896
decision_type=8 2 2 2 8 2 2 10 2 2 2 2 2 2 8 10 2 8 2 2 8 2 2 2 2 8 2 2 10 2
left_child=-1 2 3 6 11 23 9 8 16 10 -2 -5 13 -9 -15 26 -8 -11 -19 -20 -17 -16 -4 24 -6 -10 27 29 -29 -14
right_child=1 -3 22 4 5 -7 7 12 25 17 -12 -13 15 14 21 20 -18 18 19 -21 -22 -23 -24 -25 -26 -27 -28 28 -30 -31
leaf_value=0.016890233569808594 0.0087354905316314301 -0.013546416394195338 -0.017698627735386177 -0.0034184558849108451 -0.020096380746528916 0.014792474101323966 -0.0091103922429764811 -0.011309739759826029 0.0069430554708785853 -0.0042516594109107643 -0.015792926869051434 0.025549546546109282 -0.019466365523551694 -0.0080455534278080793 0.023965241125330002 0.017168031092696892 0.022896069549336234 -0.0055959494138714139 0.022413754868616572 -0.0028741757464635599 -0.0075836640047869273 -0.0044670941307822822 0.01152637935452301 0.0077227677571723111 0.0090474650413520704 -0.011764700648523509 0.0070809959185432932 0.016603948514467035 -0.011246628002810628 0.0057614138578725932
leaf_weight=11.209627111442385 10.767989297863098 16.630394476931542 12.651020828634497 7.7625713194720429 28.140889683272693 2.0174840160179874 1.4690709924325371 7.4692971222102669 16.736464705318216 8.7050072338897717 8.1182789716403914 2.6041658101603389 35.038162927608937 5.6750789808575091 12.457150987815114 6.1021610361058238 14.628680530237032 6.3516656015999606 38.029619571054354 6.6743470891378811 7.428514408878983 3.646150156389921 0.98446168890222985 2.7293144604191175 1.5166278067044903 7.6819352470338336 3.4667004912625989 2.3878313647583118 2.1493199639953673 2.4707923410460344
leaf_count=124 188 851 1090 308 945 39 93 409 176 187 125 66 1588 290 435 260 320 146 658 115 222 138 70 51 34 101 146 78 80 47
internal_value=0.000640653 -0.00028669 0.000777497 0.00176504 -0.00588496 -0.0112565 0.00351565 5.41069e-05 0.00861677 0.00884281 -0.0029069 0.00980395 -0.00412646 0.0044625 0.0109736 -0.0083973 0.0185083 0.0124938 0.0154735 0.0187289 0.00519941 0.0179944 -0.0130622 -0.0146405 -0.0175158 5.84093e-05 -0.0125541 -0.0147535 0.00443124 -0.0173224
internal_weight=293.701 282.491 265.861 252.225 44.7711 34.4043 207.454 128.807 40.5162 78.6469 18.8863 10.3667 88.2912 29.2477 21.7784 59.0435 16.0978 59.7606 51.0556 44.704 13.5307 16.1033 13.6355 32.3868 29.6575 24.4184 45.5128 42.0461 4.53715 37.509
internal_count=9380 9256 8405 7245 1443 1069 5802 4383 690 1419 313 374 3693 1272 863 2421 413 1106 919 773 482 573 1160 1030 979 277 1939 1793 158 1635
is_linear=0
shrinkage=0.035


Tree=155
num_leaves=31
num_cat=0
split_feature=11 20 63 41 75 97 21 115 74 73 96 119 123 69 0 54 88 51 113 96 44 48 122 119 115 74 118 76 32 93
split_gain=3.23344 4.45316 3.94729 3.22583 3.16613 4.27174 3.3466 3.84041 3.08392 4.18691 3.904 3.68716 3.14974 3.07516 2.96628 3.13609 2.95986 2.79531 2.671 2.6524 2.99338 2.6203 2.61543 2.60048 2.414 2.33363 2.31752 2.27865 2.18565 2.13198
threshold=14.500000000000002 1.5000000000000002 0.53139076576576583 6.5000000000000009 1.6899038461538465 3.3023610398535825 7.5000000000000009 0.26272648835202767 14.750000000000002 13.500000000000002 1.8722826086956526 2.1882895448963082 1.0000000180025095e-35 2.7500000000000004 25.176678240740745 0.29705882352941182 516.50000000000011 0.025158227848101272 0.055175038051750384 1.7231800766283527 0.35653753026634388 0.048583792289535806 8.5000000000000018 3.5215741689311066 0.39811320754716989 20.500000000000004 0.61721611721611735 0.54733872931548899 7.5000000000000009 81758.500000000015
decision_type=2 2 2 10 8 2 2 2 10 10 2 8 2 10 2 10 10 2 2 2 2 2 2 10 2 10 2 8 2 2
left_child=1 4 23 14 5 18 8 -8 9 12 26 25 16 22 -3 17 24 21 -1 20 -7 -16 -5 -2 -6 -10 -11 -15 -22 -4
right_child=2 3 29 13 6 19 7 -9 11 10 -12 -13 -14 27 15 -17 -18 -19 -20 -21 28 -23 -24 -25 -26 -27 -28 -29 -30 -31
leaf_value=-0.011921191615778528 -0.020529175668927001 -0.012970290171212023 0.021552650548218911 -0.027494703961946025 0.017830736850421015 2.1716828787201164e-05 -0.013264914145574442 0.0082298430931738754 0.016837702641796154 0.0035972397079812295 0.0065888462867852516 -0.0055803484935461637 -0.0092550599217157779 -0.011194493155630491 0.028662817379639213 -0.011978633814965467 -0.0083342381892450024 -0.0072646836101683127 0.012082556298291195 0.0019643495457921274 0.033519223494684364 -0.0070692120568067087 0.0051172821210582779 0.0085829082397042549 -0.007704912094035136 -0.0089373208214352413 -0.019171838226090112 0.012094268087963208 -0.0028948265326737906 -0.001018340966312443
leaf_weight=12.070995835121719 3.3276675371453193 6.5508582040201899 17.701986134517941 15.744860925478866 25.03239002474584 5.3762132637202802 35.852620471036062 9.7928110046777856 31.903636377770454 4.9983780269976732 10.724955858895553 12.623249213676898 9.1774942481424642 6.1719857677817318 7.7052679427433741 2.4881486597005269 5.1493349852971724 2.3121335059404364 3.8491214818786821 12.232233111280946 11.581046745413913 1.0275015721563248 1.8803419726900745 3.033633672632277 2.4569669393822542 1.7508304042275984 24.281004424905404 4.5514555436093369 1.4439421761780966 6.058544714935123
leaf_count=519 63 203 403 908 702 206 796 149 1007 197 149 434 351 132 210 198 322 113 130 173 267 42 76 48 76 61 1133 138 58 188
internal_value=0.000716887 -0.00057791 0.0107061 -0.00965309 0.00158723 0.00920632 -0.000654684 -0.00829619 0.00227759 -0.00183771 -0.00937231 0.0090233 0.00560156 -0.0163339 0.00115305 0.00964444 0.0104535 0.0167305 -0.00461692 0.01603 0.0229627 0.0234155 -0.0236535 -0.00897857 0.0147139 0.0145142 -0.0153271 -0.000607173 0.0297992 0.0166209
internal_weight=298.852 268.73 30.1218 48.4326 220.297 46.5536 173.744 45.6454 128.098 81.8205 40.0043 46.2777 41.8162 28.3486 20.0839 13.5331 32.6387 11.0449 15.9201 30.6334 18.4012 8.73277 17.6252 6.3613 27.4894 33.6545 29.2794 10.7234 13.025 23.7605
internal_count=9452 8750 702 2020 6730 1353 5377 945 4432 2930 1479 1502 1451 1254 766 563 1100 365 649 704 531 252 984 111 778 1068 1330 270 325 591
is_linear=0
shrinkage=0.035


Tree=156
num_leaves=31
num_cat=0
split_feature=96 98 54 75 55 68 34 101 15 95 120 98 70 109 119 71 70 119 110 61 29 101 42 118 92 9 92 118 38 126
split_gain=3.43751 3.15599 4.59496 4.495 3.59801 3.85442 3.53345 3.99318 3.21682 3.58876 3.6004 3.06003 2.93238 2.8821 2.94651 2.82563 3.13383 2.79883 2.58757 2.57109 2.66254 2.50178 2.80659 4.10407 4.0756 2.43389 2.35132 2.16444 2.22896 2.12508
threshold=4.0303030303030312 1.4387500000000002 0.34848484848484856 1.8834841628959278 0.94782214156079869 15.500000000000002 10.500000000000002 0.54692082111436957 7.5000000000000009 5782.0000000000009 0.050423728813559332 0.9104278074866311 13.837719298245617 8910.0000000000018 3.8852832352466815 1.4160719276834464 8.0555555555555571 0.78582996308391106 127.25000000000001 0.91913687881429829 15.500000000000002 0.36515151515151517 1.0000000180025095e-35 0.77859477124183019 53804.000000000007 17.500000000000004 6858.0000000000009 0.48333333333333339 4.5000000000000009 1.5000000000000002
decision_type=2 2 10 8 8 8 2 2 2 2 2 2 10 10 10 8 8 10 10 2 2 2 10 2 2 2 2 2 2 2
left_child=1 3 6 11 5 26 7 8 9 17 13 -1 -13 14 18 -4 -17 -3 29 -9 -21 22 -6 -24 25 -25 -5 -28 -29 -11
right_child=-2 2 15 4 21 -7 -8 19 -10 10 -12 12 -14 -15 -16 16 -18 -19 -20 20 -22 -23 23 24 -26 -27 27 28 -30 -31
leaf_value=-0.0091558939893263865 0.019539299375058248 0.01506661469440479 0.0093026274545588063 0.0039824214811470058 -0.012021118575536427 0.0075736359424195179 -0.012908887293935531 -0.017123400520543709 -0.010588975627673023 0.032405619856804589 -0.0075843289096756356 0.0024906716069104367 0.02203927333714182 -0.0078452827668792323 -0.0059463248944053824 0.011730461606930583 -0.021447759392546482 -0.0064153785158606131 0.0011152822811966651 0.0091733742270237555 -0.01353075489356499 -0.014481281848353638 0.022575373105045267 -0.016225061115769573 0.012146940391524195 0.0079975040820950676 0.0060227028083557248 -0.02249616456689486 -0.00063982512624023388 -0.0030749526945784513
leaf_weight=12.420071850763632 5.3396637309342614 7.2668266382534084 3.2596009795088348 4.731880700448527 7.8755180328153065 6.739312636665999 6.2196931429207316 5.3600452009122845 3.2540156422182909 28.147859765915204 2.8775265621952704 36.236079388065264 8.4988900104071927 1.2999867582693685 1.8129598840605456 0.95685241208411476 13.579416660126299 14.164956619264556 4.5131475301459423 18.332299291389067 3.8672252637334159 8.2220508791506273 8.6231108861975354 13.474677973426884 12.447463014395906 3.555234908591955 2.1217712401412419 41.607714294223115 6.8546580204274496 1.3288754310924549
leaf_count=315 119 124 134 125 421 164 285 306 177 840 95 957 182 56 53 46 759 368 157 680 231 332 271 278 234 39 36 1351 211 48
internal_value=-0.000302413 -0.000993554 0.003383 -0.00393989 -0.00778225 -0.0132058 0.00639886 0.00829787 0.0127768 0.0147189 0.0203565 0.00387281 0.00804688 0.0231668 0.0251162 -0.0110447 -0.0168205 0.00234071 0.0273231 -0.00255972 0.00345799 -0.000981494 0.00261632 0.00668549 -0.000562658 -0.0105008 -0.0161554 -0.018228 -0.0197537 0.0305921
internal_weight=294.989 289.65 116.241 173.408 116.253 62.0553 98.4454 92.2257 64.6662 61.4121 39.9804 57.155 44.735 37.1028 35.8028 17.7959 14.5363 21.4318 33.9899 27.5596 22.1995 54.1981 45.976 38.1005 29.4774 17.0299 55.316 50.5841 48.4624 29.4767
internal_count=9394 9275 4359 4916 3462 1887 3420 3135 1918 1741 1249 1454 1139 1154 1098 939 805 492 1045 1217 911 1575 1243 822 551 317 1723 1598 1562 888
is_linear=0
shrinkage=0.035


Tree=157
num_leaves=31
num_cat=0
split_feature=119 54 88 60 107 60 71 25 45 38 43 75 86 112 98 101 96 119 57 71 41 0 48 100 75 116 59 104 75 98
split_gain=3.88177 4.79818 2.99069 2.90689 2.90687 4.12212 3.2676 2.82626 3.74916 3.73401 3.79806 3.02662 3.13706 2.78448 2.90635 2.95709 2.54188 3.6295 2.52255 3.04388 2.43928 2.5584 2.38608 2.36441 3.23237 3.20847 2.3157 2.1937 2.16845 2.19457
threshold=0.77303240518350214 0.44949494949494956 1079.5000000000002 0.60769230769230786 2738.4801702330142 0.89943820224719107 3.3447066122975717 1.5000000000000002 0.12556306306306309 1.0000000180025095e-35 0.35145692567567571 2.0459830866807613 322.29867781602331 0.074537037037037054 1.8268365817091456 0.18065268065268067 1.4511585642889597 2.105316384641251 0.3095838587641867 1.727226115968693 6.5000000000000009 131.0258564814815 0.12310606060606062 0.18634259259259262 2.2412698412698417 0.34428879310344834 0.61791443850267391 0.92637759710930456 2.6609195402298855 2.6515151515151518
decision_type=10 8 10 2 10 2 8 2 2 2 2 10 8 2 2 2 2 10 8 10 8 2 2 2 10 2 2 2 10 2
left_child=20 2 4 -3 7 -6 -7 9 13 10 16 12 -11 14 15 -9 17 -2 -19 -20 21 28 -18 24 25 -12 -22 -10 29 -1
right_child=1 3 -4 -5 5 6 -8 8 27 11 23 -13 -14 -15 -16 -17 22 18 19 -21 26 -23 -24 -25 -26 -27 -28 -29 -30 -31
leaf_value=0.020308742212145858 -0.014290933024083836 0.013069832854724293 0.018401654186835474 -0.01757178069595219 -0.0084673677316373999 -0.002638948363991687 0.026040643055170329 0.012008810411283131 -0.01544246987127889 0.014178099464563209 -0.0045032539380247642 0.023596831924005968 -0.014284961128824417 -0.0085029975142716947 0.026194671261833537 -0.0054134068560308174 -0.020376607394686656 -0.0091877457693114017 -0.0074450656219780462 0.024811415135032305 -0.018154132027499621 -0.0056607072055328547 0.0075773155922728083 -0.010572606382615065 -0.0097410822753234427 0.01901392658749743 0.0080491686433803167 0.0066664396161639295 -0.0060133454484873001 -0.0042044996526033546
leaf_weight=34.237436881056055 11.165193730732428 0.75554919615388172 7.3349480386823407 20.42605675267987 6.637691595824438 5.6056654222775277 12.148988666711373 27.842765502398834 11.397651285864415 3.3789658867754016 8.2920331682544219 4.9845412056893101 6.120453200303019 6.7162942253053179 7.7719846200197926 15.087344524217768 30.824213895248249 3.2622145403875011 2.4950510892085731 6.4762394458521158 3.0226189116947344 5.4350208176765582 1.6361769014038134 10.465434041107072 8.0103262017946673 16.037609176477417 4.2831214086618274 4.8282309055794022 2.8097742933314285 3.3149219935294232
leaf_count=839 599 36 54 1188 292 230 369 459 558 175 352 147 201 190 186 427 867 209 144 266 166 204 24 366 174 252 83 153 80 81
internal_value=0.00195123 -1.57843e-05 0.00164502 -0.0141915 0.000650883 0.0108886 0.0183955 -0.000935026 0.00423292 -0.00433544 -0.00682753 0.0100363 -0.00276269 0.00834043 0.0111346 0.00595996 -0.0124497 -0.00274612 0.00887976 0.0163865 0.0100675 0.0129116 -0.0181443 0.00104393 0.00571547 0.0115975 -0.00576335 -0.00884302 0.0157607 0.0179051
internal_weight=292.805 239.702 218.52 21.1816 211.185 24.3923 17.7547 186.793 73.6443 113.148 98.6645 14.484 9.49942 57.4184 50.7021 42.9301 55.8591 23.3987 12.2335 8.97129 53.1029 45.7972 32.4604 42.8054 32.34 24.3296 7.30574 16.2259 40.3621 37.5524
internal_count=9371 7918 6694 1224 6640 891 599 5749 1973 3776 3253 523 376 1262 1072 886 2109 1218 619 410 1453 1204 891 1144 778 604 249 711 1000 920
is_linear=0
shrinkage=0.035


Tree=158
num_leaves=31
num_cat=0
split_feature=70 32 56 43 44 75 115 115 46 100 108 65 85 16 41 84 116 73 61 104 96 96 75 27 70 98 107 109 114 100
split_gain=3.18129 3.64261 2.99297 8.46496 3.9017 2.801 3.04708 4.60937 3.99062 4.68751 4.07024 3.95588 3.025 4.14396 2.81612 2.68611 2.63724 2.56426 3.65841 2.51548 2.4606 2.3268 2.45712 2.29423 3.34439 2.24866 2.24284 2.16393 2.87446 2.06896
threshold=9.8452380952380967 1.5000000000000002 0.55684754521963831 0.3983534505379166 0.17712418300653598 1.6715686274509807 0.1991379310344828 0.093178294573643419 0.071008403361344549 0.074537037037037054 12.500000000000002 3.5400641025641026 640.75714285714287 14.500000000000002 1.0000000180025095e-35 630.25000000000011 0.17974358974358975 16.500000000000004 0.93527440301633857 0.067816091954023008 2.1270161290322585 2.8805704099821754 2.63961038961039 19.500000000000004 16.174242424242429 1.134848484848485 2544.216792635475 7092.5000000000009 0.17274535809018571 0.09232954545454547
decision_type=10 2 8 2 2 10 2 2 2 2 10 10 8 2 10 8 2 10 2 2 2 2 10 2 10 2 10 10 2 2
left_child=1 -1 5 23 -5 12 7 8 9 11 -10 14 -2 -14 -7 -9 -3 18 -8 -16 26 22 27 24 -4 -26 -6 -19 -29 -25
right_child=2 16 3 4 20 6 17 15 10 -11 -12 -13 13 -15 19 -17 -18 21 -20 -21 -22 -23 -24 29 25 -27 -28 28 -30 -31
leaf_value=-0.012641748514456694 -0.0068321021087087569 0.020718305254474836 -0.019723629361406158 -0.009789250460629572 0.027895754451329659 -0.010249811495785488 -0.0051749494718579918 0.010226319740679144 0.026157323411541041 -0.013311995989152503 -0.0023781297253393516 -0.012664931526304898 0.023951944172087059 -0.0043734367634945754 0.027806443958942075 -0.012826783143576046 -0.0045795037588964235 -0.015222800523954777 0.026486356350304205 0.0029067435953262517 -0.006099365046643582 0.015991214013195858 0.012985265368504214 0.014504858596271347 -0.012473254202899582 0.013096580116951207 -0.0036637646913247235 0.012999686119767956 -0.013396217034513871 -0.0093574512472556545
leaf_weight=31.62582091987133 4.7631932976655653 4.0329824013169846 29.052053158404306 3.9662360656075206 12.759423739276828 1.8341312608681679 4.1208399669267264 3.5094978236593297 11.632445569848644 17.616588808130473 8.4716393747366947 4.8647869611158958 21.484987807692963 6.5089499014429739 8.9371642749756592 34.092998538864776 8.2556962079834175 11.765557177597662 12.063247129553927 9.7574273562058789 1.9518885209690768 7.1904863379895678 5.2307973986025891 4.0686909002251905 2.2453750572167328 5.508520869538188 2.002611171687021 7.9575386967044306 3.4538931245915592 4.0584642243338749
leaf_count=1197 234 123 1474 300 457 73 101 42 275 560 279 83 400 119 233 1073 209 304 250 333 36 125 85 149 106 186 117 168 108 251
internal_value=0.00132841 -0.0068808 0.0028718 -0.00337076 0.0132235 0.00511325 0.00289206 -0.000728475 0.00495352 -0.00136676 0.0160541 0.00774684 0.0137015 0.0177012 0.0141171 -0.00972752 0.00731366 0.00937807 0.019106 0.0181661 0.0196811 0.00314706 -0.00201077 -0.0115675 -0.0149351 0.00370493 0.0237707 -0.00709888 0.00336313 0.0035633
internal_weight=294.784 43.9145 250.869 65.6133 20.6802 185.256 152.499 100.717 63.1142 43.0101 20.1041 25.3935 32.7571 27.9939 20.5287 37.6025 12.2887 51.7824 16.1841 18.6946 16.7139 35.5983 28.4078 44.9331 36.8059 7.7539 14.762 23.177 11.4114 8.12716
internal_count=9450 1529 7921 3076 910 4845 4092 2951 1836 1282 554 722 753 519 639 1115 332 1141 351 566 610 790 665 2166 1766 292 574 580 276 400
is_linear=0
shrinkage=0.035


Tree=159
num_leaves=31
num_cat=0
split_feature=54 107 55 126 55 66 116 115 42 23 46 72 54 26 95 47 66 117 20 30 61 75 110 76 90 63 119 47 71 61
split_gain=3.20976 2.90661 3.43086 2.78638 3.56763 3.97948 4.19093 3.39346 3.25316 2.76049 2.65433 2.70306 2.25462 2.2059 4.57653 3.70985 3.79525 3.16602 3.38544 2.91421 2.89156 2.89013 2.83012 2.61178 3.69653 3.60299 2.42377 2.15741 2.10819 2.05207
threshold=0.093386627906976757 1788.988126313536 0.49747474747474757 1.0000000180025095e-35 0.92450142450142458 1.3420501978246824 0.28035087719298252 0.1991379310344828 8.5000000000000018 8.5000000000000018 0.056873315363881412 10.500000000000002 0.73214285714285732 2.5000000000000004 5903.5000000000009 0.040956108470785575 3.9539109921659366 0.3816526610644258 2.5000000000000004 1.0000000180025095e-35 0.89897959183673481 2.2037735849056612 1098.5000000000002 0.35606098669679603 63846.208333333343 0.46225071225071229 0.77303240518350214 0.16515151515151519 0.57735026918962584 0.87138130686517801
decision_type=8 10 10 2 10 10 2 2 8 2 2 10 10 2 2 2 8 2 2 2 2 8 10 8 2 2 10 2 8 2
left_child=1 2 -1 13 5 27 -7 29 10 -3 11 12 -6 15 26 19 -17 -16 23 20 -2 -21 -22 -19 25 -25 -15 -5 -28 -8
right_child=3 9 -4 4 8 6 7 -9 -10 -11 -12 -13 -14 14 17 16 -18 18 -20 21 22 -23 -24 24 -26 -27 28 -29 -30 -31
leaf_value=-0.016199411808036697 -0.0019905181409043057 0.027859805672495502 0.010077502880340965 -0.021879778431124056 0.027342130528327919 0.017547805127759164 0.0076076326848961342 0.0053493888193143005 -0.010902970790219962 -0.0071362967093184845 -0.002876902746880705 -5.6752087195831259e-05 -0.0044248998578178553 0.0018473046011215726 -0.0085038615752477155 -0.013417267832489348 0.014300155510283654 -0.0030084776080201202 -0.012473914691108978 0.0082448364312863159 0.019593816510639305 -0.014103107655471972 -0.0086005661396339091 -0.0048553276573277907 2.472701581705678e-05 0.033362654602087767 0.0073666322420699896 0.0053837667560086445 -0.019789166465617371 -0.021885406272634945
leaf_weight=3.7395626544021132 9.8273975444026274 10.99638802371919 15.533449080539866 19.643501407001171 11.167146232677624 6.6849831913132247 0.94881274783984082 11.227552322670816 9.3992994392756355 1.2215662049129594 14.080023328540845 9.5602258495055121 1.7836250169202692 12.934089889284225 8.6045832140371186 14.172998593770901 4.179717287188395 6.245303638745102 2.4852008628658941 12.921536571346225 46.612297105370089 6.739729556022211 2.0090640541166058 2.2411450180225101 8.1767620509490353 12.982908571138976 1.5124671999365116 2.1412241426296523 16.657419397030026 10.445426477352155
leaf_count=264 387 320 295 957 292 261 20 235 146 78 400 290 86 260 409 597 124 150 104 435 1511 205 106 65 208 248 47 51 598 304
internal_value=0.00303672 0.0127869 0.0026923 0.00166468 -0.00296187 -0.00894373 -2.68098e-05 -0.00745663 0.00390887 0.0233046 0.00856699 0.0149468 0.0229532 0.00434186 -0.000328538 0.0076649 -0.00539457 0.00704551 0.0117939 0.0108733 0.0145233 -0.000722045 0.0177355 0.0153349 0.0198982 0.0279271 -0.00962436 -0.0186953 -0.0164268 -0.0178583
internal_weight=296.875 31.491 19.273 265.384 97.0818 51.0915 29.3068 22.6218 45.9903 12.218 36.591 22.511 12.9508 168.303 71.8399 96.4627 18.3527 40.7359 32.1313 78.11 58.4488 19.6613 48.6214 29.6461 23.4008 15.2241 31.104 21.7847 18.1699 11.3942
internal_count=9453 957 559 8496 3042 1828 820 559 1214 398 1068 668 378 5454 2089 3365 721 1184 775 2644 2004 640 1617 671 521 313 905 1008 645 324
is_linear=0
shrinkage=0.035


Tree=160
num_leaves=31
num_cat=0
split_feature=69 32 63 94 120 117 47 56 122 119 117 26 63 115 41 55 82 118 0 117 66 63 73 32 106 47 56 93 10 112
split_gain=3.74872 3.72523 5.27049 5.22513 4.66282 4.07445 4.03168 4.32892 3.65 3.63777 3.56561 4.06038 3.51485 3.40407 2.95187 2.76419 2.7612 2.50027 2.49129 2.48751 4.6969 2.47554 2.41798 2.39068 2.33243 2.1511 2.07888 2.29456 1.96242 1.96196
threshold=2.7500000000000004 4.5000000000000009 0.53798076923076932 61273.500000000007 0.01526806526806527 0.46247654784240161 0.027650356778797149 0.61583184257602874 1.0000000180025095e-35 0.75863057486895624 0.38548951048951058 6.5000000000000009 0.60544848035581922 0.27128623188405804 5.5000000000000009 0.5727513227513229 1.0000000180025095e-35 0.86159003831417635 94.717771990740758 0.57294832826747732 2.2823424245109822 0.46225071225071229 18.500000000000004 22.500000000000004 911.53928571428582 0.060475444096133764 0.18808962264150947 45785.000000000007 2.5000000000000004 0.055250305250305255
decision_type=10 2 2 2 2 2 2 8 2 10 2 2 2 2 10 10 10 2 2 2 10 2 10 2 10 2 10 2 2 2
left_child=1 3 9 5 15 8 7 10 -1 -3 22 13 19 -12 16 25 -10 24 28 21 -21 -2 -5 -22 -9 -4 27 -7 -17 -14
right_child=12 2 4 6 -6 26 -8 17 14 -11 11 -13 29 -15 -16 18 -18 -19 -20 20 23 -23 -24 -25 -26 -27 -28 -29 -30 -31
leaf_value=-0.01214936699275951 0.00039424611827719778 0.012347725278770236 -0.011172205680448478 -0.015226541686691726 -0.0092231991303268895 0.013709303388132183 -0.0097084509721545049 0.015995086809676401 0.022303230621696722 -0.020597221334173271 0.032472335918861374 -0.0032745642022123773 -0.0045664434873763562 -0.00024493326637685359 -0.0085935985610330525 0.031476197536718493 -0.0073443489467726348 -0.018604339552033434 0.0010394895388363727 -0.0091417473574444946 0.0171505372601026 0.030008468996574257 0.011656470172962058 -0.0062041344993189343 -0.010081284766195237 0.012415921545718677 -0.017796851881800541 -0.011832326034608893 -0.00096941884035711809 0.011349651879590378
leaf_weight=11.540517242159696 4.7463148557580999 2.0609298171475521 4.8799154479056615 4.6922979103401294 7.0978621290996662 3.6371237235143772 17.466673881746829 4.3130559544078988 10.913772815372797 8.4106276868842524 14.792917509097611 6.2054169196635476 36.770611712709069 4.7576037866529068 4.7522828549845135 14.850636599119758 2.401112866587936 5.4582617292180657 5.69602859718725 12.896447725128381 24.076392136048529 9.2237269589677435 2.4733569377567619 3.8922059750184408 3.1680204113945365 4.0971411978825927 47.325220738304779 3.6354674019385129 2.2496908912435165 7.3082237869966766
leaf_count=675 157 30 210 261 220 60 769 229 297 317 426 165 788 112 391 270 229 301 146 247 347 244 91 52 239 86 1775 57 59 191
internal_value=0.000958525 -0.00183882 0.00608849 -0.0046028 0.0118506 -0.0100799 0.00288471 0.00816387 0.000456782 -0.0122182 0.0143236 0.0196268 0.00634687 0.0260822 0.00939712 0.0171722 0.0164114 -0.00713237 0.0226257 0.0118756 0.00610274 0.0227029 -0.00497032 0.0134524 0.0053376 0.000183797 -0.0153528 0.00132256 0.0279541 -0.00104014
internal_weight=295.79 196.876 49.3428 147.533 38.8713 84.2055 63.3276 45.8609 29.6077 10.4716 32.9216 25.7559 98.9139 19.5505 18.0672 31.7734 13.3149 12.9393 22.7964 54.8351 40.865 13.97 7.16565 27.9686 7.48108 8.97706 54.5978 7.27259 17.1003 44.0788
internal_count=9441 7415 1338 6077 991 3484 2593 1824 1592 347 1055 703 2026 538 917 771 526 769 475 1047 646 401 352 399 468 296 1892 117 329 979
is_linear=0
shrinkage=0.035


Tree=161
num_leaves=31
num_cat=0
split_feature=87 54 94 0 115 91 69 114 92 119 119 26 34 94 26 59 2 89 23 97 69 96 0 56 86 81 46 0 64 76
split_gain=3.77377 3.64855 3.59009 2.47103 2.86092 4.74704 5.49233 3.87931 3.5969 5.11612 4.33524 4.28558 4.81707 4.2196 3.08267 3.04561 2.79231 2.64017 2.62682 2.67986 3.32933 2.42735 2.33692 2.23789 2.36527 2.22873 2.21711 2.51983 3.09068 3.12485
threshold=1.5000000000000002 0.093386627906976757 27420.750000000004 0.94059027777777782 0.083920187793427234 3765.4381051164778 2.7500000000000004 0.066987179487179499 63229.500000000007 0.8144879441188323 1.1713642817146901 10.500000000000002 3.5000000000000004 41778.250000000007 7.5000000000000009 0.47434210526315795 5.5000000000000009 530.25000000000011 2.5000000000000004 1.5253991221971623 1.2500000000000002 1.2211111111111113 1.8472106481481483 0.49675324675324678 250.4887221470498 168.07894622118144 0.18634259259259262 38.540312500000006 0.96684981684981697 0.33545656118061118
decision_type=8 8 2 2 2 10 8 2 2 8 8 2 2 2 2 2 2 10 2 2 10 2 2 10 8 10 2 2 2 8
left_child=2 -2 -1 18 8 26 -7 -8 9 25 -10 12 -11 21 15 -12 -9 22 19 -3 -21 -13 -17 24 -22 -5 27 28 29 -6
right_child=1 3 -4 4 5 6 7 16 10 11 14 13 -14 -15 -16 17 -18 -19 -20 20 23 -23 -24 -25 -26 -27 -28 -29 -30 -31
leaf_value=-0.0075908689230075408 0.011159536735275675 -0.011982000515882055 0.025663311743112271 0.017239930372503511 0.0088624900773280925 -0.0077362391484724242 -0.0061347643543876122 0.026577986684331922 -0.0086320666366438859 -0.019846783038946863 -0.0069107047361045108 -0.0062187936898136422 0.0096736549753242401 -0.011660654783680514 -0.0037664639870119126 -0.0036692069456757317 -0.0061596675669684979 -0.002983751339893368 -0.0082625127251418802 0.024784507683119825 0.013825372148334923 0.025934657251220329 0.033503338741617594 0.012712147487025748 -0.011123306661491058 -0.0093148352336724152 0.007467431940828456 -0.019329553801978514 0.013933364533625019 -0.01611887620098492
leaf_weight=2.9632640536874524 28.921318312175572 2.3881885940209022 8.7430233755148929 12.366315776482223 4.9010797678493025 28.070117488969117 6.2124392916448441 12.589563114102926 7.9427458478603503 28.93101787311025 1.9215868685860247 1.6940814238041619 5.2387749133631578 5.2744237463921309 5.6654028603807083 1.2902333219535673 1.9015360469929881 2.440473331604152 8.9333260068669897 11.195127688581122 1.7098289718851454 5.840166921261698 13.995848781196399 11.086131257703526 12.213279247749597 1.5591838886030007 3.5050205674488089 35.561895045917481 4.2523410969879469 16.53144399728626
leaf_count=35 916 75 136 253 138 1276 118 214 324 1424 116 82 201 235 202 30 33 160 207 208 19 122 409 215 198 146 146 1346 132 348
internal_value=0.00132557 0.000368479 0.017493 -0.00104533 -0.00270602 -0.00633257 0.00186634 0.0138579 0.00176521 -0.00328324 0.0102314 -0.00874737 -0.0146637 0.00672147 0.0165979 0.0220427 0.021804 0.0260111 0.00577859 0.00960369 0.0123088 0.0191082 0.0302347 0.00352513 -0.00521599 0.0125913 -0.0121994 -0.0138036 -0.00424959 -0.00981043
internal_weight=295.839 284.133 11.7063 255.212 207.686 113.525 48.7737 20.7035 94.1603 60.904 33.2563 46.9785 34.1698 12.8087 25.3135 19.6481 14.4911 17.7266 47.5259 38.5926 36.2044 7.53425 15.2861 25.0092 13.9231 13.9255 64.7518 61.2468 25.6849 21.4325
internal_count=9464 9293 171 8377 7455 3751 1641 365 3704 2463 1241 2064 1625 439 917 715 247 599 922 715 640 204 439 432 217 399 2110 1964 618 486
is_linear=0
shrinkage=0.035


Tree=162
num_leaves=31
num_cat=0
split_feature=92 32 117 65 121 117 66 65 15 98 55 110 106 27 71 97 119 47 117 94 72 104 72 92 99 116 118 25 118 16
split_gain=3.43261 4.50854 4.88578 5.07627 4.49863 4.48696 4.88281 4.1774 4.05467 3.28776 3.20574 5.41693 4.23021 3.76781 5.608 3.6423 3.67648 3.16448 3.15336 3.13304 2.91913 2.37183 2.29127 2.28865 2.06759 2.06112 2.4204 1.98029 2.43868 1.97237
threshold=57284.500000000007 9.5000000000000018 0.21498599439775914 1.7290209790209794 2.5000000000000004 0.87206764866339348 2.450623241287142 1.6794871794871797 5.5000000000000009 0.94590643274853814 0.95419580419580441 86.250000000000014 33.062500000000007 12.500000000000002 2.7095204363523719 1.9120967008228373 0.70784234098129406 0.057831661092530663 0.3816526610644258 64084.500000000007 8.5000000000000018 0.2453997992639679 9.5000000000000018 21150.000000000004 0.43875000000000003 0.72902097902097907 0.94269293924466346 2.5000000000000004 0.81165540540540559 9.5000000000000018
decision_type=2 2 2 10 2 2 8 8 2 2 8 10 8 2 10 2 10 2 2 2 8 2 8 2 2 2 2 2 2 2
left_child=1 2 3 -1 18 7 17 23 -9 24 13 12 -12 15 -15 21 -17 -7 -3 -18 -14 -11 -8 -4 -2 26 -16 28 -10 -6
right_child=9 4 5 -5 29 6 22 8 27 10 11 -13 20 14 25 16 19 -19 -20 -21 -22 -23 -24 -25 -26 -27 -28 -29 -30 -31
leaf_value=-0.008383092859599468 0.008264948897008715 -0.0085037809955465834 0.014561951693074379 0.019539709464694386 0.011875969713472304 -0.020265434283832585 0.021581256434190666 -0.020209566650498563 -0.0076707100946099473 0.021914702489223354 -0.0054942789332026939 -0.007500280004759388 0.0023719732170337272 -0.0092060234462959852 0.033018934413130176 0.010592343290485808 0.010832453043468308 0.0092718890006780411 0.022067325450928377 -0.015497502868229811 0.034321411587807112 -0.0083295555995594565 -0.000222080440001053 -0.0059362940999189255 -0.013267401066124783 -0.0037855033690984189 -0.0029293279479601442 -0.011364491508479374 0.017222533285645242 -0.010378784336373579
leaf_weight=10.156607083044948 3.9456279482692507 2.2827117841225144 6.0096798947779488 13.559731966117395 2.0599107276648274 8.5141481459140795 9.5175322711002099 51.207044803770259 4.6213106750510651 5.5752256251871577 3.760797626571736 6.7359222255181512 5.1807268601842251 5.9436687314882901 9.8257954048458469 7.4034672104753545 2.941444005817174 3.1178973366040728 17.511998770060018 29.173285039141774 15.30659862863831 1.4777007196098564 9.7816413664258999 12.325525577878578 12.761945184785871 1.6180291166529048 1.8077230837661762 7.0309802722185841 6.153214352671057 13.373521309578789
leaf_count=427 85 110 305 270 27 124 148 2031 234 149 80 327 128 158 330 170 115 34 334 1147 396 81 178 762 392 24 60 293 206 332
internal_value=0.000712723 -0.00231516 -0.00510135 0.00820413 0.00815343 -0.00799379 0.00310098 -0.0118778 -0.0155968 0.00534042 0.00780671 0.0162556 0.0230088 0.00295893 0.014209 -0.00260605 -0.00701272 -0.0119409 0.017538 -0.0119515 0.0282925 0.0147513 0.0127586 0.00246293 -0.00744992 0.0243561 0.0282315 -0.000808649 0.00749844 -0.00522925
internal_weight=290.681 177.223 141.995 23.7163 35.2281 118.279 30.9312 87.3478 69.0126 113.458 96.7504 30.984 24.2481 65.7663 19.1952 46.5711 39.5182 11.632 19.7947 32.1147 20.4873 7.05293 19.2992 18.3352 16.7076 13.2515 11.6335 17.8055 10.7745 15.4334
internal_count=9457 5815 5012 697 803 4315 484 3831 2764 3642 3165 931 604 2234 572 1662 1432 158 444 1262 524 230 326 1067 477 414 390 733 440 359
is_linear=0
shrinkage=0.035


Tree=163
num_leaves=31
num_cat=0
split_feature=107 97 117 106 70 65 90 63 55 75 61 44 116 73 92 96 96 79 115 63 101 92 62 0 70 118 11 62 82 69
split_gain=2.72655 4.01397 5.60696 5.71694 4.87264 4.75891 3.7505 3.36288 3.3484 3.30093 3.37285 3.28564 3.22429 3.16505 3.13554 3.12305 4.47477 3.10394 2.91914 2.60654 2.59443 2.25261 2.24259 2.20378 2.15783 2.12975 2.06486 2.04888 2.03692 2.47733
threshold=2105.7015433094944 5.004931959903737 0.65733855185909984 621.25739130434795 11.509259259259261 2.7029411764705888 78859.617424242446 0.47402159244264513 0.5727513227513229 2.0727513227513232 0.96091163738222574 0.56594202898550738 0.58397435897435912 16.500000000000004 53228.000000000007 1.4714052287581703 1.3737745098039218 1.7500000000000002 0.15438786565547133 0.5617207942127137 0.076197387518142243 36674.000000000007 0.46720430107526884 161.24529513888891 12.511904761904765 0.48333333333333339 19.500000000000004 0.42546296296296299 1.0000000180025095e-35 3.7500000000000004
decision_type=10 2 2 10 8 10 2 2 10 10 2 2 2 10 2 2 2 10 2 2 2 2 2 2 8 2 2 2 8 10
left_child=1 2 4 13 7 11 12 -1 20 10 -10 25 15 -4 24 16 28 -12 -9 -8 -3 27 26 -19 -5 -6 -22 -11 -2 -30
right_child=6 8 3 14 5 -7 19 18 9 21 17 -13 -14 -15 -16 -17 -18 23 -20 -21 22 -23 -24 -25 -26 -27 -28 -29 29 -31
leaf_value=-0.0091752844022123681 0.011274591466417004 0.0061844319792712177 0.010657531444779999 -0.0073113406964004438 0.0022915996718312695 0.011330873998850622 -0.0080042008456454872 0.028364143539244831 -0.0027095852577640723 0.011832293975015904 -0.0034886249955540581 0.0051157492503858286 0.0073744841315393946 -0.013288351388097187 0.04084417613750798 -0.02114059457622286 0.013677818062918089 0.020621142163186404 -0.0074085540806719009 0.022240046492612103 -0.021732330901957215 -0.013658197960415508 0.0074617260418094744 -0.005896970430541707 0.017072773843564613 -0.022318724767643898 0.0055120534762117968 -0.011093273482795769 -0.015832928860726677 0.0071825920772380517
leaf_weight=2.3397349193692198 1.1979832053184498 6.0427630322519716 15.347282443428414 3.5439839493483314 4.2302087096031817 10.594111012527717 2.1715231966227284 9.1175409185234439 26.869059623102657 8.1302164199296403 9.2113900575786811 7.7779637689236543 11.718318866798652 5.2878759189043185 8.8053052751347405 17.141524319304153 8.504939822945742 25.289684779010717 1.2883818000555027 5.3280306570231915 18.740896108676687 16.910027986159548 2.0174612922128281 2.2001301608979693 6.8968815729022035 17.976884805597365 1.9253253769129504 2.8386287987232199 26.908055110950958 3.9388203260023138
leaf_count=139 6 137 425 71 180 322 70 312 619 159 191 299 168 161 136 598 316 472 98 145 849 352 44 51 140 1150 91 46 1606 104
internal_value=0.00108676 0.00311294 0.00836562 0.0174829 0.00063268 -0.00547617 -0.00438167 0.0161448 -0.00113237 0.00223301 0.00650747 -0.012185 -0.00713876 0.00312629 0.0290566 -0.0104397 -0.00409214 0.0127711 0.0229681 0.013784 -0.0105886 -0.00702113 -0.0153668 0.0179179 0.00910861 -0.0180711 -0.0186148 0.00428362 -0.010018 -0.0123022
internal_weight=290.291 213.382 93.2062 39.8813 53.3248 40.5792 76.9092 12.7457 120.176 91.4491 63.5703 29.9851 69.4096 20.6352 19.2462 57.6913 40.5498 36.7012 10.4059 7.49955 28.7264 27.8789 22.6837 27.4898 10.4409 22.2071 20.6662 10.9688 32.0449 30.8469
internal_count=9457 6444 3433 933 2500 1951 3013 549 3011 1890 1333 1629 2798 586 347 2630 2032 714 410 215 1121 557 984 523 211 1330 940 205 1716 1710
is_linear=0
shrinkage=0.035


Tree=164
num_leaves=31
num_cat=0
split_feature=54 21 113 110 111 81 60 123 98 71 73 73 24 70 94 117 56 48 71 27 71 59 21 98 95 113 15 56 42 122
split_gain=2.86899 3.49619 3.31009 3.41078 3.25318 3.06439 2.9737 2.73537 3.11098 3.92241 2.64375 3.57659 3.98121 3.88164 2.93046 2.76195 2.62875 2.84756 2.4807 2.44441 3.54649 2.61785 2.31813 2.31738 2.18125 2.16713 2.16343 2.1313 2.11472 2.98453
threshold=0.22474747474747478 7.5000000000000009 0.02339261285909713 59.250000000000007 0.021858576206402299 168.07894622118144 0.87206764866339348 1.0000000180025095e-35 1.7912885662431945 1.4160719276834464 19.500000000000004 15.500000000000002 2.5000000000000004 10.279220779220781 75554.000000000015 0.85565476190476197 0.23861283643892342 0.045199182839632285 4.3603690613953789 19.500000000000004 4.1314703842600862 0.73557158712541637 8.5000000000000018 1.522233201581028 14688.500000000002 0.11715686274509805 2.5000000000000004 0.66811594202898561 1.0000000180025095e-35 2.5000000000000004
decision_type=8 2 2 10 2 8 2 2 2 8 8 10 2 10 2 2 10 2 8 2 10 2 2 2 2 2 2 10 8 2
left_child=1 16 3 6 -4 -2 -3 8 10 -10 11 12 14 -14 -7 28 -1 24 19 20 21 -6 -8 -21 26 -15 -18 -24 -12 -30
right_child=5 2 4 -5 18 7 22 -9 9 -11 15 -13 13 25 -16 -17 17 -19 -20 23 -22 -23 27 -25 -26 -27 -28 -29 29 -31
leaf_value=-0.0011243865869298912 0.015074912164417269 -0.008850713926362495 -0.015545166514489622 -0.012373339569888996 -0.019377326638833476 -0.012711444744375475 -0.0074411911753241265 -0.01225596786693851 0.010564636921409286 -0.017245512528523806 -0.0019817340497260152 -0.012075541356554925 -0.009433996003285261 0.030431719312704119 0.011574187517270665 -0.0070838717499080005 0.0019413228306218225 0.026708587274050104 -0.01079447830225988 0.020459371718680158 0.018932871540286236 0.0067891296992903033 0.019031945175384563 -0.0073239594804779731 -0.0082333999364783261 -0.0047234951233954678 0.020298365780091115 -0.0065262064651369373 0.027605774914446234 -0.0061352548986479587
leaf_weight=16.605552233522758 6.527422633022069 4.8101480079349122 18.060767087852582 5.2080903594614929 8.1040186795871723 12.363580631325027 2.7166873505339018 29.50706665602047 4.7005605560261783 18.131073338910937 4.7661560024134877 18.753844605991617 2.274499151390045 8.0336675450671446 4.7656403267756096 4.7456491603516033 17.615272831404585 12.177863280056043 9.9408275423338619 10.744626246625556 1.7625636989250768 4.1403785576112559 29.897834897506986 2.014221674297004 5.2420417934190473 1.1219965894706536 11.185721648391334 2.0729011208750299 11.536445692647247 2.0210702186450353
leaf_count=330 89 92 524 332 221 563 67 1345 145 911 202 767 84 233 192 69 449 334 320 241 39 109 495 115 296 40 323 83 345 78
internal_value=0.00148804 0.00452627 0.000331364 0.00699031 -0.00523428 -0.0023536 0.010647 -0.00383446 -0.000680402 -0.0106506 0.00304579 -0.0018243 0.00570348 0.0182038 -0.00486627 0.0115797 0.010654 0.0145823 0.00109441 0.006514 -0.00335829 -0.0111263 0.0141252 0.0152461 0.00737956 0.0259769 0.0110188 0.0167163 0.0168958 0.0222781
internal_weight=291.548 162.3 99.4731 44.7057 54.7674 129.249 39.4976 122.721 93.2142 22.8316 70.3825 47.3132 28.5594 11.4302 17.1292 23.0693 62.8265 46.2209 36.7066 26.7658 14.007 12.2444 34.6874 12.7588 34.043 9.15566 28.801 31.9707 18.3237 13.5575
internal_count=9433 4370 2638 1069 1569 5063 737 4974 3629 1056 2573 1879 1112 357 755 694 1732 1402 1045 725 369 330 645 356 1068 273 772 578 625 423
is_linear=0
shrinkage=0.035


Tree=165
num_leaves=31
num_cat=0
split_feature=49 50 49 97 116 107 55 9 69 68 98 98 113 73 101 98 69 16 63 86 0 118 48 61 119 46 0 0 93 66
split_gain=2.66152 3.26237 3.39836 2.77953 3.27972 3.06677 4.19283 4.52735 3.21215 2.72567 2.69113 2.60618 3.0507 3.22179 3.78457 2.81935 2.87079 2.84825 2.90533 2.70325 2.54233 2.49588 2.41556 2.35578 2.86338 2.6978 2.12136 2.57263 3.12864 2.1735
threshold=0.062019230769230778 0.20416666666666669 0.016807909604519777 6.0068863739008629 0.90521114106019784 2095.2858590069841 0.92450142450142458 3.5000000000000004 3.2500000000000004 7.5000000000000009 1.320714285714286 0.66410256410256419 0.13487525987525992 15.500000000000002 0.53589743589743599 2.7321428571428577 3.2500000000000004 15.500000000000002 0.39642857142857152 273.80444664003409 124.7259201388889 0.81530214424951275 0.068573667711598757 0.96946386946386964 2.3343234844943228 0.13484848484848486 175.93972800925928 1.1760011574074076 28002.500000000004 1.3667383171330054
decision_type=2 2 2 2 2 10 10 2 8 10 2 2 2 8 2 2 10 2 2 10 2 2 2 2 10 2 2 2 2 8
left_child=1 2 3 5 -5 11 8 -8 20 -4 -2 -1 13 15 19 16 17 18 -13 22 -7 -12 23 24 -15 26 27 -25 -29 -30
right_child=10 -3 9 4 -6 6 7 -9 -10 -11 21 12 -14 14 -16 -17 -18 -19 -20 -21 -22 -23 -24 25 -26 -27 -28 28 29 -31
leaf_value=-0.0094424857922501479 -0.0061764325688826709 -0.015393847670639399 0.0010643389705128951 -0.0056837261346641401 0.014094280610982847 -0.016175307763901574 -0.011495180878159417 0.01807582308018196 0.0074115878893634283 -0.018572384928928761 -0.0021236584457696092 -0.0037316694117735267 -0.0076470017039138175 0.016235019475335715 -0.010624522356712034 -0.0064132653297835742 -0.0006358084157325561 -0.0042214305904121749 0.033071954679931896 -0.011007951200571273 0.0053468619105444259 0.025960653494783461 -0.0089835030659335003 9.5574464926289609e-05 -0.0070622295170326812 -0.0045146432477901665 -0.0050536355444878609 -0.0024034089210330906 0.0022277015872927135 0.041270118484503134
leaf_weight=5.0808711980935177 4.4403205085545805 9.9859379420522583 16.00861202750821 63.356239476706833 7.2231856379657975 26.125861827633344 5.0159259329084334 16.812857122626156 10.656689904630182 12.63756330241449 4.3190323119051746 1.8635175463277942 7.3046154973562798 6.2143226230982718 9.2761534594465029 2.3999450211413196 5.1719286344014099 2.0591198464389882 21.443215305451304 2.9387974413111797 5.9391435983125112 9.5351981304120255 2.6140355863608411 3.7278269552625813 10.70028458512388 2.9563567603472611 1.2283538971096266 2.2484523574821678 2.6221287234220627 11.302720022387803
leaf_count=245 104 593 489 1513 144 1188 290 464 224 306 116 98 312 184 500 78 108 82 647 341 315 196 73 68 238 82 40 55 87 241
internal_value=0.0014847 0.000512682 0.00138629 0.00281583 -0.00286111 0.00524683 -0.000715867 0.0104049 -0.00689287 -0.0090712 0.0128462 0.00890642 0.0102959 0.0121015 0.00607486 0.0201697 0.0228672 0.0269749 0.0299899 0.0101101 -0.0120054 0.0189641 0.0125188 0.0147172 0.00324832 0.0208284 0.0245597 0.0270352 0.0317557 0.0364492
internal_weight=293.209 274.915 264.929 236.283 70.5794 165.703 64.5505 21.8288 42.7217 28.6462 18.2946 101.153 96.0718 88.7672 55.8294 32.9377 30.5378 25.3659 23.3067 46.5533 32.065 13.8542 43.6145 41.0004 16.9146 24.0858 21.1295 19.9011 16.1733 13.9248
internal_count=9421 9005 8412 7617 1657 5960 2481 754 1727 795 416 3479 3234 2922 1909 1013 935 827 745 1409 1503 312 1068 995 422 573 491 451 383 328
is_linear=0
shrinkage=0.035


Tree=166
num_leaves=31
num_cat=0
split_feature=82 110 0 74 97 93 110 10 115 54 63 80 46 14 66 100 109 47 0 96 23 46 41 110 56 126 68 34 113 70
split_gain=4.59431 3.32718 4.97186 4.62808 4.24263 4.20891 3.48417 3.37158 2.98238 2.8923 3.3056 3.59514 3.38546 4.61472 3.50566 4.55866 3.09223 3.68696 2.69244 2.69223 2.59363 2.52149 2.48441 2.44152 2.35487 2.97277 2.4293 2.90567 2.24189 2.23309
threshold=8.5000000000000018 61.250000000000007 2.4328125000000003 10.250000000000002 3.5149807587738739 25266.500000000004 57.250000000000007 3.5000000000000004 0.14729990356798459 0.096006144393241177 0.74813432835820903 873.46491228070192 0.099180327868852475 3.5000000000000004 1.8723123015304985 0.063164893617021281 7775.5000000000009 0.12403846153846156 125.93443865740743 1.4234028683181228 1.5000000000000002 0.082903780068728533 2.5000000000000004 205.25000000000003 0.20156250000000003 1.5000000000000002 7.5000000000000009 3.5000000000000004 0.076629477392836196 15.174242424242426
decision_type=8 10 2 8 2 2 10 2 2 8 2 10 2 2 10 2 8 2 2 2 2 2 10 10 8 2 10 2 2 10
left_child=-1 6 5 4 -4 -3 7 9 21 -2 11 12 14 22 16 19 17 -11 20 -16 -12 -8 -14 -7 -5 26 27 -26 -24 -21
right_child=1 2 3 24 -6 23 8 -9 -10 10 18 -13 13 -15 15 -17 -18 -19 -20 29 -22 -23 28 -25 25 -27 -28 -29 -30 -31
leaf_value=0.020875005470433583 0.012943266729611469 0.025449122807109516 -0.0096004192045473103 0.0041867137741697898 0.024451962986468678 -0.010868598387342899 0.034525973597803856 -0.013753137726267309 -0.007136979173843796 -0.021843804679545418 0.019447977663756413 0.014418265195989873 -0.0030271128943299796 -0.0099570500041695938 -0.01137264158282127 -0.010762666285601651 0.0023893962144043682 0.007081396402928492 -0.0081757855631696495 0.017256205849523958 -0.0018406190746065492 -0.0054647307594858797 0.029788135060789086 0.010013282073355343 -0.025167576298330063 0.0076837949005981307 0.004178580882874065 0.0043677098891725958 -0.0025983064585539915 -0.00548077157107548
leaf_weight=9.3047023541294021 25.077140744775534 5.0365785509347942 5.0350217421073449 5.0515463934279969 3.9265798649284989 11.009038806892933 4.7746333060786119 11.053493594285099 1.6166735868901012 29.170301145175472 20.484558180440221 10.26733386190608 4.3431570548564222 8.3976716776378435 2.8109504049643901 20.957913732156157 10.682605402078478 3.9527038871310642 4.9888442482333621 19.601530377753082 8.5571715871337783 0.89049940789118398 7.9252977932337654 7.1486835409887126 32.545098860515282 2.7156292564468449 3.1118633311707518 3.0678129475563756 2.3406542995944619 4.1786558451130977
leaf_count=291 396 78 294 161 164 474 150 878 98 784 420 613 94 115 69 312 277 58 155 212 180 57 107 127 2223 205 139 233 45 51
internal_value=0.0015241 0.000528616 -0.00537265 -0.0107932 0.00873338 0.00720268 0.0028997 0.0017137 0.021012 0.00298388 0.00106239 -0.00165961 -0.00364658 0.00729335 -0.00663719 0.000114473 -0.0132268 -0.017916 0.00996662 0.00903392 0.0138263 0.0286249 0.0172198 -0.00226048 -0.0150396 -0.0175817 -0.0200295 -0.0223988 0.0239715 0.0130028
internal_weight=290.024 280.72 78.6479 55.4536 8.9616 23.1943 202.072 194.79 7.28181 183.736 158.659 124.629 114.361 23.0068 91.3547 47.5491 43.8056 33.123 34.0306 26.5911 29.0417 5.66513 14.6091 18.1577 46.492 41.4404 38.7248 35.6129 10.266 23.7802
internal_count=9460 9169 4098 3419 458 679 5071 4766 305 3888 3492 2737 2124 361 1763 644 1119 842 755 332 600 207 246 601 2961 2800 2595 2456 152 263
is_linear=0
shrinkage=0.035


Tree=167
num_leaves=31
num_cat=0
split_feature=54 81 69 48 45 112 72 76 93 49 66 112 108 110 26 1 108 117 125 118 73 0 110 118 110 78 62 49 107 0
split_gain=3.2042 4.0852 3.88455 4.30814 3.29272 5.5522 3.24752 3.20413 3.57594 3.53034 2.76339 2.54089 2.83184 2.2924 2.49728 2.17815 2.15444 2.60745 3.82783 3.8351 3.67518 3.57279 3.32833 3.07561 2.491 2.33294 1.96066 1.96335 1.96051 2.25332
threshold=0.22474747474747478 168.07894622118144 1.2500000000000002 0.060120481927710849 0.1180340557275542 0.082650273224043724 9.5000000000000018 0.3896352499341208 25266.500000000004 0.016807909604519777 3.6068115172381248 0.062895569620253181 8.5000000000000018 59.750000000000007 47.500000000000007 13.500000000000002 118.50000000000001 0.66018867924528313 1.0000000180025095e-35 0.61721611721611735 13.500000000000002 65.416354166666679 44.750000000000007 0.87428160919540243 1098.5000000000002 1.5000000000000002 0.58957219251336912 0.054804804804804812 25.953902563955118 0.44903356481481488
decision_type=8 8 10 2 2 2 10 8 2 2 10 2 10 10 2 2 8 2 2 2 8 2 10 2 8 10 2 2 10 2
left_child=2 -2 3 11 7 6 -6 10 -9 13 -4 12 15 14 28 -1 17 18 -3 -20 21 25 26 -21 -18 -19 27 -22 -10 -30
right_child=1 16 4 -5 5 -7 -8 8 9 -11 -12 -13 -14 -15 -16 -17 24 20 19 23 22 -23 -24 -25 -26 -27 -28 -29 29 -31
leaf_value=0.022507533166754305 0.016671681858249673 -0.020713794281972685 -0.012268387558765019 0.03023520968128705 -0.02050713955949722 0.016639515376520756 0.00047095864907674472 -0.0093788788072995261 -0.0042270687732450492 -0.004492313252141303 0.01073534847579383 -0.012295120076413259 -0.0071181019990066091 -0.0026030327084094777 -0.0072497096366515995 -0.002451536528646314 0.013891451356252853 -0.0032600937686527516 0.01509251327201913 -0.018555978802457893 -0.015028176878761308 -0.0094748210793957691 0.013246933506831197 0.0054386408839392488 -0.0082303807709395906 0.02893255134605743 0.0076921905247385675 0.0073889891822406942 -0.0022341475639674215 0.024194595629076547
leaf_weight=10.286113638430839 6.3051862702704957 26.26951331703458 17.466623758198697 7.6151351118460289 19.509312587673776 5.2807308295741668 13.97355482005514 8.730149887269361 2.3061337238177648 12.141171881696208 4.5915079868864259 4.3277944705914697 6.1176482839509836 6.569022618699818 2.1191314035095266 4.6954874023795119 9.8168343210127222 2.4533952933270466 6.3450086694210794 11.333923704572955 31.530011735623702 3.303990206681191 4.567817776463925 7.9035889623919493 6.4617877365089944 5.8753712906036526 3.3895900622010222 2.4674033662304273 3.5190247970167539 32.721915984526277
leaf_count=323 81 1710 311 157 827 153 447 144 22 317 64 208 228 274 46 220 154 45 219 823 744 134 147 452 342 110 73 40 47 562
internal_value=0.000296868 -0.00376084 0.00352071 0.0133505 0.000597128 -0.00737174 -0.0128286 0.00423041 0.00786861 0.010936 -0.00638112 0.0041562 0.00923963 0.0149521 0.0177623 0.0160289 -0.00543534 -0.00724603 -0.012478 -0.00201714 -0.00155066 0.0127264 -0.00644288 -0.00960965 0.00523965 0.021784 -0.0101274 -0.0126625 0.0198119 0.0216686
internal_weight=289.994 128.023 161.97 33.0422 128.928 38.7636 33.4829 90.1647 68.1066 59.3764 22.0581 25.427 21.0992 47.2352 40.6662 14.9816 121.718 105.44 51.852 25.5825 53.5876 11.6328 41.9548 19.2375 16.2786 8.32877 37.387 33.9974 38.5471 36.2409
internal_count=9424 5074 4350 1136 3214 1427 1274 1787 1412 1268 375 979 771 951 677 543 4993 4497 3204 1494 1293 289 1004 1275 496 155 857 784 631 609
is_linear=0
shrinkage=0.035


Tree=168
num_leaves=31
num_cat=0
split_feature=96 97 113 50 109 42 16 2 98 57 61 57 63 71 54 113 3 76 127 44 70 74 44 65 110 71 119 99 59 70
split_gain=2.18277 3.14098 2.20923 2.58295 2.49751 4.44468 3.77259 5.33482 3.25676 2.82812 2.69429 2.52541 2.66784 2.89795 2.52283 3.19298 3.10485 3.28195 2.51214 3.96767 3.7863 2.91689 2.4824 5.3108 2.7389 2.82482 2.49894 2.45986 2.4015 2.30719
threshold=4.2583333333333337 15.178355765055761 0.133974358974359 0.20416666666666669 6377.5000000000009 9.5000000000000018 8.5000000000000018 4.5000000000000009 2.101724137931035 0.48683298683298687 0.88762626262626265 0.28285714285714292 0.64733893557422983 4.2423951497212116 0.14495798319327732 0.02062074829931973 38.500000000000007 0.43788316287555895 1.0000000180025095e-35 0.49614266215654862 14.403125000000001 18.750000000000004 0.35653753026634388 2.3964285714285718 131.25000000000003 2.4988089563755582 0.77303240518350214 0.8047619047619049 0.85449735449735453 18.354166666666668
decision_type=2 2 2 2 8 8 2 2 2 10 2 10 2 10 8 2 2 10 2 2 10 10 2 10 8 10 8 2 2 8
left_child=1 2 3 4 5 6 7 9 11 10 -1 -8 -13 -14 15 27 -17 -18 19 21 -20 -16 23 24 25 -11 -24 -6 -28 -4
right_child=-2 -3 29 -5 14 -7 8 -9 -10 22 -12 12 13 -15 18 16 17 -19 20 -21 -22 -23 26 -25 -26 -27 28 -29 -30 -31
leaf_value=0.0090420652427056891 0.017602577416988514 -0.016246973933907536 -0.014439511554487987 -0.012825823219927117 0.018868080733838648 -0.012701250545548704 0.0015714749612042052 0.015690217745952122 -0.009619105514866718 0.039292245406724401 -0.016916689694283525 0.029892938720025325 -0.0078773014264450596 0.019225352266575343 -0.017213601223107521 0.0076959597522385558 0.0067800257085489828 -0.020652088662226429 0.015527029572191587 0.0041893322337671094 -0.013122199159218055 0.011939359370161433 0.0082770151813370101 -0.010351221182026265 -0.002830385576787684 -0.003485903959572172 -0.018122134135663038 -0.0042832875379796628 0.0078217498911802106 0.007474725753594715
leaf_weight=2.89301783544943 4.3654350098222485 8.2430173521861416 15.194787606247703 8.5903862502891553 16.841184188611809 9.458632223075254 9.1227511037141067 23.092805710621178 2.506742443307302 4.7614840739406619 16.74916643591132 18.680410330183808 6.3897959962487203 3.8323233695700765 33.247127084759995 14.342116949614139 5.2217389107681802 10.166186875198035 10.739066944457589 17.697604830376804 4.2710119839757672 1.2176623968407501 8.1155165161471832 5.0319454078562549 2.5881459433585414 1.4028120397124437 10.500614432152359 5.419774063397198 2.8413433777168384 4.7076216295827171
leaf_count=111 104 121 705 535 379 288 383 695 163 154 485 457 225 80 1380 471 102 389 288 503 88 43 167 153 112 66 374 218 61 128
internal_value=0.00097489 0.000418925 0.00119795 0.00212953 0.00289342 0.0061927 0.00815383 0.00324337 0.0162072 -0.0028665 -0.0120344 0.0188297 0.0232419 0.00526101 -0.000756313 0.00478 -0.00273693 -0.0119634 -0.00507566 -0.00855542 0.00613315 -0.0148014 0.00310366 0.0125589 0.024705 0.0323559 -0.00419594 0.0134797 -0.011971 -0.00879598
internal_weight=288.232 283.867 275.624 255.721 247.131 127.968 118.509 77.9769 40.532 54.884 19.6422 38.0253 28.9025 10.2221 119.163 51.991 29.73 15.3879 67.1725 52.1624 15.0101 34.4648 35.2419 13.7844 8.75244 6.1643 21.4575 22.261 13.342 19.9024
internal_count=9428 9324 9203 8370 7835 3974 3686 2378 1308 1683 596 1145 762 305 3861 1559 962 491 2302 1926 376 1423 1087 485 332 220 602 597 435 833
is_linear=0
shrinkage=0.035


Tree=169
num_leaves=31
num_cat=0
split_feature=82 114 82 56 68 45 54 109 106 97 116 113 48 108 110 112 30 116 98 51 0 1 26 92 110 97 106 11 29 66
split_gain=2.67799 3.4118 2.97683 2.64348 4.09834 2.98444 3.52174 3.53099 4.52946 2.90467 6.27677 3.53537 3.07589 5.17037 3.24718 2.77182 3.18845 2.62045 2.61488 2.93473 3.07346 2.40195 2.34837 2.54157 2.30581 2.45542 2.20688 2.17188 2.12257 1.88003
threshold=8.5000000000000018 0.060915275200989494 125.50000000000001 0.20611577964519143 9.5000000000000018 0.071796759941089847 0.28991596638655465 2640.0000000000005 294.84313725490205 6.0068863739008629 0.37965517241379315 0.071685508735868458 0.030076888285843515 19.500000000000004 110.25000000000001 0.090230664857530549 13.500000000000002 0.8426212590299279 0.84731934731934744 0.033994607087827429 165.52513310185188 22.500000000000004 3.5000000000000004 20581.000000000004 82.250000000000014 3.6565862480410507 1072.8611111111113 14.500000000000002 2.5000000000000004 1.3667383171330054
decision_type=8 2 8 8 10 2 8 10 10 2 2 2 2 10 10 2 2 2 2 2 2 2 2 2 10 2 10 2 2 8
left_child=1 -1 -2 4 -4 6 15 8 -8 10 12 22 13 -7 28 16 18 -6 -5 20 -20 -9 23 -12 25 -14 -13 -11 -15 -24
right_child=2 -3 3 5 17 9 7 21 -10 27 11 26 24 14 -16 -17 -18 -19 19 -21 -22 -23 29 -25 -26 -27 -28 -29 -30 -31
leaf_value=0.027560520911396286 -0.0140331256538717 -0.0042973620714599472 0.01520652699404863 -0.0061271614819417035 -0.013373456551756258 -0.023226101970574627 -0.0046883440346259112 -0.018753357189197923 0.021680125021939854 -0.015310054994604154 -0.0044104269362074148 -0.013150379733990436 0.027316703644449946 0.023965399739820859 -0.0088757727935732528 -0.01068487391736025 -0.0089638297521051173 0.011605693802017361 0.022099041807968012 -0.0022797740542502996 -0.0067045028981223692 0.009431845101782705 0.013667820943969962 0.028412895671734637 -0.0098442913808420261 -0.0058203611455865372 0.010898999161627022 0.0065512329495962486 -0.0056483529867388397 -0.0064432001323248946
leaf_weight=4.8787738143000734 12.138642934150992 5.0634583705104887 28.764169613365084 4.8697238240856668 10.372441289015113 19.780549847520888 21.752462522475984 14.676197606371716 6.5523889800533643 29.693783669150434 2.0383619524072882 8.3792054681107384 2.6360783565323791 3.9277119776234057 11.102390434476545 4.264237370574846 5.4063931645359835 3.2411952689290038 36.401170032564551 7.9773256368935099 2.8444300377741447 1.3528737057931728 5.2718904041685137 11.236151583609169 2.1856159982271492 1.9934337262529878 2.7060634563677004 3.7309597095008931 2.0714823798043653 8.2222193265333772
leaf_count=138 1479 156 428 85 89 1266 919 617 128 838 62 287 89 153 394 101 77 69 590 187 56 34 118 292 140 104 81 95 131 210
internal_value=0.000895649 0.0153269 0.000111183 0.00101212 0.0085166 -0.000582963 0.00356411 -0.00373056 0.00375418 -0.00439885 -0.000621486 0.00918287 -0.00918557 -0.0129999 0.00140681 0.0086875 0.0108641 -0.00590631 0.0135267 0.015946 0.0194897 -0.0146975 0.0152816 0.023545 0.00822258 0.0174348 -0.00571661 -0.0123349 0.0158206 0.00298479
internal_weight=285.532 9.94223 275.59 263.451 42.3778 221.073 106.097 44.3339 28.3049 114.976 81.5512 37.8539 43.6973 36.8821 17.1016 61.7633 57.499 13.6136 52.0926 47.2229 39.2456 16.0291 26.7686 13.2745 6.81513 4.62951 11.0853 33.4247 5.99919 13.4941
internal_count=9413 294 9119 7640 586 7054 2794 1698 1047 4260 3327 1050 2277 1944 678 1096 995 158 918 833 646 651 682 354 333 193 368 933 284 328
is_linear=0
shrinkage=0.035


Tree=170
num_leaves=31
num_cat=0
split_feature=69 98 42 93 100 126 11 119 44 56 94 27 118 94 110 2 116 100 40 46 65 97 109 45 59 111 63 66 92 43
split_gain=3.1314 3.8823 4.25903 5.26436 3.7941 4.87549 3.85923 3.6809 3.62225 3.08703 2.68243 4.63227 3.22597 2.85942 2.76394 2.57101 2.43943 2.36645 2.99684 2.43479 2.98254 2.22516 2.73102 2.05117 2.04443 2.02877 1.98739 2.39063 2.24536 1.84411
threshold=3.2500000000000004 1.5303308823529413 5.5000000000000009 81870.500000000015 0.087595907928388769 1.0000000180025095e-35 3.5000000000000004 0.5699973352604083 0.34514106583072107 0.47673160173160178 63524.500000000007 12.500000000000002 0.48333333333333339 66134.000000000015 37.250000000000007 2.5000000000000004 0.18301435406698566 0.23973727422003285 21.500000000000004 0.021507863089731735 1.8944444444444446 6.5747698430607295 8611.5000000000018 0.082079496968335955 0.74868421052631595 0.087595907928388769 0.63967213114754118 2.450623241287142 70516.500000000015 0.45407685098406753
decision_type=10 2 10 2 2 2 2 10 2 10 2 2 2 2 10 2 2 2 2 2 8 2 8 2 2 2 2 10 2 2
left_child=1 7 4 16 5 6 24 -1 -2 -6 12 13 -9 -12 17 -13 -4 18 19 -14 -21 22 -18 -19 -3 -8 -10 28 -28 -16
right_child=8 2 3 -5 9 -7 25 10 26 -11 11 15 14 -15 29 -17 21 23 -20 20 -22 -23 -24 -25 -26 -27 27 -29 -30 -31
leaf_value=0.008141195802349583 -0.0064688288249485186 -0.012687275676513662 -0.0059658730164047161 -0.009180252309354495 -0.017719853688587268 -0.016270183685902714 0.024755475549597818 0.012261214411850135 0.019294911246898434 0.003942326800777521 0.013040559548776051 0.023807679092671313 0.00010649043803901567 -0.01062436219839224 -0.021312977267349032 -6.8890789985710636e-05 0.037158952247927701 0.017956122161025212 0.0069647526525234375 0.0047840677224510689 -0.024881654383422786 0.0027727192158115131 -0.00031001725767387453 -0.0084785415618980273 0.0099644114393347052 -0.0061615903693389351 0.018299205265273805 -0.0095983502151984756 -0.0089661065545267992 0.00074035996476291236
leaf_weight=21.138970687286928 12.068620254984124 5.9375270466553101 1.5041073376778573 5.4323411176446816 15.20670086075552 4.3037104322575024 14.9103046139935 3.5273439376614979 21.24162889062427 10.869619093835352 3.1334352781996122 7.0029674607794759 11.333264813758435 31.679436543723568 29.994475028594024 10.182330336421726 10.714170463383198 4.6272133856546125 8.6491768872365338 3.4259404330514398 15.236135332146658 5.2643410424934691 2.7119892144110063 2.0414252399932593 4.0660972511395812 0.99542529974132854 7.5566667432431149 6.7428108220919958 1.7629130999557672 4.9769983727019271
leaf_count=690 314 374 98 304 531 226 451 70 344 477 121 188 222 1135 1711 249 335 62 122 64 197 184 109 43 210 39 127 114 46 234
internal_value=0.00073379 -0.000972541 0.00501708 0.0155228 -0.000642053 0.00727416 0.0131843 -0.00415708 0.00831934 -0.00950874 -0.00629243 1.90498e-05 -0.00998878 -0.0071241 -0.0116279 0.0128336 0.0226711 -0.00503306 -0.008395 -0.0131863 -0.0195756 0.0257484 0.0315601 0.00969834 -0.00322783 0.0218097 0.0133027 0.00267911 0.0118118 -0.0184744
internal_weight=288.238 238.865 81.9163 25.6269 56.2894 30.2131 25.9094 156.949 49.3726 26.0763 135.81 51.9982 83.812 34.8129 80.2846 17.1853 20.1946 45.3132 38.6445 29.9953 18.6621 18.6905 13.4262 6.66864 10.0036 15.9057 37.304 16.0624 9.31958 34.9715
internal_count=9391 8446 3338 1030 2308 1300 1074 5108 945 1008 4418 1693 2725 1256 2655 437 726 710 605 483 261 628 444 105 584 490 631 287 173 1945
is_linear=0
shrinkage=0.035


Tree=171
num_leaves=31
num_cat=0
split_feature=92 94 54 21 32 68 98 27 83 122 73 129 72 0 60 97 110 0 46 55 27 63 69 94 13 128 118 45 117 122
split_gain=2.23517 2.6498 4.40463 3.88926 4.40796 3.40609 3.81551 3.28902 4.37454 3.59013 3.39915 3.0036 5.53304 3.56861 5.49 3.98326 4.91715 2.70949 2.675 2.59029 2.51666 2.50332 2.72264 2.44683 2.36387 3.13226 2.48087 2.15029 2.06776 2.05001
threshold=5575.5000000000009 61273.500000000007 0.17752100840336138 7.5000000000000009 9.5000000000000018 17.500000000000004 1.890873015873016 1.5000000000000002 1408.5000000000002 1.5000000000000002 10.500000000000002 9.5000000000000018 9.5000000000000018 89.419328703703712 0.65476190476190488 2.7324839057116246 88.250000000000014 2.321064814814815 0.12276295133437992 0.74813432835820903 12.500000000000002 0.75162337662337675 4.2500000000000009 65530.750000000007 5.5000000000000009 0.48074074074074075 0.91982142857142868 0.26006441223832533 0.39339826839826847 16.500000000000004
decision_type=2 2 8 2 2 10 2 2 10 2 8 2 8 2 2 2 8 2 2 10 2 2 10 2 2 2 2 2 2 2
left_child=-1 3 24 4 7 6 18 9 27 10 -2 12 20 15 -15 16 -14 -13 21 -11 -4 22 29 -17 25 -3 -26 -9 -6 -5
right_child=1 2 11 5 28 -7 -8 8 -10 19 -12 17 13 14 -16 23 -18 -19 -20 -21 -22 -23 -24 -25 26 -27 -28 -29 -30 -31
leaf_value=0.011709602871374744 0.010593222494784426 0.022747642392380557 -0.021351088071263177 -0.022623891335358106 -0.0064081679355930277 0.011706259565831519 0.012963229248203282 0.012379223418916922 -0.015884878690050178 -0.0094351223055139741 -0.019317575137442512 -0.0088547350764204783 0.03198325585964959 0.020253540044200033 -0.020221733600765675 0.01514739667083757 -0.0020312225140087605 0.024404695706320746 0.007287039055210328 0.016714952013294912 0.0034857785396417494 0.0048085662777817527 0.0062541485113923696 -0.0075303758007103884 0.0104340649669758 -0.0089974725093235428 -0.0096424352216373955 -0.0091903867041769182 0.02185003033728411 0.0054128827835058461
leaf_weight=17.897844889899716 2.2923431629315045 20.77235422492959 17.231380337150771 39.598265535663813 1.572474576300009 4.5086651341989628 3.1202135387575245 32.206377937691286 5.5865061294753096 3.8484163540415448 22.585879625985399 1.3606704340782005 8.4060479318723047 1.1944790587294836 10.04680827911943 2.8956829779781428 7.5919452547095725 4.4850293844938278 3.6264900681562713 5.9068063551094383 4.8196430932730427 4.1333825811743727 2.7496617345605037 17.749098541215062 14.132814532611521 1.736392127117141 7.6823792178183785 2.9518059773836276 11.249772442271931 1.5920620867982496
leaf_count=483 86 498 699 1143 86 78 117 627 1001 134 953 70 207 37 519 65 326 286 76 156 73 108 41 498 518 38 198 93 216 17
internal_value=0.00121325 0.000309436 0.00407966 -0.00279306 0.0018826 -0.00935012 -0.0119156 -0.00171043 0.00479488 -0.00900305 -0.01525 -0.00114642 -0.0035733 0.00326506 -0.0110097 0.0084404 0.0192015 0.0161499 -0.0144278 0.00669735 -0.0162816 -0.0165981 -0.0188974 -0.0020164 0.0122252 0.0191085 0.00288434 0.00964949 0.017559 -0.0210716
internal_weight=285.532 267.634 120.105 147.529 88.2004 59.3287 54.8201 75.3781 40.7447 34.6334 24.8782 75.7808 69.9351 47.8841 11.2413 36.6428 15.998 5.8457 51.6999 9.75522 22.051 48.0734 43.94 20.6448 44.3239 22.5087 21.8152 35.1582 12.8222 41.1903
internal_count=9447 8964 4032 4932 3352 1580 1502 3050 1721 1329 1039 2780 2424 1652 556 1096 533 356 1385 290 772 1309 1201 563 1252 536 716 720 302 1160
is_linear=0
shrinkage=0.035


Tree=172
num_leaves=31
num_cat=1
split_feature=82 114 81 132 76 81 122 35 69 35 100 100 66 66 49 75 21 11 46 56 119 49 25 74 93 42 119 85 119 56
split_gain=2.37078 4.1419 3.59014 2.51646 3.12879 3.29852 2.60491 3.09462 3.0053 4.35972 2.91334 3.9849 5.50472 4.24456 3.93289 3.48769 3.80093 3.05528 2.80854 2.58379 2.51458 2.49107 2.36469 2.20568 2.13059 2.97614 2.12817 2.05081 2.13635 1.96601
threshold=8.5000000000000018 0.060915275200989494 369.83317148884413 0 0.52730577763239717 205.07430593554838 1.0000000180025095e-35 2.5000000000000004 1.7500000000000002 1.0000000180025095e-35 0.75961538461538469 0.077935222672064791 0.83841403847544094 0.91753098239279296 0.018019480519480522 2.1213235294117649 7.5000000000000009 4.5000000000000009 0.082903780068728533 0.17425810904071776 0.46146306897307721 0.074537037037037054 2.5000000000000004 13.250000000000002 80179.500000000015 1.5000000000000002 2.9379631246134594 580.32051282051293 2.351008876606016 0.41801075268817212
decision_type=8 2 10 1 8 10 2 2 10 2 2 2 10 10 2 10 2 2 2 10 10 2 2 8 2 10 10 10 10 10
left_child=1 -1 3 4 26 -6 7 8 9 -5 11 13 23 20 15 17 -17 -15 22 -14 -8 -9 -19 -13 -22 -26 -2 -4 -29 -16
right_child=2 -3 27 6 5 -7 10 21 -10 -11 -12 12 19 14 29 16 -18 18 -20 -21 24 -23 -24 -25 25 -27 -28 28 -30 -31
leaf_value=0.026672362446465488 -0.010554040250124467 -0.0078469726977859044 -0.020626522179608284 -0.018611029762284997 0.022459171451170289 -0.0078889142222619748 0.01234742134189184 -0.017501711417467689 0.012975040417443295 0.013945041457206479 0.021481694761899098 0.017595143756019234 0.0067968651718460556 -0.0025891167724009147 -0.019347685942144848 0.013738375400193915 -0.012020588943783668 0.031053002822896508 0.00058335385274328494 -0.013083489793928166 -0.01428187971447014 0.0072890456913807262 -0.001006466930787408 -0.0024933651428103772 0.020862150206173859 -0.0094419512651961399 0.0093312054288017202 -0.0098759218461977206 0.016117590721243451 0.0065068150848370905
leaf_weight=5.730950264958663 9.004735641647132 4.0813621261622757 10.179082800168546 8.9808646121528017 18.015873220283542 2.7671220931224516 3.9187280922196832 24.40208593476564 10.891011693514882 3.4860477475449434 3.6580200400203458 10.179488967405634 6.1985657382756463 5.5376409334130576 3.540673764422535 8.7555400589481014 9.3385602817870659 21.132222679909326 5.8102091099135569 49.835253398865461 18.655924713239077 3.0998440608382216 2.8143620402552179 10.033087766263632 2.1821352150291196 4.4185095811262727 7.5330357169732443 3.9279253610875449 1.91441709396895 2.9354060688056052
leaf_count=145 165 141 1802 396 334 54 74 1066 268 157 51 218 80 186 59 158 138 311 108 1259 634 53 53 262 50 139 96 602 239 65
internal_value=0.000874454 0.0145122 0.000132478 0.00124623 0.00811886 0.0176722 -0.000417869 -0.0070036 0.00226838 -0.00812164 0.00168504 0.000629021 -0.00506754 0.00551715 0.0105706 0.0136887 0.0007197 0.0194231 0.0233026 -0.0105076 -0.00488137 -0.014016 0.0277621 0.00910666 -0.00915323 0.0052502 -0.00143275 -0.0137869 0.00214642 -0.00989955
internal_weight=282.959 9.81231 273.146 257.125 37.3208 20.783 219.804 50.8599 23.3579 12.4669 168.944 165.286 76.2464 89.0399 59.8646 53.3885 18.0941 35.2944 29.7568 56.0338 29.1753 27.5019 23.9466 20.2126 25.2566 6.60064 16.5378 16.0214 5.84234 6.47608
internal_count=9363 286 9077 6434 649 388 5785 1940 821 553 3845 3794 1819 1975 1078 954 296 658 472 1339 897 1119 364 480 823 189 261 2643 841 124
cat_boundaries=0 1
cat_threshold=52
is_linear=0
shrinkage=0.035


Tree=173
num_leaves=31
num_cat=0
split_feature=98 20 101 11 54 98 75 110 73 44 34 76 69 55 44 40 73 91 119 27 117 96 84 118 97 1 119 25 47 86
split_gain=4.1377 3.03356 3.31631 3.34897 2.98008 3.13582 5.482 3.56096 2.69769 2.56851 3.16629 3.08375 2.5587 2.55461 2.47641 2.70276 2.44718 2.40135 3.91861 3.11006 3.64887 2.39924 2.3481 3.01393 3.39304 2.41907 2.33638 3.34184 2.44308 2.27181
threshold=1.0571895424836604 2.5000000000000004 0.13188405797101452 19.500000000000004 0.43650793650793657 1.4472222222222224 1.8768939393939397 57.750000000000007 10.500000000000002 0.26975051975051983 6.5000000000000009 0.99121281630289004 3.7500000000000004 0.72524509803921577 0.6858552631578948 26.500000000000004 14.500000000000002 2466.0659165043453 0.78582996308391106 25.500000000000004 0.39339826839826847 1.6631205673758866 250.25000000000003 0.68237250554323736 2.270497725701317 6.5000000000000009 2.6711893223647643 2.5000000000000004 0.078278186274509817 80.722294882315595
decision_type=2 2 2 2 10 2 10 10 8 2 2 8 10 10 2 2 8 10 10 2 2 2 10 2 2 2 10 2 2 8
left_child=12 4 -3 -4 5 6 7 16 -6 11 17 13 14 -7 15 22 -2 18 -11 20 -19 -10 23 24 -1 -24 27 28 -22 -14
right_child=1 2 3 -5 8 9 -8 -9 21 10 -12 -13 29 -15 -16 -17 -18 19 -20 -21 26 -23 25 -25 -26 -27 -28 -29 -30 -31
leaf_value=-0.012604225729133273 -0.004804322409570223 0.011198034839889865 -0.019207819211997514 0.0093543359992228174 0.012516601237336536 -0.014392811519730422 -0.0068201970381871766 -0.0088370668331640093 -0.022183411820126824 0.020733030804623534 -0.0071133195716819655 0.016093997264370153 -0.013596734713151861 0.0056929659398993315 0.0047238169012479058 0.0065673543430928476 0.020858135339277807 0.0023327772006535904 -0.0060005116494656844 -0.0070953579137464969 0.047738490522279853 0.0051153101582446722 0.014842582295194542 -0.02086470730682247 0.01766944934374557 -0.0091814067634638386 0.0071270218745977726 -0.0029755151340537288 0.0045776493859648378 0.010634242077611804
leaf_weight=5.0732140687759948 3.5608418874908301 5.0161913654301342 15.948634587111885 3.2927967729046932 1.761896237730977 10.767511369660502 42.78458691004198 5.1774209565483025 7.9558840370737016 6.3541295377071974 4.5928215445019296 7.5236921777250236 1.6105615049600626 11.296767333522437 12.024546031840144 6.4941483545117071 20.095264401752502 7.6111040989635574 12.517712650238535 1.9079093816690136 10.799598503625022 3.391860879259184 3.5621512045618129 34.950502117397264 3.2765464577823877 7.8385353195481002 6.816501975990831 1.5644566314294923 3.0636177742853752 14.87631084769964
leaf_count=270 71 128 928 125 72 508 1146 270 550 128 182 244 12 341 323 90 305 307 405 113 290 115 195 1038 60 566 185 43 71 319
internal_value=0.000457561 0.00331832 -0.00726793 -0.0133987 0.00499776 0.00639376 0.000867582 0.0115972 -0.00882639 0.010752 0.0149151 0.00194849 -0.00557169 -0.00495716 -0.00829923 -0.0110217 0.016831 0.0173729 0.00545791 0.0227469 0.0253983 -0.0149549 -0.013485 -0.0168587 0.00144399 0.000561478 0.0314139 0.0377737 0.041942 0.00565403
internal_weight=283.508 193.801 24.2576 19.2414 169.544 156.434 71.6181 28.8335 13.1096 84.8158 55.2279 29.588 89.7065 22.0643 73.2196 61.1951 23.6561 50.635 18.8718 31.7632 29.8553 11.3477 54.7009 43.3003 8.34976 11.4007 22.2442 15.4277 13.8632 16.4869
internal_count=9400 6527 1181 1053 5346 4609 1792 646 737 2817 1724 1093 2873 849 2542 2219 376 1542 533 1009 896 665 2129 1368 330 761 589 404 361 331
is_linear=0
shrinkage=0.035


Tree=174
num_leaves=31
num_cat=0
split_feature=98 54 117 110 76 83 20 42 46 47 74 55 119 68 90 104 120 110 106 106 73 97 47 76 42 45 44 91 66 69
split_gain=2.65414 4.7725 3.12478 5.84763 3.45637 3.07498 3.00566 5.22157 5.19285 7.44477 3.42551 3.4047 3.28709 2.90761 3.23322 3.38171 3.0938 3.04078 2.75897 4.3523 2.66774 2.66036 3.13217 2.57835 2.55661 2.47798 2.44877 2.32824 2.32343 2.54749
threshold=1.4472222222222224 0.43650793650793657 0.21498599439775914 61.250000000000007 0.52730577763239717 1268.0000000000002 2.5000000000000004 6.5000000000000009 0.068573667711598757 0.061540079949505583 11.250000000000002 0.43875000000000003 0.8704386226815618 18.500000000000004 62723.673076923085 0.38913470993117016 0.039344685242518065 44.250000000000007 1424.1176470588236 167.10000000000002 8.5000000000000018 2.7132781099695884 0.12403846153846156 0.44782039932319934 15.500000000000002 0.15235814296241715 0.95833333333333337 3399.1630781436374 0.56253641334739612 3.7500000000000004
decision_type=2 10 2 10 8 10 2 10 2 2 10 10 10 10 2 2 2 8 8 10 8 2 2 8 10 2 2 10 8 8
left_child=2 6 18 4 5 13 7 8 9 10 -2 -9 -11 14 16 17 24 -16 19 -1 -3 -10 -23 -8 -4 -21 -20 -18 -6 -30
right_child=1 20 3 -5 28 -7 23 11 21 12 -12 -13 -14 -15 15 -17 27 -19 26 25 -22 22 -24 -25 -26 -27 -28 -29 29 -31
leaf_value=-0.012014073061479856 -0.00018119119508873733 0.012256669714054763 -0.024321032933176633 -0.01975743999548896 0.021204243115218107 0.011811824195680345 0.0094532106262416437 -0.0060250947211782186 0.0068175805647361625 0.011455789514295257 0.028734383439109449 0.029496152888779405 -0.016082056912746421 0.012882288566639951 -0.014914895692524095 0.01582642809166462 -0.012990483570285531 0.01255964997230377 -0.015029390109594682 0.027524111773949908 -0.017649912248708072 -0.017603735002528112 0.010326359364029036 -0.014097643560775258 0.0054118571711547865 -0.0039279606786479758 0.010709170404336754 0.014315014501724533 -0.0028824295936818525 0.011700741245382132
leaf_weight=2.485024998662996 6.3363866937579614 0.88521748944185397 25.713438247796152 19.940223428420722 3.9185831591021261 5.4708257209276772 4.9001140934415135 2.1654809293104362 9.7756321543129179 4.0491781766759223 18.044428315595724 14.860784643329678 9.4203491314547119 2.6372064603492609 13.064798844046891 5.6264167439658186 1.8754402813501645 2.5372406761161992 5.9702220708131772 10.999305890174581 11.690406219684519 16.972623068839315 2.7653718369547269 9.8639919690322131 2.178062403574585 2.3925918391905716 3.201561245135963 3.923221851233393 42.119150162441656 16.461904773488641
leaf_count=131 285 42 390 1522 104 331 214 166 325 56 565 312 359 55 205 77 40 60 340 189 707 629 67 624 32 69 89 58 1043 313
internal_value=0.000459545 0.00454233 -0.00226888 -0.0042706 -0.00114787 -0.00667741 0.00722655 0.00971735 0.00450489 0.0124123 0.0224675 0.0246362 -0.00694351 -0.0092385 -0.0112871 -0.000251302 -0.0173097 -0.00848312 0.00813211 0.0153951 -0.0126568 -0.00596513 -0.0123944 -0.00586717 -0.0215294 0.0223647 -0.00543642 0.00355792 0.00450987 0.00181347
internal_weight=282.245 111.73 170.515 145.467 125.526 63.0267 99.1543 84.3902 67.364 37.8503 24.3808 17.0263 13.4695 57.5558 54.9186 21.2285 33.6902 15.602 25.0487 15.8769 12.5756 29.5136 19.738 14.7641 27.8915 13.3919 9.17178 5.79866 62.4996 58.5811
internal_count=9399 4351 5048 4230 2708 1248 3602 2764 2286 1265 850 478 415 917 862 342 520 265 818 389 749 1021 696 838 422 258 429 98 1460 1356
is_linear=0
shrinkage=0.035


Tree=175
num_leaves=31
num_cat=2
split_feature=76 70 71 131 133 54 3 101 55 65 44 107 92 119 29 1 11 16 89 88 60 83 60 16 28 6 126 106 50 90
split_gain=2.56014 3.72863 3.52124 3.00217 4.19776 4.14022 4.48542 4.21041 3.56667 4.03598 3.55336 3.32718 2.95639 2.70705 2.8433 2.6821 2.49171 3.45978 2.82613 2.30191 2.52056 2.37112 2.29162 2.1718 2.15767 2.13127 2.06566 2.20132 2.22675 1.91985
threshold=0.52730577763239717 10.605555555555556 3.7328679409976391 0 1 0.16954022988505749 34.500000000000007 0.44222222222222224 0.9104278074866311 1.3541666666666667 0.37406716417910452 2080.1859442662658 72647.500000000015 0.61061243460626269 22.500000000000004 10.500000000000002 14.500000000000002 14.500000000000002 344.50000000000006 716.50000000000011 0.81365740740740755 1489.0000000000002 0.81016731016731025 30.500000000000004 3.5000000000000004 1.5000000000000002 1.5000000000000002 23.090909090909097 0.1731634182908546 46710.595238095244
decision_type=8 10 8 1 1 8 2 2 8 8 2 10 2 8 2 2 2 2 10 8 2 10 2 2 2 2 2 10 2 2
left_child=1 -1 12 4 11 6 7 -6 9 10 -7 13 24 -4 26 -10 17 19 -19 -3 -21 -22 -5 -18 25 -2 27 -15 -29 -17
right_child=2 16 3 22 5 8 -8 -9 15 -11 -12 -13 -14 14 -16 29 23 18 -20 20 21 -23 -24 -25 -26 -27 -28 28 -30 -31
leaf_value=-0.016019404401270653 0.019856247784691788 -0.014663702838121732 -0.0046184435972491137 0.0087312515832666995 0.028695598078470896 0.022803761825584749 -0.010010190601493675 -0.0085074961021224128 -0.0084305939856136863 -0.02136089607499124 -0.012329171158405832 -0.0030290847425871108 -0.0070733530670289415 -0.0011051531055858909 -0.0033587768856777581 -0.0032198459544292351 0.017665858855020408 -0.017511142072277667 0.0082239088587620982 -0.01152761092806265 0.0083885065978415545 -0.012809695606098622 -0.012811473927255942 -0.0061129533612812844 -0.0082033995119206778 -0.0072997578335332967 -0.0044880661208161893 0.037244681373747063 -0.003077247180190082 0.019819943013665558
leaf_weight=14.401127798948435 33.94876613013912 4.0601196552161118 3.1717132811900255 3.9152014931896728 9.8102253666147607 2.3978432295843986 4.9754737694747737 2.4488947745412579 9.1692438486497867 17.800383132183924 2.3840848072431982 9.0624234515707922 5.067474427400156 2.0762201400939473 2.9911958788288748 5.0034565948881191 11.480723026674239 18.006372731644664 3.5348761595087117 6.4021028962451956 57.997770337387919 2.754136081901378 23.239265449694358 3.6937175457132971 1.4202505624853063 1.4001720993546758 0.97062084451317687 13.455841260612941 1.0485588315641496 7.3576443637721241
leaf_count=419 1037 62 92 156 196 97 186 108 332 595 107 373 198 88 146 150 212 575 292 255 1281 527 930 108 59 74 54 430 73 219
internal_value=0.00189645 -0.00188984 0.00470781 0.00149412 0.00433105 -0.000819237 0.0117727 0.0209522 -0.00643652 -0.014842 0.00793903 0.0139498 0.0128698 0.0198359 0.0237766 0.00351534 0.000621264 -0.00171697 -0.0125344 0.00216279 0.00412576 0.00652649 -0.00673584 0.0117972 0.016136 0.0180093 0.0281205 0.030627 0.0342881 0.0122526
internal_weight=285.446 122.331 163.115 121.278 94.1238 61.3472 17.2346 12.2591 44.1127 22.5823 4.78193 32.7766 41.8367 23.7142 20.5424 21.5303 107.93 92.7554 21.5412 71.2141 67.154 60.7519 27.1545 15.1744 36.7692 35.3489 17.5512 16.5806 14.5044 12.3611
internal_count=9431 3731 5700 4332 3246 1990 490 304 1500 799 204 1256 1368 883 791 701 3312 2992 867 2125 2063 1808 1086 320 1170 1111 645 591 503 369
cat_boundaries=0 1 2
cat_threshold=37 2
is_linear=0
shrinkage=0.035


Tree=176
num_leaves=31
num_cat=1
split_feature=131 100 1 128 70 98 101 71 116 113 46 55 3 96 72 110 99 108 107 44 45 43 82 72 101 113 65 27 92 106
split_gain=2.99212 3.14445 3.36782 3.24439 2.74668 4.34741 4.3233 4.14478 5.74856 3.90879 4.08376 3.42949 2.74697 2.5973 2.55136 2.9022 2.32961 2.29806 2.22104 2.21766 2.88864 2.52206 2.92039 2.58156 2.42489 2.06217 2.0088 1.92742 1.89697 2.53172
threshold=0 0.084523809523809543 8.5000000000000018 0.23669467787114848 14.509259259259261 1.4037037037037039 0.12250000000000001 6.6348583130479142 0.52027397260273978 0.1180340557275542 0.090326340326340335 0.59761904761904772 4.5000000000000009 1.0851449275362322 10.500000000000002 49.750000000000007 0.57417582417582425 23.500000000000004 2981.0439776902999 0.5270467836257311 0.18107302533532046 0.43226559893226563 1.0000000180025095e-35 8.5000000000000018 0.53589743589743599 0.030151515151515155 3.2565789473684217 1.5000000000000002 51613.000000000007 241.2649572649573
decision_type=1 2 2 2 10 2 2 8 2 2 2 10 2 2 8 10 2 10 8 2 2 2 8 10 2 2 8 2 2 10
left_child=4 2 -2 -4 7 6 27 8 19 10 16 -7 -13 -3 28 -16 25 -8 -17 20 21 22 -1 -23 -22 -10 -12 -6 -9 -30
right_child=1 13 3 -5 5 11 17 14 9 -11 26 12 -14 -15 15 18 -18 -19 -20 -21 24 23 -24 -25 -26 -27 -28 -29 29 -31
leaf_value=0.0094754020419813532 0.012008898371603415 0.0084921016262767164 -0.013946517050003677 0.0076320668925097526 -0.0009263810624560554 -0.00023796453668998736 -0.015957571234931266 0.027785109371254592 0.019037164077865591 -0.016241308341643099 0.030264706016854822 -0.006956768105428124 0.027731963745807657 -0.018743741388492215 0.011409732284943091 -0.015670540108214569 -0.0060708115928719631 0.010066387011660903 0.0070109083874174312 0.0058908263833514002 0.018836785510501861 -0.012071228485555004 -0.021288159143090644 0.010950542831699835 -0.005821245479208443 -0.0024660936713012224 -0.00024925037618682042 0.01899196718718188 -0.012716641485685232 0.015129973749366374
leaf_weight=1.3862803326919664 14.105109645635819 2.1784550256561515 18.160955670406114 9.5274061732925457 9.7654961482621747 9.1791764881927538 14.093576716026289 7.154905272414906 7.8718961563426983 3.7628161760512731 7.8708290397189531 1.1849909949814925 18.628046350320801 19.625341912731528 15.138281933963301 8.745168942958113 16.961917910026386 1.6587140506599087 4.9084100278560081 7.7165002950932822 2.4244280797429374 7.4699240773916227 34.023431691573933 6.4882409903220832 9.8251420842716453 7.7266772522125393 3.2236702451482424 8.6525234305299801 2.9380976273678243 3.1331578779499978
leaf_count=14 512 65 712 172 257 375 451 219 91 106 86 64 437 889 375 384 347 59 218 232 106 307 1592 222 556 97 38 200 113 110
internal_value=0.00115709 -0.00487702 0.000369513 -0.00648979 0.00303669 0.00904899 0.000203008 0.000627021 -0.00280071 0.00620963 0.00961494 0.0179115 0.0246735 -0.014946 0.00943636 0.00248122 0.00213875 -0.0114521 -0.00782302 -0.00896612 -0.0111292 -0.0146217 -0.0190604 -0.00130418 0.00310452 0.0103725 0.0240754 0.0104881 0.0197427 0.00199693
internal_weight=285.53 63.5973 41.7935 27.6884 221.932 63.1625 34.1703 158.77 116.752 47.4178 43.655 28.9922 19.813 21.8038 42.018 28.7919 32.5605 15.7523 13.6536 69.3339 61.6174 49.3679 35.4097 13.9582 12.2496 15.5986 11.0945 18.418 13.2262 6.07126
internal_count=9406 2350 1396 884 7056 1843 967 5213 3794 765 659 876 501 954 1419 977 535 510 602 3029 2797 2135 1606 529 662 188 124 457 442 223
cat_boundaries=0 1
cat_threshold=37
is_linear=0
shrinkage=0.035


Tree=177
num_leaves=31
num_cat=0
split_feature=110 117 110 106 66 55 99 93 118 21 96 69 84 1 70 82 34 121 54 98 50 51 66 66 59 59 110 116 47 98
split_gain=3.3341 2.79019 3.1867 4.03943 4.13756 3.85791 4.36735 3.61152 3.31492 3.10701 3.06199 3.32377 4.15732 3.68928 3.05569 2.76913 2.72695 2.57312 2.52233 2.42299 2.27725 2.24707 2.11367 3.35409 3.99234 2.06767 2.04922 2.03614 2.36809 2.03156
threshold=1098.5000000000002 0.12916666666666668 86.250000000000014 621.25739130434795 2.5114021650893998 0.88516483516483524 0.84807692307692317 50173.000000000007 0.88819444444444451 2.5000000000000004 3.2583333333333337 1.7500000000000002 683.75000000000011 16.500000000000004 10.848076923076926 242.50000000000003 1.0000000180025095e-35 1.0000000180025095e-35 0.098780487804878067 0.84731934731934744 0.11050061050061051 0.028991596638655467 2.0343637680652829 2.8098850316772741 0.50308641975308654 0.77681992337164762 18.250000000000004 0.6319659442724459 0.099019607843137278 0.90238095238095251
decision_type=8 2 10 10 10 10 2 2 2 2 2 10 8 2 8 10 2 2 10 2 2 2 10 10 2 2 10 2 2 2
left_child=1 17 3 10 5 6 15 -4 19 -8 11 13 29 14 -3 27 20 -1 -6 -7 -11 -21 25 -24 -25 -14 -20 28 -5 -13
right_child=-2 2 7 4 18 8 9 -9 -10 16 -12 12 22 -15 -16 -17 -18 -19 26 21 -22 -23 23 24 -26 -27 -28 -29 -30 -31
leaf_value=-2.556421319501494e-05 -0.014360230806036777 -0.0095363343997638527 0.0048944655168585999 -0.018764374493403145 0.011661690356914342 -0.0021971343196908952 -0.0072986867996361745 -0.018173282366474527 -0.0079930866120668815 0.027172100498070631 0.014123804945512436 -0.0073063487567438974 -0.019441979080708886 -0.010202425893779885 0.015569889560699676 0.016035490171048522 -0.0070094519699234695 0.020826175236676178 0.0075217501235853969 0.033785439306618682 -0.0016206031909781879 -0.00027628512026099282 0.0066966401695595533 0.013186937777667216 -0.017016936793806618 2.7619610191418865e-05 -0.01650449029463932 0.0093062567659012007 0.0065664305928749287 0.018244339335284507
leaf_weight=11.785608031088488 9.6847699440550041 3.836134486366066 11.353631268255414 14.730690751224765 3.7139178544748601 2.5293715179432246 4.1108821252128136 14.868784656864589 1.6714432209264476 15.545648314873693 9.8896754309535009 2.3537103051785362 25.400544682401232 9.331920760101637 24.916396081447601 1.529106206842697 2.1040115847717962 13.785113255493341 2.5939123635180286 15.784226729301738 3.3776114291977128 2.5872451742179683 18.856098668649793 2.8950945353135493 19.33272808638867 8.5461873243330029 11.933924762764944 2.1147212872747323 3.1172582318540654 7.0715244942111894
leaf_count=323 581 138 671 673 102 89 189 1154 54 478 189 23 897 396 829 44 110 222 32 335 160 100 447 46 327 216 316 33 66 115
internal_value=0.00196258 0.00279349 0.00152162 0.00294881 0.00856592 0.012299 0.00546921 -0.00900119 0.0228577 0.0142145 -0.000936883 -0.00265841 -0.00642065 0.00546161 0.0113038 -0.00551204 0.0190145 0.0127832 -0.00519527 0.0263916 0.0227683 0.0299557 -0.00925737 -0.00325929 -0.0113838 -0.0151662 -0.0113871 -0.0100438 -0.0138714 0.0115428
internal_weight=281.352 271.667 246.096 219.874 87.444 69.2022 46.6299 26.2224 22.5723 25.1382 132.43 122.54 84.4559 38.0845 28.7525 21.4918 21.0273 25.5707 18.2418 20.9008 18.9233 18.3715 75.0307 41.0839 22.2278 33.9467 14.5278 19.9627 17.8479 9.42523
internal_count=9355 8774 8229 6404 2781 2331 1753 1825 578 937 3623 3434 2071 1363 967 816 748 545 450 524 638 435 1933 820 373 1113 348 772 739 138
is_linear=0
shrinkage=0.035


Tree=178
num_leaves=31
num_cat=0
split_feature=32 63 122 106 109 65 47 85 49 66 66 91 117 0 48 97 94 119 118 93 119 112 1 75 114 2 46 115 0 118
split_gain=3.5605 3.47105 3.7382 3.36609 3.72803 3.89018 4.47255 3.06556 2.8325 3.09428 3.44108 2.98387 2.6275 3.03336 3.61781 2.8981 2.5824 3.19767 2.44609 4.39812 3.3325 3.85748 2.41653 2.399 2.59022 2.4505 2.65344 2.76813 2.24322 2.12509
threshold=2.5000000000000004 0.52013513513513521 6.5000000000000009 161.55555555555557 3331.5000000000005 2.5590277777777781 0.040956108470785575 336.91666666666669 0.14835164835164838 0.4901580001957988 3.2716663693169612 29.921398556612012 0.81892697466467979 0.82528356481481502 0.066120218579234988 5.004931959903737 50019.250000000007 0.8704386226815618 0.69883720930232573 82048.500000000015 2.6711893223647643 0.076197387518142243 2.5000000000000004 2.2247474747474754 0.10840188014101058 1.0000000180025095e-35 0.082903780068728533 0.057417582417582429 54.317887731481484 0.63818181818181829
decision_type=2 2 2 10 10 10 2 8 2 8 10 8 2 2 2 2 2 10 2 2 10 2 2 10 2 2 2 2 2 2
left_child=3 -2 18 7 16 12 23 -1 9 -9 11 -11 13 -6 29 -14 17 -5 -3 20 21 22 -20 25 -25 -7 27 -27 -8 -15
right_child=1 2 -4 4 5 6 28 8 -10 10 -12 -13 15 14 -16 -17 -18 -19 19 -21 -22 -23 -24 24 -26 26 -28 -29 -30 -31
leaf_value=0.01194619077104862 -0.0070264745914775236 -0.0038618974516380833 -0.0085924572367750088 0.013290907743903185 0.0056768858761222524 -0.0057693684290111916 -0.017971700525078189 0.010096590212393033 0.013838014807816448 0.003461145134395984 0.0058207066750193704 -0.023500584849596634 0.018973279467570225 -0.001253827960737976 0.0074057021911841485 -0.0084713807398372858 0.018715575297770869 -0.013518867989374628 0.00020988293430240085 -0.0063002048478561145 0.0030986167187511907 -0.0039694893047257703 0.035130483691571422 -0.011403934060593941 0.013118827332616944 -2.1494515758056507e-05 -0.0019985016878494633 0.02418435402848873 0.0028065926109206931 -0.022155750905717597
leaf_weight=3.2568050341214976 14.16225019819103 6.395548911066725 7.3885695233475408 5.2370834290049988 7.970783765311352 5.8345160763710728 10.520006670150908 2.6266209150198838 0.90882488409988482 4.4534586737863711 5.0680854108650228 31.987159888609312 4.2859738266561163 7.9452706836163989 5.0790620944462708 5.349115073448047 15.258052551886065 6.6957276981556788 2.7679658192209962 6.3705021953210226 11.086259410949422 3.1485854673665008 18.98957737442106 10.673652228084391 3.1711910879239431 7.3569939972367164 8.2618444871623051 21.973672931548208 8.7921191434143093 29.755589656182565
leaf_count=120 451 203 161 87 246 131 324 133 26 144 97 1309 55 460 238 73 470 285 67 188 226 104 447 214 57 158 205 417 329 1990
internal_value=0.000151462 0.00670779 0.0104633 -0.00212255 0.000348293 -0.00210024 0.00308034 -0.00976512 -0.0123716 -0.0142646 -0.0167258 -0.0201855 -0.00840362 -0.0114436 -0.0148938 0.00604807 0.0110928 -0.00130237 0.0138815 0.0166852 0.0210257 0.0271533 0.0315573 0.0078931 -0.00379652 0.011627 0.0146874 0.018994 -0.00988034 -0.0184134
internal_weight=282.771 70.3093 56.147 212.462 164.161 136.97 76.584 48.301 45.0441 44.1353 41.5087 36.4406 60.3858 50.7507 42.7799 9.63509 27.1909 11.9328 48.7584 42.3629 35.9924 24.9061 21.7575 57.2719 13.8448 43.427 37.5925 29.3307 19.3121 37.7009
internal_count=9415 1847 1396 7568 5739 4897 1835 1829 1709 1683 1550 1453 3062 2934 2688 128 842 372 1235 1032 844 618 514 1182 271 911 780 575 653 2450
is_linear=0
shrinkage=0.035


Tree=179
num_leaves=31
num_cat=0
split_feature=54 107 98 20 77 100 113 71 14 122 27 66 0 119 74 38 112 117 75 110 46 27 83 55 18 65 86 72 67 76
split_gain=3.69933 3.2739 3.27263 4.83284 3.34818 2.99291 3.47694 3.39685 3.3939 2.61374 3.13953 3.12461 2.99374 2.91221 2.67738 2.57542 2.53423 2.86924 3.26997 2.43191 2.39164 2.29819 4.39781 2.06334 2.0455 2.10377 2.55184 2.03111 2.00129 1.96289
threshold=0.44949494949494956 1495.9574745382063 1.4472222222222224 2.5000000000000004 1.5000000000000002 0.063164893617021281 0.06030303030303031 1.4160719276834464 2.5000000000000004 2.5000000000000004 29.500000000000004 1.3667383171330054 129.98652777777781 1.5390003184026446 8.7500000000000018 2.5000000000000004 0.076197387518142243 0.3623737373737374 2.3693957115009749 22.250000000000004 0.076436222005842283 1.5000000000000002 1783.5000000000002 0.43405797101449278 1.0000000180025095e-35 2.1861471861471866 216.6453942513788 10.500000000000002 2.5000000000000004 0.95903951956590039
decision_type=8 10 2 2 8 2 2 10 2 2 2 10 2 10 8 2 2 2 10 10 2 2 8 8 2 10 10 10 10 8
left_child=2 21 4 9 5 6 7 -1 -7 11 23 12 14 -13 -4 -15 17 -16 19 -19 -10 -2 -23 -11 25 -9 -27 -5 -21 -24
right_child=1 -3 3 27 -6 8 -8 24 20 10 -12 13 -14 15 16 -17 -18 18 -20 28 -22 22 29 -25 -26 26 -28 -29 -30 -31
leaf_value=-0.0098654603859331374 -0.0077806681799617331 -0.020195146407422232 -0.0069630143824499389 -0.013804541182543952 -0.0052791637944081425 0.015802554645833668 -0.0066320776711636326 -0.00018873177501758785 -0.013048809639911542 -0.0030413963676612127 -0.0072229766912957081 0.011516321388026432 -0.0069128045234959938 -0.01361531245304075 0.002174732819100249 0.011095536927051588 -0.0020641592295884861 9.5291732976048834e-06 -0.003993849337974616 0.037877354968036278 0.0068766175384689905 -0.008634325030798775 -0.0017321778108461674 0.031065224451715279 -0.0023090582089932872 0.029265526279254158 -0.0037593809345038251 0.0085228579744043992 -0.0011501483923235872 0.029830492037202606
leaf_weight=2.6038179169409004 17.989091818453748 10.301384731312281 3.0676653136033556 11.702334347879512 65.302017609588802 4.8431728839641464 7.8708054694579905 4.3123756709974321 20.317096774466339 1.5251639550551743 1.6788585091708217 8.9770165208028647 5.2756270320387548 16.507227453636009 7.9870375146856558 2.6917324786772943 5.2914989301934829 2.7076022240798983 2.4718616462778291 16.045815835590478 6.7756057509686789 6.826682030456138 2.5508456851821402 12.491962662199512 3.7841019498882806 19.23331754188985 2.0544960654806337 3.2248229833785436 1.4298693214077491 4.3468598844483495
leaf_count=68 844 677 106 698 1742 167 244 199 560 113 98 180 281 556 353 83 211 57 77 440 129 418 134 243 77 285 107 148 29 167
internal_value=0.00215587 -0.00689692 0.00384789 0.00840245 0.000248381 0.00529242 0.0111519 0.0158328 -0.00254047 0.0114717 0.022966 0.00765972 0.0129835 -0.00140222 0.0161545 -0.00857408 0.0187375 0.0221154 0.0274812 0.0313636 -0.00777066 -0.000415212 0.00873869 0.0275302 0.0192134 0.0222522 0.0259695 -0.00805278 0.0351386 0.0223356
internal_weight=282.188 42.0149 240.173 103.076 137.097 71.7948 39.8589 31.9881 31.9359 88.1489 15.696 72.453 44.277 28.176 39.0014 19.199 35.9337 30.6422 22.6551 20.1833 27.0927 31.7135 13.7244 14.0171 29.3843 25.6002 21.2878 14.9272 17.4757 6.89771
internal_count=9491 2240 7251 3673 3578 1836 980 736 856 2827 454 2373 1554 819 1273 639 1167 956 603 526 689 1563 719 356 668 591 392 846 469 301
is_linear=0
shrinkage=0.035


Tree=180
num_leaves=31
num_cat=0
split_feature=92 96 117 98 92 114 63 41 1 91 70 118 59 128 1 94 61 117 23 113 27 88 107 65 125 34 117 27 110 110
split_gain=3.74145 3.21072 3.74676 3.3135 4.27538 3.22824 3.3434 2.66629 2.44585 2.84813 3.01834 2.81673 3.68819 3.20771 3.05046 2.86053 2.7627 2.22305 2.95499 2.58177 2.21878 2.26086 2.12477 4.20766 3.56972 2.35399 2.31371 2.12534 2.07672 2.05939
threshold=57284.500000000007 2.8944444444444448 0.17028985507246377 1.491935483870968 43578.500000000007 0.20204081632653065 0.51754926108374399 16.500000000000004 2.5000000000000004 6525.2344754630913 8.8452380952380967 0.86863675582398636 0.45307917888563054 0.2834821428571429 8.5000000000000018 84435.750000000015 0.94073748902546106 0.58303357314148696 2.5000000000000004 0.10949488491048594 1.5000000000000002 1077.5000000000002 2528.0874742446567 1.780193236714976 1.5000000000000002 39.500000000000007 0.98289473684210538 68.500000000000014 120.25000000000001 88.250000000000014
decision_type=2 2 2 2 2 2 2 10 2 10 8 2 2 2 2 2 2 2 2 2 2 8 10 8 2 2 2 2 10 10
left_child=1 2 20 22 5 6 -5 28 -2 10 -10 12 -12 15 16 29 -13 -16 19 -19 -1 -22 23 -4 -24 26 27 -25 -8 -14
right_child=8 -3 3 4 -6 -7 7 -9 9 -11 11 14 13 -15 17 -17 -18 18 -20 -21 21 -23 24 25 -26 -27 -28 -29 -30 -31
leaf_value=-0.0042365144920031295 -0.0067142045843833738 0.012701754521500299 0.0044675482810523142 -0.0072829622516132767 -0.013843788698625677 -0.01546472775111977 0.020408045692782931 -0.007981316251331548 -0.011516622379884399 -0.010949146917854927 -0.0085481286193493742 -0.0064307096545979077 0.033047847838339944 -0.0020311827919122631 -0.013904409841513499 -0.0061913850518082502 0.022839044969526021 0.012670544774384295 -0.013010452167792683 -0.01071965195975149 -0.0041555894365501089 0.022229681922132684 -0.012403436399413992 -0.020883499381832298 0.015718415478946608 0.008143442003378543 0.0047998713904973608 0.0060271301893145323 -0.0058928221919862678 0.0072970032805989831
leaf_weight=8.2299356912262756 12.886933268513529 11.081327586900441 12.567452661693094 7.9407671572407699 12.642352446331641 2.7407149331411338 24.963394531980164 2.8347725843777871 4.1002734084613612 5.2405630333814761 3.3196498267352572 2.8511086287908247 18.740472488570965 5.6603985559195271 6.8408418181352308 1.6406499482691277 10.362383977742864 23.093410871224485 5.5686248876154414 3.2171513072680673 3.6105874059721801 9.2446656352840364 5.9408719494240341 49.265279832761735 6.2984210432041436 1.8455124830361445 3.3332924221176645 1.7536693448200811 1.9910815699258808 8.6580874091014248
leaf_count=288 445 186 586 345 731 132 798 196 164 239 173 116 564 136 376 60 274 389 186 88 200 116 324 1386 161 34 63 30 137 427
internal_value=0.000993631 -0.00232228 -0.00375792 -0.00594356 0.000853046 0.00646152 0.00967746 0.0145955 0.00579813 0.00766609 0.00920365 0.0107048 0.0174422 0.0206921 0.00467397 0.0247691 0.0164918 -0.000783821 0.00353509 0.00855538 0.00861882 0.0157305 -0.0101905 -0.0124492 0.00242985 -0.0162882 -0.0177339 -0.0195031 0.0178472 0.0272924
internal_weight=278.465 166.284 155.203 134.118 53.1131 40.4707 37.73 29.7892 112.181 99.2936 94.0531 89.9528 38.0193 34.6996 51.9335 29.0392 13.2135 38.72 31.8792 26.3106 21.0852 12.8553 81.0045 68.7652 12.2393 56.1978 54.3522 51.0189 26.9545 27.3986
internal_count=9350 5713 5527 4923 2339 1608 1476 1131 3637 3192 2953 2789 1360 1187 1429 1051 390 1039 663 477 604 316 2584 2099 485 1513 1479 1416 935 991
is_linear=0
shrinkage=0.035


Tree=181
num_leaves=31
num_cat=0
split_feature=23 97 98 110 106 76 55 70 0 74 71 107 90 50 117 2 73 11 128 28 118 97 113 110 66 3 56 56 71 95
split_gain=2.78972 2.5247 2.46787 3.70981 3.02195 3.02095 3.19262 4.26677 3.69917 3.54159 3.00723 3.27332 4.29259 2.99553 2.87124 2.81246 2.7549 2.558 2.55905 2.53863 2.4905 2.48854 2.56925 3.14294 3.68714 3.20482 2.19739 2.17988 1.92062 1.9119
threshold=4.5000000000000009 8.7833145174880229 0.89039039039039047 16.250000000000004 868.63765182186251 0.52665599572980892 0.82247899159663873 13.105555555555556 68.092841435185207 15.750000000000002 1.6747417363816015 2559.2216247094343 17613.500000000004 0.096464019851116647 0.40192307692307699 3.5000000000000004 13.500000000000002 2.5000000000000004 0.48074074074074075 2.5000000000000004 0.9281411359724614 7.2110234230332626 0.085236118318630011 72.250000000000014 2.8098850316772741 11.500000000000002 0.3623737373737374 0.43792808219178087 4.1314703842600862 4452.5000000000009
decision_type=2 2 2 8 10 10 8 10 2 10 8 8 2 2 2 2 10 2 2 2 2 2 2 10 10 2 10 10 10 2
left_child=2 -2 3 -1 16 6 9 8 -8 10 27 12 -12 19 26 -10 -5 -9 -19 21 -14 22 23 24 25 29 -15 -4 -22 -7
right_child=1 -3 5 4 -6 13 7 17 15 -11 11 -13 20 14 -16 -17 -18 18 -20 -21 28 -23 -24 -25 -26 -27 -28 -29 -30 -31
leaf_value=0.013390200344935972 -0.013541159389282348 0.0078519670467441949 0.020967645652531404 0.0020618685596758149 0.0059569019193137498 0.015206762134297062 -0.010941746600203561 -0.0066106984884194463 0.01908695412230919 -0.01827079805259026 0.012822011108884031 0.010250492929754341 -0.020205704067724081 -0.008732745493442844 -0.011826107830472358 -0.0064173627139123054 -0.023219791978180752 0.021441083293621859 -0.0061312274336168312 -0.0085582084038421605 -0.0082277380182188293 0.00044599033322633292 -0.0026818454582804635 0.0031465618397558807 -7.9146405507579098e-05 0.037244834982232536 0.020109145454583074 -0.0048537074366924483 0.012124121258714322 -0.0086775790493258832
leaf_weight=5.2390038098674259 21.529279448674064 5.4006924582645288 6.7909205567557347 6.1530246612383115 6.8961003257427356 4.1988709196448388 20.476127200294286 3.4847422984894392 8.0046979477629048 12.627423553029073 5.437900179764255 10.3557890051743 19.277465045219287 1.5736179777886743 11.895949147525242 5.6629120805300763 14.849873977713285 23.194664328591902 2.5928618873003861 3.6239172753412268 11.821759021026081 14.127837290987371 5.8498018259415394 12.198387910611926 5.835895419586449 16.904023817391135 3.9350281131919473 3.6832060762681067 3.6363644415978333 3.0940492120571434
leaf_count=110 1022 169 171 215 299 104 585 259 288 470 148 415 828 86 518 228 404 495 30 102 370 309 248 497 129 402 201 164 62 86
internal_value=0.00109415 -0.00869313 0.00228227 -0.00602936 -0.0111569 0.00363868 0.00037265 0.00588926 -0.00252814 -0.004451 -0.000422987 -0.004196 -0.00864235 0.00869023 -0.00346104 0.00963124 -0.016841 0.0146439 0.0181233 0.0119203 -0.0131932 0.0136612 0.0171365 0.0198749 0.0252507 0.0303271 0.0116352 0.0132532 -0.00164711 0.00566572
internal_weight=280.352 26.93 253.422 33.138 27.899 220.284 137.047 63.416 34.1437 73.6308 61.0034 50.5293 40.1735 83.2374 17.4046 13.6676 21.0029 29.2723 25.7875 65.8328 34.7356 62.2089 48.081 42.2312 30.0328 24.1969 5.50865 10.4741 15.4581 7.29292
internal_count=9414 1191 8223 1028 918 7195 4513 1885 1101 2628 2158 1823 1408 2682 805 516 619 784 525 1877 1260 1775 1466 1218 721 592 287 335 432 190
is_linear=0
shrinkage=0.035


Tree=182
num_leaves=31
num_cat=0
split_feature=63 107 50 71 65 29 2 76 57 61 97 117 84 11 71 108 117 114 73 118 108 57 63 13 96 96 44 69 0 75
split_gain=2.25485 2.75454 2.30199 2.96917 4.10295 3.45395 3.175 2.65943 3.79633 3.71829 3.17838 3.72272 4.12175 3.16906 3.24119 2.95568 2.92544 3.19339 3.17244 2.40468 2.25939 2.16893 2.09633 2.09474 2.07834 2.0463 1.99663 1.93925 1.9 1.88806
threshold=0.39642857142857152 1104.4328424860526 0.081799933087989302 3.6987230269994469 1.8603896103896107 7.5000000000000009 1.5000000000000002 0.37850674739933959 0.4188596491228071 0.92172181372549022 3.9203641166466823 0.39339826839826847 735.75000000000011 2.5000000000000004 2.1245889496801307 39.500000000000007 0.88273491214667688 0.083920187793427234 19.500000000000004 0.88819444444444451 13.500000000000002 0.20942982456140355 0.53139076576576583 9.5000000000000018 1.8024390243902442 1.9915254237288138 0.46737588652482276 2.7500000000000004 11.555729166666667 1.9897959183673473
decision_type=2 8 2 8 10 2 2 8 10 2 2 2 8 2 8 8 2 2 10 2 8 10 2 2 2 2 2 10 2 10
left_child=1 20 7 4 -4 24 19 8 -2 -10 11 15 -13 29 -15 -9 17 18 -12 -5 -1 -7 28 -20 -6 -8 -11 -19 -18 -14
right_child=2 -3 3 6 5 21 25 10 9 26 16 12 13 14 -16 -17 22 27 23 -21 -22 -23 -24 -25 -26 -27 -28 -29 -30 -31
leaf_value=0.014329429466201844 -0.0137310583025822 -0.018241704349264379 -0.0131979284741011 -0.0073850828332066472 0.025585017523567937 0.013358709711164188 -0.020893599493798924 -0.013127410043980407 -0.013084476519654822 0.018084333070700738 -0.005423688801160678 -0.0090144306964690234 -0.011837886320736939 -0.0037935876108868474 0.027250992950451487 0.0082887804908677691 0.0099117259625873741 -0.019927978890327581 0.017404706516348161 0.016807552530629207 -0.010373854927505373 -0.011996128946921574 0.014407746722287012 -0.008272037816908653 -0.0028227776969929753 0.0023474506769936916 -0.00089150834234751715 0.0022813352868332583 -0.011599691177353605 0.011678176828315324
leaf_weight=5.4123471692437315 17.710612469469197 9.8670687620760855 7.0378024161327657 6.6495780004188401 10.394565819064157 1.4984444819856415 17.221380783477802 7.685873712529431 6.1777631731238243 12.923898287583144 22.025115610798821 3.8523263365495941 3.860753053915686 3.3753251146990797 31.064494225545786 15.90342391876038 4.1155929672531766 11.474771543056706 13.1657449536724 4.2535583806456998 3.4210180109366783 7.2067174569237977 22.433815424330533 1.7595495898276556 2.8118343797978005 4.6817590615246436 10.2137696739519 5.476113290525972 6.541836918797344 2.945296315359883
leaf_count=197 534 512 444 311 331 58 1069 504 183 327 720 107 204 91 727 500 55 521 314 152 168 288 282 100 67 110 225 128 71 168
internal_value=0.0015659 -0.00883343 0.00245152 -0.0032767 0.00451621 0.0116008 -0.00984124 0.00423352 -0.00283545 0.00478861 0.00639062 0.0117503 0.0171486 0.0203027 0.0241132 0.000235446 0.00175012 -0.00323815 0.00270983 0.00436999 0.00447068 -0.00435037 0.00923385 0.0130615 0.0204224 -0.0164128 0.0110378 -0.0138677 -0.00278018 -0.00102541
internal_weight=283.162 18.7004 264.462 61.7556 28.9494 21.9116 32.8063 202.706 47.026 29.3154 155.68 68.6875 45.0982 41.2459 34.4398 23.5893 86.9925 53.9013 36.9504 10.9031 8.83337 8.70516 33.0912 14.9253 13.2064 21.9031 23.1377 16.9509 10.6574 6.80605
internal_count=9468 877 8591 2830 1188 744 1642 5761 1269 735 4492 2301 1297 1190 818 1004 2191 1783 1134 463 365 346 408 414 398 1179 552 649 126 372
is_linear=0
shrinkage=0.035


Tree=183
num_leaves=31
num_cat=0
split_feature=96 97 107 90 54 96 69 34 122 34 84 110 94 45 66 45 63 93 76 117 68 70 44 50 71 55 73 76 65 97
split_gain=3.25993 2.86212 3.32623 3.4975 3.84849 2.78271 3.16107 2.77286 2.61209 2.33567 3.07872 3.20883 2.7453 3.09588 2.5864 2.81725 2.46779 2.23232 2.17256 2.05138 2.27241 2.39633 2.03978 2.00179 2.2214 1.95626 1.93304 1.90895 1.86184 1.87535
threshold=3.60952380952381 6.7305284695727616 2095.2858590069841 78226.118589743608 0.13423423423423428 1.7421652421652423 3.2500000000000004 8.5000000000000018 5.5000000000000009 10.500000000000002 1145.2500000000002 50.750000000000007 66134.000000000015 0.069366479550922219 2.8098850316772741 0.29864864864864871 0.52679425837320581 76568.500000000015 0.64069127984100238 0.21498599439775914 15.500000000000002 12.019230769230772 0.30725524475524485 0.092807924203273051 2.2912863747816616 0.73993558776167478 7.5000000000000009 0.84655531415518281 3.6282894736842111 2.6737185784536499
decision_type=2 2 8 2 8 2 8 2 2 2 8 10 2 2 10 2 2 2 10 2 10 10 2 2 8 10 10 10 10 2
left_child=1 2 9 4 8 6 7 26 23 10 11 -1 14 17 15 16 18 -14 -12 -3 21 -21 -5 24 -4 -23 -6 28 29 -18
right_child=-2 19 3 22 5 -7 -8 -9 -10 -11 12 -13 13 -15 -16 -17 27 -19 -20 20 -22 25 -24 -25 -26 -27 -28 -29 -30 -31
leaf_value=0.026744523286689314 0.018650864876201125 0.013591602444782235 -0.0060365063821956636 -0.005645144643339756 0.0062022062889469194 0.0031748608294381192 0.0001323348362228608 0.0071955589302785854 -0.0095509417337118086 -0.010385956329833116 -0.010720666240444498 0.00042873978855036485 -0.010661239062613848 -0.012812399565352458 -0.0073137523104430772 -0.010345978531807262 -0.0029231073771573074 0.012985804109866637 0.012485836516045854 -0.018931617993058637 0.0092280461544627414 -0.010839447835914669 0.017177371770907265 -0.0075415271600904436 0.025479393620841142 0.0026497567768348097 -0.023885714938116805 -0.0040082732882105281 -0.0056020090944565787 0.02237879706295632
leaf_weight=11.077265603467824 6.1384695889428249 1.4096684518735845 1.4129762800876022 4.2990798079408696 0.87006112514063971 12.148837435524909 13.424881783081217 2.0634447729680678 3.8838102347217491 6.6360269010765469 7.3175244989106414 9.0293224083725345 2.7366879873443422 17.91757419379428 8.789338944712652 3.7005324350902802 2.7921483224490649 10.872926153009756 3.3170287545071915 18.573107708012685 4.7644690363667896 21.892549920943566 9.0578362124506366 1.3332748339744274 7.4562731006881231 22.728556479676627 29.126219068421051 3.4485773597843936 1.6825388352153812 31.068531084689312
leaf_count=445 148 16 37 210 55 245 470 114 161 260 322 576 106 656 174 165 75 272 108 471 53 664 235 114 199 370 1708 94 40 873
internal_value=8.34337e-05 -0.00065712 0.00144062 -0.00372989 -0.00684254 -0.0107133 -0.0143699 -0.0196412 0.00765233 0.00509764 0.0064002 0.0173657 0.00328486 -0.00465377 0.00736065 0.0101989 0.0125377 0.00664388 -0.00180415 -0.00654955 -0.00787016 -0.00974135 0.0102949 0.0151885 0.0200924 -0.00439383 -0.0222516 0.0162097 0.0184237 0.0201847
internal_weight=280.97 274.831 205.463 85.0767 71.7198 57.6334 45.4846 32.0597 14.0863 120.386 113.75 20.1066 93.6434 31.5272 62.1162 53.3269 49.6263 13.6096 10.6346 69.3684 67.9587 63.1942 13.3569 10.2025 8.86925 44.6211 29.9963 38.9918 35.5432 33.8607
internal_count=9436 9288 7714 3548 3103 2592 2347 1877 511 4166 3906 1021 2885 1034 1851 1677 1512 378 430 1574 1558 1505 445 350 236 1034 1763 1082 988 948
is_linear=0
shrinkage=0.035


Tree=184
num_leaves=31
num_cat=0
split_feature=108 11 63 65 121 114 82 69 112 71 99 91 18 44 81 65 11 0 115 92 82 117 44 93 93 75 45 54 95 107
split_gain=2.80979 3.46225 2.66743 2.58947 2.42929 2.23145 3.07494 3.02706 5.0981 4.96541 2.92571 2.71724 3.18217 2.54714 2.47916 3.40937 4.16575 2.47412 2.46075 2.42357 2.10254 1.94684 1.91585 1.91558 1.89436 2.28109 1.89937 1.72339 2.11562 1.91373
threshold=34.500000000000007 14.500000000000002 0.53139076576576583 1.6417112299465242 1.0000000180025095e-35 0.058257918552036207 8.5000000000000018 2.2500000000000004 0.015038444142921758 5.4956594403690024 0.59687500000000016 3399.1630781436374 1.0000000180025095e-35 0.5270467836257311 284.69296540114448 2.8786764705882359 4.5000000000000009 153.48094328703706 0.12414383561643837 68969.500000000015 245.50000000000003 0.74862637362637374 0.5270467836257311 81758.500000000015 77880.500000000015 2.2182539682539688 0.16024691358024692 0.16954022988505749 233.50000000000003 2559.2216247094343
decision_type=10 2 2 10 2 2 8 8 2 8 2 10 2 2 8 8 2 2 2 2 10 2 2 2 2 10 2 10 2 8
left_child=1 5 -3 -2 -5 6 10 8 18 20 -1 -9 -13 14 -8 16 21 -17 -7 -11 -10 -16 -20 -4 25 26 -18 -15 -29 -30
right_child=3 2 23 4 -6 7 13 11 9 19 -12 12 -14 27 15 17 24 -19 22 -21 -22 -23 -24 -25 -26 -27 -28 28 29 -31
leaf_value=-0.0097778813829759795 -0.0010670994940762217 -0.0073574763506100852 0.019810854064484684 -0.00034897164026790017 0.024268584864200398 -0.0099204963213286434 0.0074239804984213122 -0.001196465887692757 -0.021093095316080994 -0.0057449534125214594 0.024585767026504338 0.019980633690989801 -0.0062935777686703694 0.014373847057464258 -0.022819737559851404 -0.022319037748333506 0.017107784948280039 0.0043041802091434225 0.015599242014465341 0.021626673475841407 0.0056848482720394476 0.00048050660184421364 -0.0077438108345095052 -0.0017227660915428457 -0.009225174918672403 -0.0085797728989962067 -0.0053057056806691096 0.0099550208427247686 -0.01766125569368689 0.0065043162627038738
leaf_weight=1.4909524535760272 16.390544629772194 5.4109933362342444 15.869741698959844 6.8621219139313352 11.110112375346942 4.0683724581031155 6.0552761871367684 23.506051557720639 24.400817530346107 4.8218333995901039 2.9787973072379827 19.243350910954181 4.7633309920784077 5.4219308074098107 10.568506964249538 29.135359041159973 15.40925431146753 3.2255001490702844 18.216374232899401 2.7694792116526514 1.9911440658615891 5.8372726712841532 2.0972082772059357 5.6883007767610243 6.2729625726351506 4.3626823325175783 3.4413781123002982 4.9677811067085704 7.3142063353443492 2.8423979617655286
leaf_count=33 710 106 407 206 225 209 67 560 1193 240 87 394 98 84 930 936 439 111 588 79 79 167 72 201 318 181 178 132 259 89
internal_value=0.000570301 -0.000823094 0.00996074 0.00924742 0.016839 -0.00237001 -0.00576564 0.00123804 -0.00397021 -0.0120259 0.0140127 0.00740477 0.0145812 -0.00720816 -0.00979089 -0.0114889 -0.0045197 -0.0194445 0.00739351 0.00886341 -0.0184891 -0.0163536 0.0121357 0.0148744 0.00348095 0.00794093 0.0127615 0.00323169 -0.00334149 -0.0109837
internal_weight=276.534 242.171 26.969 34.3628 17.9722 215.202 109.324 105.878 58.3652 33.9833 4.46975 47.5127 24.0067 104.855 84.3082 78.2529 45.8921 32.3609 24.382 7.59131 26.392 16.4058 20.3136 21.558 29.4863 23.2133 18.8506 20.5463 15.1244 10.1566
internal_count=9378 8237 714 1141 431 7523 4011 3512 2460 1591 120 1052 492 3891 3327 3260 2213 1047 869 319 1272 1097 660 608 1116 798 617 564 480 348
is_linear=0
shrinkage=0.035


Tree=185
num_leaves=31
num_cat=0
split_feature=11 97 54 91 100 94 72 61 65 92 96 66 128 100 46 117 86 90 63 41 97 98 55 56 101 80 21 72 55 71
split_gain=3.05572 2.35251 2.99863 4.12662 4.16822 3.14478 2.80474 3.85685 5.08323 4.28111 3.83314 3.68705 2.77702 3.48066 2.68408 2.75458 3.22554 2.47204 2.36367 2.29948 2.08102 2.06059 2.03422 2.02045 1.94408 1.92812 1.8735 1.76199 3.34872 2.84627
threshold=2.5000000000000004 5.004931959903737 0.15894736842105264 6464.6134949423204 0.36939571150097467 48411.000000000007 6.5000000000000009 0.98496155585707834 3.8090909090909095 9918.0000000000018 2.8377192982456143 0.56253641334739612 0.2022727272727273 0.077935222672064791 0.045249795249795256 0.42752100840336138 269.65852076176282 18144.124197689347 0.53614982578397219 1.5000000000000002 4.5755256225458529 1.0519568151147101 0.93186339522546435 0.13840996168582378 0.39565217391304358 917.41666666666686 1.0000000180025095e-35 8.5000000000000018 0.64248120300751899 0.56983591315257953
decision_type=2 2 8 10 2 2 10 2 10 2 2 10 2 2 2 2 10 2 2 8 2 2 8 10 2 8 2 8 10 8
left_child=-1 2 14 4 5 17 10 12 9 -9 23 -11 25 -14 18 -16 -17 -4 -2 -5 -19 -13 -20 -3 -15 -8 -6 -7 -29 -30
right_child=1 6 3 19 26 27 7 8 -10 11 -12 21 13 24 15 16 -18 20 22 -21 -22 -23 -24 -25 -26 -27 -28 28 29 -31
leaf_value=-0.0070754029943512408 0.014907552329889738 0.0087090112974586818 0.010436091628050773 0.0098552174461378119 0.0097614499716643099 0.001790303751923711 0.0075085180921258543 -0.012058388633046351 -0.011387441166098439 -0.0039702140203934817 0.010288856653632668 0.0022546065640591064 0.014599599178775496 -0.014771698101742222 -0.0042019424085407908 0.027730119937925509 -0.0075521520081137973 -0.012835970959965217 -0.014117921278025074 -0.017253263793086875 0.010112870445284706 0.030981878347882921 0.0096196144375809266 -0.017686499478652157 0.0088321216215747692 -0.014591629122432816 -0.015227591087433443 0.00040942816237199398 -0.005575996571044085 0.02884694417137686
leaf_weight=37.68258724687621 4.447699070791713 1.0594385545700848 10.280086220474915 1.416780397295949 1.0857333755120624 11.248716772417536 2.6917538114357766 2.309679678874093 6.3318598517216733 4.5916228548157987 5.8825225164182475 4.5416842965642017 12.523132957518103 8.2517081673722696 3.4430507015204084 18.827306612161923 1.5292109607253213 14.201621494954454 8.1936664263484964 12.32310410705395 2.3769827245268962 16.25702115893364 2.4931156248785564 21.940107003552839 2.3965063425712279 20.816368643660098 10.590043540345503 9.2132915115216765 1.7099742660066137 18.08173383702524
leaf_count=2232 120 7 262 43 36 411 91 51 116 145 87 96 215 167 200 352 168 563 419 599 65 357 56 693 77 644 334 319 54 482
internal_value=0.00161223 0.00308649 0.00615479 0.00243307 0.0056444 0.00902657 -0.000702022 0.00269846 0.0108842 0.016938 -0.00920061 0.0211256 -0.00374504 0.00445159 0.0137161 0.0199985 0.0241131 -0.000389363 0.00132389 -0.0125743 -0.00796479 0.0263616 -0.00727914 -0.0151325 -0.00833471 -0.011188 -0.0106738 0.0146581 0.0186514 0.0253481
internal_weight=278.738 241.056 131.462 92.5281 78.7882 67.1124 109.593 80.7113 34.0319 27.7 28.8821 25.3903 46.6795 23.1713 38.934 23.7996 20.3565 26.8587 15.1345 13.7399 16.5786 20.7987 10.6868 22.9995 10.6482 23.5081 11.6758 40.2537 29.005 19.7917
internal_count=9461 7229 4483 3168 2526 2156 2746 1959 765 649 787 598 1194 459 1315 720 520 890 595 642 628 453 475 700 244 735 370 1266 855 536
is_linear=0
shrinkage=0.035


Tree=186
num_leaves=31
num_cat=0
split_feature=106 32 85 65 109 9 50 119 32 113 115 97 118 110 93 82 41 98 120 46 117 95 60 11 89 2 54 110 118 66
split_gain=2.25866 5.67137 4.4027 3.15085 2.78016 4.35436 2.72347 2.65405 3.10238 2.63677 3.10196 3.73125 3.22869 3.69806 3.32203 2.64723 2.90709 2.57457 3.2415 2.80778 2.54687 2.46803 2.38257 2.30061 2.2916 2.21929 2.09623 2.07841 1.90993 1.90716
threshold=157.31547619047623 4.5000000000000009 336.91666666666669 1.3541666666666667 3263.0000000000005 3.5000000000000004 0.18019480519480521 2.1125333274551559 4.5000000000000009 0.16869918699186995 0.20710681244743484 1.8758095015397405 0.89512961508248245 51.750000000000007 85077.000000000015 7.5000000000000009 16.500000000000004 1.693979933110368 0.020942982456140354 0.099180327868852475 0.88989898989898997 20395.500000000004 0.92214439655172431 3.5000000000000004 449.25000000000006 1.5000000000000002 0.12372448979591838 127.25000000000001 0.80795574288724981 3.2716663693169612
decision_type=10 2 8 8 10 2 2 10 2 2 2 2 2 10 2 8 10 2 2 2 2 2 2 2 10 2 10 8 2 10
left_child=1 2 -1 23 6 -6 7 8 24 10 11 27 13 14 15 -12 -17 18 19 22 -14 -20 -13 -4 -2 -19 -24 -7 -27 -5
right_child=4 -3 3 29 5 9 -8 -9 -10 -11 12 17 20 -15 -16 16 -18 25 21 -21 -22 -23 26 -25 -26 28 -28 -29 -30 -31
leaf_value=0.015067511723081307 0.028799657961656022 0.011705560447784735 -0.0082251252706708276 -0.019625491720592778 -0.014068340525705134 0.026665938470203116 -0.0098015144683399821 -0.00026047820874485004 -0.0066249791989838932 -0.015599143223173422 -0.0072089387862575485 -0.019553812860163725 -0.013199164270082485 -0.0089883231384050369 -0.0079126903801393974 0.032026223233610193 -0.0040146592011072518 -0.007085230999701919 0.013583866380354056 0.0057343489528220021 0.0080558639673283146 -0.0082237582898843937 0.0074415256540017721 0.018477436342085155 -0.0022790010262393073 -0.0011509521093345909 -0.0096459952533388873 -0.0011604932162692955 0.019106331769695228 0.0020989717850948748
leaf_weight=3.4449525699019423 15.639815820846716 15.374321774113922 4.0188064815010867 33.242625585524365 15.874260559095999 4.6901166519382942 3.0708930663531637 10.371541334432548 2.4203670867718747 4.1553343196865162 0.86271697632038069 20.983555296552368 6.2092358225490925 2.7126791464397675 1.8006477722665284 18.451826610718857 1.9341734207700927 6.3746424120618057 13.48360784573015 10.958521875203585 12.989301876630632 5.6503375879256046 9.0436082804808411 2.545571003574878 2.5719864326529196 7.8520297987852272 20.399668322876096 4.3716356027871379 11.642290991265325 4.6435785186476997
leaf_count=124 373 298 323 1253 887 141 128 304 82 168 22 788 202 181 54 346 78 291 361 293 194 254 239 82 141 369 664 192 489 95
internal_value=0.00120389 -0.00438421 -0.0101673 -0.0134487 0.00291439 0.00105079 0.0113857 0.014554 0.0205992 0.00288103 0.0038168 0.000635429 0.0111048 0.0181339 0.0223591 0.025943 0.0284895 -0.00153502 -0.00460214 -0.00839138 -0.000125345 0.0067744 -0.0117015 0.00564163 0.0248651 0.00721077 -0.00407915 0.0176024 0.0123776 -0.0170285
internal_weight=277.785 63.2699 47.8955 44.4506 214.515 180.44 34.0746 31.0037 20.6322 164.566 160.411 115.45 44.9606 25.762 23.0494 21.2487 20.386 106.388 80.5193 61.3854 19.1985 19.1339 50.4268 6.56438 18.2118 25.869 29.4433 9.06175 19.4943 37.8862
internal_count=9416 2175 1877 1753 7241 6213 1028 900 596 5326 5158 4081 1077 681 500 446 424 3748 2599 1984 396 615 1691 405 514 1149 903 333 858 1348
is_linear=0
shrinkage=0.035


Tree=187
num_leaves=31
num_cat=0
split_feature=41 16 118 11 27 47 46 87 69 93 130 73 21 117 116 45 118 91 2 93 70 97 107 46 119 90 69 2 97 119
split_gain=2.76784 3.30187 3.1783 3.13699 2.86579 2.81228 3.45961 2.81515 2.77057 2.754 2.43053 2.3611 2.4514 2.54082 2.30484 3.15058 3.25236 3.0347 2.92199 2.50552 3.31848 2.88118 2.66531 2.29318 2.4592 2.21474 2.19023 3.11643 2.09663 2.06682
threshold=6.5000000000000009 9.5000000000000018 0.90743574051407594 14.500000000000002 19.500000000000004 0.055250305250305255 0.058195981034093479 13.500000000000002 3.7500000000000004 14956.000000000002 31.500000000000004 20.500000000000004 7.5000000000000009 0.39339826839826847 0.39892473118279576 0.11050061050061051 0.8174242424242425 1566.1057405313429 4.5000000000000009 51987.500000000007 12.019230769230772 4.9253221481639793 31.852784969255051 0.19523809523809527 0.5699973352604083 74221.880952380961 2.7500000000000004 5.5000000000000009 2.7855194010048949 2.3967003398716078
decision_type=8 2 2 2 2 2 2 8 10 2 2 8 2 2 2 2 2 10 2 2 8 2 8 2 10 2 10 2 2 10
left_child=1 9 11 4 5 7 -7 -2 -9 28 -5 12 13 -3 15 16 17 -11 -18 21 -21 -16 -22 24 -17 -4 27 -6 -1 -24
right_child=3 2 25 10 26 6 -8 8 -10 14 -12 -13 -14 -15 19 23 18 -19 -20 20 22 -23 29 -25 -26 -27 -28 -29 -30 -31
leaf_value=-0.006108599712735442 0.010650586231054417 0.0038891659938303296 -0.01282786139109233 0.010393895863973516 -0.013475501580572383 -0.014962643502440396 0.010703610509378151 -0.024581900269116989 0.0015660851530634578 0.021688926875330711 -0.010163641940178079 -0.00397854665340333 0.0016933945439604598 0.034254151997136544 -0.016370400018366513 0.0018094903664237537 -0.019326398328152018 -0.0018442686090257062 0.006354689193771342 -0.007160470407191772 -0.0041580092478377744 0.0059291969820268941 0.024979517251153088 0.0065704103501140875 -0.023286060670890008 0.010941588781887873 0.009704999179874817 0.013458939894827169 0.018678924282318026 0.0030550476645134477
leaf_weight=2.9766464084386817 0.95007161702960985 6.135200740303854 6.7063405637163651 22.274117159890015 13.537064560339791 6.2194815716939074 10.083958020899443 24.01711732335389 5.2951922356151035 7.2139128632843521 5.0904420962324357 3.9975464650196946 7.2057410869747391 10.4824800749775 9.4193787957774493 5.2771755537251073 8.5764019641792384 13.333760745241305 5.8367203705711281 9.6847414139192534 6.4447892345488098 10.170145855867302 13.73332934593782 2.9603615461383006 16.458005030755885 3.4263894311152399 13.574792358558623 2.8524976748740292 10.529212207533417 9.5055677532218379
leaf_count=92 36 306 212 482 594 251 221 1107 87 215 220 196 202 371 352 187 427 585 177 290 119 181 397 121 1075 80 264 113 253 153
internal_value=0.000505372 0.00322217 0.0116532 -0.00388572 -0.00740907 -0.0124156 -0.000301373 -0.0179739 -0.0203184 0.000463596 0.00559033 0.0170171 0.0206192 0.026536 -0.00143814 -0.00605042 0.000940305 0.00904561 -0.00996846 0.00333693 0.00810323 -0.00594173 0.0133976 -0.014439 -0.0179941 -0.00383072 0.00103415 -0.0067374 0.0130414 0.0181404
internal_weight=273.969 170.074 37.9537 103.895 76.5302 46.5658 16.3034 30.2624 29.3123 132.12 27.3646 27.821 23.8234 16.6177 118.614 59.6563 34.9608 20.5477 14.4131 58.958 39.3684 19.5895 29.6837 24.6955 21.7352 10.1327 29.9644 16.3896 13.5059 23.2389
internal_count=9366 5991 1367 3375 2673 1702 472 1230 1194 4624 702 1075 879 677 4279 2787 1404 800 604 1492 959 533 669 1383 1262 292 971 707 345 550
is_linear=0
shrinkage=0.035


Tree=188
num_leaves=31
num_cat=0
split_feature=54 68 0 91 118 27 98 61 51 68 111 110 128 46 76 44 97 9 92 69 113 94 1 83 39 50 63 24 109 113
split_gain=2.39281 2.92357 3.74447 3.16829 3.05133 3.47951 3.07578 3.96887 3.42911 3.29817 2.93027 2.91667 2.76626 3.0322 2.72247 2.70567 3.31368 2.60927 2.88441 2.39593 2.3866 2.30454 2.212 2.20828 2.12222 2.10838 1.977 2.23946 2.32175 1.96188
threshold=0.44949494949494956 3.5000000000000004 129.98652777777781 6088.8860770116235 0.70659971305595415 19.500000000000004 1.1270161290322582 0.96638418079096056 0.030457637600494747 8.5000000000000018 0.033615819209039555 18.750000000000004 0.13961038961038963 0.081356867071152791 0.94302562993293104 0.74166666666666681 4.6219027594541631 28.500000000000004 47679.000000000007 4.2500000000000009 0.076629477392836196 35766.000000000007 19.500000000000004 778.00000000000011 2.5000000000000004 0.10676291793313071 0.45889639639639646 2.5000000000000004 8302.5000000000018 0.051503094606542892
decision_type=8 10 2 10 2 2 2 2 2 10 2 10 2 2 10 2 2 2 2 10 2 2 2 8 2 2 2 2 10 2
left_child=1 2 3 20 22 6 19 8 14 25 11 29 -10 -14 -8 16 23 18 -13 -6 -1 -4 -3 -2 -25 26 -9 -28 -29 -7
right_child=15 4 21 -5 5 10 7 9 12 -11 -12 17 13 -15 -16 -17 -18 -19 -20 -21 -22 -23 -24 24 -26 -27 27 28 -30 -31
leaf_value=0.016307564531347442 0.0063878805431471378 0.017557955712922468 0.0081222655870781917 -0.0062788326964213171 -0.019442536205563691 0.018510261322899332 -0.022506788082644637 -0.0043002273707181838 -0.014184093880897957 -0.010944466286145756 0.016834880345507893 -0.019087896346021899 0.019140022074564139 -0.011099680181240135 0.0063810279205991699 0.0091227583413623341 0.0068670698065004315 0.011785775979515719 0.0027379804813480939 0.0055300201914690612 -0.00024759658297800213 -0.016750876958684838 -0.0086114286408900953 -0.020566557226669439 0.0086296048562805178 -0.0054745860969392466 -0.0042483571841530326 0.027058750398049745 -0.0042097374156467695 -0.006599534130928281
leaf_weight=46.249152698670514 2.5824323501437929 11.32264015288092 3.3862430321751145 9.5120646560098958 22.394168523722332 7.468167490558697 16.64181479357649 3.5418609079206425 3.0967200703453264 6.8690235102549186 11.448185695684513 13.736567513202322 8.0326860229251889 2.0789496015058821 2.5965878416318438 6.6556501435115925 7.445824612514115 3.5709094774210817 10.438959961407816 3.3956235419027498 13.284084538929163 7.8084114555967972 1.8957386408001173 24.821680771303367 0.68412780168000509 5.0549054241273543 2.7828797505935681 13.828684974461792 1.9951927210204292 2.5013626897707582
leaf_count=1464 72 275 128 466 534 153 513 95 184 159 347 399 236 67 64 217 297 139 280 53 510 434 66 1614 16 178 63 310 82 50
internal_value=0.000344472 0.00175561 0.00696465 0.00999527 -0.00107983 -0.00272848 -0.00661275 -0.00219936 -0.0102168 0.00576594 0.00450171 -0.000774224 0.003077 0.0113073 -0.0180958 -0.00686683 -0.0106176 -0.00654591 -0.0108094 -0.0157904 0.0128805 -0.00904229 0.0124715 -0.0155899 -0.0184974 0.0110295 0.0151108 0.0189339 0.023052 0.0121102
internal_weight=277.121 234.932 80.24 69.0453 154.692 141.473 92.3091 66.5193 32.4468 34.0725 49.1642 37.716 13.2084 10.1116 19.2384 42.1897 35.5341 27.7464 24.1755 25.7898 59.5332 11.1947 13.2184 28.0882 25.5058 27.2035 22.1486 18.6068 15.8239 9.96953
internal_count=9465 7249 3002 2440 4247 3906 2538 1951 1064 887 1368 1021 487 303 577 2216 1999 818 679 587 1974 562 341 1702 1630 728 550 455 392 203
is_linear=0
shrinkage=0.035


Tree=189
num_leaves=31
num_cat=0
split_feature=61 98 20 42 45 115 100 25 9 127 116 110 1 45 118 61 120 1 40 64 48 115 42 76 55 63 41 106 61 56
split_gain=2.2188 2.24241 3.58633 5.14285 3.37414 3.26084 3.09852 5.79184 3.78314 3.063 2.96226 2.70667 2.66423 2.47939 2.2609 2.21682 2.20056 2.15699 2.09039 1.95238 1.92735 1.77484 2.14959 3.25805 2.2888 2.24901 2.32726 1.82055 1.76963 1.90686
threshold=0.78759398496240618 1.4472222222222224 2.5000000000000004 5.5000000000000009 0.071796759941089847 0.23845060412224592 0.49137931034482768 1.0000000180025095e-35 2.5000000000000004 1.0000000180025095e-35 0.83558558558558571 195.25000000000003 15.500000000000002 0.082079496968335955 0.65739329268292701 0.95529051172707902 0.075961538461538483 20.500000000000004 35.500000000000007 0.89897959183673481 0.02837022132796781 0.2487113402061856 4.5000000000000009 0.37553380809940551 0.5865817091454274 0.75683665927568378 15.500000000000002 911.53928571428582 0.89237451737451756 0.45080645161290328
decision_type=2 2 2 10 2 2 2 2 2 2 2 10 2 2 2 2 2 2 2 2 2 2 8 10 10 2 10 10 2 10
left_child=-1 4 3 6 21 12 7 8 -3 10 11 16 -5 -4 -10 20 18 19 -6 -9 -11 22 23 24 -2 26 28 -25 -24 -30
right_child=1 2 13 5 9 -7 -8 17 14 15 -12 -13 -14 -15 -16 -17 -18 -19 -20 -21 -22 -23 25 27 -26 -27 -28 -29 29 -31
leaf_value=-0.01583868707615969 0.010764621189863788 -0.0082750598973358718 0.0062187615276119712 0.030402333134320784 -0.021797286529873443 -0.0038689456490118581 -0.0092375026006003853 -0.013531679024308919 -0.0039433557743871056 0.019208639901493497 0.0084641698448046174 0.0066279675478665718 0.00013310412420594988 -0.01823644034032006 0.024896227130514034 -0.0072704497187449073 0.0048205293347809647 0.010771576121171637 0.0060979940668435696 0.006654518504230233 -0.0074454888342075131 0.0095961062488341634 0.0061403818177030488 0.018578505728448432 -0.009693215540035275 0.01111913320648468 0.0073368579380823397 -0.0017856842113891601 -0.022111287966232067 -0.00097548921046392218
leaf_weight=5.7169893390964708 4.7134013467002687 3.6767865641741109 4.8882920168107367 14.120208630687562 34.382127323304303 4.6152016106061629 18.571999730542302 18.881064806948423 2.418865266954529 6.8532881879946235 4.2662855968810609 3.7658745124936095 4.431860835873521 8.808608655468559 19.115314083872363 7.8559847418218842 2.969691513804718 4.1129561349516726 1.5093254819512356 4.4156727032968766 1.5794524701777843 21.92800603993237 2.2842935096705395 13.712913929950448 18.800420234096237 3.097302693873643 4.5851802190300068 6.4029092394048339 15.779848984908314 7.6268383515998712
leaf_count=386 131 242 184 369 1511 117 643 614 124 159 71 118 174 646 655 228 130 121 75 319 36 494 52 339 611 54 60 211 253 293
internal_value=-0.000217746 0.000394596 0.00419498 0.0066888 -0.00218828 0.0193613 0.00156504 0.00584844 0.0165279 -0.00819205 -0.0124058 -0.0151639 0.0247347 -0.0101796 0.0215241 0.0040035 -0.0177905 -0.00500879 -0.020022 -0.0092058 0.0133032 0.00185566 -0.000799283 0.00413646 -0.00442387 -0.00695007 -0.0101126 0.0130315 -0.0139148 -0.0166083
internal_weight=275.887 270.17 108.057 94.3599 162.113 23.1673 71.1927 52.6207 25.211 63.182 46.8933 42.627 18.5521 13.6969 21.5342 16.2887 38.8611 27.4097 35.8915 23.2967 8.43274 98.9311 77.0031 43.6296 23.5138 33.3735 30.2762 20.1158 25.691 23.4067
internal_count=9420 9034 4208 3378 4826 660 2718 2075 1021 2328 1905 1834 543 830 779 423 1716 1054 1586 933 195 2498 2004 1292 742 712 658 550 598 546
is_linear=0
shrinkage=0.035


Tree=190
num_leaves=31
num_cat=0
split_feature=96 122 46 11 50 98 100 23 128 113 115 44 91 110 106 32 96 65 98 105 107 26 91 76 55 44 82 97 97 47
split_gain=1.84458 2.63339 3.12853 2.95218 2.70214 3.72924 2.65185 3.48661 2.54883 2.54263 2.25271 2.21305 2.84864 2.6978 2.81149 2.62888 3.84606 5.83934 3.81769 3.60362 2.82927 2.82803 3.01955 2.58299 2.52068 2.50376 2.46143 2.42992 2.42881 3.56702
threshold=4.0303030303030312 5.5000000000000009 0.090326340326340335 9.5000000000000018 0.024540800963565194 1.7090053763440862 0.072751322751322761 2.5000000000000004 0.37268518518518523 0.056873315363881412 0.040408163265306128 0.24417344173441738 70.860516809325944 310.25000000000006 1206.7564102564104 4.5000000000000009 1.1129326047358836 1.2071428571428573 1.491935483870968 1.0000000180025095e-35 81.391134454052704 1.5000000000000002 6146.7443945091736 0.48331115570061961 0.56048780487804895 0.26713615023474185 3.5000000000000004 6.7305284695727616 1.9275935574862115 0.057831661092530663
decision_type=2 2 2 2 2 2 2 2 2 2 2 2 8 10 10 2 2 10 2 2 8 2 10 8 10 2 8 2 2 2
left_child=1 3 6 11 -5 8 7 10 -6 -7 -3 12 -1 14 -14 16 17 -13 -17 21 -19 22 27 -20 -25 -21 -27 -18 -23 -30
right_child=-2 2 -4 4 5 9 -8 -9 -10 -11 -12 15 13 -15 -16 18 19 20 23 25 -22 28 -24 24 -26 26 -28 -29 29 -31
leaf_value=0.010964767687016482 0.016911550376643363 0.008614034465213069 0.010516645739460635 0.020646007374782876 -0.014777572770311701 0.022039740872757785 -0.018555934076300018 0.012247011668579383 0.0099974068408388173 -0.0074197325421682028 -0.017678469031803187 -0.0065788544795998003 -0.02124774215033819 0.0078006238154789331 0.0038619746249520816 -0.00094650712296388449 0.012679911390496741 -0.0078635609281876625 -0.0034432398561774075 0.0077937024224087074 0.025440737587259225 0.0099744719392000913 -0.013894412258952899 -0.00033988726435489857 0.031422959646704378 0.0082838133646726576 -0.021979874264448224 -0.0056822067924984267 -0.020435823815189214 0.0061767074527728687
leaf_weight=4.5786437080241731 4.1299003809690467 2.1107765417546061 6.7654892210848621 13.941265566856599 11.216994779766539 7.7918505131965485 17.72671580594033 8.772318776114842 3.3276407276280215 2.1759403431788087 9.2608367236098257 12.917700773570688 17.792047740658752 4.2730083456262937 5.3879214036278418 20.516128954361193 31.742722275783308 1.3476079595275194 3.5296272605191943 2.4080552306259078 14.5897981536109 3.4040286534000215 4.0615129253128535 3.7095230738632372 10.038490462349726 1.2025688751600707 18.011872921604663 8.4075376369291899 14.478154248092325 6.2551244015339753
leaf_count=174 114 31 123 209 392 268 592 212 49 116 141 566 1054 163 295 579 1139 64 127 66 454 107 242 102 174 15 793 280 595 164
internal_value=0.00142365 0.000886973 -0.00645033 0.00243696 0.0106632 0.00244956 -0.0103545 -0.000882421 -0.00800184 0.0152785 -0.0116578 0.000528154 -0.00720462 -0.0114574 -0.0157616 0.0022836 -0.00037953 0.00976474 0.00972274 -0.00397574 0.0214193 0.000260384 0.00536062 0.0197608 0.0250476 -0.0149002 -0.0187664 0.0086314 -0.0083984 -0.0127668
internal_weight=275.872 271.742 44.6361 227.106 38.4537 24.5124 37.8706 20.1439 14.5446 9.96779 11.3716 188.652 32.0316 27.453 23.18 156.62 118.827 28.8551 37.7938 89.9716 15.9374 68.3491 44.2118 17.2776 13.748 21.6225 19.2144 40.1503 24.1373 20.7333
internal_count=9400 9286 1099 8187 1034 825 976 384 441 384 172 7153 1686 1512 1349 5467 4485 1084 982 3401 518 2527 1661 403 276 874 808 1419 866 759
is_linear=0
shrinkage=0.035


Tree=191
num_leaves=31
num_cat=0
split_feature=55 15 51 65 117 63 50 128 59 70 90 41 59 46 9 109 66 100 96 65 0 26 93 34 106 110 110 119 86 75
split_gain=2.47509 4.38258 4.51532 3.70909 6.36122 4.37192 4.96647 3.94227 3.85841 3.37193 3.70775 3.27737 3.2736 3.14831 3.10616 2.90704 2.89305 3.04044 2.74912 2.68028 2.55216 2.77595 2.33039 2.27872 2.05099 2.5443 2.0496 2.03129 1.99116 1.98834
threshold=0.92450142450142458 2.5000000000000004 0.016461184121392771 2.5590277777777781 0.91944753429736747 0.60107526881720441 0.061381475667189961 0.39009661835748799 0.72673160173160178 14.509259259259261 61353.659090909096 3.5000000000000004 0.76986128625472905 0.1526806526806527 3.5000000000000004 8663.5000000000018 4.2442768773691428 0.23973727422003285 1.3090185676392576 1.7071428571428573 102.8497164351852 7.5000000000000009 81959.000000000015 10.500000000000002 38.354166666666679 59.250000000000007 191.25000000000003 0.8704386226815618 362.15589910114267 1.4058823529411766
decision_type=8 2 2 10 2 2 2 2 2 8 2 10 2 2 2 10 8 2 2 10 2 2 2 2 8 10 10 8 10 8
left_child=3 9 14 4 8 6 7 18 13 16 27 -8 19 26 -3 23 17 -2 -5 -10 -7 -22 -13 -16 -12 -26 28 -11 -1 -14
right_child=1 2 -4 5 -6 20 11 -9 12 10 24 22 29 -15 15 -17 -18 -19 -20 -21 21 -23 -24 -25 25 -27 -28 -29 -30 -31
leaf_value=-0.023952112570067612 -0.021223972456992899 -0.0080550140426708591 -0.0061297636785606867 0.010330808869184036 0.015258174253772282 -0.010458020112420216 -0.0018775674771083755 0.014746070873683161 0.021931924043756997 0.0089404693323150569 -0.004632938557265218 0.036819810203335183 0.0089414986329487273 0.0066773385089367535 0.027403303193775073 -0.0039654103911966427 0.0044428025287397109 0.0053188007029923139 -0.012429914590914526 -0.0050547563519541365 0.017127638300070705 -0.010206668974879965 -0.0010626305686829926 -0.0025861850726832999 0.029043481568293967 -0.0025321680274426753 0.0012373857286446476 -0.012098261979630077 0.0063997572819683964 -0.012112173567571792
leaf_weight=33.033836702466942 16.009669165126983 2.4801426827907553 9.6841989902313781 4.7339436922920894 9.2042633197270316 28.351607834571041 4.0762737954501054 11.621970429783685 5.6762098578037676 4.5105986611451963 2.5548762269318077 8.0238315822789428 3.0976650582160827 3.8192608651006585 24.295755433849997 3.5944568489212534 11.25681834691204 4.779724914696998 18.420454760082066 5.1539705774048343 6.3749295334564504 3.3806915092281997 2.0239323840942225 2.559338057646527 7.9809911162592471 3.1302681255619973 4.4801414513494811 10.184579838183708 0.85524693736806412 20.665034844190814
leaf_count=1978 534 123 320 150 175 839 122 187 229 127 61 198 94 154 500 111 413 113 420 242 221 115 71 52 200 178 186 376 88 894
internal_value=0.000456447 0.00462859 0.0125784 -0.00208839 -0.00705384 0.0029354 0.00945417 0.00137152 -0.0104979 -0.00151236 0.0066768 0.0237936 -0.00140505 -0.0170147 0.018163 0.0211334 -0.00868284 -0.0152734 -0.00676821 0.0115491 -0.00555603 0.00740645 0.0313715 0.0245879 0.0172197 0.0221228 -0.019871 -0.00501025 -0.0224618 -0.00829039
internal_weight=276.015 103.021 42.6139 172.993 85.9856 87.0076 48.9004 34.7764 76.7814 60.4075 28.3613 14.124 34.5929 42.1885 32.9297 30.4496 32.0462 20.7894 23.1544 10.8302 38.1072 9.75562 10.0478 26.8551 13.6661 11.1113 38.3692 14.6952 33.8891 23.7627
internal_count=9471 3108 1106 6363 4040 2323 1148 757 3865 2002 942 391 1459 2406 786 663 1060 647 570 471 1175 336 269 552 439 378 2252 503 2066 988
is_linear=0
shrinkage=0.035


Tree=192
num_leaves=31
num_cat=0
split_feature=88 50 93 118 110 115 114 98 118 117 50 45 60 74 75 73 114 76 95 66 47 56 45 119 110 89 56 32 68 66
split_gain=3.15669 2.44918 3.09831 2.68914 4.07835 3.46118 4.66595 3.6622 3.46379 3.95324 3.27019 3.24931 3.11834 3.07392 2.74648 4.13877 2.77088 2.43023 2.26628 2.24448 2.22897 2.16127 2.11092 2.10113 2.03416 2.62266 2.61402 2.54512 2.01202 1.96961
threshold=1077.5000000000002 0.10050505050505053 13580.500000000002 0.67156862745098056 1098.5000000000002 0.20710681244743484 0.087228260869565227 1.693979933110368 0.89591666666666681 0.66018867924528313 0.036038961038961044 0.03468323977546111 0.84409722222222239 16.250000000000004 1.6715686274509807 14.500000000000002 0.066987179487179499 1.2616084016395719 9052.0000000000018 2.1231044662197132 0.10948202054794522 0.23466833541927412 0.069971440228478191 4.040148173281354 131.25000000000003 449.25000000000006 0.18808962264150947 6.5000000000000009 2.5000000000000004 2.8729028946729862
decision_type=10 2 2 2 8 2 2 2 2 2 2 2 2 10 10 8 2 8 2 10 2 10 2 10 10 8 10 2 10 8
left_child=1 3 -3 4 20 6 7 14 9 -7 -9 -10 -11 -14 15 -5 24 -8 -12 21 -1 -4 -18 -13 25 -16 -27 -28 -26 -20
right_child=-2 2 19 5 -6 8 17 10 11 12 18 23 13 -15 16 -17 22 -19 29 -21 -22 -23 -24 -25 28 26 27 -29 -30 -31
leaf_value=0.018979403516160585 0.017765538979068622 0.014020144111675761 0.0034265902326020363 -0.012235324586246024 -0.0081500380047248716 -0.0066457405839580753 -0.020310097489611482 -0.000722169228973712 0.012721604504076127 -0.006151445129849587 -0.0032638287385545256 -0.011232939685449929 0.031724476435426176 -0.00569511307323601 0.0081566830276270947 0.014341937153249176 0.017895644556329273 0.0057869380694723568 0.034012007490904397 0.0048524691913628681 -0.0071455640455017023 -0.017264470566357611 -0.0066113968631962144 0.0082512503131370544 -0.0097484733540608662 0.0036843338336081436 -0.021933522939690607 -0.00097128109488021095 0.017296229622507674 -0.0034055942063963055
leaf_weight=25.075238071265634 8.9261754803592321 3.4188638797495505 5.8998421094147515 6.1829539224272621 7.9090856965631238 4.8317754029994857 17.964825990726244 13.140998931950891 11.2544762364123 2.1234275149181512 2.1556711962912214 20.613108258228753 13.837854806333779 1.5437092180363823 4.0901800091378382 17.057856734842062 4.7616278040222806 3.0704225497320285 5.9851648102048784 7.7476238003000608 1.9913921414408822 25.7618119395338 4.136945636710152 5.1647715573199084 1.7235002864617843 6.7638037514407179 28.791687633609399 9.5869872851762903 2.7758404789492488 1.0405961619690058
leaf_count=691 142 102 176 207 456 308 794 474 253 37 88 463 274 31 154 434 70 81 230 277 79 1683 169 110 73 97 1075 259 57 46
internal_value=0.00151656 0.000654849 -0.00656195 0.00215061 0.0103974 0.000392206 -0.00281764 0.000366676 0.00705524 0.0165051 0.0115875 7.00554e-05 0.022952 0.0274932 -0.0030273 0.00635695 -0.00672211 -0.016121 0.0232488 -0.00972499 0.0162428 -0.0134674 0.00822262 -0.00662289 -0.00968641 -0.0117614 -0.0141995 -0.0174127 0.00725828 0.0293583
internal_weight=275.328 266.402 42.8281 223.574 34.9757 188.598 129.229 108.194 59.3691 22.3368 22.3224 37.0324 17.505 15.3816 85.8714 23.2408 62.6306 21.0352 9.18143 39.4093 27.0666 31.6617 8.89857 25.7779 53.732 49.2327 45.1425 38.3787 4.49934 7.02576
internal_count=9390 9248 2238 7010 1226 5784 4308 3433 1476 650 838 826 342 305 2595 641 1954 875 364 2136 770 1859 239 573 1715 1585 1431 1334 130 276
is_linear=0
shrinkage=0.035


Tree=193
num_leaves=31
num_cat=0
split_feature=116 110 110 98 110 93 32 68 56 26 75 92 71 62 26 96 90 59 9 13 73 97 80 74 46 116 76 66 100 66
split_gain=1.82916 2.84576 2.45526 2.79434 3.36322 2.61427 4.04524 4.63944 3.72176 3.67774 3.54087 4.08111 3.76098 3.19921 2.84491 2.69992 2.60156 2.48826 2.44905 2.42032 2.33616 2.26344 2.18349 2.01521 2.00752 1.99921 1.99608 1.96006 1.93015 1.94778
threshold=0.084039548022598873 1234.0000000000002 61.250000000000007 1.4472222222222224 195.25000000000003 57895.500000000007 3.5000000000000004 6.5000000000000009 0.65030120481927722 10.500000000000002 2.2182539682539688 70087.500000000015 1.6372347310774018 0.45889639639639646 24.500000000000004 3.0801282051282057 76476.550000000017 0.64248120300751899 5.5000000000000009 6.5000000000000009 14.500000000000002 3.465009029033955 792.89473684210532 15.750000000000002 0.032002048131080395 0.61938296445338714 0.34228109790850225 1.9841630230675893 0.63961038961038974 0.57814224635573275
decision_type=2 10 10 2 10 2 2 10 10 2 10 2 8 2 2 2 2 2 2 2 8 2 10 10 2 2 10 8 2 8
left_child=1 22 5 4 -4 6 14 17 9 10 11 19 -13 -10 15 28 -5 -8 -14 20 -7 -6 -1 -19 -11 -16 -21 -12 29 -2
right_child=2 -3 3 16 21 8 7 -9 13 24 27 12 18 -15 25 -17 -18 23 -20 26 -22 -23 -24 -25 -26 -27 -28 -29 -30 -31
leaf_value=0.012272369092877759 0.0045903925740868306 -0.012554200858108558 -0.022605749338521303 -0.0057808233375377096 -0.009368958171217065 0.0037387443053872567 -0.0045540890506918985 -0.013153542317463384 -0.014894558971320375 -0.014272856955766515 -0.015170945723014129 0.020435171543293926 -0.018827036800195061 0.013657933648711451 0.017753153263553697 0.0099312211135637908 0.016045610383949062 0.024454217715644568 0.0047685443489849976 -0.012011102291252386 0.034296061703832439 0.018974190020192596 -0.0080473525352500446 -0.003955226712894647 0.0033085671171267585 -0.0071284007073194331 0.011891578591791171 0.0064594310081842431 0.0053551170386658704 -0.017128212165472431
leaf_weight=35.651517468388192 3.5868444007355711 4.077889501117169 15.326866101124326 18.359265933395367 2.7067818586947388 5.200334706110886 4.4308904162608149 5.8950400005560359 14.455856214743109 7.2692945548333254 4.4837803861591938 3.4865095908753601 5.7756247019860876 2.1060333510395131 4.0525501433294258 3.2816773955710223 4.3797299468424162 12.694774346658958 7.6231446217279881 1.752554077655075 14.951303613372145 1.7277202506083993 4.137674057041294 2.1793989923316976 18.756028585368767 3.3379381420090795 7.9738378553884104 6.8629746565129617 3.818107111612334 42.917779264738783
leaf_count=1027 169 244 1255 1253 148 111 109 102 690 222 145 70 180 87 93 76 211 168 183 34 277 19 398 51 373 40 241 121 94 1180
internal_value=0.000215914 0.0063722 -0.00107218 -0.00818073 -0.016318 0.000715387 -0.00364632 0.00722045 0.0044448 0.00743292 0.0120275 0.0159632 0.00140479 -0.00893858 -0.00834284 -0.011123 0.000557616 0.014868 -0.00775482 0.0228098 0.0287213 0.00587721 0.00949685 0.0203438 -0.00311099 0.00817362 0.00496889 -0.00411396 -0.0132695 -0.0151701
internal_weight=273.26 43.8671 229.393 42.5004 19.7614 186.892 86.195 25.2001 100.697 84.1354 58.1101 46.7633 16.8853 16.5619 60.9949 53.6044 22.739 19.3051 13.3988 29.878 20.1516 4.4345 39.7892 14.8742 26.0253 7.39049 9.72639 11.3468 50.3227 46.5046
internal_count=9371 1669 7702 2886 1422 4816 2082 430 2734 1957 1362 1096 433 777 1652 1519 1464 328 363 663 388 167 1425 219 595 133 275 266 1443 1349
is_linear=0
shrinkage=0.035


Tree=194
num_leaves=31
num_cat=0
split_feature=82 99 113 115 115 110 107 98 75 30 110 69 75 66 76 46 13 92 0 60 63 94 117 60 55 110 107 0 101 60
split_gain=2.81131 3.39651 2.66946 2.66806 3.30647 2.64347 3.10011 2.45599 2.50695 2.483 2.53912 3.55803 3.02106 2.66883 3.40088 3.12015 3.24649 2.65953 2.71215 2.61826 2.45216 2.28534 2.26501 2.11643 1.94222 1.92764 2.05499 1.88239 1.98366 1.85903
threshold=8.5000000000000018 0.59687500000000016 0.1180340557275542 0.21380952380952384 0.16730279898218833 51.250000000000007 1380.7679566660261 0.82843137254901966 2.4907407407407409 1.0000000180025095e-35 81.250000000000014 2.7500000000000004 2.3779761904761911 3.3045909476972049 0.50072992856063969 0.22902097902097904 8.5000000000000018 73657.000000000015 15.682447916666669 0.92214439655172431 0.72456896551724148 78912.500000000015 0.90521114106019784 0.94782214156079869 0.73746867167919816 72.250000000000014 18.621632192616211 50.229126157407414 0.24283374283374287 0.88603896103896107
decision_type=8 2 2 2 2 10 10 2 10 2 10 10 10 10 8 2 2 2 2 2 2 2 2 2 10 10 8 2 2 2
left_child=1 -1 3 4 7 6 24 8 -2 10 12 17 13 14 19 16 25 18 -12 -9 -4 -19 -6 -21 -5 26 -16 28 -25 -8
right_child=2 -3 20 5 22 -7 29 9 -10 -11 11 -13 -14 -15 15 -17 -18 21 -20 23 -22 -23 -24 27 -26 -27 -28 -29 -30 -31
leaf_value=-0.0066733953576786874 -0.017246410089389257 0.025909085118101007 -0.017361701144862692 -0.0083908678215844825 -0.018523805733465907 -0.011456182628058134 -0.0017369511630097388 -0.0084905333705069964 0.0090446028918790607 -0.0076266522094239359 0.0014205950060238583 0.012011349978056991 -0.0060732520066547379 -0.0067880086764593069 -0.0030422644104309412 -0.010023872891072075 -0.0065868539869314967 0.020870376755639821 -0.019982209240744907 0.020533676024446314 0.0042634763225744762 -0.0080725625132101325 0.0046205445017132073 -0.0065065258702055786 0.0079634378704766459 -0.0025747884388125121 0.026644951951079077 -0.011728078080528696 0.018898673926983321 0.021153442378123891
leaf_weight=3.4093127006199193 10.674084884230977 6.3856250995304435 13.25309863581788 10.577338629285805 13.725114665110597 3.6992020872421554 4.3331280793063369 11.768999515799807 2.6270542620914048 20.414007740560919 10.194032085244549 9.8024218626087514 13.764704640954731 7.2427463837666428 2.0502488310448816 1.6730984777677793 2.9898724647937334 2.2267422699369481 15.729053559247403 6.3386248751776302 7.3723250405164427 2.5032583139836788 4.8207756211049846 3.3231585249304771 15.849098085425794 2.4780031548580146 32.465789109817706 4.8073874785332009 3.5082099923165515 21.645546605228446
leaf_count=70 466 212 726 279 569 281 108 407 68 812 329 260 373 175 43 61 174 55 1169 139 271 128 47 78 299 147 944 220 88 404
internal_value=0.00129998 0.0161456 0.000452563 0.00156326 -0.000516348 0.00790611 0.0101517 0.00118492 -0.0110014 0.00255653 0.00434096 -0.00274062 0.00742268 0.0100066 0.0120429 0.017962 0.020117 -0.00848099 -0.0126969 0.00236178 -0.0103083 0.00927588 -0.0128041 0.00976791 0.00112399 0.0228025 0.0247197 -0.00050381 0.00901325 0.0176713
internal_weight=271.652 9.79494 261.857 241.232 185.127 56.1043 52.4051 166.581 13.3011 153.28 132.866 40.4555 92.4108 78.6461 71.4034 41.657 39.9839 30.6531 25.9231 29.7464 20.6254 4.73 18.5459 17.9774 26.4264 36.994 34.516 11.6388 6.83137 25.9787
internal_count=9402 282 9120 8123 6752 1371 1090 6136 534 5602 4790 1941 2849 2476 2301 1369 1308 1681 1498 932 997 183 616 525 578 1134 987 386 166 512
is_linear=0
shrinkage=0.035


Tree=195
num_leaves=31
num_cat=0
split_feature=10 84 11 82 81 82 87 87 110 41 55 110 118 128 96 2 107 20 1 59 110 107 65 107 107 78 59 57 2 44
split_gain=2.43558 2.39487 2.34273 2.16064 3.15701 2.28818 2.4569 2.16765 2.03357 2.19539 2.01821 2.53246 3.11528 2.68121 2.62879 2.41577 3.11184 2.59093 2.26248 2.2354 2.23457 2.73208 2.39927 2.14108 2.11278 2.41843 2.70278 2.50951 2.01723 1.69937
threshold=3.5000000000000004 1165.2500000000002 16.500000000000004 8.5000000000000018 295.09057685297893 125.50000000000001 343.50000000000006 246.50000000000003 54.750000000000007 8.5000000000000018 0.44151846785225723 1098.5000000000002 0.48333333333333339 0.10263157894736843 3.3229166666666674 5.5000000000000009 65.50441263780867 1.5000000000000002 18.500000000000004 0.48742928975487121 120.25000000000001 1817.8094299498894 1.6417112299465242 3365.5479038615354 2614.7666088934661 3.5000000000000004 0.6288018433179724 0.26006441223832533 4.5000000000000009 0.5270467836257311
decision_type=2 10 2 8 10 8 8 10 10 8 10 8 2 2 2 2 8 2 2 2 10 8 10 10 10 10 2 10 2 2
left_child=1 3 -2 4 -1 7 8 -5 9 -7 -8 12 -12 15 18 16 28 19 24 -18 23 22 -22 -21 25 27 -27 -15 -14 -29
right_child=2 -3 -4 5 -6 6 10 -9 -10 -11 11 -13 13 14 -16 -17 17 -19 -20 20 21 -23 -24 -25 -26 26 -28 29 -30 -31
leaf_value=-0.0024998876233849549 -0.017018996641448139 -0.014049422269855972 0.0081401894841218441 -0.019186467531955222 0.028101465452088907 0.025250281282599641 -0.012888281793189429 0.0071465552319585381 -0.0016051029765481017 -0.0015538451590774865 0.019289441439468605 -0.013510221691813528 -0.0098944500908077788 0.0020495909302748077 0.015072151401356423 -0.0061352010376365621 -0.0067638246190562142 -0.0026378066938758491 0.0060195092965804617 0.020353950953972307 -0.0077168679546993418 -0.013427748913142478 0.021860424809697708 -0.0060738401822410084 0.0089646739888696158 0.014486771326228011 -0.010083207712876269 -0.018473520383051324 0.011063747442169463 0.00095784092315507089
leaf_weight=5.924432907253502 10.597094739670863 5.6730848611332467 2.9441875857301048 6.414292077184653 4.6313811729196459 9.9940703391330317 6.3445702188182613 2.6018508402630687 7.4746241433313108 4.2522434745915243 8.7567590731196088 6.908911333535797 14.277398724225352 11.021354862954466 4.7322875484824172 14.224425104679538 3.2698789546266189 12.467090575024484 17.078997915610671 42.350998143199831 2.2352909282781157 4.4009310058318087 3.7148980584461242 1.9112802441231895 5.2110571747180066 6.8981102830730361 5.5023830509744585 33.331135734915733 3.3049862002953878 5.8820932777598491
leaf_count=48 1033 662 197 908 169 299 242 112 506 78 104 383 379 213 119 465 176 494 321 1089 98 222 60 72 119 88 83 558 72 78
internal_value=0.0014842 0.00231522 -0.0108288 0.00294219 0.0156434 0.00209154 0.00285452 -0.0117488 0.0128815 0.0189246 0.00156489 0.00229974 0.00315969 0.001952 -0.00240079 0.00570596 0.00784847 0.0109918 -0.00415834 0.0139037 0.0156046 0.000550074 0.0122991 0.0187121 -0.00695774 -0.00884723 0.00381986 -0.0120369 -0.00437753 -0.0157801
internal_weight=274.332 260.791 13.5413 255.118 10.5558 244.562 235.546 9.01614 21.7209 14.2463 213.825 207.48 200.571 191.815 89.6574 102.157 87.9328 70.3504 84.9251 57.8833 54.6134 10.3511 5.95019 44.2623 67.8461 62.6351 12.4005 50.2346 17.5824 39.2132
internal_count=9447 8217 1230 7555 217 7338 6318 1020 883 377 5435 5193 4810 4706 1579 3127 2662 2211 1460 1717 1541 380 158 1161 1139 1020 171 849 451 636
is_linear=0
shrinkage=0.035


Tree=196
num_leaves=31
num_cat=0
split_feature=83 11 92 73 108 0 100 69 50 72 66 122 106 46 1 76 121 10 47 55 11 99 104 26 93 68 32 72 70 56
split_gain=2.33407 3.05506 2.90732 4.02902 2.49252 2.30975 2.11098 3.74508 6.09071 4.3551 3.44072 3.71469 3.33879 2.99195 2.96278 2.79368 2.73732 2.75819 2.64024 2.59856 2.25455 2.70707 2.21855 2.12542 2.52058 2.12127 2.01125 1.93419 1.92471 1.9087
threshold=813.50000000000011 2.5000000000000004 78870.500000000015 8.5000000000000018 145.50000000000003 87.100636574074102 0.067816091954023008 1.2500000000000002 0.077422577422577438 9.5000000000000018 1.9500635676244293 2.5000000000000004 434.90000000000003 0.076436222005842283 13.500000000000002 0.76280251157727752 4.5000000000000009 1.5000000000000002 0.10948202054794522 0.938137755102041 4.5000000000000009 0.87083333333333346 0.18274582560296851 3.5000000000000004 48723.500000000007 4.5000000000000009 16.500000000000004 11.500000000000002 10.676190476190477 0.133974358974359
decision_type=8 2 2 8 10 2 2 8 2 8 10 2 10 2 2 8 2 2 2 10 2 2 2 2 2 8 2 8 10 10
left_child=-1 2 3 -2 -5 27 10 8 14 13 11 20 -13 15 -8 29 17 -11 -19 28 21 23 25 24 -3 -22 -12 -4 -14 -9
right_child=1 6 5 4 -6 -7 7 9 -10 16 26 12 19 -15 -16 -17 -18 18 -20 -21 22 -23 -24 -25 -26 -27 -28 -29 -30 -31
leaf_value=0.014040039078267324 0.013598727885903971 -0.0056674033011457643 -0.0066582007230205119 -0.023010700432884609 0.0023632101719839641 -0.010446444106716394 0.024141983363611254 0.0063382898645498098 -0.015811334913877446 0.011685232806522441 0.013932615102501175 -0.022931472328864246 0.0088107515530539294 0.001371897560663846 -0.0026930134715652406 0.00035435336443978029 0.018496125217623512 -0.014478665312978889 0.0064372188143936721 0.014758954132736627 0.024121434706767968 -0.010077320717900169 -0.00060887880184550989 -0.0070266632452345113 0.027316739377679526 -0.0038308515907555132 -0.005780089887334929 0.02382083504090074 -0.015610969142566086 -0.024184472410476665
leaf_weight=11.102432853076605 2.0797700363909852 2.0642972076311707 1.1056941584683944 18.660617131623443 4.8432255552615961 2.0293996024411172 13.930935772019444 0.76111861737445252 4.9268346324097356 8.5147291235625726 43.217635724809952 8.5709360927576217 2.0789295184658823 14.148830785998141 5.6080943042179561 8.4957767197629419 5.9930073907598844 15.608581522013994 7.9316186169162384 4.7782071258407077 10.97368370112963 15.297049338347279 10.688973407028241 3.1407472938299179 3.6613303002668545 2.6448515857337052 4.5167967942543319 3.535741250962019 6.8457560475217178 23.055568877491169
leaf_count=155 117 77 68 1545 161 114 366 7 339 187 828 188 66 432 233 307 112 503 201 147 294 718 450 131 144 75 77 117 329 912
internal_value=0.00110847 0.000300896 -0.00901011 -0.0138934 -0.0182848 0.0076467 0.00178666 -0.00169621 0.00921426 -0.00519311 0.0049291 -0.000107577 -0.0106123 -0.0118719 0.0174605 -0.0170777 0.00339412 -0.00154415 -0.00753818 0.00116362 0.00526062 -0.00223496 0.0118219 0.0100503 0.0183265 0.0191219 0.0116961 0.0168725 -0.00880114 -0.0222785
internal_weight=270.811 259.709 32.2544 25.5836 23.5038 6.67084 227.454 108.975 24.4659 84.5092 118.479 70.7448 22.2738 46.4613 19.539 32.3125 38.0479 32.0549 23.5402 13.7029 48.4709 24.1634 24.3075 8.86637 5.72563 13.6185 47.7344 4.64144 8.92469 23.8167
internal_count=9400 9245 2122 1823 1706 299 7123 3599 938 2661 3524 2619 730 1658 599 1226 1003 891 704 542 1889 1070 819 352 221 369 905 185 395 919
is_linear=0
shrinkage=0.035


Tree=197
num_leaves=31
num_cat=0
split_feature=110 10 1 101 116 110 93 32 65 68 4 92 75 70 11 74 11 70 119 75 1 49 119 115 117 91 14 60 65 125
split_gain=2.50824 2.51989 2.86561 2.27314 2.21813 3.13674 2.74018 3.9959 3.78859 3.45527 3.05515 3.00011 3.38186 3.03929 2.91678 3.32436 2.75724 2.3919 2.17466 2.26512 2.13992 2.55397 2.13497 3.44578 3.00507 2.09838 2.00579 1.97294 4.70176 1.95328
threshold=1098.5000000000002 3.5000000000000004 19.500000000000004 1.3875000000000002 0.084039548022598873 86.250000000000014 53260.500000000007 6.5000000000000009 1.4316770186335406 6.5000000000000009 7.5000000000000009 70087.500000000015 2.50925925925926 8.6794871794871806 9.5000000000000018 14.250000000000002 3.5000000000000004 11.894444444444447 0.8704386226815618 2.6609195402298855 21.500000000000004 0.022474747474747477 2.5314527496724151 0.27128623188405804 0.63356807511737101 57.722506478301788 7.5000000000000009 0.90754985754985762 1.2071428571428573 5.5000000000000009
decision_type=8 2 2 2 2 10 2 2 8 10 2 2 10 8 2 10 2 8 10 10 2 2 10 2 2 10 2 2 8 2
left_child=1 3 29 4 27 6 7 8 16 -9 11 12 13 -8 25 -16 -6 -13 -7 -20 21 22 23 -15 -24 -10 -17 -1 -29 -3
right_child=-2 2 -4 -5 5 18 10 9 14 -11 -12 17 -14 20 15 26 -18 -19 19 -21 -22 -23 24 -25 -26 -27 -28 28 -30 -31
leaf_value=-0.0019719579706030323 -0.013242120054462087 -0.022283381377691178 0.010412981271438583 -0.011875137449513828 -0.0094289046583614592 0.0093062901153849239 -0.010958775511587256 0.016479453273254209 0.0050268870053298952 -0.01008851735129361 -0.0092339911610287862 -0.012119762343736348 -0.0070476481059314278 0.032907575263726119 -0.010171779679032602 0.020371148388605383 0.02226550574446462 0.0052675737493916176 -0.018996528637621281 0.0083802111525244152 -0.0038540967299762982 -0.00031624368397238005 -0.010614594419191084 -0.001296946611483069 0.015148274206605169 -0.018070503796141522 -0.0065261626910093464 -0.011108125311385064 0.02142137727962173 0.0054503497591156108
leaf_weight=9.1281861918978375 8.9360240476671589 8.9700600287178514 2.6022004645783445 7.4757170767989001 1.7790648335358117 2.2350152824074057 1.8624675578903396 16.685715289553631 3.4231216702610245 4.4716602936387053 9.2041405601194111 8.3152151280082744 6.5864857102278611 20.604503722744997 10.056550280307421 6.3615707604913023 4.4630995327606797 30.69126123865135 13.775803344906306 1.5869532010983665 3.9968518808018407 7.4734520551282904 3.316087398678067 3.769555442268028 19.444621881353669 28.963251021225005 2.064468109048903 3.5388036903459605 21.134793014149182 1.8439806631067757
leaf_count=379 583 878 211 377 142 95 58 270 100 85 240 250 144 608 191 92 132 698 1120 85 127 167 168 122 274 941 31 187 552 154
internal_value=0.00127993 0.00200357 -0.0105796 0.00286491 0.00354337 0.00207499 0.00343829 -0.00156846 -0.00631798 0.0100092 0.0067619 0.00850328 0.012737 0.0152657 -0.00965113 0.00137091 0.0130563 0.000605118 -0.0103614 -0.0148052 0.0168951 0.0186096 0.0213529 0.0282974 0.010159 -0.0152834 0.0138048 0.0112658 0.0156703 -0.0173263
internal_weight=274.761 265.825 13.4162 252.408 244.933 211.131 193.533 78.2685 57.1111 21.1574 115.265 106.061 67.054 60.4675 50.869 18.4826 6.24216 39.0065 17.5978 15.3628 58.6051 54.6082 47.1348 24.3741 22.7607 32.3864 8.42604 33.8018 24.6736 10.814
internal_count=9461 8878 1243 7635 7258 6140 4840 1984 1629 355 2856 2616 1668 1524 1355 314 274 948 1300 1205 1466 1339 1172 730 442 1041 123 1118 739 1032
is_linear=0
shrinkage=0.035


Tree=198
num_leaves=31
num_cat=0
split_feature=63 66 38 69 47 10 80 98 110 63 40 116 63 106 115 70 60 32 75 70 106 25 114 64 93 120 60 59 63 98
split_gain=2.42781 1.78647 1.72517 1.68636 2.68697 2.32277 4.3268 3.25686 5.56578 3.43563 3.38165 3.80836 3.67185 3.5758 2.62744 2.96522 2.84123 2.47811 3.18259 2.41105 2.37131 2.83992 3.37629 2.0264 1.9232 2.09608 3.28091 1.87779 1.86403 1.83537
threshold=0.39642857142857152 3.1276935246515039 11.500000000000002 3.2500000000000004 0.036811201445347795 2.5000000000000004 879.98316498316512 1.5694980694980696 86.250000000000014 0.52985739750445637 27.500000000000004 0.18301435406698566 0.70550527903469096 1257.0357142857144 0.20864427860696519 13.303846153846157 0.84045454545454557 8.5000000000000018 1.7290209790209794 11.894444444444447 495.23611111111114 1.5000000000000002 0.19770114942528741 0.9548008171603678 81146.000000000015 0.016736694677871151 0.95932156646442368 0.71346469622331699 0.40312500000000007 1.2029411764705884
decision_type=2 10 2 10 2 2 10 2 10 2 2 2 2 8 2 10 2 2 8 8 10 2 2 2 2 2 2 2 2 2
left_child=1 2 -1 5 27 7 20 10 9 28 11 12 13 -2 16 -16 -13 18 -18 -10 -7 22 -22 -8 25 26 -23 -5 -9 -12
right_child=3 -3 -4 4 -6 6 23 8 19 -11 29 14 -14 -15 15 -17 17 -19 -20 -21 21 24 -24 -25 -26 -27 -28 -29 -30 -31
leaf_value=-0.017322981098889637 0.023219671811823835 0.0076554985588280231 0.008283624431855376 0.016294917563368993 -0.0062219692616933891 -0.017202666025361961 0.025022078705520555 0.012832094194036173 0.0095381726610519278 0.02217716522280077 0.020900152421966814 0.0069139965540176178 -0.0065085277013748315 -0.008410634708134513 0.010539171058416792 -0.0097865256632704307 0.0013335152076454223 0.00035196698571480432 -0.024689593706496218 -0.015769982690654303 -0.015541104061610658 0.027528930997467838 0.012748016134474736 -0.0043402591555812033 -0.0074676778559300211 -0.0056674858709251869 -0.0083416054073798176 -0.00102461793926758 -0.01163834976644967 -0.0045778018548120504
leaf_weight=14.592896655667573 12.364704203326255 2.4261837508529416 0.79729595989920277 24.133057387545705 10.06665877974592 18.871765406103805 3.0532329175621262 1.2254143614554802 3.004790194332597 24.947062645806 7.2780296059790981 5.6000149084720752 10.93819130619522 2.9890556649770597 14.623529459349813 11.020709152682683 6.6428685499122393 9.7475258312188071 22.719995066057891 8.456754011916928 17.71149206918199 6.6990600546123442 2.6118283537216476 2.5093846707604825 4.1020533092087126 2.9638595705619073 1.6679558976320548 9.6409520810702798 5.3292099598329514 2.687466423609294
leaf_count=807 435 46 18 416 240 708 352 26 138 644 117 221 445 184 354 263 195 191 824 486 836 150 78 424 189 110 54 231 204 58
internal_value=0.000681537 -0.0102792 -0.0142904 0.0016354 0.00749325 0.000265178 -0.00528194 0.00259604 0.0101734 0.0170899 -0.000776486 -0.00303095 0.00742285 0.0165085 -0.00717091 0.00163256 -0.0118766 -0.0150459 -0.0194649 -0.00825328 -0.00860752 -0.00251719 -0.0101063 0.0159919 0.0075043 0.0135514 0.0199327 0.0118564 -0.00349036 0.0147954
internal_weight=271.423 17.8164 15.3902 253.607 43.8407 209.766 60.1906 149.575 42.9632 31.5017 106.612 96.6466 26.292 15.3538 70.3546 25.6442 44.7104 39.1104 29.3629 11.4615 54.628 35.7562 20.3233 5.56262 15.4329 11.3309 8.36702 33.774 6.55462 9.9655
internal_count=9444 871 825 8573 887 7686 2901 4785 1498 874 3287 3112 1064 619 2048 617 1431 1210 1019 624 2125 1417 914 776 503 314 204 647 230 175
is_linear=0
shrinkage=0.035


Tree=199
num_leaves=31
num_cat=0
split_feature=114 11 14 11 65 65 56 125 92 91 97 117 65 47 96 60 1 106 32 66 38 97 4 101 94 45 98 116 44 110
split_gain=2.03789 2.93473 3.04943 3.20802 5.16611 3.31121 2.65992 3.22279 2.46138 2.4549 2.4213 2.37163 2.97012 2.33774 2.74809 2.27664 2.1625 2.70751 2.93009 2.52857 2.46926 2.13278 2.07288 1.97144 1.94134 1.93165 2.10944 2.00383 2.57488 1.93137
threshold=0.087228260869565227 9.5000000000000018 3.5000000000000004 4.5000000000000009 3.6742424242424243 1.8944444444444446 0.3623737373737374 1.0000000180025095e-35 77862.500000000015 6088.8860770116235 4.6807958144073494 0.11324786324786326 5.2613636363636376 0.094044811320754734 3.3229166666666674 0.88203668564199889 12.500000000000002 157.31547619047623 1.5000000000000002 0.95430841948384015 1.5000000000000002 3.93788073073455 7.5000000000000009 0.58114035087719318 5533.5000000000009 0.12556306306306309 1.693979933110368 0.37377450980392163 0.46920715188730366 1098.5000000000002
decision_type=2 2 2 2 8 8 10 2 2 10 2 2 10 2 2 2 2 10 2 10 2 2 2 2 2 2 2 2 2 8
left_child=1 2 3 5 8 10 13 -8 9 15 -1 -4 -13 14 24 -5 20 18 -18 29 21 -7 23 -9 -2 26 27 28 -3 -19
right_child=6 25 11 4 -6 16 7 22 -10 -11 -12 12 -14 -15 -16 -17 17 19 -20 -21 -22 -23 -24 -25 -26 -27 -28 -29 -30 -31
leaf_value=-0.018275420305654742 0.0078304165926343858 -0.01404889473626602 0.011631413153908476 0.00080067137502905239 -0.014194526746120815 -0.015325590955177701 -0.0080873045975131414 0.016283294565650669 -0.0086866774882132861 -0.0018448326659299113 0.0048470796543652293 -0.016001815351753695 0.01073690606934904 0.0075496792174912612 0.0093471791905554592 0.02440257873549757 -0.014189419123368376 0.027713408608347881 0.013529946575197346 -0.0029583217029591951 0.014580898112772534 0.0060389690430349661 -0.0093335354937520518 -0.0052625075603391341 -0.01716465125033971 -0.0019323649522612835 0.028660533636024992 0.012608987664919805 0.012841272025824474 -0.0041613701541091111
leaf_weight=14.401318432646805 1.3918920974247146 6.3684371915878746 2.0424145185388651 6.4773951596580472 5.3045651635620734 13.267780474736361 17.099328076234087 20.825182700646117 2.2495868545956901 6.5512380247237152 5.3047612762311465 23.988501360290687 2.5340709609445176 5.2996038419660172 3.0870642960071555 23.862254089792259 6.7393990873824823 9.3709094924852216 2.9743934960570186 4.6732911301078266 2.0719726595561943 5.123584301210939 2.6607209903886533 3.9591214563697568 32.086280570365489 11.13155422057025 4.9115463613998136 21.132965912809595 2.3808565009385347 1.367735265055672
leaf_count=1026 20 233 21 228 129 644 754 771 66 284 228 829 32 118 86 620 315 221 67 210 100 166 153 223 889 435 117 311 56 65
internal_value=0.000919579 0.00297784 0.000321163 0.00302498 0.0097674 -0.00193274 -0.00339163 0.00248557 0.0142549 0.0165237 -0.0123297 -0.00896955 -0.0121493 -0.009243 -0.0122923 0.0201899 0.00333583 0.00944274 -0.00398824 0.0168113 -0.00454429 -0.0093551 0.00930405 0.0125359 -0.015243 0.0101614 0.0137872 0.00758483 -0.00472274 0.0236214
internal_weight=270.64 184.231 138.305 109.74 44.445 65.2951 86.4092 44.5444 39.1405 36.8909 19.7061 28.565 26.5226 41.8648 36.5652 30.3396 45.5891 25.1257 9.71379 15.4119 20.4633 18.3914 27.445 24.7843 33.4782 45.9254 34.7938 29.8823 8.74929 10.7386
internal_count=9417 6403 5251 4369 1327 3042 3014 1901 1198 1132 1254 882 861 1113 995 848 1788 878 382 496 910 810 1147 994 909 1152 717 600 289 286
is_linear=0
shrinkage=0.035


Tree=200
num_leaves=31
num_cat=0
split_feature=10 98 110 118 11 91 91 70 82 2 90 119 26 44 101 44 1 101 119 63 106 43 63 11 71 66 41 81 66 96
split_gain=2.71826 2.84321 2.89636 3.312 2.45103 2.64762 2.58317 3.09971 2.55683 2.48844 3.54383 3.68676 2.63791 2.44453 2.41492 2.38083 2.37547 2.24537 2.12139 2.52406 2.53388 2.32764 3.6793 3.48864 2.41759 2.30143 2.15576 2.10361 2.4471 3.02716
threshold=3.5000000000000004 0.84731934731934744 16.250000000000004 0.75235849056603787 6.5000000000000009 6204.866419976529 4346.1728478968143 13.017241379310347 1.0000000180025095e-35 4.5000000000000009 68693.722222222234 0.95828331538807521 6.5000000000000009 0.19399641577060936 0.072751322751322761 1.0000000180025095e-35 4.5000000000000009 0.75961538461538469 2.6387425130259312 0.52985739750445637 1088.3742857142859 0.20806277056277059 0.55898165717900072 15.500000000000002 4.1314703842600862 0.95909801529343064 17.500000000000004 254.34767271043299 0.57814224635573275 1.1181455633100701
decision_type=2 2 8 2 2 10 8 8 8 2 2 8 2 2 2 2 2 2 10 2 10 2 2 2 10 10 10 8 8 2
left_child=1 2 -1 -4 5 6 8 -8 -3 15 11 -11 16 -9 -6 -10 -12 -18 19 -16 25 -20 24 -24 -23 -21 -27 -17 29 -29
right_child=-2 4 3 -5 14 -7 7 13 9 10 12 -13 -14 -15 18 27 17 -19 21 20 -22 22 23 -25 -26 26 -28 28 -30 -31
leaf_value=0.0099625500133777058 -0.012087127586787157 0.017689763529311238 0.0068184345101644029 -0.019370835150230779 0.017803410044018707 -0.014776753046081642 -0.0054678688483198387 -0.0075557602291802953 0.010409195506208798 0.011425495987733188 -0.0064724704101652005 -0.015158504579756291 -0.0071832621145592173 0.023416641714008122 -0.0049390473950027408 0.0085889259106055015 0.033176641146923758 -0.0031786139258997061 0.014285332921315903 0.00039816676496369312 -0.0017167654902891826 0.014037677171878817 -0.018036270501374702 0.0073687628784562843 -0.0082080001277809126 0.027085803421149111 -0.0047139642173631953 0.020514542659707365 -0.013600932122488207 -0.0079226260068621327
leaf_weight=4.8847996599506613 13.092879563453605 3.2691491581499568 5.236717285821217 16.719131545862183 16.229044332168996 8.5824708852451277 6.732107333722527 1.3316532806493331 5.1115468168864018 6.3576435549184742 1.0369055424816895 10.298853175947441 2.074366435641422 12.163026375696061 9.0009978401940298 4.3267549984157077 6.8567879016045463 1.5355747297871856 5.3154718165751538 6.7736012643435997 9.0893355107400549 12.336017212131994 19.076666651992131 5.9771879899781188 5.1529835546389213 15.985927427303979 1.4536647123750288 2.5369609716581163 44.738238418358378 7.1898081514518708
leaf_count=120 1239 23 283 518 245 548 322 106 267 185 52 517 84 386 248 61 165 69 101 195 270 164 389 115 89 349 70 92 1790 369
internal_value=0.00106417 0.00195078 -0.00792828 -0.0130183 0.00324488 -0.000131925 0.00152346 0.0114922 -0.0010589 -0.00260162 0.00544517 -0.00471641 0.0171298 0.0191439 0.00701415 -0.00628539 0.0231142 0.0278214 0.00423871 0.00949922 0.0135369 -0.000869935 -0.00406672 -0.0117577 0.00711556 0.0185768 0.0239754 -0.00843898 -0.0104001 0.00394126
internal_weight=270.466 257.373 26.8406 21.9558 230.533 124.142 115.559 20.2268 95.3326 92.0634 28.1601 16.6565 11.5036 13.4947 106.391 63.9033 9.42927 8.39236 90.1619 42.3035 33.3025 47.8583 42.5429 25.0539 17.489 24.2132 17.4396 58.7918 54.465 9.72677
internal_count=9431 8192 921 801 7271 5036 4488 814 3674 3651 1072 702 370 492 2235 2579 286 234 1990 1132 884 858 757 504 253 614 419 2312 2251 461
is_linear=0
shrinkage=0.035


Tree=201
num_leaves=31
num_cat=0
split_feature=69 94 92 71 41 117 100 70 70 82 96 100 38 23 90 94 21 117 27 57 54 128 70 76 56 107 66 1 1 110
split_gain=1.96571 3.96517 3.06589 2.82536 2.81219 2.59918 4.22682 3.31584 3.61757 2.66701 3.48816 2.80174 2.45276 2.2645 2.23721 2.41649 2.23319 2.05572 2.95925 2.07373 2.07682 2.06261 2.0329 1.95181 1.93748 1.90669 2.18425 1.87472 2.46098 1.74853
threshold=2.7500000000000004 81709.250000000015 69610.500000000015 1.0068968775248519 11.500000000000002 0.82807881773399028 0.23973727422003285 14.65686274509804 15.343137254901963 1.0000000180025095e-35 1.4305019305019309 0.080540540540540564 12.500000000000002 2.5000000000000004 34495.647025171631 22857.000000000004 5.5000000000000009 0.3623737373737374 1.5000000000000002 0.28869047619047622 0.43650793650793657 0.16333333333333336 12.877500000000003 0.44689484010234032 0.19098277608915909 2632.0437787668734 0.57814224635573275 16.500000000000004 3.5000000000000004 82.250000000000014
decision_type=10 2 2 8 8 2 2 10 10 10 2 2 2 2 2 2 2 2 2 8 8 2 8 10 10 10 8 2 2 8
left_child=1 5 3 -2 14 7 24 9 29 10 11 17 -12 -8 15 -5 -16 18 -1 -19 21 -21 -3 -10 -7 26 -13 28 -24 -9
right_child=2 22 -4 4 -6 6 13 8 23 -11 12 25 -14 -15 16 -17 -18 19 -20 20 -22 -23 27 -25 -26 -27 -28 -29 -30 -31
leaf_value=-0.0098903766280981839 -0.010170175122863128 -0.0043308410159926319 -0.0057113265290983945 0.010503278132414086 -0.001705023616637686 0.0112379469262747 0.022906422836464518 0.020426517077135501 -0.013948086635754572 -0.02092129259226648 -0.016698117146872395 0.0046190261442677627 0.0095101930159299918 -0.0036507061363376028 0.0051830219620505697 -0.010803879573107583 0.026078643774151797 -0.0051883266796691292 0.013641435497139377 0.031962737493383769 -0.0058296588748346706 -0.0046207922064493839 -0.0056919565024949673 0.0037650202149515344 -0.0078813864991751012 0.0068781005843499363 -0.021795610360081569 -0.0018519150468306611 0.029915473986840628 -0.0035707358629393929
leaf_weight=11.578055784804752 5.1830652337521306 4.2084442190825966 21.119886670028791 13.431369658093901 16.556816327269189 3.7200639182701734 10.639949050731955 9.7870599245652521 9.7870933103840816 14.069168569170868 26.787066506687555 3.3133413637988243 1.7911722888238717 3.6139079234562805 12.682203090284021 5.3497169138863674 18.396488939179108 2.2904593572020504 5.8291809465736142 6.0903236579615632 0.98124875314533699 0.90030230954289425 1.2014436018653194 12.351013395586049 23.465244506951421 3.5366079718805841 8.0109686241485178 3.4282046038424587 7.3915133564732969 3.2115458794869491
leaf_count=590 128 177 455 236 416 31 138 328 514 1692 925 101 34 78 368 125 307 130 144 232 104 45 54 516 465 122 466 128 195 186
internal_value=0.0010624 -0.00109936 0.00505601 0.00839756 0.0104571 -0.00288494 0.00431658 -0.00543858 0.00328383 -0.00901924 -0.00544463 0.00109014 -0.013884 0.0169737 0.0142831 0.00343856 0.0194518 0.00729368 -0.000724661 0.0166763 0.0225368 0.0272891 0.0131849 -0.00519287 -0.0039257 -0.00938863 -0.0150195 0.0187879 0.0246745 0.0151527
internal_weight=270.703 177.983 92.7195 71.5997 66.4166 161.754 41.4392 120.315 35.1367 85.1779 71.1087 42.5305 28.5782 14.2539 49.8598 18.7811 31.0787 27.6696 17.4072 10.2623 7.97187 6.99063 16.2296 22.1381 27.1853 14.8609 11.3243 12.0212 8.59296 12.9986
internal_count=9430 7395 2035 1580 1452 6841 712 6129 1544 4585 2893 1934 959 216 1036 361 675 1245 734 511 381 277 554 1030 496 689 567 377 249 514
is_linear=0
shrinkage=0.035


Tree=202
num_leaves=31
num_cat=0
split_feature=88 63 116 106 110 107 114 128 95 60 74 93 117 74 117 110 87 0 45 106 38 47 10 43 96 114 72 97 97 114
split_gain=1.96621 2.04123 2.21133 4.23384 3.63496 2.66851 3.17713 5.22003 3.23936 3.00111 2.92901 3.10125 2.85184 2.78349 2.69401 2.59309 2.23649 1.90748 1.89021 2.15623 1.84603 1.85995 1.92467 1.83858 1.75239 2.31676 2.06478 2.79387 1.66535 1.64775
threshold=1079.5000000000002 0.39642857142857152 0.084039548022598873 911.53928571428582 82.250000000000014 1480.9531032170096 0.066987179487179499 0.18065268065268067 9875.5000000000018 0.91977011494252892 10.250000000000002 84840.500000000015 0.72264957264957275 15.250000000000002 0.71060794044665021 195.25000000000003 13.500000000000002 1.5550752314814817 0.073350071736011491 1052.6988636363637 1.5000000000000002 0.089776119402985091 3.5000000000000004 0.58957219251336912 4.2583333333333337 0.10933997509339975 9.5000000000000018 7.8779758495951082 3.465009029033955 0.26376285541439809
decision_type=10 2 2 8 10 8 2 2 2 2 8 2 2 10 2 10 10 2 2 10 2 2 2 2 2 2 10 2 2 2
left_child=1 23 3 16 5 9 7 8 -7 13 -8 12 18 14 -4 -6 -3 -16 -12 -20 21 22 -10 -1 25 26 -11 -28 -17 -14
right_child=-2 2 4 -5 15 6 10 -9 20 24 11 -13 29 -15 17 28 -18 -19 19 -21 -22 -23 -24 -25 -26 -27 27 -29 -30 -31
leaf_value=-0.019436586768046049 0.013151888206771697 0.020652816606046131 -0.0078454725160800372 -0.0049379419970792754 -0.019604688344781376 -0.0069170231555130404 -0.0082704484512421995 -0.014429127494782517 0.024672351921300781 -0.010759174009581596 0.014662613630828427 -0.0078116192625865321 0.026007522978836461 -0.01091345292441227 -0.0023692394173119662 -0.0071533762108371137 -0.0051207961074707167 0.018363944701289867 -0.013383401600614853 0.008271157197173867 -0.0056433896260732787 -0.0050054336557335813 -0.0058696895510784736 0.00099112705813260578 0.0098755270192230817 -0.020197025411169158 -0.0074877795439178369 0.01626760116124721 0.016248463866018682 -0.0022491350895492267
leaf_weight=7.8632190588396069 8.1767516452819091 17.457515338202942 6.12059740838595 16.577131301979534 15.131827653502116 10.244442510651426 6.087453039828687 19.253474731463939 13.266712244832892 19.464130966342054 7.0761294038966325 4.9080352580640456 19.41146814275999 7.7342616326641282 5.865033250302079 3.9674980258569112 2.9456764538772395 16.631220794748515 6.7330490889726189 6.2341801978182048 2.5236976004671297 1.8992795527447004 0.9875353386159994 8.5048657177248952 1.7908749943599094 15.035129282972774 8.1749382191337627 6.7775694611482313 1.6982337757945059 1.9776188358664502
leaf_count=395 63 406 420 729 1308 355 191 529 380 510 238 160 329 230 93 268 221 301 400 215 105 70 111 444 54 463 245 118 20 46
internal_value=-4.76931e-05 -0.00069738 0.00019999 0.00754106 -0.00124482 0.000432753 0.00422519 -0.0021976 0.00687167 -0.00391589 0.00980449 0.0127531 0.015768 0.00351312 0.00845547 -0.0135668 0.0166563 0.0135107 0.00451054 -0.00356808 0.0142983 0.0180114 0.0215816 -0.0110741 -0.00902978 -0.0105584 -0.0043198 0.00465815 0.00418988 0.0234638
internal_weight=270.52 262.343 245.975 36.9803 208.994 188.197 100.603 48.1751 28.9217 87.5938 52.4279 46.3405 41.4324 36.3511 28.6169 20.7976 20.4032 22.4963 20.0434 12.9672 18.6772 16.1535 14.2542 16.3681 51.2426 49.4518 34.4166 14.9525 5.66573 21.3891
internal_count=9417 9354 8515 1356 7159 5563 3129 1550 1021 2434 1579 1388 1228 1044 814 1596 627 394 853 615 666 561 491 839 1390 1336 873 363 288 375
is_linear=0
shrinkage=0.035


Tree=203
num_leaves=31
num_cat=0
split_feature=88 86 82 72 58 0 96 115 42 77 50 91 68 92 116 99 29 104 94 119 29 115 117 57 66 119 100 16 54 75
split_gain=3.18036 2.43709 2.46303 2.85075 2.09291 2.05033 2.07746 2.41733 2.08046 2.04411 2.42247 2.03629 1.93582 2.61491 3.51515 3.13636 3.00182 2.13586 2.72873 2.29982 2.28532 2.70111 2.23866 2.8858 2.81601 2.75789 1.93773 2.2747 1.87074 1.86621
threshold=1079.5000000000002 303.99371850685986 8.5000000000000018 6.5000000000000009 0.40161290322580651 4.0473495370370385 1.2875939849624063 0.20119047619047623 1.0000000180025095e-35 1.5000000000000002 0.047247023809523815 5237.9077148890619 14.500000000000002 68969.500000000015 0.41719409282700431 0.87083333333333346 4.5000000000000009 0.45512082853855013 37232.000000000007 0.77303240518350214 1.5000000000000002 0.2487113402061856 0.65733855185909984 0.16904761904761909 1.9058217951738434 0.93947638167683001 0.043717152412804598 5.5000000000000009 0.16954022988505749 2.9800000000000004
decision_type=10 10 8 10 2 2 2 2 10 8 2 10 10 2 2 2 2 2 2 8 2 2 2 8 8 8 2 2 8 10
left_child=1 2 3 -1 -3 6 8 9 -4 10 -8 -10 13 17 15 -15 -17 19 20 -7 -19 -22 23 -20 -24 -25 27 -26 -16 -11
right_child=-2 4 5 -5 -6 12 7 -9 11 29 -12 -13 -14 14 28 16 -18 18 22 -21 21 -23 24 25 26 -27 -28 -29 -30 -31
leaf_value=-0.0082335448054295587 0.017679017728023657 0.010049899959601798 -0.0055906637375137819 0.026296470283661704 -0.017351654909367964 0.0051450347423914102 0.0094115276473566226 0.0079141474953539955 0.020608097436733027 -0.015997623836332454 -0.010579285175855732 -0.0039052732445151337 0.011237248460520939 0.021865100434233068 0.0063367102264130695 -0.013659642669463847 0.012961850242845668 -0.0055883835238158567 0.012013073594294581 -0.014332329939937405 0.030233278752173538 -0.0073831463219465833 0.01266498421992652 0.0054859462975173166 -0.010916955206028122 -0.01920835864314582 -0.015087896212201964 0.015090205028796558 -0.01429022595761348 0.0078889822197307918
leaf_weight=1.5632709553465236 7.3013386912643901 0.8248470580438142 4.2511651898967129 3.7731260058935732 11.613953421125187 6.2054130688775322 14.897347025107594 25.430947358720005 15.003149991156535 15.693353857262993 6.9834074864629647 3.455729844281449 6.5580413159914306 10.854102396056987 4.8169427064713064 6.2507942705415189 4.6874506780877709 3.1367220651591188 2.0883437959710163 41.641923210583627 3.4342287942999974 0.97511068661697198 11.654293485800737 4.6514288205653456 2.6473175198771051 20.919761780882254 8.2270385364536178 4.567286700475961 10.055760248564184 1.7707203999161709
leaf_count=35 60 74 133 98 1615 150 197 447 331 314 182 130 109 397 92 356 199 139 109 1578 134 26 232 173 99 1427 207 60 336 23
internal_value=0.000288235 -0.0005287 0.000359712 0.0170914 -0.0131741 -0.000351039 0.0037971 0.000339561 0.0118183 -0.00489667 0.00225025 0.0161647 -0.00276238 -0.00373723 0.00397441 0.0118891 -0.00176397 -0.00636531 -0.00181456 -0.0115585 0.0131841 0.0224117 -0.00481179 -0.011016 0.00225091 -0.0145539 -0.00678425 0.00498476 -0.00769614 -0.0123589
internal_weight=265.934 258.633 246.194 5.3364 12.4388 240.858 87.4858 64.7758 22.71 39.3448 21.8808 18.4589 153.372 146.814 36.6651 21.7923 10.9382 110.149 62.3015 47.8473 7.54606 4.40934 54.7555 27.6595 27.0959 25.5712 15.4416 7.2146 14.8727 17.4641
internal_count=9462 9402 7713 133 1689 7580 1757 1163 594 716 379 461 5823 5714 1380 952 555 4334 2606 1728 299 160 2307 1709 598 1600 366 159 428 337
is_linear=0
shrinkage=0.035


Tree=204
num_leaves=31
num_cat=0
split_feature=88 50 44 98 115 118 117 114 114 119 70 65 110 73 45 65 47 38 106 115 41 51 106 115 72 108 110 65 54 73
split_gain=2.80431 2.30127 2.45262 3.2822 2.42272 3.54221 3.77164 3.53649 2.90321 2.82818 2.79929 2.39657 2.30861 2.29482 2.28887 2.65986 1.86857 1.83025 2.43575 1.80199 1.91374 2.04958 1.79043 1.766 1.73263 1.67317 2.5769 2.53998 2.05575 1.9064
threshold=1079.5000000000002 0.10050505050505053 0.33166666666666672 1.4387500000000002 0.20710681244743484 0.89591666666666681 0.66018867924528313 0.087228260869565227 0.066987179487179499 1.6591502861767906 14.310096153846155 3.8090909090909095 13.750000000000002 17.500000000000004 0.035929432013769365 4.4330357142857153 0.079772727272727287 4.5000000000000009 44.083333333333336 0.14854215918045707 1.0000000180025095e-35 0.045804195804195813 855.6500000000002 0.082100730200337022 10.500000000000002 125.50000000000001 37.250000000000007 2.0200000000000005 0.17519181585677754 7.5000000000000009
decision_type=10 2 2 2 2 2 2 2 2 10 10 10 10 8 2 10 2 2 8 2 10 2 10 2 8 10 8 8 8 8
left_child=1 4 17 -4 7 6 -6 8 10 -9 25 16 -8 22 -7 -16 19 18 -3 20 -12 -22 -5 -10 -25 26 27 -1 -28 -30
right_child=-2 2 3 13 5 14 12 9 23 -11 11 -13 -14 -15 15 -17 -18 -19 -20 -21 21 -23 -24 24 -26 -27 28 -29 29 -31
leaf_value=0.014757747708136645 0.016476864269886062 0.0069234085669568641 -0.010438191963014374 0.026641230182104656 -0.0040035539432398048 0.010855101557511447 -0.0036251708358185737 0.0058096539222036257 -0.0036787051435300394 -0.018777885694707119 -0.0068063998190994778 -0.0088552984373098543 0.026406280011585903 -0.0052620063585427559 -0.011218076026403342 0.010256434168416246 -0.0053484143295192297 0.005601461003421712 -0.022704935836416158 -0.0079936553475442127 0.022448942298993892 -0.0030386356412872273 -0.0026314680867471382 0.0247345676911838 -0.0040089713251571018 0.0078704953013699775 0.00031581347878148507 -0.0042212959760837025 0.0077326881274866061 -0.017680758987863948
leaf_weight=7.2494797195540768 7.8244009092450133 1.7250231336802304 11.556823578081096 4.7556560918455917 7.2673126277513829 9.7500282854307425 2.3855107924900976 5.1765835275873568 3.4286510087549678 16.252854797174223 1.539067577454271 5.8235161609482011 15.876497660647145 4.3373766500735664 20.812088063568812 5.352699347306042 4.8070824701571828 2.2383133333642027 14.756059143343007 1.2585749668069173 19.339162014657635 3.2905452528502783 2.347337813465856 7.614057834260163 1.6612025940557948 7.9211963812122113 13.585017276578581 24.623152352171019 1.2596859480254377 28.334322476410307
leaf_count=125 63 60 617 150 433 249 39 204 94 755 115 119 330 249 505 110 169 115 941 48 595 122 131 204 83 198 601 374 53 1573
internal_value=0.000503785 -0.000289726 -0.00733879 0.000664772 0.0012164 0.00680447 0.0155714 -0.00116959 0.0011334 -0.012863 -0.000800748 0.00677974 0.0225474 0.0116442 -0.000568673 -0.00588421 0.0106205 -0.0152388 -0.0187141 0.0140223 0.0163424 0.0188636 0.0198768 0.0143636 0.0199855 -0.00429314 -0.00598833 0.00151133 -0.0111065 -0.0156377
internal_weight=264.149 256.325 41.7166 22.9972 214.608 61.4441 25.5293 153.164 131.735 21.4294 119.031 36.0579 18.262 11.4404 35.9148 26.1648 30.2344 18.7194 16.4811 25.4273 24.1688 22.6297 7.10299 12.7039 9.27526 82.9729 75.0517 31.8726 43.179 29.594
internal_count=9424 9361 2263 1147 7098 1666 802 5432 4473 959 4092 1168 369 530 864 615 1049 1116 1001 880 832 717 281 381 287 2924 2726 499 2227 1626
is_linear=0
shrinkage=0.035


Tree=205
num_leaves=31
num_cat=0
split_feature=94 19 94 112 47 96 34 119 106 27 109 108 65 91 71 71 69 65 0 60 109 44 109 104 114 116 60 46 55 109
split_gain=1.8418 3.44218 2.44831 2.39256 2.24084 2.43745 3.68089 3.54169 3.22039 2.3255 2.20772 2.14198 2.35818 2.11276 2.56855 3.1079 3.50154 2.65534 2.43608 2.29607 2.22211 2.75086 2.41925 2.11477 2.35961 2.30667 1.97773 1.97067 1.77438 1.7559
threshold=80302.000000000015 1.0000000180025095e-35 84435.750000000015 0.15192307692307697 0.15590277777777781 1.8355855855855858 9.5000000000000018 0.82710268257554309 633.57083333333344 14.500000000000002 255.50000000000003 29.500000000000004 3.2752525252525255 2597.7835363952322 3.7860598343955529 2.8857887745353188 2.7500000000000004 1.5634920634920637 0.56244212962962969 0.87428160919540243 8028.5000000000009 0.51887464387464399 8410.5000000000018 0.68819444444444455 0.081799933087989302 0.23466833541927412 0.92172181372549022 0.038218111002921142 0.83130081300813019 6725.5000000000009
decision_type=2 2 2 2 2 2 2 8 10 2 10 10 10 8 10 10 8 10 2 2 10 2 8 2 2 2 2 2 10 8
left_child=3 2 11 4 5 7 8 10 9 28 -1 12 -2 18 15 16 29 -16 -9 -20 21 -19 -22 24 25 -17 -11 -10 -7 -15
right_child=1 -3 -4 -5 -6 6 -8 13 27 26 -12 -13 -14 14 17 23 -18 20 19 -21 22 -23 -24 -25 -26 -27 -28 -29 -30 -31
leaf_value=-0.0013310790973106704 0.03012257530848959 -0.0081145671618543282 -0.0026197242438787197 -0.015119999206244501 0.013647908792727318 -0.010222921621362294 -0.013082149152398134 0.0069552059015221051 -0.00043841374572626385 -0.0026821575779788459 0.018006807580219143 -0.005005342466944427 -0.00041117163260731251 0.0015953340900137811 0.0086057199507418563 -0.0021318314299346715 0.0076885305432159616 -0.023559536748247321 0.0005218677867305007 -0.02114235557886146 0.013085592622757899 0.006880804402073731 -0.010491081332796783 -0.0029188389424186023 -0.0038150029148485351 0.032135119636241175 0.018733662289568468 0.026018943517946008 0.0047773392279172018 -0.016442912323558878
leaf_weight=12.926416652277114 10.589943144936123 7.8358479202724984 6.3072555974358684 7.388064924394711 10.222231586230917 14.916074447100982 7.2849330527242264 3.9929614592110765 4.2554232012480488 6.4765635712537941 9.7679761953186226 1.8671048223040987 3.7007918083108953 8.553673770278694 5.0615399725502348 2.3029202106408793 17.280823252862319 15.827529744477948 7.6448367947014075 19.260324897360988 4.3927334231557298 2.0821670779259867 7.3363485005684206 5.9470245132688424 2.8822707934305063 6.3825853923335671 9.8270023540826497 10.12636699923314 14.52501586265862 15.47002966806758
leaf_count=546 316 266 234 411 281 311 131 95 101 121 155 85 87 411 305 133 539 806 400 1102 168 56 345 300 145 199 178 144 186 832
internal_value=0.000989862 0.00843831 0.0146381 -0.000139823 0.000670963 -0.000244169 0.005047 -0.00275495 0.00807926 0.00269308 0.00874049 0.0204019 0.0241583 -0.00510845 -0.00220616 0.00226469 -0.00310245 -0.00911532 -0.012362 -0.0158696 -0.012947 -0.0192912 -0.000389271 0.0128 0.0193231 0.02559 0.0115935 0.0200969 -0.00320323 -0.010852
internal_weight=262.435 30.3009 22.4651 232.134 224.746 214.524 67.4114 147.112 60.1264 45.7447 22.6944 16.1578 14.2907 124.418 93.5196 58.8193 41.3045 34.7003 30.8981 26.9052 29.6388 17.9097 11.7291 17.5148 11.5678 8.68551 16.3036 14.3818 29.4411 24.0237
internal_count=9389 988 722 8401 7990 7709 1172 6537 1041 796 701 488 403 5836 4239 2559 1782 1680 1597 1502 1375 862 513 777 477 332 299 245 497 1243
is_linear=0
shrinkage=0.035


Tree=206
num_leaves=31
num_cat=0
split_feature=69 63 106 109 60 109 34 90 47 117 63 66 109 112 76 92 1 2 116 119 91 63 57 115 93 116 27 61 66 107
split_gain=1.82934 3.14074 2.59061 2.58488 2.73121 2.35806 2.29263 2.24609 4.01407 3.54778 3.33375 3.54393 2.57394 3.31011 2.6851 2.61947 2.47151 2.31981 2.25662 2.1515 2.06899 1.93659 1.90834 1.87443 3.79147 1.85946 1.75387 1.7399 1.72531 1.70761
threshold=3.2500000000000004 0.63967213114754118 27.26136363636364 8371.5000000000018 0.92214439655172431 7092.5000000000009 7.5000000000000009 73351.807142857157 0.076018161805173387 0.17028985507246377 0.72456896551724148 1.9500635676244293 8132.5000000000009 0.04210992907801419 0.78592999857595935 62702.000000000007 16.500000000000004 4.5000000000000009 0.19560019129603065 0.37282449471082063 4208.2409411456692 0.69292803970223338 0.39767441860465119 0.26272648835202767 78865.500000000015 0.6319659442724459 2.5000000000000004 0.83130081300813019 1.5681283595599715 1480.9531032170096
decision_type=8 2 8 8 2 8 2 2 2 2 2 10 10 2 10 2 2 2 2 10 10 2 10 2 2 2 2 2 10 10
left_child=3 2 -2 7 -5 19 -4 8 9 26 11 -11 13 14 15 -13 28 20 -10 -3 23 22 -19 24 -9 -25 -1 -21 -12 -22
right_child=1 5 6 4 -6 -7 -8 17 18 10 16 12 -14 -15 -16 -17 -18 21 -20 27 29 -23 -24 25 -26 -27 -28 -29 -30 -31
leaf_value=-0.0037838173706798432 -0.0083393262467567064 0.0082254654960654903 0.019378930717591326 -0.01973180608329551 -3.5568536455603297e-05 0.0096396538969542329 -0.0062143223159925442 0.011817777076060418 -0.0083374580263403802 -0.016394611303669971 0.018246649325835005 -0.021880380326011369 0.01712391996426732 0.010379102919469339 0.0072692946290598822 0.0065555780285173051 -0.010646468733351859 -0.00031702646031763859 0.013895114429344378 0.0082321940535761261 -0.0061642162147526793 -0.0039390530596174417 0.029531862312767589 0.019160032774975994 -0.017527654787859077 -0.00658259665381362 0.016432538589130404 -0.014605341136439414 -0.0073190319568042202 0.018628678152878032
leaf_weight=6.0410487765911958 3.0244030621834126 5.1152893924154368 24.743584579671737 11.785112857120113 17.775735576055013 11.081258093239738 2.6052571028703815 3.6886695588473328 3.5168454441009116 41.467267951811664 9.1900081041967479 14.323440060485167 2.8677124944515517 7.7409370129462323 4.2973590325564137 2.5580176296643904 3.2117321239784351 3.269395537208764 21.418934001238085 1.5794718728866453 2.0410077569540572 2.6010895967483512 6.4254270152887329 2.4127011597156516 12.823230051435528 2.9006678918376565 8.5813461183570308 18.956128314719535 1.2445147286634881 6.1904116213554516
leaf_count=192 45 159 550 599 750 321 50 113 210 2311 319 370 72 203 95 42 147 152 559 52 52 104 172 93 542 69 201 554 52 251
internal_value=0.000834354 0.00561284 0.0130669 -0.000880363 -0.00960656 -0.00137791 0.0163572 0.000880084 -0.00150043 -0.00463119 -0.00734191 -0.0102297 -0.00105216 -0.00511302 -0.0116763 -0.0170581 0.00674615 0.00739587 0.00989068 -0.0069336 0.00129397 0.0176256 0.022783 -0.00446214 -0.00974896 0.00872854 0.00924447 -0.0115808 0.0138142 0.0124749
internal_weight=265.478 67.1054 30.3732 198.373 29.5608 36.7321 27.3488 168.812 126.459 101.523 86.901 73.2547 31.7875 28.9198 21.1788 16.8815 13.6463 42.3526 24.9358 25.6509 30.0567 12.2959 9.69482 21.8253 16.5119 5.31337 14.6224 20.5356 10.4345 8.23142
internal_count=9401 1731 645 7670 1349 1086 600 6321 4773 4004 3611 3093 782 710 507 412 518 1548 769 765 1120 428 324 817 655 162 393 606 371 303
is_linear=0
shrinkage=0.035


Tree=207
num_leaves=31
num_cat=1
split_feature=90 110 97 107 60 60 110 90 0 90 93 27 93 47 96 65 76 92 109 82 32 133 47 56 65 60 115 48 56 0
split_gain=2.44854 2.31463 3.49792 3.35346 3.31538 2.69183 2.89887 2.63645 2.97742 2.46772 3.01722 2.4674 3.49584 2.89469 2.55162 2.50346 2.46547 2.41475 2.34833 2.18815 2.1639 2.93745 2.14668 2.13798 2.06908 3.11193 2.13644 2.38073 2.05231 1.94986
threshold=14675.741666666669 61.250000000000007 3.0563731430810956 2845.2871531764381 0.90070422535211281 0.92214439655172431 270.75000000000006 32931.812500000007 156.66026620370374 72249.47968936681 51081.500000000007 12.500000000000002 59672.000000000007 0.088562091503267992 2.3021739130434784 1.8284313725490198 0.54163275951997569 79149.500000000015 73.500000000000014 1.0000000180025095e-35 3.5000000000000004 0 0.025158227848101272 0.133974358974359 2.6043478260869573 0.86159003831417635 0.26365441906653431 0.02837022132796781 0.20864427860696519 38.540312500000006
decision_type=2 8 2 10 2 2 8 2 2 2 2 2 2 2 2 8 10 2 10 10 2 1 2 10 10 2 2 2 10 2
left_child=20 2 3 7 24 6 -3 -2 19 10 -7 13 14 18 -13 -15 -14 -11 29 -9 21 -1 -18 -20 26 28 27 -4 -26 -6
right_child=1 5 4 -5 11 9 -8 8 -10 17 -12 12 16 15 -16 -17 22 -19 23 -21 -22 -23 -24 -25 25 -27 -28 -29 -30 -31
leaf_value=0.01039867447878717 -0.0065495339174022286 -0.018948602789543138 0.023747422112922797 -0.00577988115221309 0.013785226869230146 0.0045888720635766942 0.0057348395452883625 0.027138463068297945 -0.0086603972389653616 0.017498418322252372 -0.015399420508770132 -0.015755245418369646 -6.5106468548698982e-05 0.017618023093931283 0.0078158299949744898 -0.0068986245358807607 0.02826354768503685 -0.0066939191716726383 0.0087861001696985814 -0.001099821773390907 0.020621611731402544 -0.012146636386696797 -0.0015867568365851709 -0.017895853898028006 0.0084660144981182697 0.0095816463796579779 -0.0050436625804259139 -0.004470054164365596 -0.018408181246869434 -0.010737844341190669
leaf_weight=13.422391490661539 2.9494195169536424 18.989916493301283 12.810559303266929 8.2904932975070533 4.1203431189060202 15.297351525747219 5.1371397813782087 18.559557974571369 1.5164891098393116 9.7527169330278394 13.179754586191846 11.723905122838916 14.470065274392256 4.4399143734481159 4.7947335343342266 6.9302666122093806 5.6493693480733764 4.4338508265791452 1.1184036973863829 3.4787038962822399 8.8550226581282896 6.5872697739396289 3.3822450988227502 34.038893742254004 1.4864477077499048 11.982252483721821 3.6200058790855101 2.8442917505744836 7.7272654540138319 2.3451024550013244
leaf_count=395 115 1503 376 263 57 768 226 347 74 475 911 291 324 71 88 155 117 206 9 216 168 225 156 1065 19 290 149 113 212 68
internal_value=0.00113872 -0.000126193 0.00206581 0.0111756 -0.00062654 -0.00540817 -0.0136107 0.0165548 0.0200881 0.000171704 -0.0055804 -0.00422929 0.00220979 -0.00886335 -0.00868713 0.0051319 0.0100493 0.0101633 -0.0128268 0.023302 0.00993764 0.0020321 0.0205029 -0.0160588 0.00720815 -0.000635728 0.0141881 0.0187796 -0.0126196 0.00408666
internal_weight=263.934 235.069 168.279 34.7947 133.484 66.7907 24.1271 26.5042 23.5548 42.6637 28.4771 93.0132 40.0203 52.9929 16.5186 11.3702 23.5017 14.1866 41.6227 22.0383 28.8647 20.0097 9.03161 35.1573 40.4708 21.196 19.2749 15.6549 9.21371 6.46545
internal_count=9452 8664 4575 1015 3560 4089 1729 752 637 2360 1679 2401 976 1425 379 226 597 681 1199 563 788 620 273 1074 1159 521 638 489 231 125
cat_boundaries=0 1
cat_threshold=2
is_linear=0
shrinkage=0.035


Tree=208
num_leaves=31
num_cat=0
split_feature=87 87 85 101 49 71 94 99 26 119 109 95 99 55 116 21 46 75 117 113 98 119 115 60 87 75 46 73 63 41
split_gain=3.17299 2.6625 4.17576 2.21974 2.62972 2.94448 2.45939 3.0137 2.85953 3.23331 3.35425 2.82883 2.80551 3.52364 2.8266 2.70532 2.59849 2.41892 2.30445 2.26508 3.29677 2.13642 2.06411 1.82673 1.78801 1.75198 1.70197 1.67906 1.59738 1.56147
threshold=1.5000000000000002 118.50000000000001 603.91666666666686 0.54692082111436957 0.048583792289535806 1.2236222811979214 62361.500000000007 0.78174603174603186 7.5000000000000009 0.8704386226815618 7610.5000000000009 15724.500000000002 0.87083333333333346 0.94618725868725873 0.17974358974358975 13.500000000000002 0.022857889237199586 2.1026315789473689 0.80131578947368431 0.052177858439201454 1.4267857142857145 3.9590509373665319 0.057417582417582429 0.76696832579185525 461.50000000000006 2.4907407407407409 0.19523809523809527 12.500000000000002 0.79795918367346952 2.5000000000000004
decision_type=8 8 10 2 2 8 2 2 2 8 10 2 2 10 2 2 2 10 2 2 2 10 2 2 10 10 2 8 2 10
left_child=-1 2 -2 6 5 -5 8 17 9 -3 15 -12 13 -10 -14 23 -15 21 26 22 28 27 29 -11 -25 -19 -7 -8 -21 -9
right_child=1 3 -4 4 -6 18 7 19 12 10 11 -13 14 16 -16 -17 -18 25 -20 20 -22 -23 -24 24 -26 -27 -28 -29 -30 -31
leaf_value=0.016775652308981762 -0.018830485120783808 0.0076539048111167428 0.014364448981775293 0.010240492166021341 0.011844355655709422 -0.02035627608691486 -0.0039416488552556292 -0.0065095987690348958 -0.0093729023157942248 0.0046973473452842692 0.015402884136910256 -0.0068285035815409097 -0.0084809857966847771 0.024690216711851176 0.021266696727210779 0.004364660175041014 -0.0016479405351687278 -0.010688001382728653 0.0028567116928095771 -0.014532252044966778 0.024125940135380469 -0.0044378467514594663 -0.013831977283606184 -0.021819724615015405 0.0050593914416173129 0.0094737307742065978 0.0039648047317594574 0.021813609632514316 0.0094881542340620826 0.010977534236290552
leaf_weight=10.107624258846043 13.388284148415549 15.929484656779094 2.1615692591294637 4.2563114828662938 4.3296675607562056 20.980815241346143 1.8906212481670106 7.4466268669348237 18.341815231135115 2.2562853476265472 7.2049461390124661 11.902928296942262 2.0730893202126017 3.8996107738930759 13.164848475949837 6.2390305297449222 8.2819511624984425 5.69771173247136 7.1916349390521637 3.5462118149735016 4.4143216472584754 3.2310171839781097 12.020946636679581 27.595494568813596 1.5014817115152244 5.4574314313940704 2.3893194732954717 27.82684959913604 1.3244662750512359 8.077549397130495
leaf_count=167 1819 368 270 138 101 1222 48 348 542 106 166 283 104 71 355 129 140 142 158 161 132 51 398 923 49 91 91 610 30 232
internal_value=0.00119167 0.000259724 -0.0118438 0.00127597 -0.00587696 -0.00929121 0.00279025 0.0072982 -0.00046231 -0.0046687 -0.00847034 0.00301021 0.00601609 -0.000589333 0.0161242 -0.0139742 0.011515 0.012975 -0.0130687 -0.000237998 0.0114065 0.0171913 -0.00531252 -0.0177218 -0.0198942 -0.000944979 -0.0176092 0.0198434 -0.00650292 0.00304698
internal_weight=264.13 254.022 15.5499 238.472 39.1477 34.8181 199.325 80.9338 118.391 72.6297 56.7002 19.1079 45.7613 30.5234 15.2379 37.5923 12.1816 44.1036 30.5618 36.8301 9.285 32.9485 27.5451 31.3533 29.097 11.1551 23.3701 29.7175 4.87068 15.5242
internal_count=9445 9278 2089 7189 1710 1609 5479 2243 3236 2024 1656 449 1212 753 459 1207 211 942 1471 1301 323 709 978 1078 972 233 1313 658 191 580
is_linear=0
shrinkage=0.035


Tree=209
num_leaves=31
num_cat=0
split_feature=82 56 70 25 99 93 70 32 50 56 68 116 98 70 47 72 109 45 128 94 0 27 92 106 55 65 69 65 40 70
split_gain=3.28233 3.01833 1.99147 2.92805 3.03797 2.81241 2.13201 2.30495 1.79954 1.76715 2.63137 2.36312 3.25424 4.0744 2.70345 3.18689 2.98686 2.65592 3.36949 2.8817 2.60085 3.30903 3.27933 2.32307 2.10666 2.05751 1.96033 1.8629 1.78048 1.70944
threshold=8.5000000000000018 0.19098277608915909 12.019230769230772 1.5000000000000002 0.65646853146853157 35454.500000000007 8.6794871794871806 9.5000000000000018 0.093178294573643419 0.20611577964519143 9.5000000000000018 0.37567204301075274 1.037749287749288 13.246212121212123 0.025158227848101272 9.5000000000000018 7931.5000000000009 0.10050505050505053 0.31909090909090915 82770.000000000015 13.060613425925927 1.5000000000000002 57603.000000000007 25.414285714285715 0.76986128625472905 2.4058823529411768 4.2500000000000009 4.2899159663865554 1.0000000180025095e-35 15.020000000000001
decision_type=8 10 8 2 2 2 10 2 2 8 10 2 2 10 2 8 10 2 2 2 2 2 2 10 8 10 10 10 2 10
left_child=1 -1 3 5 -5 6 -2 -8 -6 10 -4 17 13 -13 16 25 23 20 19 -19 21 -11 -22 -14 -24 -16 -15 -12 -26 -25
right_child=2 -3 9 4 8 -7 7 -9 -10 11 27 12 14 26 15 -17 -18 18 -20 -21 22 -23 24 29 28 -27 -28 -29 -30 -31
leaf_value=-0.009429668822913833 0.018278474030498561 0.023832650624825084 0.015006841441976745 -0.0080176888895299291 0.019047988721106093 -0.01365267283109284 -0.012275101731738932 0.01204756249496026 -0.0072243406160597615 -0.0039646825287954629 -0.013628497298107738 0.010189565656204269 -0.004853940486285401 -0.017446468345619217 0.006195124726902335 0.010011591642913851 -0.0062007640012693649 -0.019587448658789225 0.0088999341999181254 0.0092416347497097824 -0.015434594761248033 0.021601259633028235 -0.007697247198520627 0.027771675056856508 0.020910360657310112 -0.017947077395846278 0.0082136815050096058 0.0079971787818105943 -0.0057044590434366617 0.0040174003344093413
leaf_weight=1.4703721820842464 2.6190420326311132 8.3810426574200374 21.922619431745261 8.0314316627336684 10.487066491506992 34.721029830048792 8.3793030738597718 2.7281055371277025 1.2270858363481227 8.966470565414058 5.4195866317022574 9.6047082560835424 2.5338995833881262 15.413283552974464 3.4581044050864893 14.325163178029468 4.2522402870235956 22.40083632955794 5.0526791156735262 1.996161323157138 12.19687621376943 8.6552278081653622 4.6022426445269931 16.010634905542251 5.7394319986924538 7.9426137889968231 1.3613010835833836 4.706438897177577 1.838996472302824 6.8328207853483027
leaf_count=30 83 254 395 179 271 1649 333 51 87 230 67 230 52 389 131 346 136 1667 171 89 837 226 259 406 206 293 27 84 112 171
internal_value=0.00137076 0.0173648 0.000425082 -0.00448994 0.00588101 -0.00887154 0.00363854 -0.00441582 0.014958 0.00230499 0.00916752 0.000624843 0.00456121 -0.00494193 0.00912411 0.000442382 0.0155098 -0.00388201 -0.0111057 -0.016058 0.00182583 0.0105915 -0.00523478 0.0195695 0.0064981 -0.010968 -0.0139562 -0.00425619 0.0147517 0.0226638
internal_weight=263.277 9.85141 253.425 68.1931 19.7456 48.4475 13.7265 11.1074 11.7142 185.232 32.0486 153.184 81.7348 26.3793 55.3555 25.7259 29.6296 71.4489 29.4497 24.397 41.9992 17.6217 24.3775 25.3774 12.1807 11.4007 16.7746 10.126 7.57843 22.8435
internal_count=9461 284 9177 2653 537 2116 467 384 358 6524 546 5978 2181 646 1535 770 765 3797 1927 1756 1870 456 1414 629 577 424 416 151 318 577
is_linear=0
shrinkage=0.035


Tree=210
num_leaves=31
num_cat=0
split_feature=49 114 115 106 119 21 38 45 85 66 57 116 117 76 70 62 0 108 40 1 92 71 118 110 57 47 93 90 109 70
split_gain=3.02842 2.43493 2.86839 3.03731 3.86125 2.81589 2.76499 2.34085 2.28262 2.96026 2.05486 2.5979 3.08985 2.27481 2.73713 3.06409 2.34774 2.1347 2.1055 2.06633 2.18274 2.2996 2.02698 1.91534 1.8153 1.77882 1.59926 1.60503 1.58933 1.56718
threshold=0.059411764705882358 0.086067019400352746 0.20710681244743484 627.62500000000011 3.6048091153526296 1.5000000000000002 1.0000000180025095e-35 0.19859154929577469 500.89898989899001 0.66761229504409425 0.30094339622641514 0.36687763713080174 0.12916666666666668 0.52665599572980892 12.116531165311654 0.20806277056277059 97.625775462962977 6.5000000000000009 26.500000000000004 19.500000000000004 72112.500000000015 2.6796531273586646 0.79772727272727284 774.50000000000011 0.14550264550264552 0.089776119402985091 34518.000000000007 81367.740000000005 8333.5000000000018 16.845238095238098
decision_type=2 2 2 10 8 2 2 2 10 8 8 2 2 10 8 2 2 10 2 2 2 10 2 8 8 2 2 2 10 10
left_child=1 5 7 4 -4 6 -1 25 9 -5 11 12 -7 14 15 -12 19 18 -16 20 21 -15 -2 26 -14 -3 -19 -28 -11 -23
right_child=22 2 3 8 -6 10 -8 -9 -10 28 13 -13 24 16 17 -17 -18 23 -20 -21 -22 29 -24 -25 -26 -27 27 -29 -30 -31
leaf_value=-0.012919961112765398 -0.0050832904611072564 -0.020641308898961742 -0.013191190290712482 -0.010405337480891827 0.0090683986619436805 0.011419621381217097 0.010973613022593533 0.0061622512163071932 -0.010860105933696284 0.022693293859509921 0.008513329850254275 0.0050035567314553296 0.0057786383017719651 0.00099498662586430266 -0.0093546049415653195 -0.015690218522739562 -0.0025704419511728802 -0.0011233172034299775 0.012732577540327703 -0.0018166285599478377 -0.0029091005570164685 0.031847146595689046 0.018973810702806231 -0.0087666255924771369 -0.021282134036200429 0.0026932255244743668 0.019307657756902928 -0.0044178397634326502 -0.00076881724759626097 -0.0016030791559447579
leaf_weight=19.762220431235622 3.3448471389710894 19.156300858245238 23.82289044209756 2.1507134002167794 10.071861795848234 2.1787061113864175 3.6329899253323665 3.8026337082264936 2.0208605778170741 12.39548019540962 6.1194998375140157 20.853134121280164 1.4807697493815766 4.6838961456669592 12.903839385719037 12.652204021112992 7.9623887860216191 6.8215862727956873 2.6931977083440861 5.0525035562459371 3.0648705426137886 14.418414937914347 12.171736777992917 2.019736500689759 11.997924344730563 3.5212172426981843 22.752911087125543 2.1148364155087611 4.0384059778880319 1.3730891558807332
leaf_count=1151 129 913 772 89 238 26 185 240 159 271 205 581 99 137 354 379 321 217 49 152 93 361 291 98 882 145 696 74 109 36
internal_value=0.000894611 -0.000181206 -0.0049755 -0.000107085 -0.00626127 0.00225553 -0.00793063 -0.013387 0.00926205 0.0132886 0.0041575 -0.00272139 -0.0117306 0.00657246 0.00243248 -0.00766891 0.0130621 0.00663026 -0.00337568 0.01715 0.020826 0.0242524 0.0138129 0.011098 -0.0175501 -0.0171861 0.0133862 0.0168882 0.0180934 0.0292526
internal_weight=261.036 245.519 80.9804 54.5002 33.8948 164.539 23.3952 26.4802 20.6055 18.5846 141.144 36.5105 15.6574 104.633 68.0778 18.7717 36.5552 49.3061 15.597 28.5928 23.5403 20.4754 15.5166 33.7091 13.4787 22.6775 31.6893 24.8677 16.4339 15.7915
internal_count=9452 9032 2936 1638 1010 6096 1336 1298 628 469 4760 1588 1007 3172 2072 584 1100 1488 403 779 627 534 420 1085 981 1058 987 770 380 397
is_linear=0
shrinkage=0.035


Tree=211
num_leaves=31
num_cat=0
split_feature=88 50 96 65 110 74 121 49 69 60 92 69 115 21 122 89 11 98 45 115 96 59 98 45 114 82 75 95 101 122
split_gain=2.21442 1.8994 2.59629 4.25265 4.09355 2.92859 3.20535 3.85076 3.75566 3.27625 3.1192 2.74613 3.01967 2.74488 2.6643 2.63708 2.43605 2.39692 2.37579 2.21436 2.2044 2.05554 2.30525 2.03719 2.46544 2.08289 2.8549 1.99962 1.93853 1.92547
threshold=1079.5000000000002 0.20416666666666669 1.1129326047358836 1.2928571428571431 90.250000000000014 9.7500000000000018 1.0000000180025095e-35 0.062019230769230778 2.2500000000000004 0.97937925170068041 36276.000000000007 2.2500000000000004 0.20710681244743484 11.500000000000002 1.5000000000000002 616.25000000000011 13.500000000000002 1.320714285714286 0.33809523809523817 0.26939799331103681 2.2052631578947373 0.72821969696969713 1.8603896103896107 0.055050505050505051 0.091608391608391626 242.50000000000003 1.6858552631578949 12519.000000000002 0.74537037037037046 1.5000000000000002
decision_type=10 2 2 8 10 8 2 2 8 2 2 10 2 2 2 10 2 2 2 2 2 2 2 2 2 10 10 2 2 2
left_child=1 2 3 -1 5 27 8 9 19 11 -11 16 13 14 -13 18 23 -9 -5 -7 -14 22 -18 24 -8 26 -25 -4 -28 -10
right_child=-2 -3 4 15 -6 6 7 17 29 10 -12 12 20 -15 -16 -17 21 -19 -20 -21 -22 -23 -24 25 -26 -27 28 -29 -30 -31
leaf_value=-0.011235509862885152 0.01576414405176324 -0.011837204347590844 -0.016559055521970213 0.018725679621640876 -0.015734435204046975 0.027388771587689167 0.012321174778578888 -0.0056520450907172693 -0.0092743829003605616 0.0031664465724486014 -0.01720768682761431 -0.0075736816578852867 0.028163553779104671 -0.010336248424119059 0.015376032909758617 -0.010092970414426031 -0.01056816518387925 0.025752674820547522 -0.0077661439298510162 -0.0018278629755036561 0.0044382728365237626 0.019672744835095606 0.014677894713858117 0.0058750075706609046 -0.011010162629965334 0.0090094332038610121 -0.022868621380741024 0.0041160772349911152 0.0037903079208166462 0.0097542140030051593
leaf_weight=6.4458730976330108 8.0924497433006746 8.5207987470785138 12.242411588667894 31.06133243360091 13.602103750105014 11.92530783894472 8.2422803527442721 1.977823968976735 8.6970445108599979 12.416030452121047 20.060415229643695 5.8266251932364019 6.5775244601536569 12.272421138710341 12.607417052728122 1.895927918027154 7.8925489210523647 5.9923633374273777 1.952388992300256 3.1778358881128943 12.126944608287884 4.0682913577184072 1.8320009914459658 4.2979658660478952 4.7551645108032963 1.7663634831551451 18.595331160584468 6.0887834898894644 2.3909006456378838 7.4250002818880594
leaf_count=402 67 611 403 950 1215 418 228 49 282 324 673 160 145 263 271 151 265 121 106 126 215 102 72 149 143 66 945 168 153 159
internal_value=0.00171096 0.000975308 0.0016402 0.00912683 -3.66292e-05 0.00143721 0.00291684 0.000551649 0.012223 -0.00114842 -0.0100352 0.00198122 0.00757717 0.00028574 0.00805387 0.0138232 -0.00336179 0.0187849 0.0163436 0.0223157 0.0169621 0.00757879 -0.00244294 -0.00755278 0.00309791 -0.0123552 -0.0150888 -0.0102813 -0.0196865 -0.000276276
internal_weight=264.826 256.733 248.212 41.3555 206.857 193.255 174.924 143.698 31.2252 135.728 32.4764 103.252 49.4109 30.7065 18.434 34.9096 53.8408 7.97019 33.0137 15.1031 18.7045 13.7928 9.72455 40.048 12.9974 27.0506 25.2842 18.3312 20.9862 16.122
internal_count=9402 9335 8724 1609 7115 5900 5329 4344 985 4174 997 3177 1054 694 431 1207 2123 170 1056 544 360 439 337 1684 371 1313 1247 571 1098 441
is_linear=0
shrinkage=0.035


Tree=212
num_leaves=31
num_cat=0
split_feature=84 11 91 91 57 48 96 116 1 48 10 89 71 66 78 71 50 60 32 106 109 2 108 112 60 41 60 100 56 76
split_gain=2.12408 1.95473 3.75045 2.31673 3.67948 2.47421 2.6652 2.08544 2.40233 2.03429 1.92739 4.98103 2.675 1.85567 2.10437 1.78046 2.45305 2.67651 2.37098 2.77809 2.40738 3.63752 2.17853 2.13042 2.56777 1.77492 1.74604 1.79138 1.72566 1.6178
threshold=1165.2500000000002 16.500000000000004 6401.6746088137779 5405.7997409266509 0.22902097902097904 0.036530442035029198 1.283482142857143 0.40129870129870138 9.5000000000000018 0.030076888285843515 2.5000000000000004 655.75000000000011 6.8282167407827759 1.0045249791095132 3.5000000000000004 3.6068115172381248 0.06373307543520311 0.96799795186891979 2.5000000000000004 161.55555555555557 4090.0000000000005 2.5000000000000004 13.500000000000002 0.071796759941089847 0.81016731016731025 1.5000000000000002 0.83889506859473506 0.63961038961038974 0.26352339181286555 0.4271894657610163
decision_type=10 2 10 10 10 2 2 2 2 2 2 10 10 8 10 10 2 2 2 8 8 2 10 2 2 8 2 2 8 10
left_child=1 2 3 10 -5 6 -6 -3 -9 25 15 12 13 -12 -15 18 17 -17 19 26 29 22 -22 24 -20 -4 -1 -28 -23 -21
right_child=-2 7 9 4 5 -7 -8 8 -10 -11 11 -13 -14 14 -16 16 -18 -19 23 20 21 28 -24 -25 -26 -27 27 -29 -30 -31
leaf_value=0.0071961217137700853 -0.014320168800306735 -0.0077784543778196278 0.0082922280234344493 -0.012555483292733625 -0.003461577068764478 -0.0048237306591386708 0.029820613516736646 -0.0025980265346335204 0.024015426504153514 0.0033301691559322784 0.00026827431833071171 0.021724118165259911 0.012876204993107362 -0.019790092370328284 0.0049768525536272928 0.010553362363697959 -0.01282981824511548 -0.0080519476396904432 -0.00517606607714006 0.018390691216089883 0.0185372068833797 0.0076067249925525918 -0.0060978079023929401 -0.0054864176643128646 0.021391725227933915 -0.015115356141548585 -0.014667690145998873 0.007928311674692809 -0.012607082829783718 -0.0037759418906147852
leaf_weight=4.8737681625643772 5.2101043224101877 2.2910762049723443 1.3566401253920073 1.9816064086044232 2.4617961633484802 2.6646414060378438 10.308025892707517 4.6195947261294341 9.1061126880813372 11.046878984314388 11.105395128019152 2.7497495351126409 2.0455726607469833 21.103494827752005 2.9276291957357889 18.320832936442457 12.524912695051169 11.344272816553714 3.3553877074737164 16.841357299475934 9.7318882638355699 3.1515606977045563 3.42646654928103 3.6078394090291104 20.154497692943551 25.887928731855936 16.704109335434627 1.9991792279761273 16.371313836309128 3.1015160972019649
leaf_count=202 714 113 48 107 144 85 218 136 205 425 488 119 53 875 151 408 418 305 106 437 316 48 156 122 465 1197 640 41 596 124
internal_value=0.00139605 0.0019815 0.00106611 0.00299799 0.0136525 0.0192661 0.0242358 0.0122311 0.0167562 -0.00833265 0.00166518 -0.00475695 -0.00905823 -0.0117802 -0.0164353 0.00352708 -0.00233803 0.00330332 0.00591945 0.00238376 0.00668763 0.000379017 0.0122095 0.013937 0.0173571 -0.0128447 -0.00671184 -0.0110895 -0.00845836 0.0148775
internal_weight=262.375 257.165 241.148 202.857 17.4161 15.4345 12.7698 16.0168 13.7257 38.2914 185.441 39.9318 37.1821 35.1365 24.0311 145.509 42.19 29.6651 103.319 76.2012 52.6241 32.6812 13.1584 27.1177 23.5099 27.2446 23.5771 18.7033 19.5229 19.9429
internal_count=9462 8748 8294 6624 554 447 362 454 341 1670 6070 1686 1567 1514 1026 4384 1131 713 3253 2560 1677 1116 472 693 571 1245 883 681 644 561
is_linear=0
shrinkage=0.035


Tree=213
num_leaves=31
num_cat=0
split_feature=84 11 105 118 81 60 32 21 96 66 47 116 110 86 46 92 57 119 1 72 107 100 55 118 128 91 70 104 96 109
split_gain=2.13839 1.63826 2.88864 2.06882 2.4741 2.19992 1.82454 2.41574 2.35299 2.09502 3.73959 3.24494 2.45403 2.63667 2.52179 2.33627 2.20465 2.42527 2.17213 2.09428 2.11335 2.07039 2.11544 2.04996 3.44203 2.3897 1.8493 1.81001 1.84939 1.72446
threshold=1165.2500000000002 2.5000000000000004 1.0000000180025095e-35 0.61721611721611735 569.96543859288647 0.95683229813664605 8.5000000000000018 6.5000000000000009 1.283482142857143 2.0343637680652829 0.034286833855799378 0.27346041055718479 64.250000000000014 175.17588490727806 0.056470900876959877 70087.500000000015 0.3095838587641867 1.8400694135653481 17.500000000000004 8.5000000000000018 1429.2432072393142 0.28801843317972359 0.83130081300813019 0.86715686274509818 0.1126984126984127 5144.4871784146035 11.449494949494952 0.77003205128205143 1.3015151515151517 7396.5000000000009
decision_type=10 2 2 2 10 2 2 2 2 8 2 2 10 8 2 2 10 10 2 10 10 2 10 2 2 8 10 2 2 10
left_child=1 2 -1 -3 6 29 9 8 -8 11 12 16 13 -11 15 -15 -5 -18 -16 -12 -21 22 -9 -13 26 -26 -25 28 -19 -6
right_child=-2 3 -4 4 5 -7 7 21 -10 10 19 23 -14 14 18 -17 17 27 -20 20 -22 -23 -24 24 25 -27 -28 -29 -30 -31
leaf_value=-0.01107920851687871 -0.014455787574493674 0.012987712786626866 0.0080777499957331283 -0.010070331763786647 0.035192864341888813 -0.0061002168094983723 -0.0052690935332732336 -0.014043481252196894 0.01854944045327667 -0.0073105244755732254 -0.016125073311086362 -0.01770783884720133 -0.0068620941555212565 0.022537974361701203 -0.0052897691522315621 -0.0020235237812952635 -0.0046885799423884286 0.029613222343873952 0.015312660757844449 -0.0089450183006403519 0.012848086284591354 0.011704049338472182 0.0051766492494476016 -0.0092672235980753633 -0.022921715662555187 0.0050607569693955547 0.010223007581975202 -0.0013991072584645008 -0.0043509868553433381 -0.0038679682316960151
leaf_weight=23.045949324616231 5.2091624017339191 17.953630987554789 10.365178276319055 4.1994662026409086 1.4666872086236251 1.0464997303206471 4.119895015377554 11.296943665598524 18.010349496966228 6.0883344712201497 11.573552152840422 18.327989122713916 9.170033232890999 23.04350454162341 13.95572762435768 4.773472409695386 6.0641058294568237 5.9868693823227641 4.4443284432636565 6.1877000362146628 5.7909805903909728 6.4112958032637826 8.762262928998096 3.9395410341676387 7.5887810493586558 3.1281798927811915 15.995075855986213 3.6442989805946127 0.98583410610444833 0.61830759770236898
leaf_count=1455 685 473 509 366 281 246 166 384 324 56 357 745 347 394 252 98 246 203 83 116 140 127 131 112 155 75 423 159 51 194
internal_value=0.00130955 0.00189667 -0.00485825 0.00298556 0.00183012 0.0207791 0.00104718 0.00661764 0.0139614 -0.000853006 0.00277287 -0.00515656 0.00719538 0.0100436 0.0128202 0.018657 0.00551384 0.0108548 0.00189514 -0.0080092 0.00227163 -0.000764686 -0.00629004 -0.00979485 -0.00324344 -0.0157423 0.00528535 0.0183914 0.0249996 0.0290543
internal_weight=263.194 257.985 33.4111 224.574 206.62 3.13149 203.489 48.6007 22.1302 154.888 85.0276 69.8601 61.4754 52.3054 46.217 27.817 20.8806 16.6811 18.4001 23.5522 11.9787 26.4705 20.0592 48.9796 30.6516 10.717 19.9346 10.617 6.9727 2.08499
internal_count=9353 8668 1964 6704 6231 721 5510 1132 490 4378 1843 2535 1230 883 827 492 1025 659 335 613 256 642 515 1510 765 230 535 413 254 475
is_linear=0
shrinkage=0.035


Tree=214
num_leaves=31
num_cat=0
split_feature=118 2 116 11 43 45 118 23 107 54 60 68 41 104 76 41 44 15 44 45 78 94 50 81 107 76 128 51 95 56
split_gain=2.19338 3.91861 2.86823 3.04917 4.16213 3.50581 2.20841 2.16954 2.16187 2.02623 5.08945 3.92792 3.59044 3.31824 2.9917 2.68992 1.99409 1.96111 1.94362 1.92005 1.88195 1.83916 2.03295 1.81105 1.78435 1.57276 1.52808 2.05476 1.81472 1.48593
threshold=0.89512961508248245 4.5000000000000009 0.88501602564102566 6.5000000000000009 0.24647607702997817 0.24795081967213117 0.94301948051948059 1.5000000000000002 1626.4133617029136 0.15894736842105264 0.91977011494252892 15.500000000000002 16.500000000000004 0.22305140961857381 0.40458561829460077 2.5000000000000004 0.28035087719298252 4.5000000000000009 0.28509852216748771 0.1412189953882588 2.5000000000000004 20676.250000000004 0.096464019851116647 160.11015933808378 20.508128369148384 0.36474203406690248 0.15504807692307696 0.045804195804195813 28180.500000000004 0.2991228070175439
decision_type=2 2 2 2 2 2 2 2 8 8 2 8 10 2 8 8 2 2 2 2 8 2 2 8 8 8 2 2 2 10
left_child=9 2 3 5 -5 23 16 8 29 12 11 -11 14 15 -1 -12 -6 -9 -17 -13 -15 -16 26 -2 -8 -4 27 -23 -28 -3
right_child=1 7 25 4 6 -7 24 17 -10 10 13 19 -14 20 21 18 -18 -19 -20 -21 -22 22 -24 -25 -26 -27 28 -29 -30 -31
leaf_value=-0.004878653132683047 0.0048366943194216167 0.00014565773636930117 -0.0077330049398196057 0.014922354440589321 0.0062299819599675732 0.0048937367243774323 -0.012617393947400034 -0.0096557986131933903 -0.0073538263154758927 -0.013889703635769886 0.00070479488880231171 0.021438088618543447 -0.0098992522336343123 0.0042215296347666012 -0.0043860628997151874 -0.001512419286296834 -0.019731643293454216 0.012392649212576318 0.023398020588711585 -0.0075317542937724576 -0.011406884452796305 0.032946782630607095 -0.0013839275798983655 -0.024651347690168805 0.0084426540522545123 0.011868574567491066 -0.0049623525591264931 -0.0023499451101567661 0.01709903380865473 0.021028636316571009
leaf_weight=7.4085102760000145 1.1782019422389627 5.6095504612894791 3.6002588877454373 7.1567910419544196 1.9849523159209699 5.0175155603792509 2.3942478648386869 12.50844367884565 3.0672619552351525 32.887875925633125 16.315648725954816 2.6429108493030067 6.9326295253122217 16.911999566480521 2.6869209572905701 3.974337263498458 14.482806956977582 2.154156806645914 16.229420869378373 1.2931251527043057 12.087490043370051 11.911011349293409 4.3650426077656439 23.952052163193002 10.080625058501028 9.1178010974545032 5.6519556873245147 1.5733363257022563 4.2540783864678815 12.147928934893569
leaf_count=264 21 79 52 184 60 298 20 421 117 1641 552 64 366 727 92 206 322 67 485 80 570 342 249 1092 177 204 180 75 97 338
internal_value=-0.000109124 -0.00365677 -0.00785121 -0.010671 -0.00305307 -0.0180609 -0.00904135 0.00549354 0.0117259 0.00268014 -0.000130763 -0.00979823 0.00847182 0.00561217 0.0125991 0.0119986 -0.0158802 -0.00408893 0.0191699 0.0130316 -0.00301219 0.0169407 0.0193596 -0.0226956 0.00194704 0.00570335 0.0227927 0.0293068 0.00706942 0.0159131
internal_weight=261.579 114.453 78.9653 66.2472 36.0994 30.1478 28.9426 35.4873 20.8247 147.126 102.343 36.8239 44.7835 65.5189 37.8509 36.5194 16.4678 14.6626 20.2038 3.93604 28.9995 30.4423 27.7554 25.1303 12.4749 12.7181 23.3904 13.4843 9.90603 17.7575
internal_count=9442 3452 2430 2174 763 1411 579 1022 534 5990 4325 1785 1665 2540 1299 1243 382 488 691 144 1297 1035 943 1113 197 256 694 417 277 417
is_linear=0
shrinkage=0.035


Tree=215
num_leaves=31
num_cat=0
split_feature=84 88 41 74 118 63 54 41 69 63 90 114 101 16 76 41 38 1 34 108 116 107 0 107 40 59 70 60 49 110
split_gain=2.1214 1.95704 3.22286 2.16077 1.72372 3.00442 1.74873 2.35804 2.39973 2.96599 2.91644 2.42559 2.38419 2.13301 1.85513 2.6426 2.8433 2.80176 3.27016 2.58953 2.89155 2.58281 2.1511 2.23756 2.7386 2.08843 2.01583 2.5008 2.08198 1.85045
threshold=1165.2500000000002 1052.5000000000002 9.5000000000000018 8.7500000000000018 0.61721611721611735 0.61781229345670863 0.093386627906976757 6.5000000000000009 2.7500000000000004 0.6039701257861636 79911.208791208817 0.11922530206112296 0.076197387518142243 21.500000000000004 0.54790290739547565 4.5000000000000009 2.5000000000000004 9.5000000000000018 1.0000000180025095e-35 41.500000000000007 0.39892473118279576 30.510266071674039 1.1760011574074076 1808.5692764999842 3.5000000000000004 0.7723285486443382 11.577380952380954 0.93492377188029374 0.064866760168302964 188.25000000000003
decision_type=10 10 8 10 2 2 8 8 10 2 2 2 2 2 8 10 2 2 2 10 2 10 2 10 2 2 10 2 2 8
left_child=1 4 3 -3 5 -1 -6 14 10 13 12 -11 -9 -10 26 16 19 18 25 20 21 -16 -22 24 -24 -17 -8 28 -28 -21
right_child=-2 2 -4 -5 6 -7 7 8 9 11 -12 -13 -14 -15 15 17 -18 -19 -20 29 22 -23 23 -25 -26 -27 27 -29 -30 -31
leaf_value=0.017683085873388984 -0.01460424238665199 -0.0059162936769352123 -0.0069471249483625723 0.026648382557063595 0.0076595388494032409 -0.0028943989526968926 -0.014923346326620356 0.0034603117129182602 0.014768007531204037 -0.016883822312951897 0.010838517590331163 0.007716472776597893 -0.018780204605722415 -0.0090365141294380547 0.0060158682689640417 0.039082732080746016 0.01652056793975391 0.00035218125193530071 -0.0078736847569184087 0.015824551580614181 0.014180004630628596 -0.02213673136342684 -0.019298674541095663 0.0081681536644753906 0.0074470043834463633 0.00043310058418513273 -0.011561374687721452 0.0079537166268750983 0.010422405828115924 -0.0080938191260862147
leaf_weight=13.543237775797026 5.1765050037065512 1.1556021115975417 4.4225243533728653 7.5287678940221667 24.628025676589459 14.090947039774617 9.3123868545517308 5.5091812503524116 13.376136084785687 9.3788083960534987 2.5294658180791876 3.9021694676484904 27.518231078516692 2.4393633122090241 2.8532537410501382 4.565817367401908 6.4681155054131514 9.5125617842422781 1.0718999935779718 8.4128254790557513 5.4768174854107228 12.125167806283569 9.4628070241305995 6.7446381931658825 3.7401741048088288 2.2239672852447256 18.60663432546426 20.853397269500419 2.6043526094872496 2.0613020579330632
leaf_count=475 708 58 344 411 727 505 389 153 185 191 86 74 1202 42 76 120 191 288 27 286 88 802 312 119 105 81 635 642 45 56
internal_value=0.00111209 0.00170331 0.0128124 0.0217367 0.00085791 0.00835458 -0.000271685 -0.00146519 -0.00664216 0.000882118 -0.012149 -0.00952224 -0.0151032 0.00980774 0.00134129 0.00473494 0.000692535 0.0149408 0.0255938 -0.00261796 -0.00663797 -0.0166105 0.00100145 -0.00473363 -0.0117577 0.0319757 -0.00357643 0.000254143 -0.00738887 0.0100231
internal_weight=261.295 256.119 13.1069 8.68437 243.012 27.6342 215.377 190.749 64.6534 29.0965 35.5569 13.281 33.0274 15.8155 126.096 74.7193 57.3451 17.3742 7.86168 50.877 40.4029 14.9784 25.4244 19.9476 13.203 6.78978 51.3768 42.0644 21.211 10.4741
internal_count=9423 8715 813 469 7902 980 6922 6195 1933 492 1441 265 1355 227 4262 2551 2035 516 228 1844 1502 878 624 536 417 201 1711 1322 680 342
is_linear=0
shrinkage=0.035


Tree=216
num_leaves=31
num_cat=0
split_feature=96 116 51 101 54 95 88 50 16 76 107 99 44 75 117 66 117 115 107 86 57 54 113 54 108 85 1 95 118 117
split_gain=2.13995 4.42385 2.94898 2.79422 2.5612 2.09013 2.00423 1.9888 2.38324 3.50201 2.56102 1.94238 2.35319 2.29102 2.29361 2.7169 2.16963 2.01426 1.88365 1.71188 1.67025 1.64456 1.61763 1.61374 1.60312 1.78322 1.86562 1.96024 1.74546 1.50384
threshold=1.4387500000000002 0.4058277027027028 0.098387096774193564 0.96666666666666679 0.34848484848484856 31436.000000000004 926.50000000000011 0.078278186274509817 19.500000000000004 0.48511788705512499 446.93999875219635 0.56594202898550738 0.46092796092796101 2.3514705882352946 0.37617924528301894 3.2160309312024933 0.12916666666666668 0.17001204335608192 2316.1544089155918 303.99371850685986 0.4045454545454546 0.13423423423423428 0.051503094606542892 0.39230769230769241 37.500000000000007 448.68146718146721 11.500000000000002 65.500000000000014 0.60263157894736852 0.44529914529914533
decision_type=2 2 2 2 8 2 10 2 2 8 8 2 2 10 2 10 2 2 8 10 8 10 2 10 8 10 2 2 2 2
left_child=4 2 3 29 11 6 7 8 9 23 -11 12 -1 14 16 17 -13 19 -8 -16 -18 -9 -7 -3 28 26 27 -26 -6 -2
right_child=1 5 -4 -5 24 22 18 21 -10 10 -12 13 -14 -15 15 -17 20 -19 -20 -21 -22 -23 -24 -25 25 -27 -28 -29 -30 -31
leaf_value=-0.012537174278016826 0.0040644352327189499 -0.0089358017404041427 0.011172826557166173 0.0084400199482278695 0.0061533522139802684 0.02039519474419757 0.016730242362956116 0.0043487499685621834 -0.011637174146987807 -0.0032996137562626739 0.013136204912940498 0.01341899937151206 0.010097015143568765 -0.0027630270002747905 0.025780118600850749 -0.0085635241757436222 -0.014991834429307098 -0.0024394118264708005 -0.0084255834845064943 -0.0023160523148645423 0.00506256882254379 -0.015779765055247058 -0.0040575612092919808 0.0094076425619629648 0.011963079621331137 -0.011704115353139323 0.014692417789231416 -0.012601307210999073 -0.01566512255948813 -0.022524949889958838
leaf_weight=7.4578537398483586 1.3679772233590579 25.575074887368832 1.9529025116935361 2.0703026109840712 3.2548274220898739 6.6175510734319669 9.5715484147658536 4.3952841139398542 10.812784946057944 13.958731504157184 34.971672544139437 8.1228609035024437 5.4651939993491396 10.583693010150453 26.508131207083359 1.522671379148959 5.2624000580399271 3.0550145625602445 1.4767677079653374 2.0463124865200362 6.4175135943805808 12.812652050401082 2.634326127008535 2.9765576794743529 1.6649533761665285 2.839969365973956 11.084450138267128 5.6086853018496186 10.096711221500298 19.752941961633042
leaf_count=339 74 357 58 113 174 159 559 118 164 284 550 148 148 431 929 75 571 215 88 238 369 376 136 70 101 250 382 248 899 814
internal_value=0.0016963 -0.00101977 -0.0130811 -0.0167429 0.00527486 0.00179881 0.000241253 -0.00144694 0.000861047 0.00320491 0.00857623 0.00868015 -0.00281866 0.0110546 0.0138173 0.0188937 0.00322728 0.0212053 0.0117903 0.0237216 -0.00575844 -0.0108169 0.0144518 -0.00590648 -0.00240426 0.00345864 0.00780755 -0.00439559 -0.0101189 -0.0203544
internal_weight=261.938 150.947 25.1441 23.1912 110.991 125.803 116.551 105.503 88.2948 77.482 48.9304 76.4416 12.923 63.5186 52.9349 33.1321 19.8028 31.6095 11.0483 28.5544 11.6799 17.2079 9.25188 28.5516 34.5496 21.1981 18.3581 7.27364 13.3515 21.1209
internal_count=9437 3920 1059 1001 5517 2861 2566 1919 1425 1261 834 3463 487 2976 2545 1457 1088 1382 647 1167 940 494 295 427 2054 981 731 349 1073 888
is_linear=0
shrinkage=0.035


Tree=217
num_leaves=31
num_cat=0
split_feature=63 118 63 110 88 60 76 110 117 30 43 88 121 54 65 40 101 0 60 118 104 100 27 92 60 44 97 110 41 25
split_gain=2.68057 2.10709 2.26287 2.23845 2.08572 1.93682 2.02784 2.39983 1.76229 1.7554 2.75152 2.52442 1.98382 2.28094 1.93917 1.56538 2.5488 1.981 3.69148 2.7184 2.54488 2.45097 2.01092 1.97251 2.68101 2.06011 1.90585 1.78766 1.72952 2.35
threshold=0.86811594202898557 0.31666666666666671 0.39642857142857152 1098.5000000000002 986.50000000000011 0.81365740740740755 1.3652427820533444 65.750000000000014 0.77459677419354855 1.0000000180025095e-35 0.40138888888888896 1055.5000000000002 1.0000000180025095e-35 0.47727272727272735 6.0294117647058831 19.500000000000004 0.37715517241379315 56.183553240740743 0.90443574690150041 0.90443574690150041 0.02830940988835726 0.26491228070175443 10.500000000000002 64735.500000000007 0.96891108247422697 0.65686274509803932 3.9064569759293932 101.75000000000001 2.5000000000000004 1.5000000000000002
decision_type=2 2 2 8 10 2 8 10 2 2 2 10 2 10 10 2 2 2 2 2 2 2 2 2 2 2 2 10 10 2
left_child=1 3 4 -1 -3 6 -4 -8 -2 12 11 -11 13 -7 15 17 -17 23 22 20 21 -20 27 24 -14 -25 -21 -19 -26 -30
right_child=8 2 5 -5 -6 9 7 -9 -10 10 -12 -13 14 -15 -16 16 -18 18 19 26 -22 -23 -24 25 28 -27 -28 -29 29 -31
leaf_value=0.022574031144414843 -0.01682729230334799 -0.015132660150750895 -0.015836175825605696 -0.0061857990034263274 0.0091193453993473929 0.01601613691605636 0.015188589262962919 -0.01169021671905562 0.003625091465419126 -0.015717805554237782 0.0090285055837812482 0.0095972628467374463 -0.0060020403099243311 -0.0044195307073109664 0.018346303965997339 0.016354281755463804 -0.0079238565586024195 0.024525543935825983 0.021082299501833178 0.009739775733590526 -0.0040297329187247667 -0.0088197581625968705 -0.0043820991297004843 -0.016380695714921671 -0.00675734764116566 0.0086720783884749082 -0.015068075289759399 -0.0055800334660646997 0.019543958847483844 -0.0044475848342798874
leaf_weight=6.0112624205648872 11.449577321065592 12.838246905710546 9.4794074031524378 2.2136930872220555 2.0770930430153376 24.097390030045066 4.4344791067996985 2.4909393038833514 5.3099168401677153 16.818778724176816 8.2000733130844292 2.5709148733876637 33.544151980662718 6.3017642201157278 3.8171382588334373 12.72024887398584 4.0479911880102 11.676678591989909 8.9462876882171276 1.1096006153384212 14.043011448578907 1.3726423373445857 2.823273474816232 15.796721727470869 3.7971208217786652 1.6744128908030678 13.917210228741167 0.93031582445837635 11.488513274118306 4.9128746684873468
leaf_count=67 537 644 463 187 116 788 123 177 109 656 215 194 996 398 93 379 218 344 269 45 726 68 144 476 126 27 396 93 274 95
internal_value=0.000797797 0.00181243 0.0010278 0.0154213 -0.0103137 0.00200444 -0.00810905 0.00467285 -0.0110034 0.0029894 -0.00463662 -0.0110819 0.0042727 0.0117539 0.00238511 0.00135225 0.0100195 -0.000139221 0.00463343 -0.00145225 0.00548589 0.0155242 0.0167218 -0.00387607 -0.000214942 -0.0125843 -0.0112619 0.0213502 0.00867977 0.0129974
internal_weight=260.912 244.152 235.927 8.22496 14.9153 221.012 16.4048 6.92542 16.7595 204.607 27.5898 19.3897 177.017 30.3992 146.618 142.801 16.7682 126.033 54.819 39.3888 24.3619 10.3189 15.4303 71.2138 53.7427 17.4711 15.0268 12.607 20.1985 16.4014
internal_count=9443 8797 8543 254 760 7783 763 300 646 7020 1065 850 5955 1186 4769 4676 597 4079 2085 1504 1063 337 581 1994 1491 503 441 437 495 369
is_linear=0
shrinkage=0.035


Tree=218
num_leaves=31
num_cat=0
split_feature=117 97 92 100 41 9 87 41 61 54 100 46 42 56 9 9 1 119 97 110 100 1 91 117 115 46 104 70 0 11
split_gain=1.87343 2.57982 2.03401 3.26374 1.89114 2.23277 2.62965 2.57014 3.05681 2.15318 2.33037 2.85049 2.77164 2.68172 2.32787 2.18398 2.14071 2.11074 2.1863 1.91891 1.92658 1.80273 2.74035 1.97081 1.80245 1.79801 1.79489 1.72799 1.60784 1.59386
threshold=0.83827375762859646 14.373687214145104 64044.500000000007 0.046536796536796543 6.5000000000000009 14.500000000000002 17.500000000000004 12.500000000000002 0.97234964322120299 0.15504807692307696 0.42206477732793529 0.058195981034093479 1.0000000180025095e-35 0.44590643274853808 6.5000000000000009 2.5000000000000004 15.500000000000002 2.3888748892963059 5.8048514503704558 59.250000000000007 0.051315789473684217 3.5000000000000004 6146.7443945091736 0.16002844950213374 0.49829931972789121 0.19523809523809527 0.41277890466531447 15.020000000000001 2.321064814814815 9.5000000000000018
decision_type=2 2 2 2 8 2 8 10 2 10 2 2 10 10 2 2 2 10 2 8 2 2 10 2 2 2 2 8 2 2
left_child=4 2 -2 27 9 6 -6 19 -9 16 11 12 -11 14 26 -14 -1 18 21 20 -7 -17 23 -23 -3 -12 28 -4 -13 -19
right_child=1 24 3 -5 5 7 -8 8 -10 10 25 13 15 -15 -16 17 -18 29 -20 -21 -22 22 -24 -25 -26 -27 -28 -29 -30 -31
leaf_value=0.019158906067484039 0.012415119377799834 -0.014766583024796038 0.016994880510850192 -0.012225839590309063 0.011678133203934897 -0.0050070013324814838 -0.014249200600514409 -0.016034777692690651 0.0087973290241784435 -0.00702412118335651 -0.016070983149185456 -0.0048406572767164067 -0.0040906413187653127 -0.015302618447990269 -0.0098407715711695039 -0.00093012995110877054 -0.0044058734528470544 -0.008870044889165804 -0.0034597669455668587 -0.0085036216832759387 0.020893109779292207 0.0022026809801595831 -0.0026979777340678619 0.030326496458217757 0.0091634066598105211 0.0069524927163486976 -0.0048531645169779319 -0.0050490070576850185 0.022507609429519852 0.01249447575204132
leaf_weight=10.358486145967616 44.081421787152067 7.1168965543620271 7.69541238853708 9.9045474324375373 1.7645774985430787 2.4822536080610016 28.129021604021545 10.276417041837705 5.9900640543783075 11.652828566380775 11.220408786786718 1.4425746784545532 9.2951696702511963 13.378620772738939 6.3715404625982037 4.3419563171919462 4.5283695216057813 7.213526167906819 4.5306541351601473 1.8563072984106845 9.2614293550141138 4.4859300978714662 3.7370419244980431 17.56435297941789 1.7097696075215933 2.4197740778326979 3.9744008163688704 3.8215247381012896 6.37954216520302 1.6469510749448089
leaf_count=262 694 91 125 150 132 51 1336 633 209 680 584 38 481 815 209 188 155 355 243 188 262 97 194 674 64 61 168 96 179 30
internal_value=0.00156436 0.00606214 0.00848686 -0.000416461 -0.000361819 -0.00523682 -0.0112647 0.00154669 -0.00697204 0.00208923 0.000160242 0.00225179 0.00632265 -0.00579423 0.002999 0.00962018 0.0126853 0.0126683 0.0161361 0.0108709 0.0155582 0.0191558 0.0221396 0.0260697 -0.00849379 -0.0112173 0.010799 0.0103662 0.0175431 -0.00182421
internal_weight=258.632 74.3296 65.5029 21.4215 184.302 59.7601 29.8936 29.8665 16.2665 124.542 109.655 96.0151 64.4684 31.5467 18.1681 52.8156 14.8869 43.5204 34.6599 13.6 11.7437 30.1293 25.7873 22.0503 8.82667 13.6402 11.7965 11.5169 7.82212 8.86048
internal_count=9444 1220 1065 371 8224 2811 1468 1343 842 5413 4996 4351 2942 1409 594 2262 417 1781 1396 501 313 1153 965 771 155 645 385 221 217 385
is_linear=0
shrinkage=0.035


Tree=219
num_leaves=31
num_cat=0
split_feature=84 96 97 86 99 0 42 54 76 123 55 44 119 101 34 4 26 66 119 71 122 118 98 46 110 110 71 21 121 71
split_gain=2.10014 1.82936 2.57497 2.63616 3.56556 1.94651 1.92729 1.82986 2.92661 2.80514 2.53835 2.96009 2.50509 2.44336 2.64357 2.65556 2.52022 2.44255 2.34106 2.27094 2.25485 1.99625 2.47885 2.27545 2.25551 2.03524 1.99834 1.98266 1.97851 1.82143
threshold=1165.2500000000002 3.3229166666666674 14.373687214145104 303.99371850685986 0.42640692640692646 181.83012731481486 1.5000000000000002 0.16954022988505749 0.40458561829460077 1.0000000180025095e-35 0.75093984962406024 0.17712418300653598 1.220271161302606 0.54692082111436957 4.5000000000000009 6.5000000000000009 34.500000000000007 1.9500635676244293 2.2816092112595929 2.3119756630949415 7.5000000000000009 0.84561213434452875 1.1644144144144146 0.10676291793313071 1098.5000000000002 35.250000000000007 1.2616084016395721 1.0000000180025095e-35 2.5000000000000004 4.6159660157449727
decision_type=10 2 2 8 2 2 10 8 8 2 8 2 10 2 2 2 2 10 8 8 2 2 2 2 10 10 8 2 2 10
left_child=1 2 3 4 -1 7 -6 8 -5 10 12 -12 -9 14 15 16 19 -11 -19 -10 28 23 25 24 26 -23 -13 -14 -17 -24
right_child=-2 -3 -4 5 6 -7 -8 9 13 17 11 21 27 -15 -16 20 -18 18 -20 -21 -22 22 29 -25 -26 -27 -28 -29 -30 -31
leaf_value=-0.0073775454191778896 -0.01445576747995236 0.014667515821040464 -0.014137262767561852 -0.0062126369720824793 -0.00042039714565318714 -0.01098933528037116 0.02170024827098754 0.0059922682901054399 -0.0025018227225400203 -0.014052343235877443 -0.0099116455106782082 -0.0026237794888287363 0.010391858183246205 -0.0069659412591186257 -0.0061960834067078686 -0.0053664241340180994 -0.006476214920447072 0.016296307687649739 -0.0081768531535591996 0.025837839485220324 -0.011241368039903835 0.00436157363280224 0.017038329082615156 -0.0034848778862266267 -0.0067600467837602681 -0.017550224131201008 0.027868119101683898 -0.014198920694211902 0.016686806889570218 -0.0079759723377764782
leaf_weight=6.8993300398578894 4.9641312021994954 8.191929046995936 7.7455008015967897 16.535102861002088 5.9594010530272525 11.660115436650811 16.752667815133464 12.999994820216669 2.9940567295998397 24.858899468439631 6.8308007519226512 2.1109230984002449 1.0677834323141748 6.9451179821044198 6.2559883613139382 4.8040456877788555 1.9170037573203433 4.2211721549974728 5.4920640584314251 23.555281979846768 4.9748768246499813 7.3267598261591065 8.9902099207974953 4.1579762018518513 1.1538738450035442 5.3115584562765434 14.308634199318474 20.254992527887225 8.7101245363010076 1.5059387336950738
leaf_count=148 717 194 124 442 316 493 764 454 58 1151 426 87 51 355 160 144 47 138 144 479 172 135 190 131 77 258 383 845 278 45
internal_value=0.00136611 0.00194733 0.00124084 0.00202012 0.0109687 0.000525218 0.0168674 0.00146058 0.00551224 -0.00123299 0.00220014 0.00684225 -0.00477274 0.00896447 0.0114634 0.0141861 0.0201101 -0.0089737 0.00438238 0.0227519 0.00272613 0.0101311 0.00210676 0.0166816 0.0211681 -0.00721192 0.0242506 -0.0112275 0.00951517 0.0120339
internal_weight=259.456 254.492 246.3 238.555 29.6114 208.943 22.7121 197.283 76.6916 120.592 86.0194 51.6967 34.3228 60.1565 53.2114 46.9554 28.4663 34.5721 9.71324 26.5493 18.489 44.8659 23.1345 21.7314 17.5734 12.6383 16.4196 21.3228 13.5142 10.4961
internal_count=9406 8689 8495 8371 1228 7143 1080 6650 2135 4515 3082 1732 1350 1693 1338 1178 584 1433 282 537 594 1306 628 678 547 393 470 896 422 235
is_linear=0
shrinkage=0.035


end of trees

feature_importances:
gap_median=273
gap_le_60=230
cookie_age_days=162
top_share_item_id=158
top_share_item_category=156
search_page_mean=156
items_per_view=153
unique_item_location=148
top_share_item_location=141
events_per_active_minute=129
gap_cv=124
pointer_x_std=118
gap_le_300=118
gap_le_30=108
unique_item_category=103
share_favorite_add=103
share_photo_swipe=102
query_length_mean=101
search_page_std=99
events_per_span_hour=99
share_contact_phone_show=98
gap_std=96
share_item_view=94
pointer_y_max=91
share_seller_page_view=89
fraction_filled_seller_type=87
gap_min=84
query_length_std=83
second_of_day_max=83
second_of_day_min=82
search_page_median=80
pointer_x_max=80
gap_mean=77
query_words_std=75
pointer_y_min=75
second_of_day_median=74
count_platform_norm_desktop=73
gap_max=72
second_of_day_std=71
contact_per_item=70
fraction_filled_item_category=69
count_browser_other=68
gap_le_10=65
query_words_mean=63
photo_per_item=61
query_length_median=59
pointer_x_min=59
created_hour=58
second_of_day_mean=58
pointer_y_std=57
search_page_max=53
count_seller_type_private=51
fraction_filled_item_id=50
share_contact_message_sent=49
count_platform_norm_android=47
top_share_search_query=46
queries_per_search=46
query_length_min=45
query_length_max=45
span_seconds=43
gap_le_2=43
count_browser_chrome=42
gap_le_5=42
fraction_filled_item_location=40
unique_item_id=38
count_event_name_item_view=37
unique_minute=35
share_contact_chat_open=35
count_event_name_favorite_add=34
share_search_results_view=34
count_seller_type_pro=32
count_event_name_photo_swipe=31
deep_search_share=31
pointer_x_median=30
created_weekday=29
n_events=29
transition_item_view_to_item_view=27
count_os_mac=24
share_login=24
count_os_windows=23
gap_le_1=23
fraction_filled_pointer_x=21
duplicate_event_share=21
count_browser_firefox=19
unique_search_page=18
count_browser_yandex=18
business_hours_share=17
pointer_x_mean=16
pointer_y_mean=16
same_item_in_row=16
transition_item_view_to_photo_swipe=15
unique_event_name=14
unique_search_query=14
count_event_name_seller_page_view=14
unique_hour=12
transition_search_results_view_to_item_view=12
fraction_filled_search_query=11
count_platform_norm_ios=10
top_share_user_agent=10
query_words_max=10
pointer_y_median=9
gap_le_0=9
count_event_name_search_results_view=8
count_os_android=8
query_words_min=8
transition_search_results_view_to_search_results_view=8
pointer_unique_x=8
mode_platform_norm=8
unique_browser=6
search_page_min=6
query_words_median=6
page_step_one=6
unique_user_agent=5
pointer_unique_y=5
weekend=4
count_os_other=3
late_night_share=3
unique_os=2
count_event_name_contact_message_sent=2
count_event_name_contact_phone_show=2
count_os_ios=2
transition_item_view_to_contact_phone_show=2
mode_browser=2
unique_seller_type=1
count_event_name_login=1
count_browser_headless=1
mode_os=1

parameters:
[boosting: gbdt]
[objective: binary]
[metric: binary_logloss]
[tree_learner: serial]
[device_type: cpu]
[data_sample_strategy: bagging]
[data: ]
[valid: ]
[num_iterations: 220]
[learning_rate: 0.035]
[num_leaves: 31]
[num_threads: 4]
[seed: 2026]
[deterministic: 0]
[force_col_wise: 0]
[force_row_wise: 0]
[histogram_pool_size: -1]
[max_depth: -1]
[min_data_in_leaf: 30]
[min_sum_hessian_in_leaf: 0.001]
[bagging_fraction: 0.85]
[pos_bagging_fraction: 1]
[neg_bagging_fraction: 1]
[bagging_freq: 1]
[bagging_seed: 26038]
[bagging_by_query: 0]
[feature_fraction: 0.85]
[feature_fraction_bynode: 1]
[feature_fraction_seed: 28694]
[extra_trees: 0]
[extra_seed: 4728]
[early_stopping_round: 0]
[early_stopping_min_delta: 0]
[first_metric_only: 0]
[max_delta_step: 0]
[lambda_l1: 0]
[lambda_l2: 5]
[linear_lambda: 0]
[min_gain_to_split: 0]
[drop_rate: 0.1]
[max_drop: 50]
[skip_drop: 0.5]
[xgboost_dart_mode: 0]
[uniform_drop: 0]
[drop_seed: 5409]
[top_rate: 0.2]
[other_rate: 0.1]
[min_data_per_group: 100]
[max_cat_threshold: 32]
[cat_l2: 10]
[cat_smooth: 10]
[max_cat_to_onehot: 4]
[top_k: 20]
[monotone_constraints: ]
[monotone_constraints_method: basic]
[monotone_penalty: 0]
[feature_contri: ]
[forcedsplits_filename: ]
[refit_decay_rate: 0.9]
[cegb_tradeoff: 1]
[cegb_penalty_split: 0]
[cegb_penalty_feature_lazy: ]
[cegb_penalty_feature_coupled: ]
[path_smooth: 0]
[interaction_constraints: ]
[verbosity: -1]
[saved_feature_importance_type: 0]
[use_quantized_grad: 0]
[num_grad_quant_bins: 4]
[quant_train_renew_leaf: 0]
[stochastic_rounding: 1]
[linear_tree: 0]
[max_bin: 255]
[max_bin_by_feature: ]
[min_data_in_bin: 3]
[bin_construct_sample_cnt: 200000]
[data_random_seed: 6654]
[is_enable_sparse: 1]
[enable_bundle: 1]
[use_missing: 1]
[zero_as_missing: 0]
[feature_pre_filter: 1]
[pre_partition: 0]
[two_round: 0]
[header: 0]
[label_column: ]
[weight_column: ]
[group_column: ]
[ignore_column: ]
[categorical_feature: 131,132,133]
[forcedbins_filename: ]
[precise_float_parser: 0]
[parser_config_file: ]
[objective_seed: 199]
[num_class: 1]
[is_unbalance: 0]
[scale_pos_weight: 1]
[sigmoid: 1]
[boost_from_average: 1]
[reg_sqrt: 0]
[alpha: 0.9]
[fair_c: 1]
[poisson_max_delta_step: 0.7]
[tweedie_variance_power: 1.5]
[lambdarank_truncation_level: 30]
[lambdarank_norm: 1]
[label_gain: ]
[lambdarank_position_bias_regularization: 0]
[eval_at: ]
[multi_error_top_k: 1]
[auc_mu_weights: ]
[num_machines: 1]
[local_listen_port: 12400]
[time_out: 120]
[machine_list_filename: ]
[machines: ]
[gpu_platform_id: -1]
[gpu_device_id: -1]
[gpu_device_id_list: ]
[gpu_use_dp: 0]
[num_gpu: 1]

end of parameters

pandas_categorical:[["other", "yandex", "chrome", "firefox", "safari", "headless"], ["android", "windows", "mac", "ios", "linux", "other"], ["android", "desktop", "ios"]]
