tree
version=v4
num_class=1
num_tree_per_iteration=1
label_index=0
max_feature_idx=133
objective=binary sigmoid:1
feature_names=cookie_age_days created_hour created_weekday n_events unique_event_name unique_platform_norm unique_browser unique_os unique_user_agent unique_item_id unique_item_category unique_item_location unique_seller_type unique_search_query unique_search_page unique_hour unique_minute count_event_name_contact_chat_open count_event_name_contact_message_sent count_event_name_contact_phone_show count_event_name_favorite_add count_event_name_item_view count_event_name_login count_event_name_photo_swipe count_event_name_search_results_view count_event_name_seller_page_view count_platform_norm_android count_platform_norm_desktop count_platform_norm_ios count_browser_chrome count_browser_firefox count_browser_headless count_browser_other count_browser_safari count_browser_yandex count_os_android count_os_ios count_os_linux count_os_mac count_os_other count_os_windows count_seller_type_private count_seller_type_pro share_search_results_view share_item_view share_photo_swipe share_seller_page_view share_contact_phone_show share_contact_chat_open share_contact_message_sent share_favorite_add share_login count_event_name_captcha_shown share_captcha_shown top_share_item_id top_share_item_category top_share_item_location top_share_search_query top_share_user_agent fraction_filled_item_id fraction_filled_item_category fraction_filled_item_location fraction_filled_search_query fraction_filled_seller_type fraction_filled_pointer_x search_page_mean search_page_std search_page_min search_page_max search_page_median query_length_mean query_length_std query_length_min query_length_max query_length_median query_words_mean query_words_std query_words_min query_words_max query_words_median pointer_x_mean pointer_x_std pointer_x_min pointer_x_max pointer_x_median pointer_y_mean pointer_y_std pointer_y_min pointer_y_max pointer_y_median second_of_day_mean second_of_day_std second_of_day_min second_of_day_max second_of_day_median span_seconds events_per_active_minute events_per_span_hour items_per_view queries_per_search contact_per_item photo_per_item captcha_per_event late_night_share business_hours_share weekend gap_mean gap_std gap_min gap_max gap_median gap_le_0 gap_le_1 gap_le_2 gap_le_5 gap_le_10 gap_le_30 gap_le_60 gap_le_300 gap_cv duplicate_event_share transition_search_results_view_to_item_view transition_item_view_to_item_view transition_item_view_to_photo_swipe transition_item_view_to_contact_phone_show transition_search_results_view_to_search_results_view same_item_in_row page_step_one deep_search_share pointer_unique_x pointer_unique_y mode_browser mode_os mode_platform_norm
feature_infos=[0.012361111111111111:449.28487268518518] [0:23] [0:6] [1:169] [1:9] none [1:3] [1:2] [1:3] [0:80] [0:8] [0:31] [0:2] [0:29] [0:23] [1:17] [1:90] [0:8] [0:6] [0:12] [0:13] [0:91] [0:6] [0:24] [0:66] [0:14] [0:126] [0:169] [0:140] [0:142] [0:148] [0:169] [0:140] [0:107] [0:137] [0:126] [0:140] [0:169] [0:142] [0:120] [0:148] [0:55] [0:49] [0:1] [0:1] [0:1] [0:1] [0:1] [0:1] [0:1] [0:1] [0:1] none none [0.026666666666666668:1] [0.19047619047619047:1] [0.090277777777777776:1] [0.058823529411764705:1] [0.33333333333333331:1] [0:1] [0:1] [0:1] [0:1] [0:1] [0:1] [1:13] [0:14.380542409798039] [1:13] [1:63] [1:13] [4:24] [0:14.142135623730951] [4:24] [4:24] [4:24] [1:4] [0:2.1213203435596424] [1:4] [1:4] [1:4] [18:1892] [0:1247.3363620130699] [0:1892] [18:1920] [18:1892] [9:1079] [0:696.50017946874937] [0:1079] [9:1080] [9:1079] [311.15384615384613:86372] [0:28150.064293936139] [3:86372] [475:86399] [165.5:86372] [0:83488] [1:13.5] [0.52531737924996347:81.365712911757626] [0:10] [0:1] [0:5] [0:8] none [0:1] [0:1] [0:1] [0:9005] [0:6356.1828560858758] [0:9005] [0:9760] [0:9005] [0:1] [0:1] [0:1] [0:1] [0:1] [0:1] [0:1] [0:1] [0:8.2930073116259848] [0:0.5] [0:29] [0:57] [0:10] [0:7] [0:39] [0:5] [0:6] [0:1] [0:117] [0:116] -1:2:0:3:1:5:4 -1:0:1:2:3:4:5 -1:1:0:2
tree_sizes=1688 1736 1715 1730 1723 1738 1741 1733 1740 1749 1748 1741 1748 1742 1743 1747 1753 1748 1744 1749 1735 1751 1743 1746 1775 1743 1749 1741 1748 1743 1748 1748 1753 1758 1749 1752 1747 1769 1750 1760 1759 1757 1748 1749 1743 1739 1751 1754 1758 1745 1747 1736 1745 1753 1752 1763 1756 1769 1748 1758 1746 1755 1767 1755 1756 1751 1761 1761 1749 1746 1753 1756 1755 1749 1748 1769 1750 1752 1756 1750 1766 1756 1762 1753 1758 1762 1761 1748 1779 1750 1745 1756 1752 1762 1752 1758 1743 1752 1758 1768 1756 1763 1765 1762 1753 1763 1742 1762 1754 1759 1752 1758 1766 1759 1759 1756 1765 1771 1764 1755 1765 1761 1767 1763 1757 1763 1757 1755 1760 1765 1758 1749 1757 1758 1762 1762 1756 1771 1758 1753 1762 1776 1755 1762 1757 1753 1756 1761 1754 1755 1769 1760 1762 1759 1763 1749 1763 1762 1760 1762 1756 1750 1759 1761 1762 1758 1753 1765 1758 1764 1758 1751 1780 1764 1778 1752 1750 1759 1763 1764 1753 1760 1760 1759 1767 1755 1755 1754 1768 1768 1757 1767 1763 1761 1763 1755 1764 1763 1751 1762 1750 1760 1767 1767 1745 1756 1764 1762 1762 1755 1766 1766 1759 1767 1763 1766 1766 1759 1759 1760 1769 1756 1765 1760 1762 1757 1763 1749 1768 1761 1752 1758 1759 1761 1762 1760 1759 1765 1774 1764 1755 1761 1764 1756 1763 1760 1766 1758 1755 1763 1762 1763 1756 1761 1759 1765 1759 1755 1753 1774 1760 1768 1757 1759 1768 1757 1751 1753 1769 1752 1764 1766 1781 1771

Tree=0
num_leaves=15
num_cat=0
split_feature=96 81 68 81 117 54 55 88 110 97 117 117 80 55
split_gain=1459.68 448.591 216.842 197.62 129.246 86.0019 82.2965 60.7855 50.9585 146.173 62.4297 24.4919 20.7725 22.0219
threshold=2.759615384615385 357.33930270589445 2.5000000000000004 273.96594751508638 0.83827375762859646 0.31009615384615391 0.56736587333602262 1079.5000000000002 260.25000000000006 1.9536549858406314 0.13961038961038963 0.73401360544217698 517.62500000000011 0.80600358422939078
decision_type=2 8 10 10 2 8 10 8 10 2 2 2 10 10
left_child=1 2 -1 -2 8 6 -6 -8 11 -10 -11 -3 13 -13
right_child=3 4 -4 -5 5 -7 7 -9 9 10 -12 12 -14 -15
leaf_value=-2.4222495234824746 -2.1601491436544213 -2.4552319355579781 -2.2333202825225902 -2.43497968474869 -2.430073763962898 -2.4443429583976313 -2.4401001054843561 -2.2996366750832489 -2.4516989982240593 -2.2795168250748161 -2.4312666506170491 -2.4350613752144095 -2.4565866490212547 -2.3873549684338817
leaf_weight=12.886168628931047 22.271470636129383 476.71375274658203 13.705520391464232 3.351893573999404 13.854493439197539 24.580552875995636 3.6498396694660213 15.269737392663954 34.785206645727158 5.9589219093322736 4.4691914319992065 31.507799595594406 22.196984112262726 12.960655152797697
leaf_count=173 299 6400 184 45 186 330 49 205 467 80 60 423 298 174
internal_value=-2.42771 -2.4384 -2.30946 -2.19136 -2.44458 -2.39631 -2.36291 -2.32358 -2.44951 -2.41497 -2.32451 -2.45248 -2.43225 -2.41845
internal_weight=698.162 672.539 26.5917 25.6234 645.947 57.3546 32.7741 18.9196 588.593 45.2133 10.4281 543.379 66.6654 44.4685
internal_count=9373 9029 357 344 8672 770 440 254 7902 607 140 7295 895 597
is_linear=0
shrinkage=1


Tree=1
num_leaves=15
num_cat=0
split_feature=96 81 9 113 117 108 11 9 10 88 116 87 117 55
split_gain=1173.06 397.31 185.481 125.367 117.961 79.7597 88.6676 76.6769 84.4309 76.3298 45.0906 30.2857 31.5794 24.1442
threshold=2.759615384615385 332.60676822318106 3.5000000000000004 0.1180340557275542 0.83409785932721725 125.50000000000001 2.5000000000000004 3.5000000000000004 3.5000000000000004 1079.5000000000002 0.8190909090909092 1.0000000180025095e-35 0.69113355780022456 0.80600358422939078
decision_type=2 8 2 2 2 10 2 2 2 8 2 10 2 10
left_child=1 2 -1 10 5 11 -7 -6 9 -9 -2 12 -3 -14
right_child=3 4 -4 -5 7 6 -8 8 -10 -11 -12 -13 13 -15
leaf_value=0.0070197880118984327 0.040549738177136661 -0.022047403262811432 0.18148052722679109 0.0054073647214635421 -0.023380458790838835 -0.0080598517917112086 0.12216256414968187 -0.017957939593992424 -0.025250478133661842 0.10491684031582889 0.23445559180938969 -0.034789104637189483 -0.0092019029671674066 0.033392129069296513
leaf_weight=13.128339082002642 4.0590465664863649 300.70513375103474 13.686031378805636 4.1507277190685263 19.914930462837219 16.512253783643249 4.9165803194046012 6.2082054987549808 9.8153192251920682 23.941247411072254 23.358836233615875 195.20389290899038 47.706985995173454 18.702436402440071
leaf_count=168 46 4124 161 49 271 224 62 84 131 300 254 2677 648 247
internal_value=0.000144625 -0.0103095 0.110592 0.193218 -0.0161601 -0.0209944 0.0392772 0.0289541 0.0547329 0.0806598 0.216431 -0.0236172 -0.0172891 0.00429173
internal_weight=702.01 670.441 26.8144 31.5686 643.627 583.747 21.4288 59.8797 39.9648 30.1495 27.4179 562.318 367.115 66.4094
internal_count=9446 9097 329 349 8768 7982 286 786 515 384 300 7696 5019 895
is_linear=0
shrinkage=0.035


Tree=2
num_leaves=15
num_cat=0
split_feature=96 81 81 10 130 9 88 108 3 117 99 86 95 32
split_gain=1015.17 279.234 271.842 235.359 124.257 117.842 61.8487 74.4813 100.93 63.5877 25.3105 19.11 16.574 14.3086
threshold=2.1889880952380958 357.33930270589445 316.49059762417625 3.5000000000000004 4.5000000000000009 5.5000000000000009 1079.5000000000002 94.500000000000014 4.5000000000000009 0.69113355780022456 0.58477011494252884 301.81566429665872 332.50000000000006 8.5000000000000018
decision_type=2 8 10 2 2 2 8 10 2 2 2 10 2 2
left_child=1 4 3 5 -1 -2 -3 9 -9 -8 12 -6 -11 -12
right_child=2 6 -4 -5 11 -7 7 8 -10 10 13 -13 -14 -15
leaf_value=-0.010231247976765025 0.025913840973071822 -0.034529652689352895 -0.026049984132484598 -0.02251020426202514 0.14808210804881389 0.19893881974805749 -0.022534261721072514 -0.010826398865278085 0.12929092465941794 -0.0096129853789422032 -0.0095063205565716555 0.026201575265979521 0.051093210956512113 0.025436167427886198
leaf_weight=10.563455991446974 7.1985586509108535 206.17217224091291 10.838625364005564 7.026484601199626 13.611341178417208 42.051759831607342 286.70452189445496 13.554341167211534 5.7397308722138396 5.3805607706308392 54.22941368073225 4.450976848602294 18.276959516108036 13.956582218408583
leaf_count=136 85 2907 147 87 143 419 4008 184 69 73 722 52 232 184
internal_value=0.000239633 -0.0138391 0.124706 0.153497 0.08459 0.178368 -0.01916 -0.0108654 0.0488874 -0.0145085 0.0104151 0.13024 0.0380182 -0.00110501
internal_weight=699.755 632.64 67.1154 56.2768 28.6258 49.2503 604.014 397.842 19.2941 378.548 91.8435 18.0623 23.6575 68.186
internal_count=9448 8710 738 591 331 504 8379 5472 253 5219 1211 195 305 906
is_linear=0
shrinkage=0.035


Tree=3
num_leaves=15
num_cat=0
split_feature=96 81 54 81 116 108 3 117 83 55 54 23 109 66
split_gain=892.378 325.923 152.863 136.962 83.9147 72.2094 106.332 70.9103 50.5146 39.4271 59.1565 16.5159 12.838 11.8858
threshold=2.4900000000000007 357.33930270589445 0.40833333333333338 316.49059762417625 0.77871939736346529 117.50000000000001 4.5000000000000009 0.73401360544217698 1919.5000000000002 0.54606060606060614 0.22474747474747478 4.5000000000000009 2456.0000000000005 0.44974030618330174
decision_type=2 8 8 10 2 10 2 2 8 10 8 2 10 10
left_child=1 2 13 4 -2 7 -7 -3 -9 -10 11 -11 -12 -1
right_child=3 5 -4 -5 -6 6 -8 8 9 10 12 -13 -14 -15
leaf_value=0.032505418988847741 0.031329980474421204 -0.026118007893346742 -0.010740239158799913 -0.01987577993019856 0.16875447110422251 -0.013596609137689467 0.12166137666475116 -0.029342173682539562 -0.01629354297233393 0.079266546580844241 -0.016374362191072706 0.0076376475128049088 0.023295138780478522 0.15016647951889905
leaf_weight=4.5910817459225681 9.1983213126659376 470.02470938116312 12.097509048879145 5.4598055630922309 39.224193230271339 17.124494619667534 6.2272227853536597 33.736485883593559 24.583551496267319 20.962388895452026 19.836005963385109 6.0021727904677382 11.723974399268625 16.483400620520115
leaf_count=53 100 6728 154 74 325 236 66 486 329 245 264 74 146 153
internal_value=0.000311624 -0.0115379 0.0878712 0.130769 0.148025 -0.0176121 0.0375674 -0.0201065 0.00415496 0.0186461 0.03345 0.0670111 -0.000467354 0.135682
internal_weight=697.275 643.393 33.172 53.8823 48.4225 610.221 23.3517 586.869 116.845 83.1081 58.5245 26.9646 31.56 21.0745
internal_count=9433 8934 360 499 425 8574 302 8272 1544 1058 729 319 410 206
is_linear=0
shrinkage=0.035


Tree=4
num_leaves=15
num_cat=0
split_feature=96 81 10 81 9 108 16 9 110 88 99 106 4 83
split_gain=735.754 265.861 186.001 147.085 131.206 69.9421 93.5511 58.0272 43.8356 42.4637 26.0571 17.7368 15.9076 13.7711
threshold=2.2052631578947373 385.70564618521638 3.5000000000000004 347.40538503541865 3.5000000000000004 94.500000000000014 4.5000000000000009 5.5000000000000009 36.250000000000007 1079.5000000000002 0.58477011494252884 195.56818181818184 6.5000000000000009 1065.5000000000002
decision_type=2 8 2 10 2 10 2 2 8 8 2 10 2 10
left_child=1 4 3 7 13 8 -7 -2 9 -3 11 -11 -13 -1
right_child=2 5 -4 -5 -6 6 -8 -9 -10 10 -12 12 -14 -15
leaf_value=0.027462033917781535 0.022956427062751826 -0.03104099390251927 -0.026216202896364081 -0.021742165374330043 0.12413491596752374 -0.012914256708691141 0.10592794721703229 0.14798756201254204 -0.026244143558180284 -0.0044694025032317062 -0.00067411440810210643 0.077098804327393883 0.0020274091484697924 -0.023391411247451796
leaf_weight=6.4184531718492535 7.1475105807185164 38.82132301479578 10.682917580008505 6.7192452996969214 20.060629956424236 19.355139918625358 7.9182382076978675 52.982517525553703 420.28121216595173 6.8936244025826481 67.433755360543728 9.061801612377165 4.9515978991985312 10.249949760735033
leaf_count=81 77 576 136 95 183 271 83 412 6137 92 913 107 63 135
internal_value=0.00114726 -0.0120001 0.0992777 0.119761 0.0735161 -0.0180522 0.0326546 0.136029 -0.0208511 -0.00270818 0.0107385 0.0405746 0.0580814 -0.0019911
internal_weight=688.978 611.446 77.5322 66.8493 36.729 574.717 27.2734 60.13 547.443 127.162 88.3408 20.907 14.0134 16.6684
internal_count=9361 8641 720 584 399 8242 354 489 7888 1751 1175 262 170 216
is_linear=0
shrinkage=0.035


Tree=5
num_leaves=15
num_cat=0
split_feature=96 81 10 81 11 113 108 97 117 88 27 32 47 23
split_gain=685.753 213.223 157.447 131.233 96.0092 69.6191 66.6781 68.1408 42.8866 40.1714 33.4384 27.5777 22.9538 19.2809
threshold=2.1695402298850577 357.33930270589445 3.5000000000000004 316.49059762417625 3.5000000000000004 0.11922530206112296 125.50000000000001 1.9536549858406314 0.65419580419580436 1079.5000000000002 13.500000000000002 4.5000000000000009 0.040956108470785575 1.5000000000000002
decision_type=2 8 2 10 2 2 10 2 2 8 2 2 2 2
left_child=1 4 3 5 -1 -2 8 -8 -3 -10 11 -11 -12 -13
right_child=2 6 -4 -5 -6 -7 7 -9 9 10 12 13 -14 -15
leaf_value=0.0003869011308773917 0.1330157908013819 -0.026724395789267483 -0.025949762812070908 -0.022120846672135857 0.11168857775907934 0.0040196205250120874 -0.012621592858948667 0.096903126451069119 -0.029736679085012794 -0.015801069050917108 0.060984967288554473 0.052013962862355004 -0.005438882147479257 -0.0027755853543325656
leaf_weight=16.070234261453152 60.892017833888531 384.61571022868156 10.388303555548189 7.0246725976467124 18.323560908436775 5.9014927521347991 13.51434998214245 7.4669495746493331 49.627584680914879 63.343316756188869 14.535646639764311 10.307146489620211 8.327027313411234 15.208775766193865
leaf_count=194 447 5756 134 101 147 57 188 75 754 869 184 136 112 201
internal_value=0.000685137 -0.0126498 0.0912846 0.108382 0.0663335 0.122692 -0.0179793 0.0375041 -0.0204325 -0.00508177 0.00667478 -0.00362035 0.0401575 0.0242527
internal_weight=685.547 601.34 84.2065 73.8182 34.3938 66.7935 566.947 20.9813 545.965 161.349 111.722 88.8592 22.8627 25.5159
internal_count=9355 8616 739 605 341 504 8275 263 8012 2256 1502 1206 296 337
is_linear=0
shrinkage=0.035


Tree=6
num_leaves=15
num_cat=0
split_feature=96 81 81 65 116 108 3 117 21 83 55 56 55 107
split_gain=589.012 208.97 126.363 89.8906 69.1805 61.8388 72.9461 50.5978 39.1706 30.1615 21.5212 21.3569 21.076 18.9319
threshold=2.2052631578947373 385.70564618521638 316.49059762417625 1.2071428571428573 0.77871939736346529 117.50000000000001 4.5000000000000009 0.73401360544217698 1.5000000000000002 1911.5000000000002 0.66441441441441451 0.62593283582089565 0.50247524752475259 407.33244047339832
decision_type=2 8 10 10 2 10 2 2 2 8 10 8 10 10
left_child=1 3 4 -1 10 7 -7 -3 -5 -9 -2 12 -11 -14
right_child=2 5 -4 8 -6 6 -8 9 -10 11 -12 -13 13 -15
leaf_value=-0.016854410577136353 -0.0022984868409169539 -0.025353731307140703 -0.024994293822150102 0.00041621693229304969 0.11846336090345512 -0.013148835294927625 0.097523915113574305 -0.027841134140177196 0.10401981576373485 -0.010231779088105474 0.059787853583548357 -0.012766542566287491 0.0013932256929697349 0.052380019731680022
leaf_weight=12.035550884902475 10.580705970525743 439.66115584224463 9.7725288271903974 5.3214282765984562 53.899857506155968 15.354616716504099 7.3636891022324553 25.041485443711281 24.341909691691399 13.186065405607222 12.655334837734697 23.122789941728115 13.061812192201613 25.175695694983006
leaf_count=154 111 6702 144 65 344 216 63 390 201 182 107 304 170 298
internal_value=0.000411011 -0.0120626 0.0829957 0.0593015 0.0973659 -0.0178342 0.0338446 -0.0203024 0.0881749 0.00214434 0.0361156 0.0133339 0.0251613 0.0371383
internal_weight=690.575 603.666 86.9084 41.6989 77.1359 561.967 22.7183 539.249 29.6633 99.5878 23.236 74.5464 51.4236 38.2375
internal_count=9451 8745 706 420 562 8325 279 8046 266 1344 218 954 650 468
is_linear=0
shrinkage=0.035


Tree=7
num_leaves=15
num_cat=0
split_feature=116 11 83 10 11 108 3 117 82 27 32 88 101 99
split_gain=529.297 133.44 128.439 115.152 91.6365 67.5172 60.1433 59.9133 26.6623 33.2403 20.6486 18.3764 17.6237 16.3139
threshold=0.66862745098039222 3.5000000000000004 1341.5000000000002 3.5000000000000004 2.5000000000000004 117.50000000000001 4.5000000000000009 0.73401360544217698 294.50000000000006 13.500000000000002 6.5000000000000009 1079.5000000000002 0.27149877149877155 0.70710784313725505
decision_type=2 2 8 2 2 10 2 2 8 2 2 8 2 2
left_child=2 -2 4 -3 -1 7 -7 11 -9 10 -10 -4 -12 -11
right_child=1 3 5 -5 -6 6 -8 8 9 13 12 -13 -14 -15
leaf_value=-0.016979890410933333 -0.011542225875422007 0.10906359227499206 -0.034689349533276431 -0.020815133807828099 0.083879630556079679 -0.0073073492815840272 0.094318308968893705 -0.02532336023933764 -0.011381630969405846 0.072075099690540115 0.052119063919263547 -0.018588851920962546 -0.0069070117744036682 0.002918024916437484
leaf_weight=15.673868171870707 16.23411064222455 67.766931265592575 143.54002136737108 7.8081321977078906 23.457887183874846 14.901226632297041 7.6249518543481818 21.75332597643137 43.673219781368971 10.205852694809439 9.7732630074024218 284.13253013789654 8.886462636291979 6.3650777451694003
leaf_count=223 207 460 2255 99 206 210 61 344 570 100 104 4370 113 77
internal_value=0.000801089 0.0766924 -0.0115538 0.095186 0.0461345 -0.0160299 0.0379762 -0.018667 0.00541105 0.0148885 0.00178329 -0.0243311 0.0284895 0.0523448
internal_weight=681.797 91.8092 589.988 75.5751 39.1318 550.856 22.5262 528.33 100.657 78.9039 62.3329 427.673 18.6597 16.5709
internal_count=9399 766 8633 559 429 8204 271 7933 1308 964 787 6625 217 177
is_linear=0
shrinkage=0.035


Tree=8
num_leaves=15
num_cat=0
split_feature=96 10 87 113 56 0 110 56 97 10 117 50 80 45
split_gain=493.644 114.15 113.284 61.5935 56.7056 45.4132 42.2945 35.6261 34.7848 33.1516 20.6731 20.2271 15.9998 15.5927
threshold=2.1356321839080463 3.5000000000000004 1.0000000180025095e-35 0.12200956937799044 0.20611577964519143 4.7096238425925927 233.00000000000003 0.65496715927750426 1.7983802258258772 2.5000000000000004 0.67533783783783796 0.054200940070505292 597.96875000000011 0.15235814296241715
decision_type=2 2 8 2 8 2 10 10 2 2 2 2 8 2
left_child=2 3 -1 7 9 6 10 13 -8 11 -6 -4 -7 -2
right_child=1 -3 4 -5 5 12 8 -9 -10 -11 -12 -13 -14 -15
leaf_value=0.079989917863500848 0.10514152422327151 -0.026302599625604422 0.07011751545846219 -0.0043074325152490552 -0.016179178981698399 0.013676948056075174 -0.0076362292981679665 0.014434326330862099 0.092931448073357639 -0.0099670339352361456 0.015720121499695823 0.0050010635237686188 -0.02403105513021252 0.024956421497549067
leaf_weight=11.11090863868594 65.432956822216511 10.995066929608582 12.746037341654302 8.519034266471861 72.089994076639414 11.221084482967852 5.8891697451472265 8.5529712215065938 5.4409749247133732 19.330062031745911 32.131673511117697 9.9388858787715417 402.14409631490707 6.942411843687295
leaf_count=106 411 150 149 94 1125 135 87 71 56 291 426 143 6153 55
internal_value=0.000649816 0.0703716 -0.0118789 0.0830183 -0.0143457 -0.0174908 0.00185484 0.0919266 0.0543255 0.0228974 -0.00607515 0.0476439 -0.0228562 0.0995597
internal_weight=682.485 100.442 582.043 89.4474 570.932 528.917 115.552 80.9283 11.3301 42.015 104.222 22.6849 413.365 72.3754
internal_count=9452 781 8671 631 8565 7982 1694 537 143 583 1551 292 6288 466
is_linear=0
shrinkage=0.035


Tree=9
num_leaves=15
num_cat=0
split_feature=96 81 81 11 108 3 113 82 110 55 55 54 56 118
split_gain=435.653 161.67 100.143 66.5275 62.4378 85.8662 45.9669 37.0559 45.674 36.9004 18.0234 31.8926 12.6311 12.114
threshold=2.1695402298850577 347.40538503541865 316.49059762417625 3.5000000000000004 94.500000000000014 4.5000000000000009 0.11583184257602865 1.0000000180025095e-35 37.250000000000007 0.45798022598870064 0.95119047619047625 0.25543478260869573 0.36474501108647456 0.60263157894736852
decision_type=2 8 10 2 10 2 2 10 8 10 10 8 8 2
left_child=1 3 6 -1 7 -6 9 8 10 -2 -3 -12 13 -10
right_child=2 4 -4 -5 5 -7 -8 -9 12 -11 11 -13 -14 -15
leaf_value=-0.0012040728375648823 0.00025470111348837459 -0.0017968316277926913 -0.0257233162022713 0.089042193211482226 -0.014675567467953779 0.093903235327502346 0.00027268803695916331 -0.032903395164187527 0.025444318328922421 0.091720119800794253 0.066953760855203173 -0.0039680981465731293 -0.025671740401372455 -0.012803648156214402
leaf_weight=15.990266673266886 5.8264964967966071 64.820904336869717 10.626832008361815 21.163191400468349 19.820825912058357 9.7307662665843946 8.5612119659781438 167.16321209445596 6.8672438710927954 74.625458851456642 10.03129803016782 14.990190159529446 167.24607088044286 77.477702774107456
leaf_count=193 59 889 156 137 292 83 84 2752 108 437 110 211 2668 1223
internal_value=0.00028245 -0.0115728 0.0660143 0.0546658 -0.016607 0.0294923 0.077752 -0.0195466 -0.0126267 0.0854985 0.00845215 0.0308805 -0.0201719 -0.00843989
internal_weight=674.942 575.302 99.64 37.1535 538.148 29.5516 89.0132 508.597 341.433 80.452 89.8424 25.0215 251.591 84.3449
internal_count=9402 8666 736 330 8336 375 580 7961 5209 496 1210 321 3999 1331
is_linear=0
shrinkage=0.035


Tree=10
num_leaves=15
num_cat=0
split_feature=96 81 81 65 88 108 3 55 117 54 55 54 3 56
split_gain=409.047 169.424 85.0814 76.2418 58.9462 64.4041 50.4251 44.1599 41.1475 28.0552 26.8263 37.233 22.3578 12.9354
threshold=2.2052631578947373 385.70564618521638 347.40538503541865 1.2928571428571431 1079.5000000000002 94.500000000000014 4.5000000000000009 0.46470099667774095 0.65419580419580436 0.40833333333333338 0.78281378178835126 0.22474747474747478 9.5000000000000018 0.35025773195876292
decision_type=2 8 10 10 8 10 2 10 2 8 10 8 2 8
left_child=1 3 7 -1 -3 8 -7 -2 13 -5 -10 -12 -9 -6
right_child=2 4 -4 9 5 6 -8 12 10 -11 11 -13 -14 -15
leaf_value=-0.021884600411831014 -0.0047879503447177691 -0.033800058982347239 -0.024814168989397686 0.089043719303278562 -0.0080372639875680059 -0.0046497052262799042 0.087922627801937825 0.0099881417908867596 -0.0090701972452970469 0.0064854169063170986 0.058675070713351145 -0.0022335604704533324 0.086040525584726718 -0.0266909667403833
leaf_weight=10.926774084568022 7.4311349168419829 165.02706653624773 9.5770371928811056 26.369124852120876 71.465429548174143 13.362313956022264 9.5319208204746229 6.5247541889548293 69.220235291868448 6.9948613569140425 16.645405389368534 27.648747272789478 76.773762740194798 155.73291225358844
leaf_count=145 76 2795 143 175 1152 196 72 56 966 83 182 382 423 2561
internal_value=0.000467122 -0.0110965 0.063906 0.0511752 -0.0167444 -0.00865001 0.0427438 0.0740779 -0.0126717 0.0748362 0.00442082 0.0242853 0.0809863 -0.0211228
internal_weight=673.231 572.925 100.307 44.2908 528.634 363.607 22.8942 90.7297 340.713 33.364 113.514 44.2942 83.2985 227.198
internal_count=9407 8709 698 403 8306 5511 268 555 5243 258 1530 564 479 3713
is_linear=0
shrinkage=0.035


Tree=11
num_leaves=15
num_cat=0
split_feature=117 81 9 10 118 97 68 87 0 83 56 82 54 23
split_gain=371.448 147.742 115.872 104.045 51.8067 119.243 42.3903 31.5381 28.7486 19.583 15.4801 10.0604 9.88657 19.3746
threshold=0.83827375762859646 347.40538503541865 4.5000000000000009 3.5000000000000004 0.48333333333333339 1.769621509501855 2.5000000000000004 1.0000000180025095e-35 4.7096238425925927 1296.5000000000002 0.20611577964519143 132.50000000000003 0.34848484848484856 1.5000000000000002
decision_type=2 8 2 2 2 2 10 10 2 10 10 10 8 2
left_child=1 6 -2 9 5 -3 -1 8 12 -4 -10 -11 13 -6
right_child=2 4 3 -5 7 -7 -8 -9 10 11 -12 -13 -14 -15
leaf_value=-0.0041439616165873669 -0.010880892950043807 -0.021796789750337862 0.08193916915024553 -0.026343490180212724 0.034492308899976454 0.10011909390116122 0.076177250255734116 -0.033766738109652854 0.0087615037620413748 -0.014008549755971303 -0.022019155621829229 0.038489910421093849 -0.014299040362370964 -0.0055084440116703222
leaf_weight=10.573541879653929 28.461857866495848 24.604550737887621 91.531211890280247 11.005834367126225 22.249345179647207 10.028145056217907 23.1827602237463 146.54549357295036 19.299518167972565 4.4330149255692941 224.50686681270599 5.194669995456934 17.961440391838551 30.00696050748229
leaf_count=123 389 398 536 149 328 92 146 2550 284 68 3558 40 278 452
internal_value=0.00116627 -0.0123557 0.0507063 0.0661316 -0.0173526 0.0216821 0.0537293 -0.0204891 -0.0138608 0.0769595 -0.0194555 0.0177915 0.00556694 0.0130476
internal_weight=669.585 528.959 140.627 112.165 495.202 34.6327 33.7563 460.57 314.024 101.159 243.806 9.62768 70.2177 52.2563
internal_count=9391 8209 1182 793 7940 490 269 7450 4900 644 3842 108 1058 780
is_linear=0
shrinkage=0.035


Tree=12
num_leaves=15
num_cat=0
split_feature=116 81 11 88 27 118 54 99 49 56 100 110 55 54
split_gain=333.537 176.426 77.4984 56.8175 64.1182 90.3948 51.7743 30.3602 21.5792 19.3742 14.0467 14.0165 23.3352 15.6367
threshold=0.76230831315577086 332.60676822318106 3.5000000000000004 1079.5000000000002 1.5000000000000002 0.48333333333333339 0.40833333333333338 0.68496240601503777 0.064866760168302964 0.60158730158730167 0.09232954545454547 37.250000000000007 0.86515151515151534 0.22474747474747478
decision_type=2 8 2 8 2 2 8 2 2 8 2 8 10 10
left_child=1 6 -2 -3 8 -6 -1 9 11 10 -7 12 -5 -14
right_child=2 3 -4 4 5 7 -8 -9 -10 -11 -12 -13 13 -15
leaf_value=0.076517907167026264 -0.012415576493271472 -0.031735421477318872 0.076704943724542368 -0.01706392811183146 0.098369192241226769 0.057764570666514733 -0.009429527287199712 -0.012038180118515159 0.023780818101238773 -0.010746987195129534 0.0029686561323088059 -0.023075554260680618 0.048624322656878147 -0.0049320879401760741
leaf_weight=30.64393661916256 12.671965874731539 166.63505007699132 71.015215281397104 49.19987516105175 9.1580652222037298 15.428553387522699 9.9776135459542257 57.884947430342436 11.663081701844929 9.7090372964739782 8.7524329684674722 190.06615251302719 8.9556334130466002 11.216324631124733
leaf_count=183 161 2939 377 646 77 193 124 889 174 146 111 3133 81 148
internal_value=2.66873e-05 -0.00957316 0.0632711 -0.0150453 -0.00724806 0.0160336 0.0566874 0.00315965 -0.0160494 0.0273282 0.041838 -0.0182558 -0.00438687 0.0237805
internal_weight=662.978 579.291 83.6872 538.669 372.034 100.933 40.6216 91.775 271.101 33.89 24.181 259.438 69.3718 20.172
internal_count=9382 8844 538 8537 5598 1416 307 1339 4182 450 304 4008 875 229
is_linear=0
shrinkage=0.035


Tree=13
num_leaves=15
num_cat=0
split_feature=117 81 11 81 11 108 3 55 88 117 55 54 97 65
split_gain=339.251 132.685 93.2437 69.6001 47.4945 46.5499 50.6771 41.302 26.7615 26.229 22.6225 16.2601 10.5065 10.4029
threshold=0.84045454545454557 385.70564618521638 2.5000000000000004 434.32254476783305 3.5000000000000004 94.500000000000014 4.5000000000000009 0.46470099667774095 1079.5000000000002 0.65419580419580436 0.78281378178835126 0.20416666666666669 2.9784571001579669 2.7445652173913051
decision_type=2 8 2 10 2 10 2 10 8 2 10 8 2 10
left_child=1 4 -2 7 13 8 -7 -4 -3 -10 -11 -12 -13 -1
right_child=2 5 3 -5 -6 6 -8 -9 9 10 11 12 -14 -15
leaf_value=-0.017496210542550315 -0.020267615821178891 -0.033202488382815726 -0.004390421617274232 -0.022621705903135138 0.071822609784784164 -0.014347094739415834 0.067994775016468001 0.070334375105491828 -0.02096971671859494 -0.011422541768903645 0.048852270312599672 0.033186839468823039 -0.011749286559185878 0.028964608188389935
leaf_weight=12.40829172730446 19.567816149443388 140.66874168813229 9.2230842895805818 9.8907716721296293 24.021603170782328 18.084204085171226 11.074445158243178 109.45107937976718 215.96041445061564 58.777379918843508 11.503629498183725 4.0516753084957626 16.62295563519001 3.9523748494684687
leaf_count=160 291 2616 102 158 152 280 80 653 3690 845 127 56 219 38
internal_value=0.000906473 -0.0125354 0.0467086 0.0572796 0.0449323 -0.017819 0.0223014 0.0645842 -0.0206502 -0.0144571 0.00129312 0.0229323 0.00180498 -0.00211965
internal_weight=665.258 517.126 148.133 128.565 40.3823 476.743 29.1586 118.674 447.585 306.916 90.9556 32.1783 20.6746 16.3607
internal_count=9467 8263 1204 913 350 7913 360 755 7553 4937 1247 402 275 198
is_linear=0
shrinkage=0.035


Tree=14
num_leaves=15
num_cat=0
split_feature=117 81 9 10 82 108 3 11 0 40 10 100 117 55
split_gain=275.262 124.428 77.312 85.1527 51.0634 53.9965 47.1232 40.8522 23.0973 16.8926 15.9827 12.8399 11.0791 14.186
threshold=0.83827375762859646 385.70564618521638 3.5000000000000004 3.5000000000000004 1.0000000180025095e-35 94.500000000000014 4.5000000000000009 3.5000000000000004 4.7096238425925927 3.5000000000000004 2.5000000000000004 0.11324786324786326 0.65733855185909984 0.78281378178835126
decision_type=2 8 2 2 10 10 2 2 2 2 2 2 2 10
left_child=1 7 -2 10 5 8 -7 -1 9 -3 -4 -11 -10 -14
right_child=2 4 3 -5 -6 6 -8 -9 12 11 -12 -13 13 -15
leaf_value=-0.0022662551667286196 -0.012985680630136965 -0.004745967471664096 0.06819259590937031 -0.027190155851294653 -0.034145839436091598 -0.010233913637957864 0.078032835167821002 0.066694265072742065 -0.02292507210834429 0.052964942128949734 0.026028065806737537 -0.0063070854856788284 -0.016522440700199082 0.01531562334351032
leaf_weight=15.501998376101254 24.721003707498312 55.956603981554508 91.876884832978249 12.098857246339319 141.24780225753784 12.05700669065118 10.763337329030035 25.789014145731926 169.04120785742998 7.8576402328908426 22.141712792217731 5.3933930322527885 43.263244826346636 21.922952026128769
leaf_count=190 361 884 518 165 2680 185 68 156 2963 115 174 79 644 279
internal_value=0.000724849 -0.0116391 0.0414651 0.0522265 -0.0169038 -0.00903635 0.0379398 0.0433559 -0.013127 0.00439516 0.0614419 0.0337215 -0.018288 -0.00548662
internal_weight=659.633 508.794 150.838 126.117 467.503 326.255 22.8203 41.291 303.435 69.2076 114.019 13.251 234.227 65.1862
internal_count=9461 8243 1218 857 7897 5217 253 346 4964 1078 692 194 3886 923
is_linear=0
shrinkage=0.035


Tree=15
num_leaves=15
num_cat=0
split_feature=116 81 11 82 0 21 45 50 11 117 108 107 55 41
split_gain=287.771 149.245 61.1726 59.3828 55.5752 45.5125 38.0983 29.8762 24.7582 21.265 15.403 16.92 13.1992 15.106
threshold=0.75962962962962977 357.33930270589445 3.5000000000000004 1.0000000180025095e-35 4.7096238425925927 2.5000000000000004 0.10582306830907055 0.013992172211350294 2.5000000000000004 0.73401360544217698 90.500000000000014 1678.6170384642289 0.65301003344481623 2.5000000000000004
decision_type=2 8 2 10 2 2 2 2 2 2 10 8 10 10
left_child=1 5 -2 4 6 -1 7 8 -3 10 -6 -12 -11 -14
right_child=2 3 -4 -5 9 -7 -8 -9 -10 12 11 -13 13 -15
leaf_value=-0.0074528378668453884 -0.011782392235685023 -0.0003707284209500969 0.067868112153021201 -0.032315765289728522 -0.022284181909099855 0.064513295480065888 -0.0083784050519197569 0.0033344129155775007 0.071490170724037683 -0.01253608203822899 0.042868708352150606 -0.015681945752398698 -0.016603858265908371 0.029422386634631214
leaf_weight=13.219824884086846 12.191646635532377 7.4676264822483089 78.377391241490841 151.07048859074712 194.22613773494959 36.691036313772202 41.37040176615119 23.021923571825027 21.647333145141602 30.40109358727932 5.7054964452981922 9.6928513832390308 8.5543966181576234 25.096184603869915
leaf_count=156 160 116 391 2904 3411 208 622 325 232 395 56 142 112 230
internal_value=0.0008698 -0.00851202 0.0570907 -0.0142046 -0.00641912 0.0465088 0.0162965 0.0348958 0.0557058 -0.0143335 -0.0196207 0.0112028 0.00313758 0.0170876
internal_weight=658.734 568.165 90.569 518.254 367.183 49.9109 93.5073 52.1369 29.115 273.676 209.624 15.3983 64.0517 33.6506
internal_count=9460 8909 551 8545 5641 364 1295 673 348 4346 3609 198 737 342
is_linear=0
shrinkage=0.035


Tree=16
num_leaves=15
num_cat=0
split_feature=96 81 87 27 117 99 65 110 47 32 116 56 0 69
split_gain=239.9 144.658 67.3594 59.209 58.1166 36.8742 35.9159 25.3572 24.4912 29.9841 16.1172 13.8902 13.7377 13.4271
threshold=2.759615384615385 357.33930270589445 1.0000000180025095e-35 1.5000000000000002 0.12916666666666668 0.68496240601503777 1.4580419580419581 37.250000000000007 0.076018161805173387 8.5000000000000018 0.83558558558558571 0.53950103950103967 5.8279629629629639 3.2500000000000004
decision_type=2 8 10 2 2 2 10 10 2 2 2 10 2 10
left_child=1 6 3 8 -5 7 -1 11 13 -10 -2 -6 -11 -3
right_child=10 2 -4 4 5 -7 -8 -9 9 12 -12 -13 -14 -15
leaf_value=-0.0072613121027529214 0.014574463350101804 -0.020456614800248015 -0.032137049700157204 0.072480245520887679 0.062214469458568636 -0.012403872912036635 0.060380851442547581 -0.0039164565064459152 -0.011918443798165108 0.069695110047672815 0.068283331077456016 -0.00052550526983442954 0.008687571445982957 0.0089983320612104824
leaf_weight=10.940623827278612 11.300315883010624 206.82188545912504 147.30282661691308 14.101557228714226 17.268516048789028 56.851786509156227 40.339004151523113 16.222747903317213 29.341599687933922 5.6802072897553471 55.650781974196434 5.2606370747089377 10.745528802275656 18.034976311028004
leaf_count=132 80 3319 2911 138 145 890 234 268 476 59 254 59 155 261
internal_value=0.000563046 -0.00687182 -0.0124559 -0.00451519 0.016688 0.00526534 0.0465863 0.0296425 -0.0132573 0.00929437 0.0608609 0.0501298 0.0411257 -0.0179498
internal_weight=645.863 578.912 527.632 380.329 109.705 95.6037 51.2796 38.7519 270.624 45.7673 66.9511 22.5292 16.4257 224.857
internal_count=9381 9047 8681 5770 1500 1362 366 472 4270 690 334 204 214 3580
is_linear=0
shrinkage=0.035


Tree=17
num_leaves=15
num_cat=0
split_feature=117 81 96 108 11 11 118 10 82 0 32 11 10 69
split_gain=253.387 96.1302 64.5749 46.1509 40.5379 39.5103 37.034 40.7718 23.1327 19.2512 15.0907 14.9467 13.193 12.3458
threshold=0.83409785932721725 385.70564618521638 3.0801282051282057 94.500000000000014 2.5000000000000004 3.5000000000000004 0.96609195402298864 2.5000000000000004 1.0000000180025095e-35 4.7096238425925927 4.5000000000000009 6.5000000000000009 3.5000000000000004 2.7500000000000004
decision_type=2 8 2 10 2 2 2 2 10 2 2 2 2 10
left_child=1 5 6 8 -5 -1 7 -2 9 11 -8 -3 -13 -11
right_child=2 3 -4 4 -6 -7 10 -9 -10 13 -12 12 -14 -15
leaf_value=-0.0078356083938148167 0.055649431349478411 -0.0097816837136902972 0.069081421153881592 -0.012393605672205606 0.059885557431651019 0.057608538987215158 -0.012992522171033943 -0.001768897750830511 -0.03240710888582838 -0.022849277427310105 0.031490245437115844 0.032755588967097085 -0.018214694038367712 -0.0018819545929568938
leaf_weight=15.679364431649445 42.048563241958618 45.72429234161973 51.498215883970261 17.388456352055076 12.837328538298605 27.460117772221565 37.113900445401669 21.900636799633503 122.86490852758288 181.57700159400702 7.0499251633882514 19.844967767596248 4.7163105048239222 43.340085655450821
leaf_count=189 247 731 229 267 100 151 461 233 2569 3180 56 286 76 720
internal_value=0.000681942 -0.0118012 0.0383079 -0.0166922 0.0224473 0.0354791 0.0212436 0.0372831 -0.0197538 -0.0140354 -0.00341126 0.00186839 0.0215428 -0.0189378
internal_weight=651.044 491.433 159.611 448.293 30.2258 43.1395 108.113 63.9492 418.068 295.203 44.1638 70.2856 24.5613 224.917
internal_count=9495 8269 1226 7929 367 340 997 480 7562 4993 517 1093 362 3900
is_linear=0
shrinkage=0.035


Tree=18
num_leaves=15
num_cat=0
split_feature=117 81 11 10 82 110 110 83 65 35 117 55 54 86
split_gain=228.103 91.878 67.0438 66.968 39.2878 47.1928 62.8277 28.85 28.4046 21.2 20.9599 17.2296 15.1463 12.5939
threshold=0.83827375762859646 385.70564618521638 2.5000000000000004 3.5000000000000004 1.0000000180025095e-35 270.75000000000006 1098.5000000000002 1384.5000000000002 1.2071428571428573 1.5000000000000002 0.65733855185909984 0.82247899159663873 0.20416666666666669 302.38191439862624
decision_type=2 8 2 2 10 10 10 10 10 2 2 10 8 10
left_child=1 8 -2 7 5 10 9 -4 -1 -7 -3 -12 -13 -10
right_child=2 4 3 -5 -6 6 -8 -9 13 -11 11 12 -14 -15
leaf_value=-0.014806638008858194 -0.021208606192540686 -0.020423293243813902 0.056308223336780025 -0.026969933052630408 -0.032710237366049784 0.087516747835384656 -0.023745915447128015 -0.004109354932595002 0.058949848763262272 0.0072827817936284749 -0.01026783573914041 0.047194341976787603 -0.00065158350589189344 0.0071676987400335554
leaf_weight=8.8655214160680753 18.8955331556499 193.50358966365457 118.59818233549595 11.638324890285729 124.23002058267593 10.818733360618358 13.566465828567742 9.7947823517024499 25.043391313403845 6.729917235672473 60.062191598117352 9.723149638623001 17.733243383467197 9.0021999254822713
leaf_count=115 294 3528 644 160 2644 80 226 124 149 97 896 99 240 74
internal_value=0.000573824 -0.0115103 0.0362556 0.0444736 -0.0164043 -0.00950111 0.0284909 0.0517178 0.0347751 0.0651849 -0.0141321 0.000129583 0.0209523 0.047929
internal_weight=638.205 479.278 158.927 140.031 436.367 312.137 31.1151 128.393 42.9111 17.5487 281.022 87.5186 27.4564 34.0456
internal_count=9370 8148 1222 928 7810 5166 403 768 338 177 4763 1235 339 223
is_linear=0
shrinkage=0.035


Tree=19
num_leaves=15
num_cat=0
split_feature=117 81 10 9 108 68 21 82 83 110 45 91 10 122
split_gain=215.943 84.4994 61.0174 74.2811 52.0181 38.9805 29.8353 24.3083 19.6862 16.7655 15.8989 13.0379 18.5583 12.7597
threshold=0.81892697466467979 375.84735085770393 3.5000000000000004 3.5000000000000004 94.500000000000014 2.5000000000000004 2.5000000000000004 1.0000000180025095e-35 1384.5000000000002 37.250000000000007 0.13906469760900145 3802.3330066555568 3.5000000000000004 1.0000000180025095e-35
decision_type=2 8 2 2 10 10 2 10 10 8 2 10 2 2
left_child=1 6 3 -2 7 13 -1 9 10 11 -5 -3 -13 -6
right_child=2 4 -4 8 5 -7 -8 -9 -10 -11 -12 12 -14 -15
leaf_value=-0.0090369229608856134 -0.013997999658074372 -0.012763567288133932 -0.028283346998530363 0.058371480861451143 -0.022819528690856201 0.065246295116120748 0.053036154616125576 -0.032910294460410404 0.0025541911231553639 -0.018211163237420416 0.015686588750031778 0.03333937329917868 -0.015427810684821608 0.02481302119635017
leaf_weight=11.680652365088461 24.378538005053997 32.735065676271915 14.284657917916773 108.28366280347109 14.007755901664501 11.156306117773054 26.752626586705446 115.55629509687424 10.571796298027037 213.41094942390919 16.749870289117098 21.003003295511007 11.403914481401442 5.9940460398793212
leaf_count=137 367 462 211 552 209 87 155 2553 135 3933 111 279 183 68
internal_value=0.00101163 -0.0114921 0.0336747 0.0398963 -0.0160822 0.0247022 0.0353023 -0.0195757 0.0497384 -0.0135612 0.0534763 0.00188494 0.01641 -0.00643764
internal_weight=637.969 463.701 174.269 159.984 425.267 31.1581 38.4333 394.109 135.605 278.553 125.034 65.142 32.4069 20.0018
internal_count=9442 8066 1376 1165 7774 364 292 7410 798 4857 663 924 462 277
is_linear=0
shrinkage=0.035


Tree=20
num_leaves=15
num_cat=0
split_feature=116 81 88 0 3 56 27 54 45 32 66 118 69 101
split_gain=197.483 91.4931 56.803 49.0932 36.5788 33.899 32.4351 30.4597 21.0141 15.532 13.5653 12.9355 12.8334 9.79321
threshold=0.77871939736346529 385.70564618521638 1079.5000000000002 4.0473495370370385 7.5000000000000009 0.20611577964519143 1.5000000000000002 0.26969696969696971 0.10690476190476192 8.5000000000000018 1.1262965253789101 0.83034857691077724 1.7500000000000002 0.32843137254901966
decision_type=2 8 8 2 2 8 2 8 2 2 10 2 10 2
left_child=1 7 -3 6 -2 -5 9 -1 11 -4 -11 -8 -9 -6
right_child=4 2 3 5 13 -7 8 12 -10 10 -12 -13 -14 -15
leaf_value=0.054081283715769798 -0.0091306916168636364 -0.032303709276374416 -0.01104150364249471 0.023175905691711407 0.060361698288361403 -0.01723338252730891 0.083716007940727172 -0.020585356021399052 0.0013314382381019662 0.048500856670175188 -0.0041254482134938427 0.019828746209842176 0.022430621859157077 0.014452779927404204
leaf_weight=29.955559805035591 10.890370920300482 130.23640732094646 43.13118364661932 24.032023891806602 65.958199687302113 239.78395112231374 9.1941992640495354 11.153221338987352 11.11223855242133 7.5502189658582237 10.124244049191473 11.027842517942188 12.983943626284598 10.26580699905753
leaf_count=153 155 2893 666 315 288 4060 83 145 157 99 127 124 106 59
internal_value=-8.19553e-05 -0.00808848 -0.0129722 -0.00554972 0.0473184 -0.0131897 0.0158782 0.0331904 0.0420415 0.000225838 0.0240933 0.0597134 0.00243233 0.055449
internal_weight=627.399 540.285 486.192 355.956 87.1144 263.816 92.1399 54.0927 31.3343 60.8056 17.6745 20.222 24.1372 76.224
internal_count=9430 8928 8524 5631 502 4375 1256 404 364 892 226 207 251 347
is_linear=0
shrinkage=0.035


Tree=21
num_leaves=15
num_cat=0
split_feature=116 81 88 11 0 45 11 55 50 42 57 108 3 110
split_gain=184.909 79.1302 46.7838 46.2641 45.8142 28.6895 28.2071 24.0361 18.946 14.9814 12.8274 11.882 19.0728 14.5098
threshold=0.66862745098039222 385.70564618521638 1079.5000000000002 3.5000000000000004 4.7096238425925927 0.10582306830907055 3.5000000000000004 0.49747474747474757 0.071796759941089847 1.0000000180025095e-35 0.30094339622641514 90.500000000000014 4.5000000000000009 37.250000000000007
decision_type=2 8 8 2 2 2 2 10 2 10 8 10 2 8
left_child=1 6 -3 -2 5 8 -1 -5 9 -4 -11 13 -13 -6
right_child=3 2 4 7 11 -7 -8 -9 -10 10 -12 12 -14 -15
leaf_value=-0.0047589790501678299 -0.014493024528460028 -0.031679908811256999 -0.0052998528775690642 -0.0033725150677359544 -0.0022225891951970773 -0.0082338215306083234 0.047394285733233621 0.051686216461931458 -0.0035606388004923036 0.0043232576658066629 0.061587778750222158 -0.017280573622096264 0.043860875205769131 -0.021779216830460826
leaf_weight=17.717565201222897 15.302790794521568 122.27675706148148 5.7752292081713668 10.099307730793951 65.973010282963514 36.629868686199188 33.409134738147259 95.364849988371134 13.696588475257157 6.707927547395232 23.674870662391186 9.4779147356748563 6.4979492016136637 162.80974823236465
leaf_count=211 205 2813 85 111 894 579 171 471 209 87 257 156 45 3138
internal_value=0.000498488 -0.00888469 -0.0136097 0.0385022 -0.00656727 0.0147586 0.0305071 0.0464998 0.0308627 0.0427506 0.0513424 -0.0142473 0.012115 -0.0163079
internal_weight=625.414 504.647 453.52 120.767 331.243 86.4845 51.1267 105.464 49.8546 36.158 30.3828 244.759 15.9759 228.783
internal_count=9432 8645 8263 787 5450 1217 382 582 638 429 344 4233 201 4032
is_linear=0
shrinkage=0.035


Tree=22
num_leaves=15
num_cat=0
split_feature=96 81 81 108 101 3 11 65 56 55 117 48 86 56
split_gain=179.528 60.6818 57.8599 42.4812 41.2081 32.6108 29.4942 25.2713 17.4843 11.7689 10.7343 11.0102 9.49508 9.35635
threshold=1.8722826086956526 385.70564618521638 347.40538503541865 94.500000000000014 0.3133928571428572 4.5000000000000009 5.5000000000000009 1.4580419580419581 0.23466833541927412 0.78281378178835126 0.65733855185909984 0.076556776556776576 293.75877528154797 0.5727513227513229
decision_type=2 8 10 10 2 2 2 10 8 10 2 2 10 10
left_child=1 7 4 8 6 -5 -2 -1 9 -3 -10 -12 -9 -6
right_child=2 3 -4 5 13 -7 -8 12 10 -11 11 -13 -14 -15
leaf_value=-0.016862369636541717 0.0091476800960329126 -0.0099966511411275112 -0.02472315555692494 -0.011451824909593789 0.013726286324930306 0.052715312090182397 0.054078642469668058 0.049891854927242761 -0.026149974892181255 0.025538268910103995 -0.015048627642973753 0.020447965670269307 0.0060946959536294018 -0.019717690993270507
leaf_weight=10.05348167195916 24.554572802037001 31.37022702395916 18.14646303653717 16.965433396399025 25.658774174749851 13.911896284669636 95.938745349645615 22.789027396589518 240.32030492648482 11.653770528733729 81.756429750472307 7.8118107169866553 9.7256977744400483 10.463258463889359
leaf_count=132 227 594 352 288 236 85 494 136 5044 179 1367 121 77 118
internal_value=-0.000250045 -0.0120286 0.0293314 -0.0162714 0.0361656 0.0207764 0.0456517 0.0256969 -0.0195733 0.00128536 -0.0222722 -0.0110353 0.0393497 0.0028192
internal_weight=621.12 446.358 174.762 403.79 156.615 30.8773 120.493 42.5682 372.913 43.024 329.889 89.5682 32.5147 36.122
internal_count=9450 8023 1427 7678 1075 373 721 345 7305 773 6532 1488 213 354
is_linear=0
shrinkage=0.035


Tree=23
num_leaves=15
num_cat=0
split_feature=117 88 110 97 81 11 10 81 87 45 54 20 69 0
split_gain=165.79 64.5369 52.113 84.1457 49.8139 41.829 42.7576 28.2056 25.3601 16.478 18.7812 14.0938 13.3056 10.5815
threshold=0.83827375762859646 1079.5000000000002 260.25000000000006 1.9536549858406314 340.86611123870415 2.5000000000000004 3.5000000000000004 262.32276477727902 1.0000000180025095e-35 0.10367218987908645 0.28991596638655465 1.5000000000000002 2.7500000000000004 2.4328125000000003
decision_type=2 10 10 2 10 2 2 8 10 2 8 2 8 2
left_child=1 2 7 13 5 -2 -7 -1 9 10 11 12 -9 -4
right_child=4 -3 3 -5 -6 6 -8 8 -10 -11 -12 -13 -14 -15
leaf_value=0.025436291508825214 -0.017857789084709929 0.064857923524294397 0.016258992530163503 0.07109976429120618 -0.024522055981948832 0.046802289638694483 -0.024247337233475347 0.0044097813698579921 -0.032145811541374372 -0.020342368452845337 -0.018688214446197952 -0.0094419192845336779 0.041326973076760941 -0.025903324979020165
leaf_weight=14.772278703749178 13.182839479297398 8.8221904672682268 6.0327400714159038 18.212133795022964 14.946555241942404 130.58233759179711 8.2323536314070207 33.697096545249224 110.42978047206998 139.43222813308239 52.035365831106901 33.625446282327175 14.820604559034107 23.155830755829811
leaf_count=97 205 47 85 157 268 659 103 559 2550 2560 964 578 212 429
internal_value=0.000990823 -0.00997673 -0.0121586 0.0210003 0.0303057 0.0363064 0.0418922 -0.0163109 -0.018223 -0.0121277 -0.00316727 0.00717294 0.0184943 -0.0160857
internal_weight=621.98 455.036 446.214 47.4007 166.944 151.998 138.815 398.813 384.041 273.611 134.179 82.1431 48.5177 29.1886
internal_count=9473 8238 8191 671 1235 967 762 7520 7423 4873 2313 1349 771 514
is_linear=0
shrinkage=0.035


Tree=24
num_leaves=15
num_cat=1
split_feature=96 87 10 83 108 81 3 9 56 133 10 117 110 110
split_gain=159.416 63.787 62.9503 43.2896 41.4781 38.9718 36.3228 27.7083 17.2297 18.5735 16.1471 15.1705 14.7393 11.2716
threshold=1.8765243902439026 1.0000000180025095e-35 2.5000000000000004 1341.5000000000002 94.500000000000014 347.40538503541865 4.5000000000000009 3.5000000000000004 0.60158730158730167 0 3.5000000000000004 0.21498599439775914 59.750000000000007 58.250000000000007
decision_type=2 8 2 10 10 10 2 2 8 1 2 2 10 10
left_child=1 -1 5 4 8 7 -6 -2 9 11 -4 -3 -13 -11
right_child=2 3 10 -5 6 -7 -8 -9 -10 13 -12 12 -14 -15
leaf_value=0.052738427782870155 -0.0029186534286139917 0.047615978324486136 0.010118986404831855 -0.032280173503979243 -0.0090659601378946728 -0.021038083697007187 0.060281113137976038 0.052092009973493926 -0.021978892484089355 -0.0010045303583539333 -0.027974113472778745 0.015500612981231071 -0.018922207619804305 -0.0220149793226098
leaf_weight=13.775414306670426 11.931659005582331 6.4021215997636309 29.736314196139574 105.88984137400985 15.009605769068004 8.6277466900646669 15.144227758049963 103.84301984682679 104.12601385638118 60.200978983193636 17.685133468359709 36.189556550234556 19.270972829312086 61.253839407116175
leaf_count=102 162 88 264 2502 245 169 81 508 1977 1009 287 470 339 1234
internal_value=0.000478383 -0.0107557 0.0285631 -0.0134124 -0.00671892 0.0412182 0.0293826 0.0465365 -0.0109437 -0.00425848 -0.00540047 0.0108001 0.00296397 -0.0120523
internal_weight=609.086 437.263 171.824 423.487 317.597 124.402 30.1538 115.775 287.443 183.317 47.4214 61.8627 55.4605 121.455
internal_count=9437 8047 1390 7945 5443 839 326 670 5117 3140 551 897 809 2243
cat_boundaries=0 1
cat_threshold=2
is_linear=0
shrinkage=0.035


Tree=25
num_leaves=15
num_cat=0
split_feature=96 10 88 108 9 110 83 27 110 88 10 110 50 0
split_gain=143.73 54.989 53.6142 48.0117 40.2346 32.5948 28.4098 24.8357 18.0793 13.7783 11.8125 11.402 9.55393 9.45165
threshold=1.8355855855855858 2.5000000000000004 1079.5000000000002 165.50000000000003 3.5000000000000004 1234.0000000000002 1341.5000000000002 4.5000000000000009 188.25000000000003 903.50000000000011 3.5000000000000004 37.250000000000007 0.072949002217294903 0.75317129629629631
decision_type=2 2 10 10 2 8 10 2 10 8 2 10 2 2
left_child=2 4 3 6 -2 -5 7 -1 9 -9 -3 -11 -6 -13
right_child=1 10 -4 5 12 -7 -8 8 -10 11 -12 13 -14 -15
leaf_value=-0.016456235658384038 -0.012370992666900978 0.0082470487934135448 0.059909495351486451 0.05672997005327933 0.048043422186073374 -0.021476227031682279 -0.03167512699380183 0.028977028203864334 0.043642883910992789 0.014084301041578677 -0.023090179051663023 0.018014157374620365 0.013443363649348944 -0.022131910409823867
leaf_weight=207.29571247473359 15.562047120183705 31.902660757303238 7.7897638231515876 14.70709638670087 100.64093416929245 6.5501055903732768 101.36451926454902 10.512868542224167 8.2673926539719087 16.935719083994627 19.822756260633469 4.6688752360641947 16.052119184285402 39.823237951844931
leaf_count=3945 237 298 42 121 531 111 2474 68 91 212 336 76 136 719
internal_value=0.00021136 0.0255855 -0.0111296 -0.0131843 0.0371862 0.0331311 -0.0161045 -0.0101672 0.00609855 -0.000771778 -0.00473904 -0.00766091 0.0440318 -0.0165248
internal_weight=601.896 183.981 417.915 410.126 132.255 21.2572 388.868 287.504 80.2081 71.9407 51.7254 61.4278 116.693 44.4921
internal_count=9397 1538 7859 7817 904 232 7585 5111 1166 1075 634 1007 667 795
is_linear=0
shrinkage=0.035


Tree=26
num_leaves=15
num_cat=0
split_feature=116 81 87 0 130 42 27 117 55 119 109 47 45 86
split_gain=136.21 78.4051 47.6401 30.9588 23.2781 22.664 21.1375 16.6416 19.6615 19.0771 18.4163 16.0022 15.1936 13.7231
threshold=0.77871939736346529 385.70564618521638 1.5000000000000002 4.7096238425925927 4.5000000000000009 2.5000000000000004 1.5000000000000002 0.65733855185909984 0.83130081300813019 0.78582996308391106 255.50000000000003 0.059411764705882358 0.10690476190476192 285.11411873021456
decision_type=2 8 10 2 2 10 2 2 10 8 10 2 2 10
left_child=1 4 3 6 -1 -2 11 9 -9 10 -5 -3 -8 -6
right_child=5 2 -4 7 13 -7 12 8 -10 -11 -12 -13 -14 -15
leaf_value=-0.012552902581469355 -0.0018507842734413445 -0.011870365584300978 -0.031121122669632285 -0.014652138391115115 0.050111668731859772 0.04650392061180398 0.04531705375268414 -0.011076112022380768 0.020396537129673719 -0.022332903831266009 0.045945367698619913 0.024033993384607672 -0.0011356391297783399 0.0070755040491541988
leaf_weight=10.545912455767391 13.477117978036402 45.501741044223309 106.76164809241891 9.6025175713002664 34.846022922545671 75.94637643918395 23.302100982517004 62.34473480656743 33.057426210492849 138.18314047902822 6.3284546807408324 16.766934636980295 12.061464138329027 14.142178937792776
leaf_count=146 168 721 2770 203 170 341 228 880 356 2875 72 211 175 105
internal_value=0.0008473 -0.0062014 -0.0112269 -0.00475361 0.0300158 0.0395042 0.0115642 -0.0112403 0.000302004 -0.0181704 0.0146449 -0.00113467 0.0312954 0.0394937
internal_weight=602.868 513.444 453.91 347.149 59.5341 89.4235 97.6322 249.516 95.4022 154.114 15.931 62.2687 35.3636 48.9882
internal_count=9421 8912 8491 5721 421 509 1335 4386 1236 3150 275 932 403 275
is_linear=0
shrinkage=0.035


Tree=27
num_leaves=15
num_cat=0
split_feature=116 83 88 0 130 11 56 27 100 47 66 108 97 110
split_gain=120.472 72.087 49.0955 39.5939 31.1001 26.983 26.557 18.4112 22.1865 19.1655 13.952 11.5528 15.2377 13.3003
threshold=0.76230831315577086 1341.5000000000002 1079.5000000000002 4.7096238425925927 4.5000000000000009 3.5000000000000004 0.20611577964519143 1.5000000000000002 0.080540540540540564 0.059411764705882358 1.2921670150507663 90.500000000000014 3.1034482989257457 37.250000000000007
decision_type=2 8 8 2 2 2 8 2 2 2 10 10 2 8
left_child=1 4 -3 7 -1 -2 -5 9 -9 -4 -11 13 -13 -8
right_child=5 2 3 6 -6 -7 11 8 -10 10 -12 12 -14 -15
leaf_value=-0.014178958789105701 -0.0099465176953291191 -0.030540684206397349 -0.0094384957123737189 0.020731083908947356 0.044742048104627855 0.042885950696478901 -0.0046324312339795209 0.050545231817538297 -0.005875379458657768 0.05051889338180527 -0.0071726198143046696 -0.010913547829388326 0.047054163889196143 -0.023712808962751623
leaf_weight=11.903635632246731 11.792753692716358 111.76404016464949 44.938796006143093 23.741609193384647 39.481726825237274 81.117012407630682 69.665884781628847 22.444774474948645 11.006357733160256 9.07420916110277 6.3472487218677989 11.606001287698744 3.6913632452487937 136.49420481920242
leaf_count=217 159 2804 715 320 231 371 919 225 143 113 85 172 22 2916
internal_value=0.000474211 -0.00639171 -0.0109531 -0.0041455 0.0310458 0.0360146 -0.011501 0.014689 0.0336312 0.00242161 0.0308315 -0.0153379 0.0112199 -0.0175275
internal_weight=595.07 502.16 450.774 339.01 51.3854 92.9098 245.199 93.8114 33.4511 60.3603 15.4215 221.457 15.2974 206.16
internal_count=9412 8882 8434 5630 448 530 4349 1281 368 913 198 4029 194 3835
is_linear=0
shrinkage=0.035


Tree=28
num_leaves=15
num_cat=0
split_feature=117 117 68 88 96 46 117 99 81 55 54 21 83 119
split_gain=126.486 45.5366 71.158 43.7312 42.0968 24.2331 19.2407 17.1267 17.7821 16.0561 17.1361 15.3501 13.8961 13.4038
threshold=0.80131578947368431 0.12916666666666668 2.5000000000000004 1079.5000000000002 3.3229166666666674 0.061381475667189961 0.65345368916797497 0.46770833333333339 382.26517185857193 0.82247899159663873 0.20416666666666669 1.5000000000000002 1166.5000000000002 2.3271157248106324
decision_type=2 2 10 10 2 2 2 2 8 10 8 2 8 10
left_child=1 2 -1 6 5 7 12 -2 -9 -8 -11 -4 -3 -7
right_child=4 3 11 -5 -6 13 9 8 -10 10 -12 -13 -14 -15
leaf_value=-0.012302591456040729 0.024719490377162687 0.014454303022032974 0.0030307211524633519 0.05142448713944163 0.051695649347630941 -0.0016791539808644947 -0.013523484892348324 0.030896258162271557 -0.015393331831323694 0.041389418192490403 -0.0052702101980795033 0.072228611508626014 -0.024302283125271607 0.039818490141543511
leaf_weight=39.559551406651735 22.894602954387665 8.7662377655506116 5.3051344901323345 7.0058435462415209 46.537035942077637 11.543433766812084 67.528645522892475 7.4593396484851828 54.520117115229368 11.601258855313061 20.694094330072403 17.494094364345074 227.98648689687252 40.822629481554031
leaf_count=732 186 73 83 37 199 122 1200 51 622 131 345 138 5185 298
internal_value=0.000760377 -0.0101404 0.0164455 -0.0151323 0.0244697 0.0137449 -0.0172502 0.00176107 -0.00793177 -0.00409388 0.0147928 0.0595682 -0.022598 0.0313218
internal_weight=589.719 405.941 62.3588 343.583 183.777 137.24 336.577 84.8741 61.9795 99.824 32.2954 22.7992 236.753 52.3661
internal_count=9402 7924 953 6971 1478 1279 6934 859 673 1676 476 221 5258 420
is_linear=0
shrinkage=0.035


Tree=29
num_leaves=15
num_cat=0
split_feature=116 81 27 117 11 83 119 10 0 93 47 113 56 100
split_gain=112.608 57.9088 61.3894 46.8206 29.1408 25.7176 23.6339 21.8881 20.1894 13.0028 9.32067 9.26651 6.47013 5.92331
threshold=0.67717121588089346 452.50265221412877 4.5000000000000009 0.17028985507246377 3.5000000000000004 1606.5000000000002 3.0885983521933764 2.5000000000000004 2.4328125000000003 56154.500000000007 0.02339261285909713 0.052177858439201454 0.17425810904071776 0.39696969696969703
decision_type=2 10 2 2 2 8 10 2 2 2 2 2 8 2
left_child=1 2 8 -4 -2 -5 -7 -6 9 -1 -8 -9 -10 -11
right_child=4 -3 3 5 7 6 10 11 12 13 -12 -13 -14 -15
leaf_value=0.02350329213868986 -0.012212395827275157 -0.031113892574119582 0.059546874367628289 0.030182148384617 0.044787114619785295 -0.014481770177013983 0.044122150432672765 0.020894848476288263 0.011611459596619701 -0.014310485333315012 -0.0017260191963340062 -0.016557227605959117 -0.01758880802053649 0.018851045529979019
leaf_weight=25.374184086918831 14.676331792026756 89.21398077532649 22.064643323421478 36.126359898597002 83.428604710847139 59.394653454422951 9.417643718421461 13.739780601114036 6.483004566282033 26.201583769172434 8.1327848546206933 9.5152744092047197 180.74856846779585 3.7846826128661624
leaf_count=375 200 2499 157 264 381 1042 93 95 99 426 102 96 3560 57
internal_value=0.00130301 -0.00656505 -0.000436235 0.0180811 0.0306379 0.00781055 -0.00389381 0.0368155 -0.0109082 0.00717331 0.0272044 0.00535239 -0.016302 -0.00802913
internal_weight=588.302 466.942 377.728 135.136 121.36 113.071 76.9451 106.684 242.592 55.3605 17.5504 23.2551 187.232 29.9863
internal_count=9446 8674 6175 1658 772 1501 1237 572 4517 858 195 191 3659 483
is_linear=0
shrinkage=0.035


Tree=30
num_leaves=15
num_cat=0
split_feature=96 81 27 117 80 32 117 99 125 47 65 92 54 56
split_gain=103.887 72.6081 79.3588 35.4508 31.3178 26.956 31.7652 26.0862 21.6043 15.7125 13.6399 9.61888 8.61019 7.67858
threshold=3.2583333333333337 434.32254476783305 4.5000000000000009 0.17028985507246377 1163.096153846154 8.5000000000000018 0.66018867924528313 0.68496240601503777 2.5000000000000004 0.040956108470785575 2.7029411764705888 71015.500000000015 0.26969696969696971 0.35388994307400384
decision_type=2 10 2 2 8 2 2 2 2 2 10 2 8 8
left_child=1 2 5 -4 12 13 -7 9 11 10 -6 -8 -5 -1
right_child=-2 -3 3 4 7 6 8 -9 -10 -11 -12 -13 -14 -15
leaf_value=-0.0038107768285177059 0.049537153472552282 -0.02977844006883738 0.058716168597496961 0.043977969952496011 -0.0015703154886268235 -0.014785591634454127 0.054348320105000028 -0.014122585818258036 -0.0047494873992885746 -0.01334934851175049 0.044841147529316186 0.0042940164224627405 0.0073565677712635431 -0.019291382972891947
leaf_weight=57.558376356959343 45.406675711274147 95.952028777450323 22.673373378813267 35.145062644034624 10.407713524997233 34.98902602493763 20.100285630673174 51.302343882620335 15.486980635672806 9.5108555294573289 22.091169558465481 6.9098557569086543 12.640157870948313 141.56382795423269
leaf_count=962 199 2687 158 191 145 763 180 840 157 121 166 61 127 2692
internal_value=0.00148897 -0.00299885 0.00310482 0.022053 0.0143536 -0.00830614 0.00881039 0.00205223 0.027749 0.0212061 0.0317504 0.0442141 0.0359053 -0.0150195
internal_weight=581.738 536.331 440.379 163.771 141.097 276.608 77.4861 93.3121 42.4971 42.0097 32.4989 27.0101 47.7852 199.122
internal_count=9449 9250 6563 1748 1590 4815 1161 1272 398 432 311 241 318 3654
is_linear=0
shrinkage=0.035


Tree=31
num_leaves=15
num_cat=0
split_feature=117 10 110 97 81 3 82 29 26 83 56 69 86 46
split_gain=104.537 47.5904 38.9384 57.9808 37.6349 30.5723 22.7847 14.8964 24.0501 13.4186 14.7392 8.62255 7.9941 7.67465
threshold=0.73401360544217698 3.5000000000000004 260.25000000000006 2.1818812163974433 420.30579107873831 7.5000000000000009 1.0000000180025095e-35 1.5000000000000002 7.5000000000000009 1341.5000000000002 0.30116279069767443 3.2500000000000004 238.86614998921729 0.055300713557594298
decision_type=2 2 10 2 10 2 8 2 2 10 8 10 8 2
left_child=2 4 6 -4 5 12 -1 -7 -9 10 13 -12 -2 -8
right_child=1 -3 3 -5 -6 7 9 8 -10 -11 11 -13 -14 -15
leaf_value=0.032788632327993832 0.025758236224428802 -0.025921875138705624 -0.014525695877035965 0.059339739585868578 -0.021931961724926823 0.042810095087060462 -0.0083893966245803565 0.034659561545638755 -0.0061174337113640773 -0.030948352195094269 -0.020982167952344921 0.0061525949607772962 -0.013579708471924037 0.015868613557035598
leaf_weight=6.6463711299002162 3.2606392689049271 22.665773205459118 27.751050733029842 17.269548542797565 16.695903223007917 93.883073631674051 32.766399998217821 40.039632566273212 27.053395889699459 74.699620366096497 148.6314266435802 13.640132721513508 23.687647454440594 22.79011183604598
leaf_count=44 33 396 530 134 390 517 613 214 230 2126 3124 263 353 416
internal_value=8.22654e-06 0.0182034 -0.0120954 0.0169078 0.0235928 0.028101 -0.0166661 0.0337287 0.0189334 -0.0183218 -0.0133946 -0.0185856 -0.00553364 0.0020502
internal_weight=571.481 227.286 344.195 45.0206 204.62 187.924 299.174 160.976 67.093 292.528 217.828 162.272 26.9483 55.5565
internal_count=9383 2133 7250 664 1737 1347 6586 961 444 6542 4416 3387 386 1029
is_linear=0
shrinkage=0.035


Tree=32
num_leaves=15
num_cat=0
split_feature=116 83 27 117 81 117 11 47 50 69 116 65 118 99
split_gain=102.604 56.2649 58.7416 39.286 32.9247 21.8386 21.4291 19.488 19.3101 15.9484 13.7586 14.0992 10.7678 9.62853
threshold=0.83558558558558571 1618.5000000000002 4.5000000000000009 0.17028985507246377 415.26732124042229 0.6813346228239846 3.5000000000000004 0.057831661092530663 0.03883861236802414 2.7500000000000004 0.3120941558441559 2.6733333333333338 0.89591666666666681 0.58477011494252884
decision_type=2 10 2 2 8 2 2 2 2 10 2 8 2 2
left_child=1 2 7 -4 -5 -6 -2 9 10 -1 -9 -12 -11 -7
right_child=6 -3 3 4 5 13 -8 8 -10 12 11 -13 -14 -15
leaf_value=-0.019688529977994678 -0.0063669179415951739 -0.030022614573717913 0.056054672717355487 0.032845693275368168 -0.020348878545241228 0.030290119944108872 0.045659483708782971 -0.0063282542990350634 -0.012661539523913561 0.019221079602149999 0.053593815236081276 -0.0015463794108482838 -0.013155736816966489 -0.00022980587358902547
leaf_weight=159.13578427396715 10.025638323277233 85.503813747316599 21.901116754859686 41.785175189375877 42.159616297110915 16.819441597908735 61.622400127351284 11.09698619879782 28.82268051430583 21.723096346482635 14.188008915632965 7.6805121861398211 19.067614970728755 29.996501892805099
leaf_count=3146 143 2450 164 243 929 120 264 225 512 362 153 96 258 350
internal_value=0.000712941 -0.00502148 0.000433774 0.0173653 0.00905945 -0.0032644 0.038439 -0.00958303 0.00716649 -0.0148081 0.023887 0.0375439 0.00430261 0.0125998
internal_weight=571.528 499.88 414.377 152.662 130.761 88.9756 71.648 261.715 61.7882 199.926 32.9655 21.8685 40.7907 46.8159
internal_count=9415 9008 6558 1806 1642 1399 407 4752 986 3766 474 249 620 470
is_linear=0
shrinkage=0.035


Tree=33
num_leaves=15
num_cat=0
split_feature=116 81 27 117 117 11 87 47 117 65 56 88 69 55
split_gain=97.5725 59.9342 48.2916 41.0225 28.3724 23.4731 22.9044 21.5315 21.111 12.8548 11.837 11.6659 11.3315 9.17413
threshold=0.83558558558558571 452.50265221412877 4.5000000000000009 0.17028985507246377 0.69113355780022456 3.5000000000000004 1.0000000180025095e-35 0.099019607843137278 0.5545634920634922 2.4564393939393945 0.52086956521739147 1079.5000000000002 3.2500000000000004 0.56736587333602262
decision_type=2 10 2 2 2 2 8 2 2 10 10 10 10 10
left_child=1 2 7 -4 6 -2 -5 12 -9 -10 13 -8 -1 -6
right_child=5 -3 3 4 10 -7 11 8 9 -11 -12 -13 -14 -15
leaf_value=-0.015468389668434848 -0.00970061849924027 -0.031535917225373244 0.053298279676084762 0.038289768487466964 -0.00066551925636733247 0.044677227464682917 -0.022528629683931319 -0.016099313773376981 0.053001817143903916 -0.001041346522159485 -0.0033986811761359155 0.025989544188916826 0.0093194836916931229 0.035186132596723679
leaf_weight=205.29689332656562 9.5454442538321 84.478346422314644 23.634334795176983 5.5207029655575743 10.480067763477562 60.801136150956154 52.110438557341695 12.180525384843351 11.638596545904877 7.6960489563643923 17.305622287094593 2.6185836195945731 21.991857551038265 42.725640051066875
leaf_count=3862 140 2581 163 29 118 263 1003 263 130 106 171 13 325 268
internal_value=1.98116e-06 -0.00556535 5.78778e-05 0.0152674 0.00668371 0.0371445 -0.0105101 -0.00913309 0.0162141 0.0356962 0.0210984 -0.0182259 -0.012921 0.0286738
internal_weight=568.024 497.678 413.199 154.395 130.761 70.3466 60.2497 258.804 31.5152 19.3346 70.5113 54.729 227.289 53.2057
internal_count=9435 9032 6451 1765 1602 403 1045 4686 499 236 557 1016 4187 386
is_linear=0
shrinkage=0.035


Tree=34
num_leaves=15
num_cat=0
split_feature=117 10 88 11 65 117 81 26 107 56 117 81 94 107
split_gain=91.7623 47.3031 38.9462 38.7832 32.0511 43.1811 17.067 12.5207 12.3078 11.0476 12.034 10.8697 10.2161 10.0168
threshold=0.73401360544217698 3.5000000000000004 1079.5000000000002 4.5000000000000009 2.5590277777777781 0.21498599439775914 322.50451561682183 24.500000000000004 2845.2871531764381 0.36474501108647456 0.10357142857142858 262.32276477727902 80302.000000000015 2316.1544089155918
decision_type=2 2 10 2 10 2 10 2 8 8 2 10 2 10
left_child=2 3 4 -2 9 8 7 -5 -6 10 -1 13 -12 -7
right_child=1 -3 -4 6 5 11 -8 -9 -10 -11 12 -13 -14 -15
leaf_value=0.023893191894991353 -0.0031396757250276362 -0.026757135514122451 0.05409906037737644 0.039460558643254595 0.061080118223912738 -0.007322594992234927 -0.0092266266826129331 0.01088806955148432 -0.002996094641665982 -0.024745727566351714 -0.0172131464249245 -0.025993515836932039 0.022824213290611711 0.021719011609174169
leaf_weight=8.1153571084141713 50.665040981024504 21.784524369984865 6.2586445249617091 118.94324045628309 12.448826573789121 47.31730380281806 9.7214732971042377 27.71726868674159 4.0798390414565793 155.82014406099916 60.195232762023807 21.176505021750927 4.5081139653921118 15.159863471984862
leaf_count=88 722 402 33 661 127 905 203 176 68 3703 1381 597 107 301
internal_value=0.00117833 0.0180464 -0.0104371 0.0232802 -0.0124574 0.00392563 0.0316719 0.0345977 0.0482414 -0.0195663 -0.00760527 -0.00705741 -0.0129865 0.000811443
internal_weight=563.911 228.832 335.08 207.047 328.821 100.182 156.382 146.661 16.5287 228.639 72.8187 83.6537 64.7033 62.4772
internal_count=9474 2164 7310 1762 7277 1998 1040 837 195 5279 1576 1803 1488 1206
is_linear=0
shrinkage=0.035


Tree=35
num_leaves=15
num_cat=0
split_feature=65 81 27 47 110 99 117 86 119 11 47 49 10 81
split_gain=82.617 52.4973 54.6996 32.1444 26.7816 26.0245 25.9433 25.4009 13.1247 12.3123 11.3979 10.8212 10.1214 9.22904
threshold=4.2899159663865554 420.30579107873831 4.5000000000000009 0.099019607843137278 191.25000000000003 0.68990384615384626 0.72783389450056124 303.99371850685986 0.59099750612234125 6.5000000000000009 0.031830462681526513 0.063301282051282062 3.5000000000000004 273.96594751508638
decision_type=10 10 2 2 10 2 2 8 8 2 2 2 2 8
left_child=1 2 3 8 7 10 -5 -4 -1 -9 -2 -10 -11 -7
right_child=5 -3 4 6 -6 13 -8 9 11 12 -12 -13 -14 -15
leaf_value=0.014205057380687867 0.051878324347589162 -0.029153049895247331 0.032982345623361761 -0.010297395147391114 0.053124585229599543 0.032944535256828125 0.043095167157369503 -0.012598889665415908 -0.018198743874267953 0.020118299192016985 0.0039450987987118685 0.01550880760051623 -0.018162636612407371 -0.0090253749765857229
leaf_weight=14.891238976269959 45.367275834083557 83.93794865719974 37.351494232192636 17.653137827292085 17.683836296200752 3.6184634491801289 19.371808744966984 43.145187253132463 195.77595505863428 34.592500932514668 7.8951502982527009 8.7023747377097589 6.5761587843298903 20.279802845790982
leaf_count=227 237 2635 215 373 124 18 150 683 3707 374 65 146 122 305
internal_value=0.000652602 -0.00485464 0.000598531 -0.00895875 0.0178846 0.0331012 0.0194418 0.0108677 -0.0140786 -0.00022724 0.0457214 -0.0164283 0.0126987 0.00192993
internal_weight=556.842 479.682 395.744 256.395 139.349 77.1607 37.0249 121.665 219.37 84.3138 53.2624 204.478 41.1687 23.8983
internal_count=9381 8756 6121 4603 1518 625 523 1394 4080 1179 302 3853 496 323
is_linear=0
shrinkage=0.035


Tree=36
num_leaves=15
num_cat=0
split_feature=96 81 87 45 0 86 56 56 55 56 50 50 72 75
split_gain=83.8193 61.5996 47.605 35.2367 27.1434 21.2731 17.6967 12.4777 12.7734 11.9611 10.2675 10.0343 8.5842 7.15672
threshold=3.3229166666666674 385.70564618521638 1.5000000000000002 0.10050505050505053 15.682447916666669 293.75877528154797 0.22287581699346407 0.36474501108647456 0.56736587333602262 0.66811594202898561 0.062895569620253181 0.10275263951734541 6.5000000000000009 1.4330357142857146
decision_type=2 8 10 2 2 10 8 10 10 8 2 2 8 10
left_child=1 5 3 4 9 13 -6 8 -5 11 12 -3 -10 -1
right_child=-2 2 -4 7 6 -7 -8 -9 10 -11 -12 -13 -14 -15
leaf_value=0.0020290517195611377 0.045156524428073615 0.034908625774203929 -0.030173134423541362 -0.020019321748319101 0.024399516293635942 -0.0064997992752155983 -0.0085987665437251455 -0.021479212641458623 -0.01177202417642287 -0.0042652842372447198 -0.011473918426838262 -0.0060140313946256971 0.030109749288236058 0.041986685932695875
leaf_weight=6.7743773236870757 43.21681759506464 53.394120639190078 88.15283514559269 23.073894148692489 19.574699744582176 16.18599784001708 100.60530925914645 97.443438269197941 4.8317462094128159 13.863869443535803 14.141945572569965 6.8629776947200289 21.226433401927352 43.971061386168003
leaf_count=61 194 499 2840 448 217 162 1847 1940 66 221 248 106 299 231
internal_value=0.00103699 -0.00310294 -0.00790021 -0.0020275 0.00791863 0.0270024 -0.00246417 -0.0139281 -0.00157778 0.0238452 0.0100508 0.0301441 0.021699 0.0373129
internal_weight=553.32 510.103 443.171 355.018 194.301 66.9314 120.18 160.717 63.274 74.121 40.2001 60.2571 26.0582 50.7454
internal_count=9379 9185 8731 5891 2890 454 2064 3001 1061 826 613 605 365 292
is_linear=0
shrinkage=0.035


Tree=37
num_leaves=15
num_cat=1
split_feature=81 69 11 10 26 50 100 119 98 45 133 55 76 45
split_gain=80.5762 65.835 34.6133 31.3216 29.7543 27.1303 14.0237 13.3976 11.1521 16.0628 11.5271 9.94866 9.53344 9.02164
threshold=431.52197836116596 2.7500000000000004 4.5000000000000009 3.5000000000000004 1.0000000180025095e-35 0.068071491615180946 0.1731634182908546 0.77303240518350214 1.320714285714286 0.12556306306306309 0 0.72281323877068571 0.42142439547145005 0.16024691358024692
decision_type=10 10 2 2 2 2 2 8 2 2 1 10 10 2
left_child=1 2 7 5 6 8 -3 -1 10 -10 -4 -11 -7 -6
right_child=-2 4 3 -5 13 12 -8 -9 9 11 -12 -13 -14 -15
leaf_value=0.0068508220437717001 -0.02961732021159065 0.04068719620807254 0.023730668191694372 -0.023948399168351814 0.010937404271245978 0.01096401569355651 0.0033236205047935024 -0.020171809029078579 0.050719681201100812 -0.0083139707265649128 -0.0067284294606735351 0.031316280797275282 -0.01822656056322056 -0.019557396408293751
leaf_weight=25.289808340370655 80.373932739719748 90.295315844938159 30.861307099461555 26.975963763892651 39.732801768928766 18.370919473469257 15.20669806934893 109.97577273659408 28.30150019004941 14.027064675465228 23.364548806101084 8.8773699365556222 29.768694857135415 11.269288651645182
leaf_count=402 2662 627 224 550 518 288 175 2277 261 247 354 120 513 199
internal_value=0.00171705 0.00730359 -0.0019619 0.00798909 0.0254825 0.0141774 0.0356958 -0.0150554 0.0237758 0.0349685 0.0111465 0.00990513 -0.00710345 0.00305481
internal_weight=552.691 472.317 315.813 180.547 156.504 153.571 105.502 135.266 105.432 51.2059 54.2259 22.9044 48.1396 51.0021
internal_count=9417 6755 5236 2557 1519 2007 802 2679 1206 628 578 367 801 717
cat_boundaries=0 1
cat_threshold=2
is_linear=0
shrinkage=0.035


Tree=38
num_leaves=15
num_cat=0
split_feature=81 27 100 119 110 47 109 83 108 55 74 65 98 65
split_gain=73.6343 78.5355 25.1725 22.7884 22.9178 21.6606 16.3931 13.617 12.552 11.7169 9.68893 8.41741 8.20106 7.94882
threshold=452.50265221412877 9.5000000000000018 0.09232954545454547 0.59099750612234125 36.250000000000007 0.099019607843137278 281.50000000000006 1614.5000000000002 16.500000000000004 0.79361054766734285 17.250000000000004 2.2240143369175631 1.0784615384615386 2.7029411764705888
decision_type=10 2 2 8 8 2 8 8 10 10 10 8 2 10
left_child=1 3 -3 6 5 9 8 -4 -1 -5 11 -6 -11 -7
right_child=-2 2 7 4 10 13 -8 -9 -10 12 -12 -13 -14 -15
leaf_value=0.02551658503348999 -0.029650029710267329 0.036060763032671909 0.031118454847658125 -0.012779691064250462 -0.024346343736727821 0.046293460029995223 0.053903411612747421 -0.0060873015621443751 -0.018971148933092551 -0.0036416447787580128 0.0097126702425217749 -0.0078753652973443406 0.025424736022752938 -0.000429780023915735
leaf_weight=10.337269399315124 75.989101119339466 103.7325728032738 12.131659539416431 49.947351133450866 83.047498323023319 13.532601416110994 8.338084548711775 36.659366274252534 10.849186286330221 21.492585647851229 15.572760276496409 79.226030694320798 18.910099662840366 5.7539182417094699
leaf_count=85 2592 786 65 647 1914 110 58 517 210 232 310 1634 174 60
internal_value=0.00120654 0.00646017 0.0266658 -0.00352459 -0.00664857 0.00577946 0.0234513 0.00519636 0.00346276 -0.00200083 -0.0142586 -0.0167806 0.0112643 0.0351354
internal_weight=545.52 469.531 152.524 317.007 287.483 109.637 29.5245 48.791 21.1865 90.35 177.846 162.274 40.4027 19.2865
internal_count=9394 6802 1368 5434 5081 1223 353 582 295 1053 3858 3548 406 170
is_linear=0
shrinkage=0.035


Tree=39
num_leaves=15
num_cat=0
split_feature=81 27 65 32 100 110 87 100 55 56 44 117 65 108
split_gain=68.523 66.4828 39.5727 28.3784 32.6083 24.228 20.0535 18.5236 14.8571 11.3636 9.61989 7.90036 7.74014 6.40713
threshold=434.32254476783305 3.5000000000000004 2.8377192982456143 8.5000000000000018 0.39696969696969703 191.25000000000003 1.0000000180025095e-35 0.16954022988505749 0.83130081300813019 0.29459980713596917 0.84523809523809534 0.73401360544217698 1.4083333333333334 261.50000000000006
decision_type=10 2 10 2 2 10 8 2 10 8 2 2 10 10
left_child=1 3 5 9 8 6 -3 -4 12 -1 13 -8 -5 -11
right_child=-2 2 7 4 -6 -7 11 -9 -10 10 -12 -13 -14 -15
leaf_value=0.0030400234399474923 -0.028884936343954504 0.037950774543842193 0.039689063112190018 0.014647695024486769 0.043730566662555578 0.036523138570364211 -0.020256252533143424 -0.001143899209489389 0.018516624255367823 -0.021605585930148455 0.015313979030320019 0.0034854201611201688 -0.021086610536056302 0.010355791516050041
leaf_weight=38.682000033557415 77.239161709323525 6.3683561310172072 95.276595968753099 5.4261192642152301 20.930150963366032 15.950489390641449 44.221696903929114 15.427875179797409 20.461396411061287 130.05185121484101 6.5587292909622184 24.376757681369781 33.935671895742416 5.3103187046945086
leaf_count=616 2691 32 633 100 197 136 836 172 279 2679 147 201 592 87
internal_value=0.000584722 0.00575727 0.02061 -0.00587259 0.0109278 0.00314812 -0.00579264 0.034195 -0.00303662 -0.0134766 -0.0179286 -0.0121559 -0.0150648 -0.0200275
internal_weight=540.217 462.978 201.622 261.356 80.7533 90.9173 74.9668 110.704 59.8232 180.603 141.921 68.5985 39.3618 135.362
internal_count=9398 6707 2010 4697 1168 1205 1069 805 971 3529 2913 1037 692 2766
is_linear=0
shrinkage=0.035


Tree=40
num_leaves=15
num_cat=0
split_feature=96 81 56 27 47 118 117 117 65 114 88 108 107 54
split_gain=68.7869 51.7481 46.9473 36.9754 19.2954 18.7847 16.8797 15.275 12.9035 10.7332 9.5838 8.99342 8.96553 8.85309
threshold=3.2583333333333337 452.50265221412877 0.62593283582089565 2.5000000000000004 0.076018161805173387 0.60263157894736852 0.69113355780022456 0.50362318840579723 2.3405797101449282 0.082903780068728533 1076.5000000000002 118.50000000000001 1416.6835657023987 0.34848484848484856
decision_type=2 10 8 2 2 2 2 2 10 2 10 10 10 8
left_child=1 2 3 4 13 -5 10 -6 -9 -8 -7 -4 -11 -1
right_child=-2 -3 11 5 7 6 9 8 -10 12 -12 -13 -14 -15
leaf_value=-0.0023988633121962109 0.041399799736097177 -0.028717218434689704 -0.01832736707013656 0.051698987509481008 -0.014150310450733124 -0.0056938795202757528 0.03664067016559009 0.048418056621249893 0.0010353697525234374 -0.011186480817346996 0.035429887623338159 0.012818437763618049 0.023021190532962695 -0.023098292317496747
leaf_weight=97.156584110110998 43.537302296608686 71.628535872325301 111.23003131896257 19.247961323708296 9.0672713294625265 45.098157670348883 43.244035180658102 15.193517472594978 11.151171341538427 13.269110055640342 3.0587525125592938 9.0778352022171003 15.291520178318022 29.919911107048392
leaf_count=1684 207 2606 2271 153 204 746 292 148 141 100 22 140 102 626
internal_value=0.00163641 -0.00225059 0.00252534 0.00987314 -0.00152997 0.0227747 0.0162508 0.0196822 0.0317264 0.0264367 5.03833e-06 -0.0155596 0.00782965 -0.00796243
internal_weight=537.172 493.634 422.006 301.698 162.488 139.21 119.962 35.412 26.3447 71.8047 48.1569 120.308 28.5606 127.076
internal_count=9442 9235 6629 4218 2803 1415 1262 493 289 494 768 2411 202 2310
is_linear=0
shrinkage=0.035


Tree=41
num_leaves=15
num_cat=0
split_feature=96 83 27 117 47 86 32 11 47 88 65 91 108 69
split_gain=67.1663 45.5244 43.5514 30.0642 28.3957 21.274 19.6128 18.9428 13.2381 13.1959 8.00801 7.66532 8.81947 8.63478
threshold=3.3229166666666674 1618.5000000000002 3.5000000000000004 0.17028985507246377 0.099019607843137278 294.55222571413543 8.5000000000000018 9.5000000000000018 0.040956108470785575 1079.5000000000002 1.5773809523809526 3873.295274851906 117.50000000000001 3.2500000000000004
decision_type=2 10 2 2 2 8 2 2 2 10 10 10 10 8
left_child=1 2 4 10 11 -5 -6 -7 -9 -3 -4 12 -1 -13
right_child=-2 9 3 5 6 7 -8 8 -10 -11 -12 13 -14 -15
leaf_value=-0.021027650385828604 0.040345933160245442 -0.03110846188919816 0.0072188999876855167 0.027214071516693507 -0.0053156737991515374 -0.010877491444070743 0.042090514836468723 0.03101616625730191 -0.012567190498119819 0.027337995463557585 0.056215141333100377 -0.0090510147632884945 0.0097524082456375977 0.018848772040920385
leaf_weight=114.99310441315174 42.572612002491951 68.952989131212234 6.9223982393741634 42.299642466008663 19.253045085817575 72.519180733710527 16.552583087235689 24.282948907464743 8.8446747027337533 1.3271465301513661 18.586700761690736 78.730263620615005 9.7226432804018241 11.415178060531614
leaf_count=2279 202 2459 76 307 375 1187 156 217 119 9 124 1587 161 180
internal_value=0.000613002 -0.00317806 0.00125946 0.0145148 -0.00801743 0.00770373 0.0190718 -0.000984738 0.0192579 -0.0282623 0.0462812 -0.0128628 -0.0183447 -0.00471318
internal_weight=536.975 494.402 424.122 173.456 250.667 147.946 35.8056 105.647 33.1276 70.2801 25.5091 214.861 124.716 90.1454
internal_count=9438 9236 6768 2030 4738 1830 531 1523 336 2468 200 4207 2440 1767
is_linear=0
shrinkage=0.035


Tree=42
num_leaves=15
num_cat=0
split_feature=96 56 81 45 54 86 117 46 50 88 10 26 97 56
split_gain=69.1159 47.0382 41.6404 27.9398 24.2939 18.6317 18.3476 17.1049 11.9847 11.4011 11.3864 9.00097 9.58622 6.9334
threshold=3.3229166666666674 0.62593283582089565 452.50265221412877 0.10050505050505053 0.26969696969696971 323.92407811493246 0.17028985507246377 0.065861769809138243 0.081799933087989302 1079.5000000000002 3.5000000000000004 17.500000000000004 11.420216075618333 0.20864427860696519
decision_type=2 8 10 2 8 8 2 2 2 10 2 2 2 10
left_child=1 2 3 4 7 -5 -6 10 -9 -3 11 12 -1 -7
right_child=-2 9 -4 5 6 13 -8 8 -10 -11 -12 -13 -14 -15
leaf_value=0.030970408790483364 0.041332296665267436 -0.022103992502607681 -0.026206044632882317 0.025699535585083408 0.028205484200256318 0.010130517674879573 -0.012796534975456058 0.048713313662995167 0.0013293043275720618 0.023808894703391082 -0.020831969003083716 -0.003202070398017706 -0.010773945107606313 -0.013175417970566185
leaf_weight=40.473929092288017 40.87806198745966 136.91392206028104 45.15633475035429 16.725120203569531 13.495938442647455 14.737313363701103 43.320492153987288 39.020403329282999 8.0150529462844116 3.0001754499971858 6.3663626331835976 16.760840971022844 5.3614233657717696 94.536821423098445
leaf_count=391 196 3258 1714 146 144 205 724 332 124 15 125 193 29 1769
internal_value=0.000259692 -0.00359732 0.0034035 0.0082357 0.0171824 -0.00422265 -0.00156347 0.0260494 0.0415425 -0.020332 0.0133885 0.0181524 0.0255081 -0.00972652
internal_weight=524.762 483.884 343.97 298.814 172.814 125.999 56.8164 115.998 47.0355 139.914 68.9626 62.5962 45.8354 109.274
internal_count=9365 9169 5896 4182 2062 2120 868 1194 456 3273 738 613 420 1974
is_linear=0
shrinkage=0.035


Tree=43
num_leaves=15
num_cat=0
split_feature=81 27 32 117 68 117 23 100 56 63 95 59 101 74
split_gain=67.7564 59.2253 28.1679 24.0016 23.5123 22.4852 21.4582 15.7781 12.2656 10.4297 10.0275 9.53548 7.22053 7.1578
threshold=420.30579107873831 3.5000000000000004 8.5000000000000018 0.69931506849315073 6.5000000000000009 0.17028985507246377 2.5000000000000004 0.15192307692307697 0.20611577964519143 0.7327380952380953 8782.5000000000018 0.64248120300751899 0.32843137254901966 17.250000000000004
decision_type=10 2 2 2 10 2 2 2 8 2 2 2 2 10
left_child=1 2 8 13 5 12 11 -6 -1 10 -7 -5 -3 -4
right_child=-2 4 3 6 7 9 -8 -9 -10 -11 -12 -13 -14 -15
leaf_value=0.014601344481770419 -0.029602072730099533 0.048630946845049275 -0.015635234823709848 0.0055500824909482972 0.037914902350202846 -0.020033667854893081 -0.0047213807574305895 -0.00086213954742212656 -0.015776199616209675 0.018716980713697189 0.0065714486234559489 0.051779794445478075 0.0032918126025986601 0.022074886711514245
leaf_weight=14.17092355340719 71.276827165856957 12.965100411325695 31.736481100320816 8.4560802467167395 81.473029466345906 33.165102476254106 17.090025324374437 14.840836912393568 159.22218686155975 19.008278673514724 28.343696573749185 22.468037508428097 6.6699352078139773 2.8753990419208995
leaf_count=192 2732 87 763 71 479 459 174 162 3385 260 404 135 62 64
internal_value=0.000947092 0.00603023 -0.00505227 0.0113225 0.020239 0.00775987 0.0262699 0.0321921 -0.0129539 -0.00112385 -0.00820148 0.0416704 0.0370235 -0.0101115
internal_weight=523.762 452.485 256.019 82.626 196.466 100.152 48.0141 96.3139 173.393 80.5171 61.5088 30.9241 19.635 34.6119
internal_count=9429 6697 4784 1207 1913 1272 380 641 3577 1123 863 206 149 827
is_linear=0
shrinkage=0.035


Tree=44
num_leaves=15
num_cat=0
split_feature=81 27 0 50 10 56 11 11 45 10 129 119 56 108
split_gain=58.0034 55.2526 29.2623 23.9401 22.2999 18.7941 13.7979 12.1709 9.81329 8.58944 8.09926 7.89487 6.76172 6.07124
threshold=452.50265221412877 9.5000000000000018 4.7096238425925927 0.040270270270270282 2.5000000000000004 0.26352339181286555 2.5000000000000004 6.5000000000000009 0.097800095648015326 1.5000000000000002 11.500000000000002 0.8144879441188323 0.47673160173160178 135.50000000000003
decision_type=10 2 2 2 2 8 2 2 2 2 2 8 10 10
left_child=1 2 3 6 7 9 13 -3 -8 -4 -6 12 -7 -1
right_child=-2 4 5 -5 10 11 8 -9 -10 -11 -12 -13 -14 -15
leaf_value=-0.01531759225013333 -0.029052689593817217 0.0090655671677985564 0.032421560997182096 -0.010477076318306966 -0.010035323453735586 0.020185305083527755 0.045161053753031193 0.036781378932116249 0.0080874763553101473 -0.00019925924665382497 0.02211116866052814 -0.018496176838843248 -0.010887927761251779 0.022912885542987562
leaf_weight=11.205067012459038 65.699594125151634 30.410705853253603 9.2716535143554193 31.870506159961224 29.098354397341609 9.5568682905286568 28.378957642242312 79.658981429412961 15.3265482224524 31.995821338146925 8.3737730104476196 147.90894198045135 16.009095573797822 2.5129739418625823
leaf_count=227 2608 364 97 489 426 133 231 508 225 498 60 3197 310 32
internal_value=0.000451947 0.00501569 -0.00355414 0.0128263 0.022213 -0.0105023 0.0255631 0.0298505 0.0343251 0.00984142 -0.00109432 -0.015482 0.00212947 -0.00406446
internal_weight=517.278 451.578 304.036 89.2941 147.542 214.742 57.4235 110.07 43.7055 41.2675 37.4721 173.475 25.566 13.718
internal_count=9405 6797 5439 1204 1358 4235 715 872 456 595 486 3640 443 259
is_linear=0
shrinkage=0.035


Tree=45
num_leaves=15
num_cat=0
split_feature=117 110 97 10 87 54 65 13 83 69 46 81 113 32
split_gain=58.1315 30.0815 40.7533 29.4473 24.3046 23.9789 11.692 17.2723 11.1994 11.894 8.26748 8.00196 7.95993 7.74833
threshold=0.73401360544217698 260.25000000000006 1.7983802258258772 3.5000000000000004 1.0000000180025095e-35 0.22474747474747478 4.3431372549019613 5.5000000000000009 1341.5000000000002 2.7500000000000004 0.0621778350515464 340.86611123870415 0.025751547303271446 4.5000000000000009
decision_type=2 10 2 2 8 8 8 2 10 10 2 8 2 2
left_child=1 4 -3 5 -1 6 7 10 9 -6 -2 -7 -9 -13
right_child=3 2 -4 -5 8 11 -8 12 -10 -11 -12 13 -14 -15
leaf_value=0.033215803565416167 0.01173809391477677 -0.016301204423395707 0.046134493232324235 -0.022585496314273021 -0.015553688097056522 0.022692419147528498 0.040766164385922406 0.014912990389829966 -0.029300637031951526 0.004857098206663673 0.043647125616655652 -0.011712361882234115 -0.012964721992285367 0.016120349127763743
leaf_weight=8.5969768948852998 22.498621661216021 20.81693934649229 21.788115322589874 19.285514935851097 152.98556034266949 11.558259919285772 47.423766823485494 19.056985072791576 53.153394620865583 42.334063921123743 24.572447834536433 42.55786444991827 21.227667661383748 11.758708758279679
leaf_count=72 162 473 204 406 3620 85 251 141 2114 817 170 679 170 116
internal_value=0.00122971 -0.00874584 0.0171202 0.014714 -0.0132776 0.0187609 0.0269666 0.0176736 -0.0155097 -0.011119 0.0309871 0.00125416 0.000413543 -0.00483606
internal_weight=519.615 299.675 42.6051 219.94 257.07 200.654 134.779 87.3557 248.473 195.32 47.0711 65.8748 40.2847 54.3166
internal_count=9480 7300 677 2180 6623 1774 894 643 6551 4437 332 880 311 795
is_linear=0
shrinkage=0.035


Tree=46
num_leaves=15
num_cat=0
split_feature=96 88 83 56 45 54 46 86 119 50 119 107 56 23
split_gain=52.851 42.788 42.9984 30.9155 22.8866 17.9723 18.9605 15.5329 11.4746 8.89601 8.82956 9.65561 8.289 9.60999
threshold=3.2583333333333337 1079.5000000000002 1354.5000000000002 0.62593283582089565 0.10050505050505053 0.26969696969696971 0.065861769809138243 314.31405019349342 0.59099750612234125 0.081799933087989302 1.000162128780518 101.30904968940567 0.20864427860696519 4.5000000000000009
decision_type=2 10 10 8 2 8 2 8 8 2 10 10 10 2
left_child=1 2 3 4 5 6 -1 -6 -7 -8 11 -5 13 -9
right_child=-2 -3 -4 10 7 8 9 12 -10 -11 -12 -13 -14 -15
leaf_value=0.0094463361404146951 0.037358112903876757 0.049835913825997502 -0.027494103275358634 -0.008504769192838468 0.030361805750136018 0.027490973386052938 0.04574543941673842 0.028459872911547709 -0.009489208589998634 0.0022659167469913093 -0.021137001194235668 0.031936884203938275 -0.013217288295323346 -0.015510310175471798
leaf_weight=63.936907161027193 39.49068009853363 13.428568329662083 77.432969212532043 27.881784427911043 8.7268141079694015 8.0316657014191133 36.472650375217199 9.6397226192057115 43.916050154715776 7.320825431495904 76.79117994196713 4.2719292473047963 91.714608928188682 6.2707449756562701
leaf_count=707 200 63 2824 644 62 77 303 132 768 122 1617 65 1783 87
internal_value=0.000869446 -0.00251581 -0.00455297 0.000354701 0.00658535 0.0150013 0.0228537 -0.00510665 -0.00185998 0.0394541 -0.0150279 0.000443147 -0.00920286 0.0115651
internal_weight=515.327 475.836 462.408 384.975 276.03 159.678 107.73 116.352 51.9477 43.7935 108.945 32.1537 107.625 15.9105
internal_count=9454 9254 9191 6367 4041 1977 1132 2064 845 425 2326 709 2002 219
is_linear=0
shrinkage=0.035


Tree=47
num_leaves=15
num_cat=0
split_feature=81 27 47 47 117 66 56 119 86 118 65 58 55 87
split_gain=51.1736 51.1606 23.1903 21.2681 17.2432 15.8221 10.5486 11.3773 10.4906 10.0929 9.80271 7.90979 7.54392 7.41256
threshold=452.50265221412877 4.5000000000000009 0.099019607843137278 0.040956108470785575 0.5545634920634922 1.9411204519281271 0.25866188769414583 0.61061243460626269 280.30398663008413 0.60263157894736852 2.3245614035087727 0.55086206896551737 0.99382716049382724 1.0000000180025095e-35
decision_type=10 2 2 2 2 10 8 8 8 2 10 2 10 8
left_child=1 2 6 5 -4 9 12 -8 -5 -3 -6 -7 -1 -11
right_child=-2 3 4 8 10 11 7 -9 -10 13 -12 -13 -14 -15
leaf_value=-0.0033737910586658527 -0.02843271443955657 0.032837933775560088 -0.014326506125976621 0.023496997952595793 0.046482332840312723 0.0019921885861055449 0.011735260420408709 -0.016421815249636984 -0.014073548616965657 0.029209346163711992 0.0040762511596913603 0.037044340112713285 0.026779349110730592 -0.0033699822494321105
leaf_weight=32.844437945634127 60.381756968796253 12.702995007857679 10.976431500166653 7.4104941803961983 15.313978893682362 9.380745265632866 16.105383666232228 160.14037278480828 30.219609199091792 5.2370960339903823 11.504440695047377 76.55324655584991 9.163853492587803 47.773668121546507
leaf_count=521 2576 112 271 42 149 66 249 3488 449 25 137 513 102 710
internal_value=0.000507578 0.00470371 -0.00547781 0.0182634 0.018288 0.0239533 -0.00991072 -0.0135961 -0.00478665 0.00993445 0.0317903 0.0335379 0.00535266 0.00208879
internal_weight=505.709 445.327 256.049 189.278 37.7949 151.648 218.254 176.246 37.6301 65.7138 26.8184 85.934 42.0083 53.0108
internal_count=9410 6834 4917 1917 557 1426 4360 3737 491 847 286 579 623 735
is_linear=0
shrinkage=0.035


Tree=48
num_leaves=15
num_cat=0
split_feature=96 81 87 0 69 50 117 118 11 42 55 9 68 44
split_gain=50.7244 34.6604 28.9907 24.9764 16.0121 14.2643 12.1997 10.4052 10.5053 10.2039 10.1064 13.2574 8.04993 7.64804
threshold=2.8944444444444448 452.50265221412877 1.0000000180025095e-35 4.0473495370370385 2.7500000000000004 0.030457637600494747 0.70320320320320329 0.48333333333333339 4.5000000000000009 1.5000000000000002 0.72821969696969713 3.5000000000000004 12.500000000000002 0.35319472616632869
decision_type=2 10 8 2 10 2 2 2 2 10 10 2 10 2
left_child=1 2 -1 5 6 9 7 8 -5 -4 -8 -12 -11 -6
right_child=-2 -3 3 4 13 -7 10 -9 -10 12 11 -13 -14 -15
leaf_value=0.043302209849675886 0.032533283153523336 -0.026348726496432936 0.0013962738237333176 -0.011271715248064695 -0.0058114432394400463 -0.0020860048288043149 -0.012223877016250464 -0.02087886930661241 0.035742528748867207 0.035339679224322122 -0.017835465445242518 0.025360653642048283 -0.0047761361025161573 0.016457455274406306
leaf_weight=14.445186115801333 53.049396261572838 57.836469130590558 21.133043501526117 11.019855255261062 28.475452173501253 47.428094021975994 31.320270085707307 116.25396083295345 4.4095836244523516 42.140295080840588 8.2219705283641797 24.638272739946842 5.7748449109494677 41.352017030119896
leaf_count=68 292 2587 331 278 469 683 470 2939 25 415 160 193 36 508
internal_value=0.00171851 -0.00219351 0.00161314 -0.000501496 -0.00641227 0.0126904 -0.0114707 -0.0173825 0.00762385 0.0222956 0.00103861 0.0136245 0.0305104 0.00759475
internal_weight=507.499 454.449 396.613 382.168 265.691 116.476 195.864 131.683 15.4294 69.0482 64.1805 32.8602 47.9151 69.8275
internal_count=9454 9162 6575 6507 5042 1465 4065 3242 303 782 823 353 451 977
is_linear=0
shrinkage=0.035


Tree=49
num_leaves=15
num_cat=0
split_feature=81 27 47 65 110 100 69 110 65 129 6 63 0 47
split_gain=45.6853 43.1348 24.5317 19.5374 17.2929 14.435 13.7302 12.805 12.5065 9.88159 8.73709 8.70663 13.4528 8.4309
threshold=420.30579107873831 4.5000000000000009 0.099019607843137278 2.7974358974358977 191.25000000000003 0.15894736842105264 2.7500000000000004 58.250000000000007 2.3245614035087727 10.500000000000002 1.5000000000000002 0.72456896551724148 4.0473495370370385 0.022857889237199586
decision_type=10 2 2 10 10 2 10 8 10 2 2 2 2 2
left_child=1 2 6 4 9 10 11 8 -4 -3 -5 -1 -13 -8
right_child=-2 3 7 5 -6 -7 13 -9 -10 -11 -12 12 -14 -15
leaf_value=-0.018559707616102816 -0.026020852332697002 -0.010882679131903895 0.045918740280649135 0.035581577322107899 0.033606522888663948 -0.001774312568978952 0.014498225305900779 -0.010607989632590964 0.00047911163626922074 0.021181523040465881 0.001576558813678355 0.026151689182021199 -0.012360223822245268 -0.013172686251986504
leaf_weight=122.13837201707065 62.30555035546422 53.88301445171237 16.899688808247451 81.576670683920383 13.292067360132931 18.007588319480419 37.274119092151523 10.002123411744831 11.383252702653406 9.8758843801915628 10.897224469110368 11.356344420462845 29.648174036294222 15.280158072710035
leaf_count=2650 2748 845 165 546 100 198 566 248 140 64 74 177 718 202
internal_value=0.00086937 0.00491294 -0.00447944 0.0174194 0.00352247 0.0265391 -0.00912748 0.0197369 0.0304497 -0.004737 0.0318608 -0.0140367 -1.11544e-05 0.00600747
internal_weight=503.82 441.515 253.982 187.532 77.051 110.481 215.697 38.2851 28.2829 63.7589 92.4739 163.143 41.0045 52.5543
internal_count=9441 6693 4866 1827 1009 818 4313 553 305 909 620 3545 895 768
is_linear=0
shrinkage=0.035


Tree=50
num_leaves=15
num_cat=0
split_feature=117 110 97 10 87 109 32 74 60 65 45 26 6 65
split_gain=54.6282 28.8844 44.9665 27.7879 21.7389 20.795 12.7414 11.1013 9.61815 9.06458 7.8689 7.8156 8.84822 8.04245
threshold=0.72783389450056124 260.25000000000006 1.9536549858406314 3.5000000000000004 1.0000000180025095e-35 2537.0000000000005 8.5000000000000018 18.250000000000004 0.84668803418803429 2.5590277777777781 0.07419919919919922 18.500000000000004 1.5000000000000002 2.4058823529411768
decision_type=2 10 2 2 8 10 2 10 2 10 2 2 2 8
left_child=1 4 -3 5 -1 6 -2 9 -7 -6 -11 12 -10 -13
right_child=3 2 -4 -5 7 8 -8 -9 11 10 -12 13 -14 -15
leaf_value=0.032324842709057673 -0.0061975185905677761 -0.018357292418572878 0.047205643340905289 -0.022139929299962304 -0.021879185510948727 -0.0047744154091603026 0.028722497451231777 0.015829072414883176 0.037055813061452371 0.0081053785822207264 -0.014505625639488658 0.030201706607730479 0.00070346647090482786 -0.0026902831307889724
leaf_weight=7.7059765923768273 51.833959439769387 20.653326461091638 21.811024455353618 18.637568196281791 150.09306973963976 10.017546182498334 11.541084162890909 9.4993791673332435 84.384507894515991 26.14674025401473 45.123035449534655 10.372002221643926 9.2462876848876459 20.553114779293537
leaf_count=65 700 502 175 413 4446 109 73 235 636 575 1158 63 68 148
internal_value=0.00161675 -0.00850597 0.0167432 0.0146471 -0.0132517 0.0185708 0.00179703 -0.015426 0.0261228 -0.0170873 -0.00622278 0.0286961 0.0336836 0.0110094
internal_weight=497.619 281.033 42.4644 216.586 238.568 197.949 63.375 230.862 134.573 221.363 71.2698 124.556 93.6308 30.9251
internal_count=9366 7156 677 2210 6479 1797 773 6414 1024 6179 1733 915 704 211
is_linear=0
shrinkage=0.035


Tree=51
num_leaves=15
num_cat=0
split_feature=81 11 10 54 66 118 81 20 14 11 27 0 44 72
split_gain=48.3766 38.2388 42.7067 22.8874 16.801 14.1218 14.4315 13.8049 11.938 11.374 9.51752 9.07737 9.49737 9.88698
threshold=452.50265221412877 2.5000000000000004 3.5000000000000004 0.22474747474747478 4.2259120153140755 0.61721611721611735 273.96594751508638 1.5000000000000002 3.5000000000000004 13.500000000000002 2.5000000000000004 43.875121527777786 0.36882591093117417 9.5000000000000018
decision_type=10 2 2 8 8 2 8 2 2 2 2 2 2 10
left_child=1 -1 3 4 7 10 -7 8 -3 -9 -5 12 13 -8
right_child=-2 2 -4 5 -6 6 11 9 -10 -11 -12 -13 -14 -15
leaf_value=-0.017345053566880108 -0.028333224513238928 0.035199109501956684 -0.024876547919543988 -0.0035025573435740055 0.039892824758287947 0.025754310217959684 -0.0058816062024145471 -0.0099695661348772006 0.011053301858712037 0.021049687759707066 0.040038983421083529 -0.018872180170639706 -0.01211231638091438 0.034138044703943181
leaf_weight=73.099522139877081 55.536171581596136 43.654240142554045 34.951679455116391 8.3941511549055594 40.781977437436581 12.549775347113608 11.684557821601631 38.444693490862846 66.569047346711159 16.721777614206076 12.25644422881305 46.798673368990421 23.9673843216151 11.44141363352537
leaf_count=1744 2581 608 777 179 311 66 193 654 562 169 98 965 340 188
internal_value=0.00103853 0.00501075 0.00962181 0.0135541 0.020619 0.00174672 -0.00370855 0.0148352 0.0217288 0.000400753 0.0251073 -0.00874965 0.00215543 0.0164668
internal_weight=496.852 441.315 368.216 333.264 206.172 127.092 106.442 165.39 110.223 55.1665 20.6506 93.892 47.0934 23.126
internal_count=9435 6854 5110 4333 2304 2029 1752 1993 1170 823 277 1686 721 381
is_linear=0
shrinkage=0.035


Tree=52
num_leaves=15
num_cat=0
split_feature=69 0 83 88 56 27 32 110 51 100 82 55 56 27
split_gain=42.0039 23.5465 19.994 17.0032 16.1142 14.1927 13.9969 13.8297 9.95046 8.59731 8.16085 8.14685 6.91493 6.84812
threshold=2.7500000000000004 5.8279629629629639 1614.5000000000002 1079.5000000000002 0.25143678160919547 3.5000000000000004 2.5000000000000004 233.00000000000003 0.01941930618401207 0.15894736842105264 1.0000000180025095e-35 0.73746867167919816 0.5727513227513229 13.500000000000002
decision_type=10 2 10 10 8 2 2 10 2 2 8 10 10 2
left_child=1 6 5 4 11 12 7 13 -8 -7 -6 -3 -2 -1
right_child=2 3 -4 -5 10 9 8 -9 -10 -11 -12 -13 -14 -15
leaf_value=-0.015997076535089555 0.013129123737675183 -0.0077869019028889604 -0.022689909335072606 0.031596615983720024 0.021138449149882579 0.031754679695811153 0.034900263696120877 0.028804023352362297 -0.010846721658416464 0.001674169012442899 -0.019920810447785098 0.019144976630333838 -0.0098221031515490203 0.0066286543350936606
leaf_weight=39.34826180152595 38.368860261514783 28.373906351625919 11.576962811872361 5.751826971769332 2.2307072114199391 74.002234291285276 22.885281031951312 10.5004336964339 4.845928616821765 14.325779093429444 179.21736973524094 18.66281770169735 21.086879957467318 22.446264239028096
leaf_count=778 505 612 459 28 22 533 274 110 84 167 4916 244 367 353
internal_value=0.000560357 -0.00648074 0.0150771 -0.0124732 -0.0142355 0.0186814 0.00747787 -0.0010484 0.0264704 0.027227 -0.0188627 0.0037117 0.00485864 -0.00789751
internal_weight=493.624 334.263 159.361 234.237 228.485 147.784 100.026 72.295 27.7312 88.328 181.448 47.0367 59.4557 61.7945
internal_count=9452 7421 2031 5822 5794 1572 1599 1241 358 700 4938 856 872 1131
is_linear=0
shrinkage=0.035


Tree=53
num_leaves=15
num_cat=0
split_feature=81 27 65 32 100 110 100 87 10 73 87 119 69 59
split_gain=43.589 39.5079 22.7481 20.9138 20.6966 14.3654 13.6252 9.35927 8.50623 8.4428 8.07691 6.48084 7.23481 6.11842
threshold=452.50265221412877 4.5000000000000009 2.5590277777777781 9.5000000000000018 0.39696969696969703 200.25000000000003 0.15894736842105264 1.0000000180025095e-35 2.5000000000000004 15.500000000000002 188.50000000000003 0.59099750612234125 4.2500000000000009 0.70502311895754533
decision_type=10 2 10 2 2 10 2 8 2 10 10 8 10 2
left_child=1 3 5 11 8 7 -4 -3 -5 -10 -9 -1 13 -13
right_child=-2 2 6 4 -6 -7 -8 10 9 -11 -12 12 -14 -15
leaf_value=0.008980752395543792 -0.027527972497505309 0.02562715865362698 0.030495229554035039 0.0096554373526226301 0.037529705941267588 0.028407339181996467 -5.4345316645010236e-05 -0.017669545846379996 0.014228526552039406 -0.026093311316512338 0.016594032651451936 -0.020925720337722623 0.013804967415688141 -0.0062413129810511359
leaf_weight=14.323451647534965 54.087052604183555 4.354954842478036 98.541664510965347 32.686014968901873 19.029664766043425 12.178685739636419 21.596721520647407 45.996233044192195 5.2179875504225519 17.437466410920024 6.0025785751640788 86.70428029820323 7.6408365927636615 65.390428023412824
leaf_count=244 2617 22 706 479 183 98 252 817 87 363 52 1929 115 1502
internal_value=0.000713706 0.00448015 0.0163438 -0.00467443 0.010402 0.000125639 0.0252207 -0.00780331 -0.00126291 -0.015913 -0.0126056 -0.0112268 -0.0132564 -0.015012
internal_weight=491.188 437.101 188.671 248.43 74.3711 68.5325 120.138 56.3538 55.3415 22.6555 51.9988 174.059 159.736 152.095
internal_count=9466 6849 1947 4902 1112 989 958 891 929 450 869 3790 3546 3431
is_linear=0
shrinkage=0.035


Tree=54
num_leaves=15
num_cat=0
split_feature=81 27 54 55 10 65 23 119 29 117 87 117 6 29
split_gain=44.2191 36.3344 16.4179 30.7836 15.3342 14.9147 13.464 11.5987 11.3676 11.0625 11.9321 8.99503 8.92719 7.90691
threshold=434.32254476783305 4.5000000000000009 0.22474747474747478 0.88516483516483524 3.5000000000000004 2.5590277777777781 1.5000000000000002 0.59099750612234125 19.500000000000004 0.16002844950213374 1.0000000180025095e-35 0.73401360544217698 1.5000000000000002 7.5000000000000009
decision_type=10 2 8 10 2 10 2 8 2 2 8 2 2 2
left_child=1 2 3 6 5 9 13 -4 -5 -3 -11 -12 -7 -1
right_child=-2 4 7 8 -6 12 -8 -9 -10 10 11 -13 -14 -15
leaf_value=0.025711929316132417 -0.02707970293824084 0.029348885772947315 0.012542472549524111 0.04508570070131885 -0.018936275815506227 0.029829193622925524 -0.014169175736774129 -0.016569287943221826 -0.00095331677784827999 0.032604549649012868 -0.02031808118828755 0.008911962608548013 -0.00064319352390061714 -0.0081771905321635103
leaf_weight=16.990033918991688 55.110384028404951 11.918847184628246 15.886077301576732 20.827688572928313 10.16582642123103 98.742195650935173 60.885493244975805 109.23473155871034 8.5377395935356599 4.7954310066997996 28.902673641219735 17.133886832743883 13.05011943541467 10.573255868628619
leaf_count=247 2706 83 256 216 202 718 1226 2594 115 25 605 133 99 200
internal_value=0.00106113 0.00495868 -0.00393149 0.00534198 0.0164467 0.0189775 -0.00530218 -0.0125332 0.0335091 0.00478731 -0.00308435 -0.00963194 0.0263967 0.0134526
internal_weight=482.754 427.644 242.935 117.814 184.709 174.543 88.4488 125.121 29.3654 62.7508 50.832 46.0366 111.792 27.5633
internal_count=9425 6719 4854 2004 1865 1663 1673 2850 331 846 763 738 817 447
is_linear=0
shrinkage=0.035


Tree=55
num_leaves=15
num_cat=0
split_feature=96 87 83 56 10 54 86 46 108 110 106 88 50 0
split_gain=41.0888 30.5993 26.8215 26.4642 22.4375 17.831 16.3971 15.5913 8.67196 11.011 13.9295 7.99896 7.48679 7.11044
threshold=3.3229166666666674 1.0000000180025095e-35 1384.5000000000002 0.62593283582089565 3.5000000000000004 0.25543478260869573 248.06104507297934 0.10676291793313071 23.500000000000004 59.750000000000007 621.25739130434795 1079.5000000000002 0.030457637600494747 0.94059027777777782
decision_type=2 8 10 8 2 8 8 2 10 10 10 10 2 2
left_child=1 -1 3 4 5 7 -7 8 9 10 -3 -4 -9 -5
right_child=-2 2 11 13 -6 6 -8 12 -10 -11 -12 -13 -14 -15
leaf_value=0.038125866734855296 0.034177160565403632 0.0020843708970980546 -0.027310699215478625 0.0052684515262851469 -0.024580631205034582 0.033237580165549931 -0.0094584362377046951 0.050423078892327333 0.035536748473807667 -0.013990527604015788 0.030205543612828886 0.018194049848854355 0.0092664605673897175 -0.019710233709861469
leaf_weight=16.418070940300822 35.163713235408068 69.100917670875788 61.870591508224607 14.364089380949734 23.868727132678032 7.6844962462782851 81.665235577151179 15.420280706137421 8.9992054123431426 22.691984152421355 26.934344226494431 1.7365737259387959 11.047956200316547 84.42435884475708
leaf_count=121 199 572 2763 236 543 60 1564 146 107 524 357 9 159 2052
internal_value=0.000256448 -0.00276568 -0.00474813 -0.000972015 0.00477122 0.00808449 -0.00421957 0.0151228 0.00926047 0.00591319 0.0110758 -0.0248329 0.0374461 -0.0159994
internal_weight=481.391 446.227 429.809 366.202 267.413 243.544 89.3497 154.195 127.726 118.727 96.0353 63.6072 26.4682 98.7884
internal_count=9412 9213 9092 6320 4032 3489 1624 1865 1560 1453 929 2772 305 2288
is_linear=0
shrinkage=0.035


Tree=56
num_leaves=15
num_cat=0
split_feature=81 69 0 56 130 20 44 42 65 117 72 54 27 119
split_gain=37.9103 33.7855 22.6581 14.9715 16.5587 11.7343 10.6709 10.3576 9.09849 8.22665 9.81016 8.36936 7.21388 7.02987
threshold=452.50265221412877 3.2500000000000004 3.2949363425925928 0.20864427860696519 9.5000000000000018 1.0000000180025095e-35 0.34514106583072107 1.5000000000000002 3.4188596491228074 0.65733855185909984 9.5000000000000018 0.20416666666666669 9.5000000000000018 0.77303240518350214
decision_type=10 10 2 8 2 2 2 10 10 2 8 8 2 8
left_child=1 2 5 -4 9 7 -3 -1 -9 13 -11 -12 -7 -5
right_child=-2 6 3 4 -6 12 -8 8 -10 10 11 -13 -14 -15
leaf_value=0.0005117244369712274 -0.026020483993322924 0.00084889790436762748 0.015529624021165365 0.0048404632542142249 0.021225207755100409 -0.010235477001239567 0.032051639566620937 0.037928040712912663 -0.0033955081816923072 -0.014381994466631355 0.025850057068381491 -0.0038749956364378941 0.015303850901876239 -0.02103052407880162
leaf_weight=18.478021958842874 49.123298570513725 17.363822601735592 30.71440195851028 12.787763137370346 15.714771926403044 29.086171003058553 58.685766942799091 35.338353039696813 6.8587179183959952 41.713856600224972 14.57302927225828 25.832826791331172 17.486022766679525 98.656494099646807
leaf_count=299 2591 244 347 271 130 475 489 338 46 572 162 439 162 2782
internal_value=0.00160018 0.00507194 0.000318086 -0.00565279 -0.00905141 0.0133361 0.0254192 0.0228656 0.0315632 -0.011982 -0.0032754 0.00851183 -9.2404e-05 -0.0179816
internal_weight=472.413 423.29 347.24 239.993 209.279 107.247 76.0496 60.6751 42.1971 193.564 82.1197 40.4059 46.5722 111.444
internal_count=9347 6756 6023 4703 4356 1320 733 683 384 4226 1173 601 637 3053
is_linear=0
shrinkage=0.035


Tree=57
num_leaves=15
num_cat=1
split_feature=96 88 83 56 10 133 29 63 47 86 119 109 54 46
split_gain=35.6236 29.5974 32.2275 22.3505 17.4527 14.5244 12.5764 18.0765 11.9217 7.79767 7.65092 9.46045 7.34419 6.86774
threshold=3.3229166666666674 1079.5000000000002 1354.5000000000002 0.62593283582089565 3.5000000000000004 0 1.5000000000000002 0.68217893217893233 0.047338935574229697 294.55222571413543 0.8704386226815618 281.50000000000006 0.34848484848484856 0.13245614035087722
decision_type=2 10 10 8 2 1 2 2 2 10 10 10 10 2
left_child=1 2 3 4 5 8 7 13 9 -1 11 -5 -9 -7
right_child=-2 -3 -4 10 -6 6 -8 12 -10 -11 -12 -13 -14 -15
leaf_value=0.025084146425635473 0.033045445876632322 0.042385702172961476 -0.025485718710912857 -0.0092783035215630565 -0.0207060451712252 -0.0090333306902981927 -0.0096465790425597636 0.039742153508845052 -0.0062542468091879777 -0.010476540161671251 -0.01926040355066469 0.030181129976202155 -0.0059680990260917843 0.022161190917201975
leaf_weight=87.90906985104084 34.34108179807663 12.93870362266898 63.740866767242551 21.309091093018655 22.825341310352087 37.318387467414141 67.064455978572369 19.813213724642996 19.146733328700066 5.5413524452596894 69.161974899470806 5.4055838603526345 3.7696480080485335 5.9274264127016059
leaf_count=825 198 62 2882 551 535 645 1318 257 225 74 1623 83 85 77
internal_value=0.00112524 -0.0016975 -0.00350033 0.000629403 0.0058015 0.008619 0.00070922 0.0110496 0.0175947 0.0225505 -0.0134664 0.00220556 0.0326697 -0.00290411
internal_weight=476.213 441.872 428.933 365.192 269.316 246.49 133.893 66.8287 112.597 93.4504 95.8766 26.7147 23.5829 43.2458
internal_count=9440 9242 9180 6298 4041 3506 2382 1064 1124 899 2257 634 342 722
cat_boundaries=0 1
cat_threshold=2
is_linear=0
shrinkage=0.035


Tree=58
num_leaves=15
num_cat=0
split_feature=56 81 55 54 119 45 29 72 27 0 65 106 95 43
split_gain=35.5388 28.7374 23.3214 22.1033 13.6745 11.3137 9.08194 7.66026 7.65631 10.3886 7.39048 6.97116 8.13345 6.92451
threshold=0.62593283582089565 452.50265221412877 0.50247524752475259 0.22474747474747478 0.75863057486895624 0.10050505050505053 16.500000000000004 6.5000000000000009 3.5000000000000004 15.682447916666669 3.6381818181818186 161.55555555555557 248.50000000000003 0.35948717948717951
decision_type=8 10 10 8 8 2 2 8 2 2 10 10 2 2
left_child=1 2 13 5 11 6 -4 -7 -6 -10 -2 12 -5 -1
right_child=10 -3 3 4 8 7 -8 -9 9 -11 -12 -13 -14 -15
leaf_value=-0.019087695475923098 -0.018721883983350177 -0.023197809234101432 0.034602253851267174 0.023108059086893895 -0.0138634920508495 -0.013260632366530934 0.010103103798379394 0.014685599778728584 0.024853957929684079 -0.008213789464922721 0.0037133334852726338 0.043154282174569264 -0.016954852077045938 0.0058879745655582624
leaf_weight=34.749650413170457 102.4221990313381 31.392672170884907 76.204198874533176 8.4141705967485922 47.428413195535541 12.106064300984142 30.951559919863939 39.39650864712894 15.131639475002883 23.462876439094543 19.818383723497391 7.1545121669769278 6.8120343741029492 17.750439878553152
leaf_count=746 2968 1707 590 77 1051 161 281 554 143 329 331 48 132 314
internal_value=0.000803386 0.00647038 0.00969735 0.0138651 0.00153386 0.0219862 0.0282916 0.00752447 -0.00505673 0.0061146 -0.0150816 0.0231631 0.00542386 -0.0108656
internal_weight=473.195 350.955 319.562 267.062 108.404 158.658 107.156 51.5026 86.0229 38.5945 122.241 22.3807 15.2262 52.5001
internal_count=9432 6133 4426 3366 1780 1586 871 715 1523 472 3299 257 209 1060
is_linear=0
shrinkage=0.035


Tree=59
num_leaves=15
num_cat=0
split_feature=83 27 47 65 88 100 117 117 65 49 44 118 110 92
split_gain=34.0265 27.1166 23.6802 16.2329 14.5597 14.1046 12.6842 11.3921 9.94868 9.49448 9.01172 8.75865 8.25549 8.00392
threshold=1537.5000000000002 3.5000000000000004 0.099019607843137278 2.5590277777777781 1079.5000000000002 0.16954022988505749 0.5545634920634922 0.16002844950213374 2.3245614035087727 0.064866760168302964 0.35032467532467537 0.68857758620689669 774.50000000000011 12005.500000000002
decision_type=10 2 2 10 10 2 2 2 10 2 2 2 10 2
left_child=1 2 9 7 -2 -5 -4 -3 -8 10 -1 12 -12 -13
right_child=4 3 6 5 -6 -7 8 -9 -10 -11 11 13 -14 -15
leaf_value=-0.018432278309703697 -0.027601493046661041 0.025849004085800768 -0.0098258795824602094 0.02781069639747245 0.028479177095319594 -0.0052047875506953875 0.0464755604705296 -0.0059221274587791294 0.0038182144989996037 0.02083339974495033 0.029655213568635406 0.01508701932214206 -0.013617163554251377 -0.011467325138289545
leaf_weight=77.518437413498759 52.584676785394549 12.896534034982322 9.5874221958219987 96.714225206524134 2.2683651819825164 17.089110109955072 15.735303502529861 55.943308865651488 11.320840945467351 8.7027950938791019 11.981349993497135 12.202867047861217 4.4345324076712123 78.467872766777873
leaf_count=1915 2634 119 265 710 13 217 150 979 139 161 291 188 118 1546
internal_value=0.00160374 0.00512485 -0.00287446 0.0150044 -0.023097 0.0228426 0.0211958 0.00137722 0.0320064 -0.0078566 -0.00972285 -0.00287723 0.0175157 -0.00729181
internal_weight=467.448 412.595 229.951 182.643 54.853 113.803 36.6436 68.8398 27.0561 193.308 184.605 107.087 16.4159 90.6707
internal_count=9445 6798 4773 2025 2647 927 554 1098 289 4219 4058 2143 409 1734
is_linear=0
shrinkage=0.035


Tree=60
num_leaves=15
num_cat=0
split_feature=83 11 10 117 110 65 88 25 65 98 0 44 113 92
split_gain=35.7189 29.3831 31.4804 21.7839 28.5122 12.7162 11.2608 11.0781 8.35661 10.6429 8.07476 7.55466 6.83768 6.52003
threshold=1618.5000000000002 2.5000000000000004 3.5000000000000004 0.12916666666666668 37.250000000000007 1.5147058823529413 1079.5000000000002 1.5000000000000002 4.6076923076923082 1.2182539682539686 9.818535879629632 0.46092796092796101 0.072821969696969704 61613.500000000007
decision_type=10 2 2 2 10 8 10 2 8 2 2 2 2 2
left_child=1 -1 3 5 7 -3 10 8 9 -5 -6 -12 -9 -13
right_child=-2 2 -4 4 6 -7 -8 12 -10 -11 11 13 -14 -15
leaf_value=-0.016438159701118484 -0.026469747177819563 -0.0057039315308492142 -0.023253758110658045 -0.010280395071891053 0.006143998319744594 0.050224007895396217 0.032423457029839918 0.031367590221771789 0.026070378896055943 0.01488529494801598 -0.018431305813374012 -0.0086627789970167863 0.0024655483726459711 0.025283382969285405
leaf_weight=66.353280811570585 47.580791695974767 5.0235326178371933 30.6592937130481 36.221184153109789 36.712200097739697 20.252777129411697 4.6578805521130553 64.607387827709317 20.191369153559208 36.304357578977942 62.398729139007628 13.496001352556052 12.765008609741924 6.3255806090310207
leaf_count=1803 2499 74 763 310 654 155 22 415 129 382 1629 326 97 153
internal_value=0.000737409 0.00412694 0.00820672 0.0115431 0.00846499 0.0400023 -0.00425151 0.0175626 0.00867614 0.00246445 -0.00693801 -0.0127966 0.0270384 0.00508115
internal_weight=463.549 415.969 349.615 318.956 293.68 25.2763 123.59 170.089 92.7169 72.5255 118.933 82.2203 77.3724 19.8216
internal_count=9411 6912 5109 4346 4117 229 2784 1333 821 692 2762 2108 512 479
is_linear=0
shrinkage=0.035


Tree=61
num_leaves=15
num_cat=0
split_feature=65 81 56 10 54 50 98 47 45 59 45 103 72 116
split_gain=33.2902 22.702 22.2622 16.7779 15.7299 15.4016 17.7666 11.7261 10.3418 8.95135 9.59712 8.63144 8.22214 9.3689
threshold=4.3431372549019613 446.06589977418145 0.62593283582089565 3.5000000000000004 0.26969696969696971 0.01739261947973382 0.87867647058823539 0.049590163934426237 0.16024691358024692 0.5300120048019209 0.13293172690763055 0.14119601328903655 8.5000000000000018 0.37567204301075274
decision_type=10 10 8 2 8 2 2 2 2 2 2 2 8 2
left_child=1 2 3 4 5 6 -1 8 -2 -8 -11 -6 -7 -14
right_child=7 -3 -4 -5 11 12 9 -9 -10 10 -12 -13 13 -15
leaf_value=-0.015434628507879501 0.035078557654571962 -0.025420959292603067 -0.014048200963090866 -0.021222158062264032 -0.0092172161194970341 -0.0055830422579424589 -0.0019751565710324974 -0.0087155212068430517 -0.0073638381622853572 0.045163632835634009 0.0098636873530071317 0.016243572849449311 -0.0029835856830540495 0.028431894713436948
leaf_weight=8.2087449226528388 46.567412062548101 42.845095125027001 93.244380407035351 21.610805131494999 69.860247323289514 47.076060073450208 7.8481936473399392 9.2989928917959315 6.3471465064212671 39.55365695990622 16.245727777481079 16.030617948621511 19.252779645845294 21.379861146211624
leaf_count=55 384 2506 2291 539 1343 650 79 119 97 309 245 254 382 203
internal_value=0.00100053 -0.00276882 0.000235846 0.00538954 0.00810942 0.014459 0.0259252 0.0238156 0.0297913 0.0319951 0.0365426 -0.00383307 0.00417357 0.0148505
internal_weight=465.37 403.156 360.311 267.067 245.456 159.565 71.8563 62.2136 52.9146 63.6476 55.7994 85.8909 87.7087 40.6326
internal_count=9456 8856 6350 4059 3520 1923 688 600 481 633 554 1597 1235 585
is_linear=0
shrinkage=0.035


Tree=62
num_leaves=15
num_cat=0
split_feature=96 88 56 83 117 68 110 107 46 116 119 109 104 23
split_gain=32.4211 26.8506 25.0734 19.6807 15.2832 18.4388 17.5863 16.6461 15.7795 7.38349 6.93825 9.02227 6.66443 6.56292
threshold=3.2583333333333337 1079.5000000000002 0.61583184257602874 1588.5000000000002 0.12916666666666668 2.5000000000000004 61.250000000000007 1391.5623272224295 0.048583792289535806 0.64252948885976424 0.8704386226815618 301.00000000000006 0.084219858156028379 4.5000000000000009
decision_type=2 10 8 10 2 10 10 10 2 2 8 10 2 2
left_child=1 2 3 4 5 -1 7 -6 9 -9 11 -4 -8 -10
right_child=-2 -3 10 -5 6 -7 12 8 13 -11 -12 -13 -14 -15
leaf_value=-0.0052933993270715693 0.031445779188576752 0.039967145922918335 -0.012037365249101841 -0.023485355919125817 -0.0042553225516340602 0.048325321894967341 -6.2918222361690528e-06 -0.0064303259864605848 0.034965607445257868 0.020658976772590945 -0.021377985092967657 0.029655250900468718 -0.023429647889331887 0.00071901439181767425
leaf_weight=11.654490193352105 32.522087063640356 12.572216834872959 15.551858659833671 30.148601299151778 88.209359215572476 14.503628445789216 23.834875359199941 36.318754623644054 39.414542851038277 12.607009073719381 96.118294497951865 4.2118508899584404 34.616912895813584 8.3575668279081565
leaf_count=204 207 62 413 1661 1055 102 597 608 461 85 2930 57 914 119
internal_value=0.000237946 -0.0024684 -0.00421219 0.00119636 0.00433477 0.0274201 0.0013513 0.00665588 0.0163291 0.00181824 -0.0176694 0.00104142 -0.0146315 0.0296101
internal_weight=460.642 428.12 415.548 299.666 269.517 26.1581 243.359 184.907 96.6979 48.9258 115.882 19.7637 58.4518 47.7721
internal_count=9475 9268 9206 5806 4145 306 3839 2328 1273 693 3400 470 1511 580
is_linear=0
shrinkage=0.035


Tree=63
num_leaves=15
num_cat=0
split_feature=81 11 10 50 118 116 84 65 98 128 55 48 65 108
split_gain=28.955 28.0002 28.8268 19.6594 13.5504 21.2697 11.1094 7.92913 14.2432 10.5953 7.26299 6.78649 7.21741 6.49909
threshold=452.50265221412877 2.5000000000000004 3.5000000000000004 0.071796759941089847 0.61721611721611735 0.38501602564102572 1041.7500000000002 5.1756548536209559 1.0571895424836604 0.12250000000000001 0.82247899159663873 0.060120481927710849 2.3405797101449282 56.500000000000007
decision_type=10 2 2 2 2 2 8 8 2 2 10 2 8 10
left_child=1 13 3 4 -3 11 -5 8 -7 -10 -11 -6 -13 -1
right_child=-2 2 -4 6 5 7 -8 -9 9 10 -12 12 -14 -15
leaf_value=-0.02231704932416027 -0.024655107357158056 0.040367184892883955 -0.022191339201739747 0.023401382789572801 -0.0077119685304102977 -0.00065492989807195128 -0.0089242612971586841 0.036237434014231511 0.037093832487662237 -0.0014667450210717975 0.025278699412634654 0.03733160630908091 -0.011135955439821347 0.0019487044270058379
leaf_weight=47.865615556016564 42.82906239759177 21.445965822786093 30.523735471069813 10.80933150090277 59.750408209860325 45.324892118573189 70.773521106690168 27.577019257470965 34.563729470595717 27.115661419928074 17.204258870333433 4.385707262903451 3.2768214829266071 17.149587772786617
leaf_count=1359 2631 234 782 88 1229 358 1420 191 339 239 102 101 60 371
internal_value=0.00117111 0.00407907 0.00799756 0.0111527 0.0161034 0.0128822 -0.00353722 0.0199592 0.0150826 0.0236251 0.0104256 -0.00333007 0.0203919 -0.0162342
internal_weight=460.595 417.766 352.751 322.227 240.644 219.198 81.5829 151.786 124.209 78.8836 44.3199 67.4129 7.66253 65.0152
internal_count=9504 6873 5143 4361 2853 2619 1508 1229 1038 680 341 1390 161 1730
is_linear=0
shrinkage=0.035


Tree=64
num_leaves=15
num_cat=0
split_feature=0 56 82 50 69 55 83 117 55 122 47 55 98 95
split_gain=32.2545 22.01 21.0346 13.5995 11.0511 9.48157 8.42922 7.67533 7.66754 7.16831 9.22219 7.16376 9.84094 6.4543
threshold=5.8279629629629639 0.23466833541927412 1.0000000180025095e-35 0.047247023809523815 2.7500000000000004 0.51191151446398198 1457.0000000000002 0.65733855185909984 0.52679425837320581 1.5000000000000002 0.02339261285909713 0.75093984962406024 1.0923295454545456 5257.0000000000009
decision_type=2 8 8 2 10 8 10 2 10 2 2 10 2 2
left_child=3 8 -3 5 7 -1 -7 -4 -2 -6 -11 -9 -13 -5
right_child=1 2 4 13 9 6 -8 11 -10 10 -12 12 -14 -15
leaf_value=-0.0063464532193147245 -0.008610993812336501 0.036892854822349427 -0.021439168286079009 -0.017521390428248899 -0.011232618126849668 0.027655324242028653 -0.0099031872904678363 -0.015726187346355502 0.019716850368961227 0.022307249706589063 -0.010715624384845933 -0.012769460315129879 0.02187741248525538 0.0075669267820043578
leaf_weight=11.248742246069012 11.902496970258651 6.8757782131433478 104.76231244765222 13.560788035392759 27.017283666878939 90.64946205355227 5.4889929732307783 34.255066852085292 48.010353831574321 23.402486126869917 12.540128412656484 14.453347458504142 16.350501218810678 33.887514961883426
leaf_count=213 273 48 3807 245 584 890 226 818 560 331 239 277 246 641
internal_value=0.00234908 -0.00436054 -0.00910556 0.0150609 -0.0112114 0.0216948 0.0251274 -0.015741 0.0138593 0.00126531 0.0108842 -0.00569018 0.00610786 -0.00059014
internal_weight=454.405 299.57 239.657 154.836 232.781 107.387 96.1385 169.821 59.9129 62.9599 35.9426 65.0589 30.8038 47.4483
internal_count=9398 7183 6350 2215 6302 1329 1116 5148 833 1154 570 1341 523 886
is_linear=0
shrinkage=0.035


Tree=65
num_leaves=15
num_cat=0
split_feature=81 116 88 0 20 56 45 81 90 42 48 0 45 9
split_gain=28.7159 24.3944 22.1851 20.1233 12.4322 10.3836 9.83643 9.42751 9.40638 8.46406 7.80998 7.57969 7.11363 6.6492
threshold=452.50265221412877 0.87577160493827166 1079.5000000000002 3.2949363425925928 1.0000000180025095e-35 0.20611577964519143 0.10501253132832082 273.96594751508638 40214.86250000001 1.0000000180025095e-35 0.11715686274509805 123.49386574074076 0.030457637600494747 4.5000000000000009
decision_type=10 2 10 2 2 8 2 8 2 10 2 2 2 2
left_child=1 2 3 4 6 8 9 12 -5 -1 -9 -10 -7 -12
right_child=-2 -3 -4 5 -6 7 -8 10 11 -11 13 -13 -14 -15
leaf_value=-0.0058807964858563913 -0.02510338820349781 0.027466242003285072 0.040922307136356979 -0.01305451400690965 -0.0023734951712726451 -0.010561501175533809 0.00045963032902799841 -0.013295527981075327 0.031658069094993052 0.034877952408079053 -0.012147563212159505 -0.0073801081225008391 0.028250658365586021 0.031620818837134503
leaf_weight=5.7908255867660037 41.654286534525454 42.492349764332175 11.148297123610972 10.559535808861254 48.572424745187163 6.2992133628576985 20.991083044558764 185.71227289550006 16.643997039645914 36.951340228319168 3.8647751379758102 6.226230662316083 9.1776454690843803 4.9079585392028093
leaf_count=106 2641 324 53 113 689 74 315 4325 179 309 104 75 60 75
internal_value=0.000940826 0.00386204 0.000795366 -0.00101213 0.0109501 -0.00664106 0.0205383 -0.00953107 0.0103887 0.0293183 -0.0116801 0.0216129 0.0137321 0.0149289
internal_weight=450.992 409.338 366.846 355.697 112.306 243.392 63.7332 209.962 33.4298 42.7422 194.485 22.8702 15.4769 8.77273
internal_count=9442 6801 6477 6424 1419 5005 730 4638 367 415 4504 254 134 179
is_linear=0
shrinkage=0.035


Tree=66
num_leaves=15
num_cat=1
split_feature=81 54 10 0 16 54 133 11 83 63 83 69 118 70
split_gain=24.4967 22.5621 25.8923 17.5712 15.227 9.88697 9.40351 9.31705 7.6264 7.47688 7.25779 5.56087 5.15288 5.51492
threshold=452.50265221412877 0.22474747474747478 3.5000000000000004 4.7096238425925927 12.500000000000002 0.17752100840336138 0 14.500000000000002 1151.5000000000002 0.53139076576576583 425.50000000000006 3.2500000000000004 0.89303051317614435 14.509259259259261
decision_type=10 8 2 2 2 10 1 2 8 2 10 8 2 10
left_child=1 2 4 6 5 -1 -3 10 -5 -9 12 -7 13 -6
right_child=-2 3 -4 8 7 11 -8 9 -10 -11 -12 -13 -14 -15
leaf_value=0.034079266835794271 -0.023911607367268255 0.020289803386367128 -0.019610921147639366 0.0083958283578145568 -0.0067559167095490938 0.0001825941992538758 -0.0051139106611881096 -0.0076306574471768961 -0.016511876861255534 0.027563829542706076 0.01953276777560151 0.025162627038227702 -0.017293362155660737 0.019342580983081135
leaf_weight=54.380175363272429 39.844500014558434 33.509157827124 26.077772665768862 14.286280008032916 25.338982626795769 27.934722606092691 30.242904383689165 7.3923292756080619 106.36247760429978 24.816822240129113 10.81055569462478 12.997739840298889 26.054783208295703 9.7950442768633348
leaf_count=487 2571 354 696 186 532 406 532 59 2680 206 65 108 313 204
internal_value=0.000671169 0.00331948 0.010639 -0.00567983 0.0149755 0.0247478 0.00874322 0.00531363 -0.0133458 0.0195464 -0.00190925 0.00999041 -0.00688689 0.00202339
internal_weight=449.844 410 225.599 184.401 199.521 95.3126 63.7521 104.209 120.649 32.2092 71.9994 40.9325 61.1888 35.134
internal_count=9399 6828 3076 3752 2380 1001 886 1379 2866 265 1114 514 1049 736
cat_boundaries=0 1
cat_threshold=2
is_linear=0
shrinkage=0.035


Tree=67
num_leaves=15
num_cat=0
split_feature=81 96 87 117 68 110 10 106 44 47 88 65 90 56
split_gain=26.1162 21.6032 19.8078 18.8531 20.1711 17.9362 14.1419 15.7214 8.39598 7.05451 9.92194 7.18189 6.97664 6.70354
threshold=452.50265221412877 3.2583333333333337 1.0000000180025095e-35 0.11324786324786326 3.5000000000000004 59.750000000000007 3.5000000000000004 621.25739130434795 0.53774928774928787 0.094044811320754734 920.50000000000011 2.7817460317460321 18627.950000000004 0.62593283582089565
decision_type=10 2 8 2 10 10 2 10 2 2 10 8 2 8
left_child=1 2 -1 4 8 6 7 9 -4 10 13 -11 -7 -5
right_child=-2 -3 3 5 -6 12 -8 -9 -10 11 -12 -13 -14 -15
leaf_value=0.034559279277658082 -0.024505153348868335 0.030997978369212292 -0.011237092848996299 -0.0032450237572183424 0.046813720078937228 0.00719824738724913 -0.021620381666556821 0.018384716420908994 0.022343387105776682 0.028574610315875725 0.022988133378023964 -0.0089980112824914193 -0.019901441064357785 -0.022831128158984818
leaf_weight=15.905953779816626 39.210043589584529 27.937208332121372 20.158771501854066 90.993171863257885 14.990446798503397 10.924911805428563 23.231814527884126 64.730812069028616 9.3189508225768787 11.838783524930479 9.1999946460127813 6.8679422810673705 78.441166104748845 23.926619037985802
leaf_count=80 2602 183 475 960 114 272 598 1007 178 117 90 77 2238 471
internal_value=0.00107729 0.00379968 0.00142675 -0.000466535 0.0196702 -0.00352291 0.00169845 0.0047557 0.00107961 -0.00183406 -0.0049992 0.0157919 -0.0163827 -0.00810481
internal_weight=447.677 408.467 380.529 364.623 44.4682 320.155 230.789 207.557 29.4777 142.827 124.12 18.7067 89.3661 114.92
internal_count=9462 6860 6677 6597 767 5830 3320 2722 653 1715 1521 194 2510 1431
is_linear=0
shrinkage=0.035


Tree=68
num_leaves=15
num_cat=0
split_feature=81 69 10 11 98 55 47 26 117 45 0 40 46 66
split_gain=22.9709 22.3128 14.7974 16.8062 11.5985 10.5591 10.2479 8.64401 8.52455 8.15608 8.15063 8.02568 7.34302 7.81094
threshold=434.32254476783305 3.2500000000000004 2.5000000000000004 4.5000000000000009 1.0571895424836604 0.95119047619047625 0.040956108470785575 11.500000000000002 0.28062500000000007 0.15047169811320757 2.7513599537037039 19.500000000000004 0.10762548262548265 1.2270087328486541
decision_type=10 10 2 2 2 10 2 2 2 2 2 2 2 8
left_child=1 2 3 10 8 7 9 -6 -5 -3 -1 -10 -4 -14
right_child=-2 6 12 4 5 -7 -8 -9 11 -11 -12 -13 13 -15
leaf_value=0.0080321611492460698 -0.022652396919889489 0.031248823168699973 -0.016133691375281568 0.026483621828719404 0.018080653484996101 0.032929919715056148 -0.0059634714531887536 -0.0078002668088269205 -0.018189445125210573 -0.0026517104225646827 -0.012434871304950863 0.014599442622186988 0.027011115023248558 -0.011427350264646091
leaf_weight=30.415006693452597 40.933848041109741 50.228118291124701 78.394971998408437 4.9038784820586434 35.981276782229543 34.528299987316132 13.036520855501292 22.057302700355649 27.919964922592044 9.4353435523807985 72.275208312086761 8.4291460886597616 7.2072081528604057 9.5224698688834888
leaf_count=497 2710 445 1675 45 428 365 163 353 292 136 1977 51 134 189
internal_value=0.000827182 0.00345186 -0.000496115 0.00420141 0.0121822 0.0187725 0.0203343 0.00840619 -0.0030365 0.0260972 -0.00628143 -0.00973994 -0.0118022 0.00753702
internal_weight=445.269 404.335 331.635 236.51 133.82 92.5669 72.7 58.0386 41.253 59.6635 102.69 36.3491 95.1247 16.7297
internal_count=9460 6750 6006 4008 1534 1146 744 781 388 581 2474 343 1998 323
is_linear=0
shrinkage=0.035


Tree=69
num_leaves=15
num_cat=0
split_feature=81 10 11 119 107 110 110 46 47 65 79 16 68 50
split_gain=23.434 21.9657 29.5826 12.8617 13.5809 11.8351 11.2091 8.18207 11.8907 17.634 7.5289 7.20721 7.05444 8.91265
threshold=452.50265221412877 3.5000000000000004 5.5000000000000009 0.78582996308391106 81.391134454052704 195.25000000000003 82.250000000000014 0.052864462040055897 0.035401002506265669 2.6733333333333338 2.2500000000000004 8.5000000000000018 5.5000000000000009 0.076436222005842283
decision_type=10 2 2 8 10 10 10 2 2 10 8 2 8 2
left_child=1 2 3 4 -1 6 7 8 9 -4 -5 -10 13 -9
right_child=-2 -3 5 10 -6 -7 -8 12 11 -11 -12 -13 -14 -15
leaf_value=-0.0018812981487130117 -0.023371782087862544 -0.023368371868158998 -0.010954544077609882 -0.01430300394049642 0.038322627396977969 0.046189255924281095 -0.012644558999590126 0.044185512703281513 0.016115019800481085 0.027827376386372147 0.0033939014691076732 -0.016859051295491891 0.012624194957308031 0.0019463094676394563
leaf_weight=28.07531232945621 38.032322497107089 28.725217209197581 17.674618385732174 97.725729889236391 10.86272615008056 9.7731874603778106 16.087171154096723 23.823245365172625 6.6145337242633095 40.817680416628718 38.964067776687443 25.894686561077833 50.629034586250782 8.373539010062812
leaf_count=478 2632 801 286 2265 123 76 380 250 55 313 919 334 421 136
internal_value=0.00121291 0.00378447 0.00614254 -0.00428727 0.0124192 0.0151963 0.0124575 0.0150692 0.00721769 0.0161688 -0.00931667 -0.00889612 0.0227936 0.0349385
internal_weight=442.073 404.041 375.316 175.628 38.938 199.688 189.915 173.827 91.0015 58.4923 136.69 32.5092 82.8258 32.1968
internal_count=9469 6837 6036 3785 601 2251 2175 1795 988 599 3184 389 807 386
is_linear=0
shrinkage=0.035


Tree=70
num_leaves=15
num_cat=0
split_feature=81 10 54 0 16 110 11 129 123 26 115 15 69 21
split_gain=24.3486 18.4686 19.0728 14.6811 13.726 10.5423 10.3376 8.48232 8.91711 7.9169 7.13191 6.55834 6.27279 5.68168
threshold=452.50265221412877 3.5000000000000004 0.17752100840336138 2.9956192129629637 12.500000000000002 182.75000000000003 14.500000000000002 9.5000000000000018 1.0000000180025095e-35 33.500000000000007 0.10380747126436783 1.5000000000000002 3.2500000000000004 2.5000000000000004
decision_type=10 2 8 2 2 10 2 2 2 2 2 2 10 2
left_child=1 2 4 5 11 10 9 8 13 12 -4 -1 -6 -5
right_child=-2 -3 3 7 6 -7 -8 -9 -10 -11 -12 -13 -14 -15
leaf_value=0.0024691198204111436 -0.023885995797674767 -0.021036410416855531 -0.0073932776666615916 -0.010344123651143736 -0.0018479855244695831 0.033956559759176906 0.020985960575377313 0.019410390676581176 -0.020957973031135255 -0.024662687005262893 0.014763412559334697 0.034418312117225035 0.027730781740712709 0.0054413830147456528
leaf_weight=10.334369087591766 37.09683245792985 28.268315810710192 29.648914990946651 51.071607804857194 40.695741795003414 15.274547949433325 33.117969887331128 9.8673961907625181 43.330049226991832 9.97552642226219 32.377758061513305 44.244190942496061 6.0190108977258197 51.157213982194662
leaf_count=91 2655 805 488 1403 644 148 263 89 966 160 370 405 59 960
internal_value=0.00148492 0.00406936 0.00620192 -6.1619e-05 0.0159619 0.0119574 0.00687415 -0.00622564 -0.0085504 -0.00240258 0.00441099 0.0290837 0.00427578 -0.00255937
internal_weight=442.479 405.383 377.114 232.727 144.387 77.3012 89.8082 155.426 145.559 56.6903 62.0267 54.5786 46.7148 102.229
internal_count=9506 6851 6046 4424 1622 1006 1126 3418 3329 863 858 496 703 2363
is_linear=0
shrinkage=0.035


Tree=71
num_leaves=15
num_cat=0
split_feature=83 69 119 110 88 63 118 110 44 46 70 66 3 56
split_gain=21.0156 20.4285 13.1856 14.4143 11.1865 11.082 10.205 8.51459 8.33169 7.32049 9.01426 8.27749 7.05074 6.93051
threshold=1618.5000000000002 3.2500000000000004 0.59099750612234125 37.250000000000007 1077.5000000000002 0.72046511627906984 0.20714285714285716 1098.5000000000002 0.34514106583072107 0.031414473684210534 12.116531165311654 2.3286703116626351 4.5000000000000009 0.36474501108647456
decision_type=10 10 8 8 10 2 2 8 2 2 10 10 2 8
left_child=1 2 12 5 6 9 7 -5 -3 11 -11 -4 -1 -8
right_child=-2 8 3 4 -6 -7 13 -9 -10 10 -12 -13 -14 -15
leaf_value=-0.0055266063687300533 -0.022062029355258667 -0.00059204636284961021 -0.019299621483405846 0.036604170684175492 0.02975470138546684 0.024990082082586317 -0.0040284954032167881 -0.0090992420911053702 0.026460644838395969 -0.010866768359073745 0.01484301548998644 0.009325210097804057 0.030957065687803972 -0.01972764811688392
leaf_weight=7.0786809064447906 38.134898853488266 18.079873674549162 29.674109608866274 5.1465449705719921 3.9215744277462354 24.389499069191515 59.846427565440536 6.7544085513800391 52.971035661175847 19.377846249379218 52.531257605180144 15.489883290603755 18.78040425106883 87.554150206036866
leaf_count=165 2449 265 441 36 25 290 1289 249 494 195 516 133 192 2709
internal_value=0.00118321 0.0036347 -0.000126461 -0.00229862 -0.00925676 0.00577178 -0.0110934 0.015647 0.0199904 0.000908507 0.00765877 -0.00953123 0.0216927 -0.0136949
internal_weight=439.731 401.596 330.545 304.686 163.223 141.463 159.302 11.901 71.0509 117.073 71.9091 45.164 25.8591 147.401
internal_count=9448 6999 6240 5883 4308 1575 4283 285 759 1285 711 574 357 3998
is_linear=0
shrinkage=0.035


Tree=72
num_leaves=15
num_cat=0
split_feature=11 10 83 118 116 98 55 70 110 101 71 65 107 84
split_gain=24.6347 24.4262 17.2355 15.4126 18.2258 12.8668 13.7209 18.8571 13.2236 9.19467 7.36088 7.28247 7.24349 6.7336
threshold=2.5000000000000004 3.5000000000000004 1618.5000000000002 0.61721611721611735 0.90521114106019784 1.0571895424836604 0.82247899159663873 12.116531165311654 82.250000000000014 0.22902097902097904 1.1547005383792517 1.6794871794871797 1534.4260626288108 977.50000000000011
decision_type=2 2 10 2 2 2 10 10 10 2 8 8 10 8
left_child=-1 2 3 11 5 -5 9 -8 10 12 -9 -2 -7 -11
right_child=1 -3 -4 4 -6 6 7 8 -10 13 -12 -13 -14 -15
leaf_value=-0.018209693754111796 0.00082008958303581199 -0.0230329034360739 -0.018326316068104011 -0.0084393953408426203 0.031494922399524214 -0.0026124219887898158 -0.0058659562880397434 -0.0017853100481028284 -0.0094061153788712777 0.016493000718298293 0.04548398856057044 0.041097122270686959 0.02307355542893659 -0.011374999978490166
leaf_weight=67.956085848622024 7.2883512424305108 32.027722429484129 25.671683331020176 75.291536496020854 26.901447407901287 22.202036158181727 20.243216406553984 4.1191814104095092 5.7600844968110314 8.1608925042673928 31.747017968446016 20.327871936373413 25.869892223738134 59.291407306678593
leaf_count=2241 143 1192 1627 997 186 272 284 55 153 77 347 222 368 1234
internal_value=0.000382397 0.00404416 0.00695169 0.00932374 0.00653551 0.00331872 0.00840378 0.0210235 0.0333269 0.00105342 0.040501 0.0322226 0.012082 -0.0070978
internal_weight=432.858 364.902 332.875 307.203 279.587 252.685 177.394 61.8695 41.6263 115.524 35.8662 27.6162 48.0719 67.4523
internal_count=9398 7157 5965 4338 3973 3787 2790 839 555 1951 402 365 640 1311
is_linear=0
shrinkage=0.035


Tree=73
num_leaves=15
num_cat=0
split_feature=116 88 50 54 118 106 90 45 117 47 96 97 71 115
split_gain=19.3173 16.273 17.3353 16.261 10.8883 17.1715 10.677 13.1136 9.85619 7.3534 6.03467 5.85169 5.75508 5.85421
threshold=0.83558558558558571 1079.5000000000002 0.020204081632653064 0.22474747474747478 0.67156862745098056 1306.788888888889 34993.218750000007 0.13079116179615113 0.74862637362637374 0.11451990632318503 3.2583333333333337 11.420216075618333 1.6747417363816015 0.085960591133004943
decision_type=2 10 2 8 2 8 2 2 2 2 2 2 8 2
left_child=1 2 3 6 5 -5 9 11 -6 -1 -2 -8 13 -4
right_child=10 -3 12 4 8 -7 7 -9 -10 -11 -12 -13 -14 -15
leaf_value=-0.013706481452359996 0.0055610090575598185 0.032904408823763116 0.018974856498969735 0.034247949193323531 -0.019957604707678132 -0.0086106516379904127 0.038751004372586002 -0.0038783259862516144 0.0041928235027415949 0.024836741835987976 0.031042497976208869 -0.0022426708446505491 -0.012875496862297661 -0.0098954981898087234
leaf_weight=17.20031219068915 22.090932924300432 11.181618519127367 11.567016409710051 15.580129115842281 48.304153184406459 22.347869921475649 33.481167121790349 13.437598134391008 31.421692715957761 3.4159114537760606 26.134943075478077 4.2030058531090608 158.822230306454 13.344889403320847
leaf_count=243 220 56 275 268 1598 707 402 339 472 33 191 43 4258 326
internal_value=0.00122309 -0.00149501 -0.00294733 0.00443436 -0.00360176 0.0109333 0.0169899 0.0249286 -0.0107537 -0.00371891 0.020989 0.0344518 -0.0104722 0.00444054
internal_weight=432.533 384.308 373.126 189.392 117.654 37.928 71.738 51.1218 79.7258 20.6162 48.2259 37.6842 183.734 24.9119
internal_count=9431 9020 8964 4105 3045 975 1060 784 2070 276 411 445 4859 601
is_linear=0
shrinkage=0.035


Tree=74
num_leaves=15
num_cat=0
split_feature=11 10 83 69 72 11 119 45 77 27 59 47 55 91
split_gain=22.4411 22.3685 16.9262 15.0242 9.55339 10.9382 9.30927 9.13207 8.34222 6.44726 9.33473 6.35958 5.5741 5.35605
threshold=2.5000000000000004 3.5000000000000004 1618.5000000000002 3.2500000000000004 8.5000000000000018 5.5000000000000009 0.8704386226815618 0.15047169811320757 1.5000000000000002 5.5000000000000009 0.79193722943722955 0.036811201445347795 0.97014260249554385 171.4098327894589
decision_type=2 2 10 8 10 2 10 2 10 2 2 2 10 10
left_child=-1 2 3 4 9 6 -6 11 -7 10 -2 13 -10 -5
right_child=1 -3 -4 7 5 8 -8 -9 12 -11 -12 -13 -14 -15
leaf_value=-0.016576213424559234 -0.01487725976711218 -0.021259429551486131 -0.017933691921822842 0.0012798986919995905 0.020824010470822923 0.0352483604514265 -0.0080985250823064313 -0.0021011873368896399 -0.00080893637965524475 0.0066603845448716011 0.019065290241336987 0.0039179096465815702 0.023648701865030798 0.038469868513960399
leaf_weight=66.300691838376224 52.054478035308421 31.501629359088838 24.588774302043021 5.6884427908807984 14.254315795376895 25.539596246555448 41.700665323995054 13.260756731033323 26.791326791979373 52.945359209552407 7.5454939156770697 11.641834792681037 14.488680019974707 40.494175889529288
leaf_count=2218 1032 1199 1622 51 207 301 927 216 397 535 103 119 134 341
internal_value=0.00141269 0.00488364 0.00765109 0.00995923 0.00545393 0.0120085 0.000373153 0.023535 0.0210477 -0.00190303 -0.00943701 0.0291134 0.00940287 0.0344616
internal_weight=428.796 362.496 330.994 306.405 235.32 122.775 55.955 71.0852 66.8196 112.545 59.6 57.8245 41.28 46.1826
internal_count=9402 7184 5985 4363 3636 1966 1134 727 832 1670 1135 511 531 392
is_linear=0
shrinkage=0.035


Tree=75
num_leaves=15
num_cat=1
split_feature=56 83 50 10 54 16 119 88 87 116 106 15 133 71
split_gain=22.4835 18.0201 16.2182 11.5193 11.8991 12.9407 9.63618 6.74471 6.61964 6.43813 6.43422 6.27818 6.57438 6.04778
threshold=0.65030120481927722 1588.5000000000002 0.080229885057471279 3.5000000000000004 0.22474747474747478 12.500000000000002 0.77303240518350214 1079.5000000000002 1.5000000000000002 0.42740046838407497 621.25739130434795 5.5000000000000009 0 3.7860598343955529
decision_type=8 10 2 2 8 2 8 10 8 2 10 2 1 8
left_child=1 2 3 4 5 -1 -6 -3 -2 -8 -11 12 -7 -4
right_child=8 7 13 -5 6 11 9 -9 -10 10 -12 -13 -14 -15
leaf_value=0.031867595601650152 0.021363715855083999 -0.024545444080985482 0.0038655309812447116 -0.015512271563871334 0.022405994868848155 0.011748217877671443 -0.012031561206024761 0.018183591099890154 -0.014925903531563979 -0.0044081945182002482 0.024889283486847019 0.022537858959000744 -0.011768397023814022 -0.016026345884049862
leaf_weight=62.494983082637191 2.2674994207918635 25.369460714049641 32.897017828188837 12.99155589006841 20.004662355408072 29.331638863310218 36.631871377117932 1.6127751171588887 95.534676128998399 18.739729706197981 10.962899081408976 24.385482932440937 20.381667178124189 34.11872130818665
leaf_count=533 35 1746 642 369 233 222 847 9 3116 237 142 271 286 726
internal_value=0.00124747 0.00562853 0.00815193 0.0124136 0.0143456 0.020607 0.00385392 -0.019548 -0.0130864 -0.00291921 0.00843325 0.00969572 0.00191241 -0.00667129
internal_weight=427.725 329.922 302.94 235.924 222.933 136.594 86.3392 26.9822 97.8022 66.3345 29.7026 74.0988 49.7133 67.0157
internal_count=9414 6263 4508 3140 2771 1312 1459 1755 3151 1226 379 779 508 1368
cat_boundaries=0 1
cat_threshold=2
is_linear=0
shrinkage=0.035


Tree=76
num_leaves=15
num_cat=0
split_feature=87 83 56 10 54 86 66 119 66 32 88 123 50 70
split_gain=21.6332 24.4245 15.8043 13.2464 10.4698 10.1181 9.25881 8.78332 8.48707 8.41178 7.05199 6.80304 6.38642 6.07191
threshold=1.5000000000000002 1341.5000000000002 0.65030120481927722 3.5000000000000004 0.20416666666666669 248.06104507297934 0.98440142042966883 1.000162128780518 4.1849595141819345 3.5000000000000004 1079.5000000000002 1.0000000180025095e-35 0.073879142300194947 9.6794871794871806
decision_type=8 10 8 2 8 8 10 10 10 2 10 2 2 8
left_child=-1 2 3 4 6 -6 12 9 -8 -4 -3 13 -2 -7
right_child=1 10 7 -5 5 11 8 -9 -10 -11 -12 -13 -14 -15
leaf_value=0.035683327792502502 0.039367872880456067 -0.026561886428002363 -0.005235440585481946 -0.018746873371994852 0.027277451907768088 -0.019582239801039979 0.0043657147989903675 -0.017935223313076842 0.028078889253096657 0.033853831379601101 0.015949392460275744 -0.014620271078691464 0.0028212474493046731 0.006751959203239317
leaf_weight=16.181425241753459 21.602901384234432 43.897963928990066 21.648771140724424 18.956045050173998 10.772312499582766 7.592998642474412 92.524932885542512 55.755320906639099 18.980780782178044 4.1854254323989144 2.0319819301366797 33.7561927549541 8.5586750656366331 70.55394540540874
leaf_count=164 250 2782 624 564 75 151 982 1496 154 79 10 661 166 1280
internal_value=0.00118901 -0.000582397 0.00255346 0.00646104 0.00858316 0.00099581 0.0148954 -0.0106042 0.00943404 0.00556018 -0.0233 -0.00259264 0.0308732 0.00316955
internal_weight=427 410.818 364.888 283.299 264.343 122.675 141.667 81.5895 111.506 25.8342 45.9299 111.903 30.1616 78.1469
internal_count=9438 9274 6482 4283 3719 2167 1552 2199 1136 703 2792 2092 416 1431
is_linear=0
shrinkage=0.035


Tree=77
num_leaves=15
num_cat=0
split_feature=11 81 69 55 98 27 49 110 118 11 47 45 91 44
split_gain=22.1363 17.9317 14.0134 10.4319 12.4928 8.37438 7.63975 7.32791 7.14853 7.94515 6.94576 6.37318 7.86156 6.1745
threshold=2.5000000000000004 452.50265221412877 3.2500000000000004 0.88516483516483524 1.3779761904761907 8.5000000000000018 0.081666666666666679 85.250000000000014 0.88273491214667688 9.5000000000000018 0.036811201445347795 0.15047169811320757 171.4098327894589 0.95833333333333337
decision_type=2 10 8 10 2 2 2 10 2 2 2 2 10 2
left_child=13 2 3 5 8 6 -2 -6 -5 -10 11 12 -4 -1
right_child=1 -3 10 4 7 -7 -8 -9 9 -11 -12 -13 -14 -15
leaf_value=-0.019023796936341857 -0.0094328354502617191 -0.019816427411917453 -0.003797076839150506 0.015263755566304219 0.038838648648028898 0.0087726251332584035 0.023558560049741939 -0.0009775367853542018 -0.017795714966974654 0.01227560484328586 0.00025688084350647102 0.00098010027333963979 0.035991615645354608 0.014025989486087381
leaf_weight=59.176188436336815 102.95942520629615 26.259734363295138 5.9628027081489554 29.675249110907316 21.491412373259667 59.667773294262588 4.6001624185591927 6.8949561342596999 22.364970492199063 13.303979696705936 16.054297455586493 10.669527400285004 41.636540107429028 4.1585549172013989
leaf_count=2075 2309 2118 53 442 269 772 73 153 253 80 199 174 366 144
internal_value=0.00233823 0.0057226 0.00798464 0.00398318 0.0130076 -0.00130578 -0.00703803 0.0304694 0.00379545 -0.00644931 0.0208976 0.0261148 0.0311201 -0.0159863
internal_weight=424.876 361.541 335.281 260.958 93.7306 167.227 107.56 28.3864 65.3442 35.669 74.3232 58.2689 47.5993 63.3347
internal_count=9480 7261 5143 4351 1197 3154 2382 422 775 333 792 593 419 2219
is_linear=0
shrinkage=0.035


Tree=78
num_leaves=15
num_cat=0
split_feature=83 56 0 82 110 117 54 14 100 107 106 128 29 113
split_gain=16.9677 12.8339 15.3899 13.1968 9.61947 8.32213 7.75823 10.1204 7.78155 6.38155 5.96621 5.82021 5.59124 5.56283
threshold=1618.5000000000002 0.20864427860696519 4.7096238425925927 1.0000000180025095e-35 37.250000000000007 0.17028985507246377 0.26969696969696971 3.5000000000000004 0.087595907928388769 2246.2959125524089 1848.6025641025642 0.24025974025974028 38.500000000000007 0.024243314722303854
decision_type=10 8 2 8 8 2 8 2 2 10 8 2 2 2
left_child=1 12 5 -4 9 10 7 -7 11 13 -3 -9 -1 -5
right_child=-2 2 3 4 -6 6 -8 8 -10 -11 -12 -13 -14 -15
leaf_value=0.021721380862637238 -0.019928930235521437 0.039974567695669254 0.03314585357071189 0.007273420159152463 -0.012764011281140575 0.027554454450580395 -0.0066575728717083536 -0.010121847602927104 -0.014979118673589416 0.023406937887458193 -0.0026761255566864249 0.023193053975127918 -0.0069071986385146628 -0.010620080800273502
leaf_weight=54.725786794908345 34.539459372870624 12.673639862798156 5.9674437483772627 38.634262003935874 115.2075481293723 27.247293951921165 33.154227438382804 6.0484889503568438 16.440846468321979 9.9263362083584052 4.4268320575356475 14.967373160645364 7.3194255307316771 36.687014800496399
leaf_count=512 2478 121 31 506 3611 353 566 63 197 156 91 122 72 539
internal_value=0.00194673 0.00414848 0.00122294 -0.00447811 -0.00637755 0.0112199 0.00646181 0.0131795 0.000709152 0.0024824 0.030826 0.0135023 0.0180808 -0.0015606
internal_weight=417.966 383.427 321.381 206.423 200.455 114.959 97.8582 64.704 37.4567 85.2476 17.1005 21.0159 62.0452 75.3213
internal_count=9418 6940 6356 4843 4812 1513 1301 735 382 1201 212 185 584 1045
is_linear=0
shrinkage=0.035


Tree=79
num_leaves=15
num_cat=0
split_feature=55 45 9 117 69 98 128 50 56 82 91 117 118 57
split_gain=16.2558 14.3008 12.7441 10.8879 12.2373 13.81 16.1443 12.7206 9.66448 9.35392 7.61391 7.12797 6.96622 6.53773
threshold=0.51754926108374399 0.10690476190476192 3.5000000000000004 0.12916666666666668 3.2500000000000004 1.320714285714286 0.081666666666666679 0.1023024594453166 0.20864427860696519 3.5000000000000004 2640.6775888285802 0.73401360544217698 0.34523809523809529 0.4555335968379447
decision_type=8 2 2 2 8 2 2 2 8 8 10 2 2 10
left_child=-1 2 12 -4 5 11 7 -7 -3 -10 -6 -5 -2 -13
right_child=1 8 3 4 10 6 -8 -9 9 -11 -12 13 -14 -15
leaf_value=-0.013772136940214435 0.013390643508780841 0.016580712381303899 0.043185104299950879 -0.016318265502049761 0.0047537040368450774 0.045369189648718021 -0.0053931669873359357 -0.0081585318731805904 0.028586916961305539 -0.010833776848925515 0.036141161051584721 -0.006258983131758036 -0.013841699194363498 0.018379893063134759
leaf_weight=70.46006490662694 11.75525188911706 17.326856217347085 9.865367101505397 30.333610123023391 16.048742750659585 20.254578310064975 18.343769610859454 5.1965573709458104 3.1315495083108535 111.94623082969338 26.169401721097529 27.214128537103534 34.308754697442055 17.74779814388603
leaf_count=2229 300 230 85 849 154 301 311 173 51 3110 259 208 1050 122
internal_value=0.000992241 0.00411978 0.00956348 0.0138789 0.0108422 0.00464649 0.0191966 0.0348949 -0.00483476 -0.00861536 0.0259764 -0.00448479 -0.00626148 0.00433279
internal_weight=420.103 349.643 217.238 171.174 161.309 119.09 43.7949 25.4511 132.405 115.078 42.2181 75.2955 46.064 44.9619
internal_count=9432 7203 3812 2462 2377 1964 785 474 3391 3161 413 1179 1350 330
is_linear=0
shrinkage=0.035


Tree=80
num_leaves=15
num_cat=0
split_feature=87 83 96 117 21 49 110 106 106 55 84 110 61 88
split_gain=21.4529 22.6338 13.6527 12.6893 17.9409 12.9284 11.3796 13.7472 7.72694 7.51468 6.63305 6.6183 6.55718 6.48467
threshold=1.0000000180025095e-35 1384.5000000000002 3.3229166666666674 0.12916666666666668 1.5000000000000002 0.057983193277310933 37.250000000000007 627.62500000000011 830.43750000000011 0.65301003344481623 680.50000000000011 34.750000000000007 0.94943101905127236 1079.5000000000002
decision_type=8 10 2 2 2 2 10 10 10 10 8 10 2 10
left_child=-1 2 3 4 -2 6 7 10 -6 -9 -5 12 -12 -3
right_child=1 13 -4 5 8 -7 -8 9 -10 -11 11 -13 -14 -15
leaf_value=0.036361499557374576 -0.009467786934305401 -0.026168434018396025 0.026209500275270935 0.021280224600438886 0.047859564888141255 0.022761410966246506 -0.011398424533120618 0.00077268498967327675 0.0074781846889306744 0.030870380200290804 -0.021939134070211544 0.017747000515132016 -0.0026128141335515775 0.015772589079033283
leaf_weight=15.326610540039836 16.400791329331696 41.459550510160625 22.505681835114956 6.7218514820560804 13.746348001062872 18.755050741136074 131.74985358119011 16.900700783357024 11.558616289868949 21.520503107458353 28.77381285931915 7.7146539632230988 63.690431940369308 1.7333491891622532
leaf_count=129 483 2817 177 60 131 287 3642 281 156 213 310 121 652 9
internal_value=0.00127746 -0.000485083 0.00249712 0.000556546 0.0175225 -0.00208681 -0.00414244 0.00259621 0.0336915 0.0192445 -0.00397989 -0.00660586 -0.00944391 -0.0230235
internal_weight=418.558 403.231 360.038 337.533 41.7058 295.827 277.072 145.322 25.305 38.4212 106.901 100.179 92.4642 43.1929
internal_count=9468 9339 6513 6336 770 5566 5279 1637 287 494 1143 1083 962 2826
is_linear=0
shrinkage=0.035


Tree=81
num_leaves=15
num_cat=0
split_feature=96 87 83 117 97 116 46 122 99 91 70 98 107 40
split_gain=16.6148 17.8347 16.1341 16.0267 19.7559 16.2524 9.20427 10.6839 12.4069 9.18289 8.04969 7.2801 6.79699 6.49335
threshold=3.3229166666666674 1.5000000000000002 1384.5000000000002 0.12916666666666668 1.9644910455513627 0.37567204301075274 0.090326340326340335 5.5000000000000009 0.58114035087719318 1072.7495491955399 14.310096153846155 1.1231060606060608 27.347376826445494 43.500000000000007
decision_type=2 8 10 2 2 2 2 2 2 10 10 2 10 2
left_child=1 -1 3 4 -3 -5 7 8 -7 -8 12 -12 -10 -9
right_child=-2 2 -4 5 -6 6 9 13 10 -11 11 -13 -14 -15
leaf_value=0.030710634625163907 0.026054442298258589 -0.0075415409020250027 -0.022918711749103308 -0.013071896375396167 0.038119561006207038 0.022478771632906274 -0.0090064111765661772 -0.021721854894540961 0.01158438077865046 0.025146596148541131 -0.012539277871074055 0.022377285749433509 -0.01829362222591786 0.011026609402443951
leaf_weight=15.024746001698075 23.732737127691507 17.970205724239349 39.790054437704384 120.58342252578586 21.875374354422092 28.389037838205695 10.190501092933117 31.907901749014854 8.4087135493755323 31.517644571140409 7.1526004206389215 16.607951357960701 35.100931396707892 5.9890210852026931
leaf_count=163 191 510 2740 3282 244 331 147 333 97 352 120 255 635 52
internal_value=0.000360329 -0.00151084 -0.0031868 -0.000545926 0.0189817 -0.00344772 0.00335271 -0.00127825 0.0050013 0.0167312 -0.00341935 0.0115138 -0.0119205 -0.0158645
internal_weight=414.241 390.508 375.483 335.693 39.8456 295.848 175.264 133.556 95.6592 41.7081 67.2702 23.7606 43.5096 37.8969
internal_count=9452 9261 9098 6358 754 5604 2322 1823 1438 499 1107 375 732 385
is_linear=0
shrinkage=0.035


Tree=82
num_leaves=15
num_cat=0
split_feature=87 81 96 110 110 110 106 55 45 100 66 94 100 119
split_gain=17.2737 17.2461 11.8838 11.4354 19.6124 12.6272 18.4283 9.30656 10.4761 8.15592 7.8658 7.35805 7.20453 10.4378
threshold=1.0000000180025095e-35 332.60676822318106 3.3229166666666674 310.25000000000006 1098.5000000000002 61.250000000000007 711.03942652329761 0.92450142450142458 0.15419580419580423 0.63961038961038974 2.516793406529676 66348.250000000015 0.054093567251461992 3.1086914497846494
decision_type=8 10 2 10 8 8 10 10 2 2 10 2 2 10
left_child=-1 2 3 5 -5 6 9 8 -8 12 -9 -11 13 -2
right_child=1 -3 -4 4 -6 -7 7 10 -10 11 -12 -13 -14 -15
leaf_value=0.032424293476172844 -0.0065439066067581649 -0.020321163159822565 0.025347061025308898 0.038451403210805035 -0.015739590825744353 -0.012522212123114442 0.016904755206278439 0.046120852450549664 -0.018919360956493145 0.033397723061580439 -0.0038010106959030054 -0.010473377562073519 -0.012611432251007438 0.019892673088414799
leaf_weight=15.996750116348265 50.667358970269561 41.035398657433689 20.73753247410059 18.023493232205514 9.2442357242107374 84.513418605551124 32.01762880384922 14.30305769480765 9.1034673396497947 8.2291456814855319 3.9356140270829192 4.3054405301809302 78.699497664347291 22.330009173601866
leaf_count=126 877 2884 169 168 251 2535 554 205 244 89 40 69 1061 186
internal_value=0.00148585 -0.000147977 0.00242581 0.000656969 0.0204876 -0.00139721 0.00298976 0.0188822 0.00778267 -0.00314257 0.0368485 0.0196391 -0.0055916 0.00229988
internal_weight=413.142 397.145 356.11 335.372 27.2677 308.105 223.591 59.3598 41.1211 164.231 18.2387 12.5346 151.697 72.9974
internal_count=9458 9332 6448 6279 419 5860 3325 1043 798 2282 245 158 2124 1063
is_linear=0
shrinkage=0.035


Tree=83
num_leaves=15
num_cat=0
split_feature=10 54 119 45 83 29 98 106 30 106 101 112 96 110
split_gain=17.9538 17.0326 11.4673 10.2558 10.198 9.44968 9.44067 9.15868 8.94783 8.48915 8.33205 7.15853 6.1911 6.37694
threshold=3.5000000000000004 0.26969696969696971 0.77303240518350214 0.075235849056603785 1678.5000000000002 17.500000000000004 1.6381818181818184 157.31547619047623 2.5000000000000004 36.81944444444445 0.53589743589743599 0.090230664857530549 3.5131578947368425 195.25000000000003
decision_type=2 8 8 2 8 2 2 10 2 10 2 2 2 10
left_child=1 3 7 5 -5 8 12 9 11 -3 -8 -1 13 -6
right_child=-2 2 -4 4 6 -7 10 -9 -10 -11 -12 -13 -14 -15
leaf_value=0.03139513000367096 -0.022651367154071136 0.016658522597921315 -0.011056040013187891 0.02288594109754671 -0.015140810611962202 -0.00067429838230320151 0.025285035159423968 0.032100345825117851 0.0002259603882406023 -0.019017548424333581 -0.0043601235078420736 -0.0084876846793479413 0.018536575982721085 0.020522427075950467
leaf_weight=58.815542716532946 30.166505858302116 10.629456969909372 112.89510956499726 19.307954341173172 64.188210905529559 27.895951271057129 18.397582652047276 10.332882185466586 17.40499871969223 12.20473817642778 20.589980117976665 3.9876918327063313 4.4054012820124617 2.4375341683626166
leaf_count=737 1257 141 3506 194 1375 342 413 122 225 421 617 82 36 31
internal_value=0.00131656 0.0034692 -0.00581278 0.00918139 0.00235067 0.0168879 -0.00209142 0.0111448 0.0226771 -0.00240094 0.0109129 0.0284236 -0.0094775 -0.0124945
internal_weight=413.66 383.493 146.062 237.431 129.327 108.104 110.019 33.1671 80.2082 22.8342 38.9876 62.8032 71.0311 66.6257
internal_count=9499 8242 4190 4052 2666 1386 2472 684 1044 562 1030 819 1442 1406
is_linear=0
shrinkage=0.035


Tree=84
num_leaves=15
num_cat=0
split_feature=69 0 88 110 14 42 50 45 121 45 46 119 109 117
split_gain=16.8642 12.9995 8.93875 7.62765 7.37648 10.4309 12.1014 7.33122 8.3924 7.32637 6.9413 6.69263 7.76286 6.99242
threshold=3.2500000000000004 4.0473495370370385 1079.5000000000002 25.750000000000004 3.5000000000000004 1.5000000000000002 0.073879142300194947 0.069366479550922219 1.0000000180025095e-35 0.10690476190476192 0.038218111002921142 0.77303240518350214 255.50000000000003 0.84045454545454557
decision_type=10 2 10 8 2 10 2 2 2 2 2 8 10 2
left_child=1 4 3 10 5 -1 9 8 -2 -7 -3 12 -5 -13
right_child=7 2 -4 11 -6 6 -8 -9 -10 -11 -12 13 -14 -15
leaf_value=-0.0050798224450467342 -0.011718884071265624 -0.0096229400454675065 0.023697436181328274 -0.0087100595251273956 -0.0039156765667114407 0.042686025280085783 -0.0048769146543691314 0.0040272543846934855 0.03232545045706587 0.0064200943503249369 0.013821624866139451 -0.016265995027159443 0.028056134301038201 0.010160233971602459
leaf_weight=21.92413542419672 3.6240291474387041 24.050717216916382 6.4961170926690093 14.332636131905021 41.58813910651952 22.170518606901169 12.939024488441644 35.450951366685331 30.264915086328983 11.815101372078059 28.483356970362365 141.58435780741274 6.3203792925924054 10.079528727568684
leaf_count=494 91 402 33 440 559 233 289 540 315 242 379 5235 95 154
internal_value=0.00104928 -0.00220646 -0.00688073 -0.00826044 0.00745927 0.0141302 0.0227304 0.0161662 0.0267143 0.0325186 0.00318491 -0.0117412 0.00581677 -0.0142415
internal_weight=411.124 341.784 231.347 224.851 110.437 68.8488 46.9246 69.3399 33.8889 33.9856 52.5341 172.317 20.653 151.664
internal_count=9501 8555 6738 6705 1817 1258 764 946 406 475 781 5924 535 5389
is_linear=0
shrinkage=0.035


Tree=85
num_leaves=15
num_cat=0
split_feature=0 110 50 55 94 55 68 115 69 42 98 65 70 73
split_gain=16.2819 10.4328 9.78771 10.1347 9.14139 8.02459 8.46953 10.1075 7.66193 7.57089 6.86637 6.67324 5.54026 5.07532
threshold=3.2949363425925928 37.250000000000007 0.027212143650499818 0.56736587333602262 71055.000000000015 0.83130081300813019 14.500000000000002 0.072077922077922088 2.7500000000000004 1.5000000000000002 1.0571895424836604 2.8786764705882359 18.828571428571433 18.500000000000004
decision_type=2 8 2 8 2 10 8 2 10 10 2 8 10 10
left_child=2 5 3 -1 8 6 7 -2 12 -5 11 -7 -3 -6
right_child=1 4 -4 9 13 10 -8 -9 -10 -11 -12 -13 -14 -15
leaf_value=-0.0099583908321752151 0.019204689467451463 -0.021864061590687434 -0.00095647033593338783 0.0029295813795832118 -0.0041842496140919025 -0.02089699088909492 0.020400740016929698 -0.015348127148909393 0.0019432079309528623 0.029359277087097124 0.023704769274793862 0.010964892072798124 0.012829878290733263 0.019909430370641728
leaf_weight=10.800249581225215 8.2302864706143719 81.189813559874892 53.939677502028644 19.065564498305321 29.614548744633794 7.5699252635240581 9.3213958553969842 51.485579759813845 23.819130799733102 50.125936422497034 27.648979470133781 17.416650003753603 2.8747253743931642 10.733973621390758
leaf_count=201 153 3217 979 351 1106 160 112 1079 614 522 300 169 81 374
internal_value=0.000862435 -0.00408376 0.0106185 0.0180207 -0.0101742 0.00344479 -0.00433157 -0.00947008 -0.0153027 0.0227649 0.0131353 -0.000562834 -0.020024 0.00371387
internal_weight=403.836 269.905 133.931 79.9918 148.232 121.673 69.0373 59.7159 107.884 69.1915 52.6356 24.9866 84.0645 40.3485
internal_count=9418 7365 2053 1074 5392 1973 1344 1232 3912 873 629 329 3298 1480
is_linear=0
shrinkage=0.035


Tree=86
num_leaves=15
num_cat=0
split_feature=65 117 66 110 32 65 82 54 93 55 27 98 113 44
split_gain=12.4631 12.2806 17.8797 15.2987 9.58439 11.6101 9.23979 7.86245 7.83364 10.5968 11.2404 10.5533 8.14483 6.61718
threshold=5.2613636363636376 0.12916666666666668 0.76526280762996912 61.250000000000007 6.5000000000000009 2.2886904761904767 1.0000000180025095e-35 0.25543478260869573 53260.500000000007 0.92450142450142458 9.5000000000000018 0.87867647058823539 0.028674203494347381 0.56594202898550738
decision_type=10 2 10 10 2 10 8 10 2 10 2 2 2 2
left_child=1 2 13 4 8 7 -5 -6 -3 10 -10 -11 -12 -1
right_child=-2 3 -4 6 5 -7 -8 -9 9 11 12 -13 -14 -15
leaf_value=-0.011916981131356769 0.024107819525744614 -0.0096276962916094569 0.041670258169856859 0.024199853074532599 0.037819773012714095 -0.00099058067613212882 -0.017087010943802362 -0.0041556304124049951 -0.016683151770229974 -0.0085201498815517182 0.022500518178841807 0.028150662418098722 -0.0061413381724750391 0.018483894677316055
leaf_weight=19.386256643570963 24.210862535052001 77.667345863766968 15.503003968857227 2.8725041048601261 20.513972626999024 29.705016839317977 81.694181644357741 5.785753787495195 35.094227289780974 10.848804616369305 19.738924509845674 28.013252735137939 20.6268161367625 8.7114899251610023
leaf_count=598 272 1518 143 22 284 432 3378 114 872 162 416 467 524 202
internal_value=0.0020847 0.000369583 0.0168145 -0.00200357 0.00242893 0.0145191 -0.014412 0.0293968 -0.00137686 0.00439708 -0.00335126 0.0181093 0.00880082 -0.001123
internal_weight=400.372 376.162 43.6008 332.561 247.994 56.0047 84.5667 26.2997 191.989 114.322 75.46 38.8621 40.3657 28.0977
internal_count=9404 9132 943 8189 4789 830 3400 398 3959 2441 1812 629 940 800
is_linear=0
shrinkage=0.035


Tree=87
num_leaves=15
num_cat=0
split_feature=96 56 10 54 98 101 97 118 122 20 42 98 117 44
split_gain=14.5664 11.9193 9.42159 8.74968 9.99944 8.38637 9.6094 8.22236 10.537 7.95938 6.8342 6.28599 5.86614 5.59761
threshold=3.3229166666666674 0.62593283582089565 3.5000000000000004 0.20416666666666669 1.589572192513369 0.26006441223832533 10.660896234934961 0.67156862745098056 1.5000000000000002 2.5000000000000004 4.5000000000000009 0.84731934731934744 0.73401360544217698 0.95833333333333337
decision_type=2 8 2 8 2 2 2 2 2 2 10 2 2 2
left_child=1 2 3 4 5 6 11 8 -5 10 -6 -1 -9 -3
right_child=-2 13 -4 7 9 -7 -8 12 -10 -11 -12 -13 -14 -15
leaf_value=-0.012005884204456901 0.025923045793953159 -0.013765988527765184 -0.018327167661776327 -0.0025421987237739707 0.010697667753044914 -0.012193464705237368 -0.015326454906027343 -0.013864659118512975 0.036410346513767643 -0.0061036229121309432 0.044609672930215283 0.019242339026359301 0.0023412578209635001 0.017048481950241202
leaf_weight=5.7055013608187428 20.911951093003154 89.222917816601694 19.862983269616961 20.380342711694542 17.775235803797841 25.108286716043949 11.21163390483707 56.995463228784502 8.9082937734201533 7.2691067848354569 15.564565842971204 52.278650375083089 46.734480055980384 3.6385940825566641
leaf_count=46 183 3147 859 539 319 450 84 1829 157 190 235 674 584 129
internal_value=0.000526119 -0.0011871 0.00236337 0.0042049 0.0103221 0.00360564 0.00977386 -0.00214854 0.0128872 0.0238141 0.0302824 0.0154586 -0.00679134 -0.0117492
internal_weight=401.568 380.656 287.795 267.932 134.913 94.3041 69.1958 133.019 29.2886 40.6089 33.3398 57.9842 103.73 92.8615
internal_count=9425 9242 5966 5107 1998 1254 804 3109 696 744 554 720 2413 3276
is_linear=0
shrinkage=0.035


Tree=88
num_leaves=15
num_cat=1
split_feature=87 83 117 110 117 118 65 131 40 100 87 130 60 11
split_gain=14.6609 18.0437 12.1129 16.4566 15.6469 17.481 9.17482 8.84465 8.57829 9.57509 6.65426 6.03089 5.8452 4.78842
threshold=1.0000000180025095e-35 1384.5000000000002 0.12916666666666668 1234.0000000000002 0.65419580419580436 0.77032967032967048 1.6417112299465242 0 14.500000000000002 0.063164893617021281 118.50000000000001 2.5000000000000004 0.84409722222222239 5.5000000000000009
decision_type=8 10 2 8 2 2 10 1 2 2 10 2 2 2
left_child=-1 2 3 6 10 -6 -2 12 11 -10 13 -9 -7 -4
right_child=1 -3 4 -5 5 7 -8 8 9 -11 -12 -13 -14 -15
leaf_value=0.030414053655104249 0.0030096366823940033 -0.021668666713758885 -0.019258057094635558 -0.015190635982329344 0.042656538003428619 -0.012763155729297605 0.042918838217326394 -0.013367799937761868 0.021365164803833509 -0.0089212547407952064 0.016719868408041391 0.012430693593750356 0.017033301435458736 -0.0042504475083220816
leaf_weight=14.82932326197624 11.112296260893347 38.626933207735419 55.829907824285328 9.6320880958810431 9.5695688854902965 5.5753333345055571 19.095709668472409 69.9611582942307 24.554800337180495 18.726088341325521 6.1170703936368218 8.9905809210613352 57.380089970305562 51.852044388651848
leaf_count=126 248 2785 1982 340 146 78 175 987 172 170 83 77 597 1434
internal_value=0.00106076 -0.000437518 0.00218966 0.0191878 -0.000276063 0.0057103 0.0307502 0.00272987 -0.0029758 0.00869447 -0.0103304 -0.00986463 0.0118986 -0.0125407
internal_weight=401.853 387.024 348.397 39.8401 308.557 194.758 30.208 185.188 122.233 43.2809 113.799 78.9517 62.9554 107.682
internal_count=9400 9274 6489 763 5726 2227 423 2081 1406 342 3499 1064 675 3416
cat_boundaries=0 1
cat_threshold=33
is_linear=0
shrinkage=0.035


Tree=89
num_leaves=15
num_cat=0
split_feature=88 83 11 57 50 96 118 0 98 45 98 50 86 101
split_gain=14.4733 18.2671 12.5838 14.2352 11.1749 9.18558 7.829 10.9655 7.45386 9.87453 7.32552 7.29749 6.43356 6.16285
threshold=1079.5000000000002 1537.5000000000002 2.5000000000000004 0.42462121212121218 0.072949002217294903 3.3229166666666674 0.70135135135135152 44.570989583333336 1.037749287749288 0.067231638418079109 1.320714285714286 0.021507863089731735 291.51187775724128 0.64852941176470602
decision_type=10 10 2 8 2 2 2 2 2 2 2 2 8 2
left_child=1 2 -1 5 6 8 -5 10 -4 11 -8 -10 -11 -12
right_child=-2 -3 3 4 -6 -7 7 -9 9 12 13 -13 -14 -15
leaf_value=-0.01279697082118459 0.03358267986471266 -0.02355655737301424 -0.018639965366277083 0.037188489825607893 -0.0038327905988913757 0.022785865615937761 0.0098862246662399979 -0.0023799409530298097 0.030716908680705094 0.018757537592986845 0.046766065088639036 0.00084168498395088907 -0.0099497162631222522 -1.7466317166833248e-05
leaf_weight=52.856791822239757 11.179687969386576 32.176631128415465 30.624008633196354 18.618361741304398 34.326073002070189 11.667757853865622 32.60536958090961 34.836485764943063 12.740653082728384 6.1555646574124685 13.548408393748106 23.673000738956034 78.3710878463462 4.2326988568529478
leaf_count=1783 62 2581 441 272 752 104 310 557 145 42 136 384 1763 80
internal_value=0.00115153 -0.000203708 0.00221573 0.00501439 0.0130745 -0.00199389 0.0185828 0.0126824 -0.00456826 -0.000406511 0.022371 0.0137412 -0.0069283 0.0380699
internal_weight=397.613 386.433 354.256 301.399 138.167 163.232 103.841 85.223 151.564 120.94 50.3865 36.4137 84.5267 17.7811
internal_count=9412 9350 6769 4986 2107 2879 1355 1083 2775 2334 526 529 1805 216
is_linear=0
shrinkage=0.035


Tree=90
num_leaves=15
num_cat=0
split_feature=81 88 119 11 109 32 10 20 32 23 86 98 76 108
split_gain=14.0122 12.5613 11.3714 17.9105 16.1125 11.6267 9.21911 8.35504 8.10481 11.0355 10.0069 7.00033 6.84085 6.44754
threshold=452.50265221412877 1076.5000000000002 0.78582996308391106 9.5000000000000018 255.50000000000003 4.5000000000000009 3.5000000000000004 2.5000000000000004 7.5000000000000009 1.5000000000000002 261.39943343151418 1.3585714285714288 0.51821184558476829 261.50000000000006
decision_type=10 10 8 2 10 2 2 2 2 2 8 2 8 10
left_child=1 2 4 8 5 -1 7 -5 10 11 -4 -10 -13 -12
right_child=-2 -3 3 6 -6 -7 -8 -9 9 -11 13 12 -14 -15
leaf_value=-0.01041743185351284 -0.021249907468350603 0.031565407047394488 0.013767582889569687 0.0202625398154536 0.041305483090444087 0.027302170334145903 -0.013593491164882248 -0.0062277210994615027 -0.00091978788019831878 -0.012069402183188679 -0.014590732234113094 0.00098133034346915599 0.048828151825476944 0.016520987200775727
leaf_weight=26.544673872180283 27.19044553861022 12.747671679593621 14.888138382695614 67.083158349618316 14.756260462105272 9.6848249528557044 12.170652844011782 15.783978167921303 11.312408154830338 19.203884408809245 146.91969647444785 5.5621371148154113 7.0289932638406762 4.5954310595989218
leaf_count=470 2625 77 166 641 139 121 403 229 219 462 3628 99 91 80
internal_value=0.000920342 0.00281989 0.00136576 -0.00127913 0.0158675 0.00175392 0.0109733 0.0151496 -0.00696326 0.0060404 -0.0104098 0.0201607 0.0339784 -0.0131495
internal_weight=395.472 368.282 355.534 304.548 50.9858 36.2295 95.0378 82.8671 209.511 43.1074 166.403 23.9035 12.5911 151.515
internal_count=9450 6825 6748 6018 730 591 1273 870 4745 871 3874 409 190 3708
is_linear=0
shrinkage=0.035


Tree=91
num_leaves=15
num_cat=0
split_feature=83 10 54 117 69 66 112 110 116 119 98 72 88 47
split_gain=13.7238 10.7701 11.2065 10.3181 9.38782 12.0324 9.24458 8.11858 7.81915 6.51722 6.30701 5.99588 5.85685 5.78778
threshold=1537.5000000000002 3.5000000000000004 0.43650793650793657 0.11324786324786326 3.2500000000000004 0.81988459163814542 0.032129032258064523 88.250000000000014 0.45738498789346255 0.6913074388294379 1.0571895424836604 6.5000000000000009 1079.5000000000002 0.036811201445347795
decision_type=10 2 8 2 8 10 2 10 2 10 2 10 10 2
left_child=1 2 3 -1 5 6 7 -5 -7 -4 -10 -12 -2 -6
right_child=12 -3 9 4 13 8 -8 -9 10 -11 11 -13 -14 -15
leaf_value=0.030090348618779829 -0.023120051243645249 -0.017823012706696333 0.0043402343409686388 0.031069504791280383 0.022521880757815273 -0.011718935453602091 -0.0063239568831551986 -0.003561369309635173 -0.0091584935726764065 -0.017660556238125395 -0.00766893738271931 0.017016072669530466 0.016776349933917366 -0.0020162853346467726
leaf_weight=18.609664708375931 30.331901297904555 22.781576937995851 26.054727504961193 30.114066490903497 47.057302873581648 68.164979333058 15.715497819706796 9.6081284312531334 25.381134930998087 33.43223000690341 13.240064227953551 39.193087546154857 1.5479035116732109 14.214937820099292
leaf_count=199 2604 795 747 546 532 1553 362 328 174 1003 113 324 9 161
internal_value=0.0012046 0.0032271 0.00487168 0.00778385 0.00567107 0.00186224 0.0150229 0.0232312 -0.0034677 -0.00843504 0.0040315 0.0106578 -0.0191711 0.0171065
internal_weight=395.447 363.567 340.786 281.299 262.689 201.417 55.4377 39.7222 145.979 59.487 77.8143 52.4332 31.8798 61.2722
internal_count=9450 6837 6042 4292 4093 3400 1236 874 2164 1750 611 437 2613 693
is_linear=0
shrinkage=0.035


Tree=92
num_leaves=15
num_cat=0
split_feature=81 56 10 54 20 76 97 86 93 118 65 57 56 49
split_gain=13.4079 10.8725 10.2791 12.3749 8.45802 10.1614 8.19083 6.19732 5.95399 5.88942 10.2125 5.59429 5.28327 5.39971
threshold=434.32254476783305 0.64747307373653695 3.5000000000000004 0.17752100840336138 2.5000000000000004 0.40458561829460077 6.0068863739008629 244.19151393999786 26926.500000000004 0.67156862745098056 2.2426470588235299 0.41042780748663105 0.20864427860696519 0.088932806324110686
decision_type=10 8 2 8 2 8 2 8 2 2 10 10 10 2
left_child=1 2 3 4 5 11 -7 -5 -3 10 -9 -1 -11 -14
right_child=-2 8 -4 7 -6 6 -8 9 -10 12 -12 -13 13 -15
leaf_value=-0.012307022877347676 -0.019331140978534823 0.012131694434730776 -0.01609538038930599 0.020671479240309962 -0.0026496700353076975 0.040817718888123203 0.013842823929155233 -0.005857704264916227 -0.01112211158368635 0.01537960864307808 0.031838341284743242 0.015377411664119885 -0.0088253802875858534 0.018817165246847397
leaf_weight=12.07160651497543 27.620139234699309 12.248614200390874 16.923543931916356 14.891517135314642 19.691105490550399 31.812183173373342 34.625505428761244 15.58752897474915 67.113064738921821 10.511165261268614 12.003916319459675 13.946027616038917 94.264127475209534 4.8153693359345189
leaf_count=132 2662 303 570 113 276 394 288 378 1999 132 155 109 1770 64
internal_value=0.00221269 0.00410514 0.00731536 0.00908592 0.017644 0.0218804 0.028712 0.00241401 -0.00702682 -0.000225132 0.0129108 0.00261916 -0.00395137 -0.00664248
internal_weight=388.125 360.505 281.144 264.22 112.146 92.4553 66.4377 152.074 79.3617 137.182 27.5914 26.0176 109.591 99.0795
internal_count=9345 6683 4381 3811 1199 923 682 2612 2302 2499 533 241 1966 1834
is_linear=0
shrinkage=0.035


Tree=93
num_leaves=15
num_cat=0
split_feature=0 50 82 54 57 88 89 56 45 110 42 56 100 96
split_gain=11.8839 13.389 8.61958 9.88336 9.12619 6.14652 5.95002 5.80704 5.80016 5.22627 5.14392 5.03261 4.9754 6.05724
threshold=3.2949363425925928 0.037855266300453792 1.0000000180025095e-35 0.20416666666666669 0.48683298683298687 1073.5000000000002 519.50000000000011 0.58198924731182811 0.095695970695970703 77.250000000000014 1.0000000180025095e-35 0.22287581699346407 0.054093567251461992 1.8313008130081303
decision_type=2 2 8 8 10 10 8 10 2 10 10 8 2 2
left_child=1 8 -2 4 12 -3 -6 9 10 -8 -1 -5 13 -4
right_child=2 5 3 11 6 -7 7 -9 -10 -11 -12 -13 -14 -15
leaf_value=-0.0037704911448879219 0.023130917594186746 -0.0096611964925837016 -0.0068382014381945175 0.0096645852886463966 -0.013303873573655508 0.025082542517393024 0.034242664454840081 -0.006009733451329719 0.0032186499229156329 -0.0026973691471715881 0.026800165337992475 -0.013871492236783712 -0.009617803087394846 0.020942810681058167
leaf_weight=6.4104986945167175 8.93981068395078 44.34332437440753 16.40087559493259 8.7549442909657937 3.9473901516757897 2.3005053829401723 19.453953100834049 6.0354640022851518 27.871188716031611 4.948445050045847 48.423061072826385 117.64282698044553 61.127677675802261 13.352360094897447
leaf_count=136 63 850 561 159 100 39 246 164 508 114 496 4071 1720 131
internal_value=0.000461433 0.00893887 -0.00383534 -0.0052252 0.00174399 -0.0056851 0.0158734 0.0210005 0.0170404 0.0275669 0.0232098 -0.0119355 -0.00415095 0.00684847
internal_weight=389.952 129.349 260.604 251.664 125.266 46.6438 34.3853 30.4379 82.7047 24.4024 54.8336 126.398 90.8809 29.7532
internal_count=9358 2029 7329 7266 3036 889 624 524 1140 360 632 4230 2412 692
is_linear=0
shrinkage=0.035


Tree=94
num_leaves=15
num_cat=0
split_feature=10 88 83 96 117 106 117 106 74 66 69 106 115 65
split_gain=14.3798 11.9775 13.9032 10.9279 10.1916 13.0113 11.3917 17.1819 10.9965 8.58943 7.07307 6.98451 6.90555 5.53899
threshold=3.5000000000000004 1079.5000000000002 1341.5000000000002 3.3229166666666674 0.12916666666666668 1306.788888888889 0.65345368916797497 621.25739130434795 17.250000000000004 1.4125279657415961 1.7500000000000002 144.44285714285715 0.21975609756097564 1.5147058823529413
decision_type=2 10 10 2 2 8 2 10 10 10 8 10 2 8
left_child=1 2 3 4 5 11 8 10 -6 -9 -8 -1 -11 -13
right_child=-2 -3 -4 -5 6 -7 7 9 -10 12 -12 13 -14 -15
leaf_value=-0.0084872892641860223 -0.0221526073958466 0.032001315301287095 -0.018370749068654667 0.026610756556459732 -0.013040177772922584 -0.0066045595670182894 0.013088741944249443 0.038978172508024787 0.0200838257664263 -0.0064710967296261173 -0.0065290122859260457 0.00089380433464175918 0.02586750637319591 0.04553784717880198
leaf_weight=2.7678858833387521 25.337250852026045 11.581878807395695 33.538525709882379 19.014549173414707 95.225649640895426 14.934340928681193 24.638522393070161 17.508951257914305 9.4788893135264498 16.199670970439914 89.454876019619405 4.3067444097250727 8.6489632707089168 15.967823745682834
leaf_count=98 1232 64 2415 176 2870 409 330 225 267 166 858 71 74 164
internal_value=0.00102519 0.00292062 0.00152776 0.00387722 0.00201841 0.0178134 -0.000569958 0.00535439 -0.00926278 0.0230847 -0.0019209 0.031995 0.00723248 0.0381074
internal_weight=388.605 363.267 351.685 318.147 299.132 37.9768 261.156 156.451 104.705 42.3576 114.093 23.0425 24.8486 20.2746
internal_count=9419 8187 8123 5708 5532 742 4790 1653 3137 465 1188 333 240 235
is_linear=0
shrinkage=0.035


Tree=95
num_leaves=15
num_cat=0
split_feature=88 96 117 68 110 97 46 54 44 100 21 57 93 63
split_gain=12.9942 12.5647 11.6629 14.2724 13.3425 11.8341 8.97504 9.01625 7.30656 6.66938 6.36145 5.89087 5.81808 5.74941
threshold=1079.5000000000002 3.5131578947368425 0.12916666666666668 3.5000000000000004 61.250000000000007 5.004931959903737 0.048583792289535806 0.15894736842105264 0.56594202898550738 0.63961038961038974 11.500000000000002 0.43844696969696978 14956.000000000002 0.53798076923076932
decision_type=10 2 2 10 10 2 2 10 2 2 2 8 2 2
left_child=1 2 3 8 5 6 11 10 -1 -7 -8 -4 -6 -13
right_child=-2 -3 4 -5 12 9 7 -9 -10 -11 -12 13 -14 -15
leaf_value=-0.013152135259720121 0.030488434338635732 0.025912124876533989 -0.012535636607225654 0.037518387495210602 0.012819167274476601 -0.0095496871020661692 0.047924027777186837 0.0051468668223705839 0.018643145189635033 0.016915404221124388 0.004852438810136305 -0.010396179700441863 -0.018877182708755446 0.016370226535355154
leaf_weight=18.748735711444173 12.227102678269146 15.74355126544833 25.79319786047563 14.134111737832425 4.3530017044395199 120.6861556195654 10.638263552449645 30.917976331431419 9.1403098646551353 8.3024990675039572 7.4394334089010945 10.732939801178871 74.37472716299817 24.110809337813407
leaf_count=608 68 158 704 127 150 2037 217 663 203 121 172 324 3302 561
internal_value=0.000764184 -0.000592991 -0.00209378 0.0142303 -0.0044426 -0.000219995 0.00804004 0.0184214 -0.00148155 -0.00727857 0.0350906 -0.00111255 -0.0164638 0.00785539
internal_weight=387.343 375.116 359.372 42.0232 317.349 238.621 109.633 48.9957 27.889 128.989 18.0777 60.6369 78.7277 34.8437
internal_count=9415 9347 9189 938 8251 4799 2641 1052 811 2158 389 1589 3452 885
is_linear=0
shrinkage=0.035


Tree=96
num_leaves=15
num_cat=0
split_feature=88 83 10 54 20 98 101 45 119 107 42 94 76 40
split_gain=12.8138 13.4381 10.2347 11.992 8.72508 9.7543 11.2775 8.7972 7.11498 7.88484 6.0567 5.95132 5.86729 5.3268
threshold=1079.5000000000002 1537.5000000000002 3.5000000000000004 0.22474747474747478 2.5000000000000004 1.4558441558441559 0.55086206896551737 0.069366479550922219 0.77303240518350214 81.391134454052704 13.500000000000002 71263.000000000015 0.45828458797909361 12.500000000000002
decision_type=10 10 2 8 2 2 2 2 8 10 8 2 8 2
left_child=1 2 3 4 5 7 12 -1 9 -5 -6 -3 -7 -14
right_child=-2 11 -4 8 10 6 -8 -9 -10 -11 -12 -13 13 -15
leaf_value=0.015293407561362982 0.032494671185095143 -0.028580256086891784 -0.01825204322853342 -0.0015818149150411021 -0.017534116169458866 0.0077248798195460452 -0.00090880419564644168 -0.0050338063660164776 -0.0066725730643393093 0.031182803499177923 0.013169819706900732 0.003652380914887125 0.047627325292306233 0.001950374374438947
leaf_weight=54.507629024796188 11.217519529163836 20.886095006484542 21.567127853631973 23.026659576222301 17.378168797120455 10.73177672177553 14.682994662784038 43.008378472179174 120.72964831721038 9.3105252375826222 7.7508077137172213 8.2051345161162299 22.746983059681956 4.0197494504973283
leaf_count=512 63 1922 791 464 350 151 308 569 3091 102 104 664 292 48
internal_value=0.00202687 0.000712191 0.00272178 0.00435475 0.0104918 0.013647 0.025231 0.00652005 -0.00276485 0.0107643 -0.00744982 -0.0202868 0.034369 0.0421544
internal_weight=389.769 378.552 349.46 327.893 174.826 149.698 52.1815 97.516 153.067 32.3372 25.129 29.0912 37.4985 26.7667
internal_count=9431 9368 6782 5991 2334 1880 799 1081 3657 566 454 2586 491 340
is_linear=0
shrinkage=0.035


Tree=97
num_leaves=15
num_cat=0
split_feature=10 11 116 118 116 106 55 115 83 98 54 66 101 96
split_gain=11.875 11.1662 10.4547 12.8394 8.23267 8.99392 6.58639 8.64615 6.79296 6.59611 6.10224 6.8822 6.07986 6.75246
threshold=3.5000000000000004 2.5000000000000004 0.90521114106019784 0.61721611721611735 0.37567204301075274 638.78042328042341 0.73123827392120078 0.11189358372456966 1618.5000000000002 0.91833333333333345 0.25543478260869573 4.73178757201166 0.11324786324786326 1.4387500000000002
decision_type=2 2 2 2 2 10 10 2 8 2 8 8 2 2
left_child=1 -1 3 -3 12 6 7 -6 -9 -8 -7 -12 13 -5
right_child=-2 2 -4 4 5 10 9 8 -10 -11 11 -13 -14 -15
leaf_value=-0.010873020298887381 -0.020146388654966672 0.023977310678847862 0.026538565962836227 0.01364514920100203 0.010983446682397882 0.024565737938858041 -0.0098410812227397466 0.014251962225602929 -0.024627823553165701 0.013655626495730022 -0.015980031132306435 0.023465718226225625 -0.012135288197020581 -0.018532420843270187
leaf_weight=56.805839393753558 24.978690308984369 27.960226919036359 21.441682443954051 24.849481371697042 13.428374012000857 34.362670330796391 16.525659025646746 3.2268761163577464 27.537886368110776 45.130559524521232 9.8984128157608176 3.5411476287990817 71.214311889838427 6.155391552951186
leaf_count=2245 1233 500 202 673 179 506 150 27 430 477 210 44 2486 122
internal_value=0.0010511 0.00276795 0.0054406 0.00341496 0.000751518 0.00580119 -8.07645e-05 -0.00979163 -0.0191274 0.00709204 0.0176 -0.00204196 -0.00675549 0.00557047
internal_weight=387.057 362.079 305.273 283.831 255.871 153.652 105.849 44.1931 30.7648 61.6562 47.8022 13.4396 102.219 31.0049
internal_count=9484 8251 6006 5804 5304 2023 1263 636 457 627 760 254 3281 795
is_linear=0
shrinkage=0.035


Tree=98
num_leaves=15
num_cat=0
split_feature=81 54 16 0 20 46 82 104 30 29 55 104 90 65
split_gain=11.4356 9.98734 17.0232 10.8257 8.9323 7.72579 7.30225 5.71247 5.47141 5.41471 6.08258 6.00714 5.39255 4.95731
threshold=452.50265221412877 0.16954022988505749 12.500000000000002 2.4328125000000003 1.0000000180025095e-35 0.028174603174603175 1.0000000180025095e-35 0.98146258503401362 12.500000000000002 33.500000000000007 0.72046511627906984 0.62622549019607854 69883.720192307708 3.757352941176471
decision_type=10 8 2 2 2 2 8 2 2 2 10 2 2 10
left_child=1 2 8 4 12 -4 -5 9 -1 10 11 -7 -3 -8
right_child=-2 3 5 6 -6 7 13 -9 -10 -11 -12 -13 -14 -15
leaf_value=0.028624821580822645 -0.019924003283468252 0.024149484909679327 -0.016003819579773117 0.023853195340376811 -0.007441587797593823 -0.0074544181860174896 -0.011629280626308603 -0.012203146933013279 -0.0054386968447683662 -0.006104697538342984 0.029075800620209469 0.023796771242518021 -0.00090296389998618118 0.0056048513956318052
leaf_weight=45.500973695889115 24.455839808564633 32.594493831507862 20.925619769841433 4.0683686882257453 24.055311628617346 17.894944037310783 121.80237687844783 12.408494147472082 4.891707766801118 14.740346278063951 18.971020735800266 6.3432213980704537 14.130682204850016 21.259921767748892
leaf_count=524 2609 409 401 21 361 377 3368 198 50 257 221 144 196 301
internal_value=0.00107072 0.00275225 0.00981868 -0.00195922 0.00889933 0.000502515 -0.00730377 0.00614789 0.0251258 0.0107345 0.0165164 0.003395 0.0172182 -0.0089654
internal_weight=384.043 359.587 141.676 217.911 70.7805 91.2836 147.131 70.358 50.3927 57.9495 43.2092 24.2382 46.7252 143.062
internal_count=9437 6828 2172 4656 966 1598 3690 1197 574 999 742 521 605 3669
is_linear=0
shrinkage=0.035


Tree=99
num_leaves=15
num_cat=0
split_feature=88 83 116 50 118 110 98 126 65 45 60 43 55 43
split_gain=12.5604 14.4735 10.7762 9.21576 9.9028 13.0679 8.75106 7.45035 7.16529 7.13129 7.3581 6.70781 6.36639 6.25115
threshold=1079.5000000000002 1341.5000000000002 0.90521114106019784 0.016530054644808747 0.68857758620689669 1098.5000000000002 1.012820512820513 1.0000000180025095e-35 2.5590277777777781 0.075235849056603785 0.8790491118077326 0.23368794326241138 0.59761904761904772 0.38956639566395673
decision_type=10 10 2 2 2 8 2 2 8 2 2 2 10 2
left_child=1 2 3 4 5 -1 -6 8 11 10 -8 -5 -11 -10
right_child=-2 -3 -4 7 6 -7 9 -9 13 12 -12 -13 -14 -15
leaf_value=0.031498626842476257 0.031423217900651924 -0.020882374771091415 0.021747664449437855 0.010883424012467243 -0.010458550288985995 -0.0094651802291314605 -0.0095293876587879498 -0.014926278049574254 -0.00023421463716308201 -0.017284260397001466 0.028960711533545506 -0.017004806323355541 0.0075369041193170741 0.025707948523019195
leaf_weight=26.232385063543916 10.039799608290194 35.811711282469332 23.584058610722423 10.950796212069688 51.073733248747885 10.989629980176685 5.3061235770583179 68.062971495091915 29.098387192934752 14.003259627148507 20.475156026892364 31.249905394390225 32.958571553230286 13.591379312798379
leaf_count=453 59 2914 282 297 900 397 77 1393 564 335 222 848 573 170
internal_value=5.59982e-05 -0.0011915 0.0011717 -0.00069042 0.00507823 0.0197156 8.34554e-05 -0.0067325 0.000301884 0.00768172 0.0207778 -0.00938171 -0.000815352 0.00985452
internal_weight=383.428 373.388 337.576 313.992 161.039 37.222 123.817 152.953 84.8905 72.7431 25.7813 42.2007 46.9618 42.6898
internal_count=9484 9425 6511 6229 2957 850 2107 3272 1879 1207 299 1145 908 734
is_linear=0
shrinkage=0.035


Tree=100
num_leaves=15
num_cat=0
split_feature=116 88 88 48 54 118 110 97 110 63 46 70 70 107
split_gain=10.5576 7.82721 8.60682 7.42432 7.64226 7.13059 11.7142 5.21925 13.8508 7.25499 6.02004 5.8843 5.40768 7.29099
threshold=0.83558558558558571 1079.5000000000002 992.50000000000011 0.1023024594453166 0.22474747474747478 0.48333333333333339 1234.0000000000002 5.004931959903737 61.250000000000007 0.72456896551724148 0.045249795249795256 15.387500000000001 11.015151515151517 3113.1060127759183
decision_type=2 10 10 2 8 2 8 2 10 2 2 8 8 10
left_child=1 2 3 5 -5 6 -1 8 10 -10 -7 -12 -11 -14
right_child=-2 -3 -4 4 -6 7 -8 -9 9 12 11 -13 13 -15
leaf_value=0.031881903585099514 0.016565213724185086 0.0234587792220987 -0.020746834299843715 0.040519310917316559 -0.0030389234598405955 0.00015051099957933252 -0.012785130844169089 -0.0095511144469417834 -0.018508767966828689 0.028405129361215142 0.02377534231535151 -0.005468305962263182 -0.017560430994331865 0.02375097072976157
leaf_weight=12.761953454464676 37.548886292614043 9.3467810750007612 25.35202571330592 5.2970915902405951 8.2412609858438373 48.749900497496128 8.4878678424283844 116.45324090542272 46.582362392451614 3.5344221433624652 33.08574907714501 8.7284947289153916 11.523058768827466 2.8066192637197664
leaf_count=123 401 52 1861 78 218 1124 359 2015 1808 119 606 161 390 84
internal_value=0.000114675 -0.00191025 -0.00296316 -0.00118137 0.0203358 -0.00250138 0.0150036 -0.00411821 0.00013423 -0.0117651 0.00877442 0.0177388 0.00602185 -0.00541847
internal_weight=378.5 340.951 331.604 306.252 13.5384 292.714 21.2498 271.464 155.011 64.4465 90.5641 41.8142 17.8641 14.3297
internal_count=9399 8998 8946 7085 296 6789 482 6307 4292 2401 1891 767 593 474
is_linear=0
shrinkage=0.035


Tree=101
num_leaves=15
num_cat=0
split_feature=87 83 117 68 96 110 106 55 66 54 93 110 47 71
split_gain=11.1502 12.342 10.2391 12.8303 12.4539 8.11822 11.2868 9.8306 8.18218 7.71266 6.86809 6.54406 6.23953 5.57793
threshold=1.5000000000000002 1384.5000000000002 0.17028985507246377 2.5000000000000004 3.3229166666666674 95.250000000000014 621.25739130434795 0.92450142450142458 2.5114021650893998 0.13423423423423428 80031.500000000015 1234.0000000000002 0.14459930313588851 1.1547005383792517
decision_type=8 10 2 8 2 10 10 10 10 8 2 10 2 8
left_child=-1 2 3 -2 5 6 12 9 13 10 -8 -5 -4 -9
right_child=1 -3 4 11 -6 -7 7 8 -10 -11 -12 -13 -14 -15
leaf_value=0.026761326421961655 -0.0091886575200991923 -0.019575951864040451 -0.0082813052526450222 0.033311264254700275 0.023867838377718643 -0.019566202125522254 0.026576076738006937 -0.0053277385108950739 -0.0069166108506683735 -0.0075176334682824537 -0.0096896900894794195 -0.0099052294482441725 0.017365572430345561 0.038039528626648854
leaf_weight=14.580588877201079 13.513639122247694 31.852256676647812 144.34808746539056 26.411439152434472 18.351985216140747 26.210251168347895 14.875299746170642 2.939815820194787 6.4566034208983174 44.40931551810354 6.3193171489983788 2.6955954870209089 7.9599148733541361 19.537357343360782
leaf_count=169 334 2741 2394 441 187 1000 317 62 71 995 177 75 110 344
internal_value=0.0010286 -0.000343824 0.00175177 0.0167997 -0.000695367 -0.00274576 -0.000606751 0.00862922 0.0239245 0.000666899 0.0159776 0.0284436 -0.00643159 0.0324301
internal_weight=380.461 365.881 334.029 42.6207 291.408 273.056 246.846 94.5377 28.9338 65.6039 21.1946 29.107 152.308 22.4772
internal_count=9417 9248 6507 850 5657 5470 4470 1966 477 1489 494 516 2504 406
is_linear=0
shrinkage=0.035


Tree=102
num_leaves=15
num_cat=0
split_feature=11 101 46 65 117 98 75 10 101 98 98 50 112 20
split_gain=10.5554 10.6639 8.03365 8.37606 8.07187 7.68043 9.50476 7.37868 6.4351 6.39137 6.03338 6.32569 5.77167 6.42809
threshold=2.5000000000000004 0.21583850931677021 0.06472559698366151 4.6306818181818192 0.21498599439775914 1.5577777777777781 1.7231800766283527 3.5000000000000004 0.55086206896551737 1.1967741935483873 0.87068004459308812 0.079077644606565925 0.06030303030303031 2.5000000000000004
decision_type=2 2 2 8 2 2 10 2 2 2 2 2 2 2
left_child=-1 2 3 4 -2 6 -3 8 12 -6 -4 -12 13 -7
right_child=1 5 10 -5 9 7 -8 -9 -10 -11 11 -13 -14 -15
leaf_value=-0.012526967516720416 0.020616485388066971 0.0089171514559148752 -0.0061803958636237289 0.021254050594815062 -0.014290850767646064 0.032869162213981458 -0.017301645652509544 -0.016752554232207267 -0.00096380656972760471 0.0063579094400260504 0.028146366703200847 -0.001781005464369968 -0.0080082600588224084 -0.0064817968820878331
leaf_weight=53.736526876688004 11.054988021962343 19.707421894650906 7.9691201797686508 19.437734399922192 44.001652777194977 20.86020567687229 57.241282189730555 11.584982328116892 36.183296353090554 25.676850143820047 44.491053267382085 9.7913743234239501 5.1889059087261549 4.5105267711915067
leaf_count=2215 149 477 103 228 822 403 1499 637 1083 571 640 262 125 146
internal_value=0.00113842 0.0036081 0.00974574 0.00328192 -0.00203231 -0.00291576 -0.0104524 0.00467105 0.00929806 -0.00676546 0.0191296 0.0230532 0.0198754 0.0259578
internal_weight=371.436 317.699 162.423 100.171 80.7335 155.277 76.9487 78.3279 66.7429 69.6785 62.2515 54.2824 30.5596 25.3707
internal_count=9360 7145 2775 1770 1542 4370 1976 2394 1757 1393 1005 902 674 549
is_linear=0
shrinkage=0.035


Tree=103
num_leaves=15
num_cat=0
split_feature=88 83 45 86 63 56 49 117 110 98 110 66 15 96
split_gain=10.8977 12.1432 9.39099 8.95901 7.64333 6.8215 6.02447 6.00349 11.5664 10.5886 7.28661 7.01616 5.05492 6.82435
threshold=1079.5000000000002 1341.5000000000002 0.069366479550922219 271.69162411992949 0.39642857142857152 0.20864427860696519 0.098387096774193564 0.21498599439775914 77.250000000000014 1.0571895424836604 1098.5000000000002 2.3671648904982097 2.5000000000000004 1.1181455633100701
decision_type=10 10 2 8 2 10 2 2 10 2 10 8 2 2
left_child=1 2 4 -4 -1 -5 12 10 9 11 -6 -9 13 -7
right_child=-2 -3 3 5 7 6 -8 8 -10 -11 -12 -13 -14 -15
leaf_value=-0.012123738717473688 0.028676119267571857 -0.018624317776442873 0.021162178972051877 0.010042670545967866 0.033678619472545537 0.0045898893354485038 0.021288643488717264 -0.016502435262604424 -0.020398279908954299 0.020722583597551445 -0.012281587193599166 0.0085031748035897439 -0.0035962730844194494 -0.022131459879823689
leaf_weight=16.036759668029845 11.657834611833094 34.504563376307487 11.735247389413415 24.310172591358423 17.624767901375893 12.829242281615732 3.3582079308107486 17.156005394645035 11.805270840413867 56.26863915193826 2.4947260087355962 31.268442749977112 77.90483355242759 51.785034370608628
leaf_count=422 69 2911 98 312 322 349 64 251 388 709 71 388 1982 1160
internal_value=0.00098466 -0.000261599 0.00187847 -0.00345923 0.00814752 -0.00571252 -0.00858389 0.0108711 0.00715742 0.0110528 0.0266695 -0.00107125 -0.00998549 -0.0168773
internal_weight=380.74 369.082 334.577 181.923 152.655 170.187 145.877 136.618 116.498 104.693 20.1195 48.4244 142.519 64.6143
internal_count=9496 9427 6516 3965 2551 3867 3555 2129 1736 1348 393 639 3491 1509
is_linear=0
shrinkage=0.035


Tree=104
num_leaves=15
num_cat=0
split_feature=10 11 119 107 81 110 110 83 98 42 113 100 101 98
split_gain=9.63588 11.5403 7.19954 9.28965 8.28007 7.03978 7.44686 6.99046 6.71877 7.52084 8.48662 6.98462 11.4546 9.3372
threshold=3.5000000000000004 5.5000000000000009 0.8704386226815618 81.391134454052704 254.34767271043299 195.25000000000003 82.250000000000014 1531.5000000000002 1.5694980694980696 4.5000000000000009 0.072821969696969704 0.067816091954023008 0.18350168350168353 1.2390476190476194
decision_type=2 2 10 10 8 10 10 8 2 10 2 2 2 2
left_child=1 2 3 -1 -4 6 8 -8 11 -10 -11 -3 13 -13
right_child=-2 5 4 -5 -6 -7 7 -9 9 10 -12 12 -14 -15
leaf_value=-0.0013422180649482699 -0.017206124872777697 0.012451223977472446 0.020836598013124197 0.028935238573219189 -0.01075147943191997 0.034261386725009384 0.019863179066787615 -0.022592544407352009 0.0013710966712568147 0.040964141385445942 -0.0038276226440459513 -0.0052487878947270724 -0.018110773061748225 0.030688897643050987
leaf_weight=45.0197758898139 24.007960780058056 68.306275210808963 6.6000581458210936 11.929555163718758 102.93176190229133 8.6370805255137366 2.1793799400329563 12.98358200956136 15.667370101436971 18.9255655114539 5.5906727788969866 17.357643938157711 27.842991401907057 10.840288965962825
leaf_count=1315 1255 864 62 193 3566 96 19 539 313 307 111 202 483 137
internal_value=0.00224852 0.0037857 -0.00289243 0.00682369 -0.00802153 0.00961118 0.00753091 -0.0130779 0.00975989 0.0214213 0.0318317 0.00530905 -0.00370311 0.0111082
internal_weight=378.82 354.812 166.481 56.9493 109.532 188.331 179.694 15.163 164.531 40.1836 24.5162 124.347 56.0409 28.1979
internal_count=9462 8207 5136 1508 3628 3071 2975 558 2417 731 418 1686 822 339
is_linear=0
shrinkage=0.035


Tree=105
num_leaves=15
num_cat=0
split_feature=87 83 50 118 116 65 46 118 49 99 9 94 47 26
split_gain=9.89307 10.2994 8.71058 8.75325 10.0599 9.46256 8.22067 8.66657 7.18097 8.44442 7.11161 5.93563 5.77075 8.00201
threshold=1.5000000000000002 1321.5000000000002 0.073350071736011491 0.67156862745098056 0.38379705400982006 1.720779220779221 0.099180327868852475 0.9536672629695887 0.063301282051282062 0.46770833333333339 2.5000000000000004 27420.750000000004 0.060475444096133764 8.5000000000000018
decision_type=8 10 2 2 2 8 2 2 2 2 2 2 2 2
left_child=11 2 3 5 12 -2 8 -8 9 -6 -7 -1 -5 -14
right_child=1 -3 -4 4 6 10 7 -9 -10 -11 -12 -13 13 -15
leaf_value=-0.0080760932451241028 -0.0072108020934781121 -0.018180094519517413 -0.008245513435721552 -0.015033944093252146 0.012819902553410945 0.0034771843524304936 0.032285250578643017 -0.0055291301412373909 0.028999735623265566 -0.0075907019447207973 0.040330470318267149 0.033843638709321888 -0.013664698000101248 0.026601852958786563
leaf_weight=3.3479249803349367 10.266765299253164 33.135672742966563 85.586452249437571 49.237385621294379 32.000409660860896 10.657708089798691 20.156644413247708 8.6930477889254671 5.8342990204691878 70.587921351194382 16.214050695300102 11.193316530436276 7.5785590847954136 7.1961016086861491
leaf_count=36 305 2844 2174 1411 289 316 195 114 58 976 234 130 182 195
internal_value=0.000341698 -0.000971736 0.00103766 0.00447095 0.00139807 0.0189834 0.00668609 0.0217573 0.00189352 -0.000924113 0.0285525 0.0245953 -0.00960477 0.00771476
internal_weight=371.686 357.145 324.009 238.423 201.284 37.1385 137.272 28.8497 108.423 102.588 26.8718 14.5412 64.012 14.7747
internal_count=9459 9293 6449 4275 3420 855 1632 309 1323 1265 550 166 1788 377
is_linear=0
shrinkage=0.035


Tree=106
num_leaves=15
num_cat=0
split_feature=10 11 110 98 101 0 110 91 54 55 110 72 97 0
split_gain=8.87175 9.89938 7.73065 7.20982 9.9448 8.8569 8.76852 6.81866 6.46899 6.92566 6.38259 6.50197 6.12608 5.71615
threshold=3.5000000000000004 2.5000000000000004 260.25000000000006 1.5577777777777781 0.11324786324786326 4.0473495370370385 26.750000000000004 1566.1057405313429 0.29705882352941182 0.63438086303939978 86.250000000000014 6.5000000000000009 2.3135325905905941 0.79153356481481485
decision_type=2 2 10 2 2 2 10 10 10 10 10 8 2 2
left_child=1 -1 3 4 -3 -5 7 -6 9 -7 11 -11 -4 -9
right_child=-2 2 12 5 6 8 -8 13 -10 10 -12 -13 -14 -15
leaf_value=-0.010821156437815371 -0.017893857987225502 0.0090215472918087139 0.001774517498204405 0.026718882084249693 -0.016140405309845385 -0.0038173901744835703 -0.01407484611969236 -0.012039179343128226 -0.015393801889676329 -0.0036793592440189518 -0.0079664884607951354 0.040078903784656505 0.037800643087692036 0.018154367972105512
leaf_weight=52.717854877002537 23.219508667476475 75.45151020726189 10.218792465049775 25.807612393051386 9.5269506126642209 23.216780364047736 71.6776033770293 6.1360692251473656 12.60994608607143 4.4586963923648062 4.8007826651446512 12.094790284521876 10.07375782728195 28.978918076027185
leaf_count=2187 1254 1216 226 425 94 619 2022 46 449 86 167 281 76 250
internal_value=0.00100742 0.00250513 0.00502682 0.00325817 -0.000534136 0.0115538 -0.00684885 0.00500234 0.00311128 0.00937132 0.0217142 0.0301732 0.023596 0.0120353
internal_weight=370.99 347.77 295.052 274.76 191.771 82.9886 116.32 44.6419 57.181 44.571 21.3543 16.5535 20.2926 35.115
internal_count=9398 8144 5957 5655 3628 2027 2412 390 1602 1153 534 367 302 296
is_linear=0
shrinkage=0.035


Tree=107
num_leaves=15
num_cat=0
split_feature=10 87 96 0 46 101 110 110 65 107 96 54 91 91
split_gain=11.1356 9.46113 8.78867 7.40593 7.76761 6.51824 6.6066 5.23092 7.75458 7.2714 6.7094 6.59166 5.69762 9.47857
threshold=3.5000000000000004 1.0000000180025095e-35 3.3229166666666674 3.2949363425925928 0.10956554878048781 0.12660256410256412 191.25000000000003 61.250000000000007 2.2426470588235299 1441.5748728058809 1.1550480769230771 0.37980769230769235 6325.7808562355049 4826.7036100195101
decision_type=2 8 2 2 2 2 10 8 10 10 2 8 10 10
left_child=1 -1 3 4 5 -3 -7 9 -9 -5 11 -10 13 -11
right_child=-2 2 -4 7 -6 6 -8 8 10 12 -12 -13 -14 -15
leaf_value=0.026692110720758739 -0.021220931353985683 0.011726556526309282 0.021636189665426256 -0.0082211186519940797 0.023238155000078711 -0.011923738862240475 0.020469649889990768 -0.019269514179966887 0.028410793966091023 0.0024677097878023717 -0.012591179081421171 -0.011511202255676188 -0.005600756095072947 0.035104340116686457
leaf_weight=12.915857483632861 22.484260078053921 35.125116002280265 17.644961055368185 67.014228897634894 21.050892919301987 42.053885434288532 4.5387596697546533 49.626444221008569 10.354320018552244 31.235816967207938 13.600729259662328 4.2524560270830998 23.68735542614013 12.469952151179312
leaf_count=106 1225 522 188 1446 316 794 56 2442 219 677 563 143 468 245
internal_value=0.00023561 0.00191441 0.000571368 -0.000928176 0.00658912 0.00120767 -0.00709022 -0.00463598 -0.0115545 -0.000358789 0.00287635 0.0168167 0.00748717 0.0144273
internal_weight=368.055 345.571 332.655 315.01 102.769 81.7178 46.5926 212.241 77.8339 134.407 28.2075 14.6068 67.3931 43.7058
internal_count=9410 8185 8079 7891 1688 1372 850 6203 3367 2836 925 362 1390 922
is_linear=0
shrinkage=0.035


Tree=108
num_leaves=15
num_cat=0
split_feature=10 50 69 98 101 10 46 63 118 106 60 50 74 83
split_gain=8.09878 8.49695 7.61909 10.4814 8.64885 7.71114 7.01894 6.90326 6.63035 10.2796 6.37751 6.00344 5.90923 6.90732
threshold=3.5000000000000004 0.20416666666666669 3.2500000000000004 1.0571895424836604 0.62828947368421062 1.5000000000000002 0.14194139194139196 0.63117408906882599 0.67156862745098056 1159.3809523809525 0.84668803418803429 0.068337484433374854 12.750000000000002 1166.5000000000002
decision_type=2 2 8 2 2 2 2 2 2 8 2 2 8 10
left_child=1 2 3 8 6 7 12 -5 9 -1 -7 -9 -4 -14
right_child=-2 -3 4 5 -6 10 -8 11 -10 -11 -12 -13 13 -15
leaf_value=0.033590550310293316 -0.017195109418873443 -0.019717491768628956 0.0024241891409237113 0.0039206540369091658 -0.011998903794145119 -0.016356236527831282 -0.010939697153239003 0.041720857602933543 -0.014032206493690485 -0.012587447235696023 0.0042227613559757786 0.0022477159430307528 0.031076725315315083 -0.008209153380546003
leaf_weight=5.8020963361486766 22.211290386505425 14.818797301035373 17.028719234280288 26.626414365600795 10.937875894829629 16.968286611605436 6.4936821125447741 12.367474752478303 64.582080328837037 8.8867771779187024 110.52550586359575 7.3012720434926441 41.359240288846195 4.1443226342089465
leaf_count=99 1221 605 228 590 314 525 156 206 1523 353 2691 177 582 167
internal_value=0.00122592 0.00262918 0.0039005 0.000838601 0.0129709 0.00561975 0.0174708 0.0170822 -0.00935483 0.00955104 0.000969994 0.0304935 0.0210126 0.0270402
internal_weight=370.054 347.843 333.024 253.06 79.9638 173.789 69.026 46.2952 79.271 14.6889 127.494 19.6687 62.5323 45.5036
internal_count=9437 8216 7611 6164 1447 4189 1133 973 1975 452 3216 383 977 749
is_linear=0
shrinkage=0.035


Tree=109
num_leaves=15
num_cat=0
split_feature=55 54 3 83 130 11 68 20 98 91 100 55 73 29
split_gain=9.86333 7.89786 8.34443 5.35168 5.48778 5.34651 5.33517 5.21412 6.20954 6.10284 6.18674 5.41831 5.17166 4.87143
threshold=0.51492869875222824 0.26969696969696971 15.500000000000002 1321.5000000000002 4.5000000000000009 6.5000000000000009 10.500000000000002 2.5000000000000004 1.4558441558441559 1827.5820565283082 0.077935222672064791 0.84731934731934744 19.500000000000004 9.5000000000000018
decision_type=8 8 2 10 2 2 10 2 2 10 2 10 8 2
left_child=6 2 13 4 12 -4 -1 8 9 -7 -11 -9 -3 -2
right_child=1 3 5 -5 -6 7 -8 11 -10 10 -12 -13 -14 -15
leaf_value=-0.014606352248700428 0.024571886333252208 -0.0087508333821497315 -0.010586502348086673 -0.020954951791346106 0.017734048016373814 -0.016010249256505876 0.013368162147343264 -0.018189383274115158 0.02446794484432854 0.017277300038339157 -0.0043455598945189551 0.01112314554598577 0.0082426708140155985 0.0013659240804492561
leaf_weight=53.310068858787417 41.660558121744543 63.121486525982618 23.112889923620969 12.615566248074172 12.854927653446792 10.288913573138414 5.748263632412999 14.531805261503907 21.922444888856262 34.958181919530034 24.482440542895347 8.5169560178183001 27.774731073528528 15.337289582472293
leaf_count=2062 772 1718 613 1113 97 106 164 372 384 404 354 132 745 366
internal_value=0.00149643 0.00401523 0.00824772 -0.00311833 -8.57767e-05 0.00331671 -0.0110526 0.00644348 0.0101003 0.00424829 0.00872511 -0.00730586 -0.00339918 0.0189413
internal_weight=370.237 311.178 194.811 116.367 103.751 137.814 59.0583 114.701 91.652 69.7295 59.4406 23.0488 90.8962 56.9978
internal_count=9402 7176 3503 3673 2560 2365 2226 1752 1248 864 758 504 2463 1138
is_linear=0
shrinkage=0.035


Tree=110
num_leaves=15
num_cat=0
split_feature=10 54 14 65 0 118 55 45 117 98 98 81 99 1
split_gain=8.50198 9.25359 9.05714 7.47347 6.88693 6.55716 6.25481 6.04513 5.91966 5.5825 5.1382 5.05059 5.40385 4.27656
threshold=3.5000000000000004 0.22474747474747478 3.5000000000000004 5.1756548536209559 2.4328125000000003 0.96996753246753264 0.82247899159663873 0.14729990356798459 0.17028985507246377 0.87867647058823539 0.90238095238095251 273.96594751508638 0.68990384615384626 12.500000000000002
decision_type=2 8 2 10 2 2 10 2 2 2 2 8 2 2
left_child=1 2 7 5 8 6 -4 10 -3 -8 -1 -6 -13 -9
right_child=-2 4 3 -5 11 -7 9 13 -10 -11 -12 12 -14 -15
leaf_value=-0.0094120668961290704 -0.018092367313659125 0.023091056435597543 -0.0069756326306844689 0.021455599075283494 0.010673055227993342 -0.025503867585639276 -0.011773314348409983 0.01189915192450211 -0.0010756358510578131 0.01717383190473094 0.02515873824608298 0.000771813998162962 -0.016617672019038417 -0.013723924528277573
leaf_weight=3.2821988668292752 21.654571507126093 12.775764825288205 50.922282937914133 13.457454006653277 10.757918244227765 8.4751412346959096 6.8142775502055875 13.332260793540629 39.822629215195775 29.536707713734359 50.379663035739213 31.177551692351699 65.249833218287677 9.1448152870871109
leaf_count=51 1218 183 955 150 134 72 65 368 796 372 942 1111 2654 263
internal_value=0.000980027 0.00241797 0.00764736 0.00101824 -0.00369595 -0.00277649 0.000692954 0.0165068 0.00628921 0.01098 0.0224222 -0.00865783 -0.0112343 0.000874037
internal_weight=366.783 345.128 185.345 109.206 159.784 95.7484 87.2733 76.1389 52.5984 36.351 53.6619 107.185 96.4274 22.4771
internal_count=9334 8116 3238 1614 4878 1464 1392 1624 979 437 993 3899 3765 631
is_linear=0
shrinkage=0.035


Tree=111
num_leaves=15
num_cat=0
split_feature=81 50 118 110 110 48 69 74 88 0 99 71 69 26
split_gain=9.08983 7.73443 6.70682 8.67098 8.53982 7.64965 6.41463 5.58685 5.48129 5.45323 6.36017 5.44838 4.92152 7.78904
threshold=420.30579107873831 0.081799933087989302 0.67156862745098056 37.250000000000007 1234.0000000000002 0.059411764705882358 1.7500000000000002 16.250000000000004 1079.5000000000002 68.092841435185207 0.81365740740740755 3.1420894867294531 1.7500000000000002 31.500000000000004
decision_type=10 2 2 10 8 2 8 10 10 2 2 10 8 2
left_child=1 2 4 7 6 8 -1 12 9 10 -5 -3 -4 -14
right_child=-2 11 3 5 -6 -7 -8 -9 -10 -11 -12 -13 13 -15
leaf_value=0.0018061138646248559 -0.017470419682429916 0.0017673705570484749 0.024669144752142831 -0.014221635205508469 -0.0069931504564189366 0.01830912342914498 0.036496864626484674 -0.0086507116697087921 0.019586016136273969 -0.022229944033129497 0.010153559468195452 -0.015933319409299488 0.010958866144245519 -0.014489233483093746
leaf_weight=9.6734777307137865 23.994358203373849 44.719919081777334 21.998119685798883 23.074827685020864 10.0638673864305 9.6966415233910066 19.278584580868483 16.534849565476179 3.0076655074954024 29.178925489075482 19.859407911077142 34.197727259248495 87.214479736983776 13.066023325547574
leaf_count=229 2729 1156 274 541 391 253 288 176 16 936 549 862 874 165
internal_value=0.00138124 0.00293848 0.00581008 0.00327077 0.01834 -0.00535234 0.0268789 0.00854254 -0.00935856 -0.0117574 -0.00306375 -0.00639527 0.011116 0.00711246
internal_weight=365.559 341.565 262.647 223.631 39.0159 84.8175 28.9521 138.813 75.1208 72.1132 42.9342 78.9176 122.279 100.281
internal_count=9439 6710 4692 3784 908 2295 517 1489 2042 2026 1090 2018 1313 1039
is_linear=0
shrinkage=0.035


Tree=112
num_leaves=15
num_cat=0
split_feature=87 87 51 9 57 117 116 74 55 74 116 45 104 76
split_gain=9.35484 9.25168 7.48103 6.35943 7.561 7.17594 8.22904 5.92683 5.69577 6.74606 5.68761 5.37452 6.00119 5.24956
threshold=1.5000000000000002 118.50000000000001 0.028991596638655467 2.5000000000000004 0.42462121212121218 0.11324786324786326 0.33143939393939398 17.250000000000004 0.94301948051948059 12.750000000000002 0.66397849462365599 0.15235814296241715 0.35805860805860812 0.53491293142807994
decision_type=8 8 2 2 8 2 2 10 10 8 2 2 2 8
left_child=-1 10 3 -3 5 -5 -7 -4 11 13 -2 12 -6 -10
right_child=1 2 7 4 8 6 -8 -9 9 -11 -12 -13 -14 -15
leaf_value=0.024400248824194507 -0.024578372705839558 -0.0092571814357182546 -0.014378459969794638 0.027079039426600081 0.02030423951519543 -0.018200143571616857 0.0024504958507748902 0.015985763959234945 -0.013061507556218127 0.028672464700242359 0.0091410613289727577 -0.0093299726771373468 -0.0040402706401092957 0.016585641719363418
leaf_weight=14.145726040005682 23.575856555718932 36.650915315374732 47.882295798044652 5.5170773160643867 25.628527326043695 27.205952547490597 85.405305482447147 5.0030116923153392 9.3827545670792478 32.210109453648329 4.9807717888616017 19.991780555807054 18.466751728206873 10.014867140911518
leaf_count=173 1907 1338 1299 49 415 952 1261 117 126 524 153 587 351 173
internal_value=0.000571805 -0.000714414 0.00108457 0.00347251 0.00561988 -0.000648289 -0.00310017 -0.0103733 0.0117816 0.019928 -0.0182114 0.00425412 0.0107358 0.00250724
internal_weight=366.062 351.916 323.359 270.474 233.823 118.128 112.611 52.8853 115.695 51.6077 28.5566 64.0871 44.0953 19.3976
internal_count=9425 9252 7192 5776 4438 2262 2213 1416 2176 823 2060 1353 766 299
is_linear=0
shrinkage=0.035


Tree=113
num_leaves=15
num_cat=0
split_feature=10 11 82 67 46 117 91 96 21 54 50 76 61 11
split_gain=8.86338 9.7167 8.43521 7.49918 6.78692 7.78065 6.93758 6.14554 6.40139 8.93909 7.33353 7.31287 4.79787 6.57408
threshold=3.5000000000000004 4.5000000000000009 1.0000000180025095e-35 1.5000000000000002 0.12276295133437992 0.12916666666666668 1190.5372999789363 2.8944444444444448 11.500000000000002 0.16954022988505749 0.074350469872857941 0.44782039932319934 0.86319073083778985 9.5000000000000018
decision_type=2 2 8 8 2 2 10 2 2 8 2 8 2 2
left_child=1 2 -1 -4 5 -3 -6 8 9 10 11 -7 -11 -14
right_child=-2 4 3 -5 6 7 -8 -9 -10 12 -12 -13 13 -15
leaf_value=0.03169806362521644 -0.017981549988090074 0.029694046979253381 -0.013890576083546994 0.0028694683970381359 -0.0092747058968345453 0.00036898584883896874 0.030344875067931352 0.018459099947793142 -0.0090153564159346309 0.020560367029126708 -0.0047778208437259254 0.035656913714481576 -0.01072098448764219 0.017791702640871931
leaf_weight=2.5776541717350474 21.47720986045897 9.4383141910657269 68.160145599860698 56.532878401689231 4.3667620723135796 10.367839710321279 20.704065287485719 21.57484145462513 54.331641300115734 4.4758751336485139 12.122080533765255 19.308216345030814 53.018496341537684 7.2647402468137434
leaf_count=16 1239 98 2629 1661 78 162 342 210 829 126 340 299 1275 132
internal_value=0.00157414 0.00303418 -0.00453217 -0.00647429 0.00747451 0.00490613 0.0230493 0.00286613 0.000281797 0.00521385 0.0168943 0.0251593 -0.0029957 -0.00618543
internal_weight=365.721 344.244 127.271 124.693 216.973 191.902 25.0708 182.464 160.889 106.557 41.7981 29.6761 64.7591 60.2832
internal_count=9436 8197 4306 4290 3891 3471 420 3373 3163 2334 801 461 1533 1407
is_linear=0
shrinkage=0.035


Tree=114
num_leaves=15
num_cat=0
split_feature=11 117 66 45 59 117 82 56 98 97 11 3 119 107
split_gain=8.91393 8.37353 9.05226 5.81472 9.35346 5.78625 5.7821 6.75761 5.70706 5.55258 6.12125 7.71959 5.86608 5.00059
threshold=2.5000000000000004 0.11324786324786326 4.2442768773691428 0.075235849056603785 0.6906926406926408 0.66018867924528313 1.0000000180025095e-35 0.20611577964519143 0.93541666666666679 11.144792048938212 9.5000000000000018 31.500000000000004 0.92237762824939029 2830.8051168829302
decision_type=2 2 8 2 2 2 8 10 2 2 2 2 10 10
left_child=-1 13 3 4 9 -4 -5 -8 -6 10 12 -12 -3 -2
right_child=1 2 5 6 8 -7 7 -9 -10 -11 11 -13 -14 -15
leaf_value=-0.011843219609651236 0.030280471603885473 0.017016419850268451 -0.0031447298338101383 0.020178864442452631 -0.0080966684943671475 0.020760080129360505 0.0085497142595330287 -0.01148232192120432 0.025715678116381129 -0.02276356109350541 0.031458375982732587 -0.0042962802658974434 -0.01161299639333209 -0.0052150454889078011
leaf_weight=51.867242791689932 15.399659958668055 6.4569911803118876 15.91830594697967 4.871881660539656 5.1680055004544583 37.009350499603897 21.434306028764695 107.01106804935262 24.734369339887053 8.5089098201133293 10.336942941416057 12.264142610598354 36.157419776543975 4.6631886786781243
leaf_count=2246 180 133 582 39 105 453 384 3517 422 90 144 147 867 74
internal_value=0.00092509 0.00321596 0.00151082 -0.00149141 0.00460385 0.0139197 -0.00622437 -0.00794438 0.0195492 -0.00231454 0.0017845 0.014793 -0.00594366 0.0226358
internal_weight=361.802 309.935 289.872 236.944 103.627 52.9277 133.317 128.445 29.9024 73.7244 65.2155 22.6011 42.6144 20.0628
internal_count=9383 7137 6883 5848 1908 1035 3940 3901 527 1381 1291 291 1000 254
is_linear=0
shrinkage=0.035


Tree=115
num_leaves=15
num_cat=0
split_feature=88 83 0 56 63 116 115 50 41 9 0 57 99 57
split_gain=8.32835 10.8267 7.61541 7.14564 6.45102 5.82311 8.61788 5.53402 5.26687 10.7529 5.20931 5.15689 4.99583 4.69847
threshold=1079.5000000000002 1341.5000000000002 4.7096238425925927 0.20864427860696519 0.47646733111849399 0.10620300751879701 0.060915275200989494 0.10275263951734541 6.5000000000000009 8.5000000000000018 132.59153356481485 0.42462121212121218 0.45993589743589752 0.36451048951048953
decision_type=10 10 2 8 2 2 2 2 8 2 2 8 2 10
left_child=1 2 5 4 -4 -1 -7 11 9 -5 12 13 -10 -8
right_child=-2 -3 3 8 -6 6 7 -9 10 -11 -12 -13 -14 -15
leaf_value=0.024499799901171949 0.026121350650434041 -0.018238114618571225 -0.016464214115190091 -0.0054146495516272904 0.017310862085518668 -0.012812839809284786 0.0091198679563382155 -0.01205083336634194 0.0042630704402296824 0.022715621403738003 0.0050341243552005392 0.021586876441491955 -0.023228660718528384 -0.016840600382843032
leaf_weight=18.385914436541498 10.422577727586029 31.461608700919896 4.4713101917877784 91.401775385253131 29.319311283528805 21.940901546739042 29.745619164779782 8.3945468189194781 8.2638424532487971 15.123532322235404 12.700840624049304 36.54702337551862 37.898682977072895 6.429787900298833
leaf_count=291 62 2914 45 2660 351 352 356 166 115 316 325 362 1027 81
internal_value=0.000946768 -0.000153785 0.00187357 -0.00233878 0.0112955 0.0086015 0.00476279 0.00998463 -0.00537412 -0.000581602 -0.0133226 0.0131399 -0.0183715 0.003021
internal_weight=362.507 352.085 320.623 199.179 33.7906 121.444 103.058 81.117 165.389 106.525 58.8634 72.7224 46.1625 36.1754
internal_count=9423 9361 6447 4839 396 1608 1317 965 4443 2976 1467 799 1142 437
is_linear=0
shrinkage=0.035


Tree=116
num_leaves=15
num_cat=0
split_feature=87 96 117 68 57 110 11 98 106 30 95 76 45 106
split_gain=8.07851 7.03108 6.94018 10.6691 6.97606 8.02338 7.80585 7.52493 7.07587 5.20084 7.86453 7.68007 5.56969 6.91062
threshold=1.5000000000000002 3.60952380952381 0.11324786324786326 4.5000000000000009 0.4555335968379447 58.250000000000007 3.5000000000000004 1.0571895424836604 621.25739130434795 1.0000000180025095e-35 9875.5000000000018 0.50508743797847233 0.073350071736011491 1028.8888888888891
decision_type=8 2 2 10 10 10 2 2 10 2 2 8 2 10
left_child=-1 2 3 -2 5 7 -6 -4 -9 11 -11 -8 -13 -14
right_child=1 -3 4 -5 6 -7 9 8 -10 10 -12 12 13 -15
leaf_value=0.022287957495753383 -0.0014027470222286868 0.021345642932788608 -0.017476706813185756 0.035221348758974994 -0.0098201532204435955 -0.021932783075280089 -0.00012962502141635916 -0.0062209271585412854 0.011934106650514122 -0.026090243570171083 0.016450050984008556 0.036731224080922976 -0.0055024262514440907 0.029295923583241616
leaf_weight=13.661389901768414 28.456981735769659 11.019268713891504 33.625752777326852 9.5386173464357835 40.227244444657117 37.844000652432442 35.385989066679031 64.989337016828358 37.141517650336027 7.8164730225689691 4.7426921622827649 13.482886462472377 15.52858343999833 6.1194182066246858
leaf_count=170 832 144 561 85 1662 1988 650 1342 974 174 91 212 336 172
internal_value=-0.000153622 -0.00134485 -0.00239445 0.0108183 -0.00423648 -0.008663 0.0020904 -0.00431616 0.000630283 0.00808782 -0.00991602 0.0117386 0.0222197 0.00798546
internal_weight=359.58 345.919 334.899 37.9956 296.904 173.601 123.303 135.757 102.131 83.076 12.5592 70.5169 35.1309 21.648
internal_count=9393 9223 9079 917 8162 4865 3297 2877 2316 1635 265 1370 720 508
is_linear=0
shrinkage=0.035


Tree=117
num_leaves=15
num_cat=1
split_feature=87 50 118 65 110 110 131 69 93 60 93 47 56 94
split_gain=9.09852 8.50174 7.5692 10.1213 9.29128 8.5573 7.6574 7.013 6.79093 6.05693 5.74837 5.12242 5.08559 4.9972
threshold=1.5000000000000002 0.10050505050505053 0.70135135135135152 1.8603896103896107 1098.5000000000002 59.750000000000007 0 1.7500000000000002 51405.000000000007 0.98019607843137269 13580.500000000002 0.055250305250305255 0.65030120481927722 6432.5000000000009
decision_type=8 2 2 8 8 10 1 10 2 2 2 2 10 2
left_child=-1 2 3 -2 -5 6 7 11 13 12 -3 -4 -10 -8
right_child=1 10 5 4 -6 -7 8 -9 9 -11 -12 -13 -14 -15
leaf_value=0.024440148586069618 -0.0084027215717107917 0.017709856253512197 0.0048603676913186256 0.033556734654255349 -0.0059667042280413859 -0.013212591512670006 0.013778505598432552 0.0043244314527686612 0.014001548156168695 -0.010123540918984243 -0.014627005814283512 0.041020136983960696 -0.0089890700412704975 -0.014992731583378582
leaf_weight=14.290510186459867 13.863511305768041 3.3160882187075904 9.2157227545976657 24.119458374101669 7.9237580602057269 45.157008552923799 4.605500074569135 43.354026251472533 50.629782123491168 22.592522983439267 57.272167226765305 10.261294056661425 11.246824705041943 47.862913626246154
leaf_count=173 556 95 191 490 319 2049 76 611 920 511 2138 112 347 906
internal_value=0.00103652 -0.000244691 0.00228631 0.0145666 0.0242971 -0.000260763 0.00291809 0.0116177 -0.00201849 0.00395137 -0.011642 0.0283986 0.00946309 -0.0114882
internal_weight=365.711 351.421 290.832 45.9067 32.0432 244.926 199.769 62.831 136.938 84.4691 60.5883 19.477 61.8766 52.4684
internal_count=9494 9321 7088 1365 809 5723 3674 914 2760 1778 2233 303 1267 982
cat_boundaries=0 1
cat_threshold=33
is_linear=0
shrinkage=0.035


Tree=118
num_leaves=15
num_cat=0
split_feature=96 87 86 57 106 60 110 119 101 110 107 110 94 109
split_gain=7.22679 6.70273 6.4311 5.9212 6.73888 6.79833 6.2697 5.78149 5.6772 5.3174 6.86356 8.86774 5.30989 4.75059
threshold=3.60952380952381 1.5000000000000002 303.99371850685986 0.42462121212121218 157.31547619047623 0.91977011494252892 1098.5000000000002 2.0020850452973211 0.44222222222222224 195.25000000000003 1846.4116826416596 58.250000000000007 34302.750000000007 73.500000000000014
decision_type=2 8 10 8 10 2 10 10 2 10 10 10 2 8
left_child=1 -1 3 9 13 8 7 -7 12 10 -3 -12 -6 -5
right_child=-2 2 -4 4 5 6 -8 -9 -10 -11 11 -13 -14 -15
leaf_value=0.019248968176597256 0.022373199739193387 -0.01357236795079805 -0.019413226292401272 0.0056797592999103443 -0.013312802138661348 0.028839739045752471 -0.012850599654526656 0.0072725693048162378 -0.019985601115228339 0.016326670881505589 0.010798727405425987 -0.016816647583035832 0.013167923041589435 -0.014631215797112915
leaf_weight=13.559627991169689 11.603191982954739 85.990512855816633 20.106365721207112 20.062303512357175 9.0685945698060078 26.995244599413127 5.7458229241892687 38.028710910119116 10.840923490468411 7.6149926371872416 38.734846633393317 16.175011365674436 23.653949641156942 30.020352148916572
leaf_count=168 147 1855 1611 383 168 640 214 639 404 120 788 770 509 1014
internal_value=-0.000194168 -0.00125709 -0.00236436 -0.000980862 0.00354725 0.00813691 0.0144856 0.0176463 -0.00260628 -0.00594604 -0.00766803 0.00193938 0.00503732 -0.00671795
internal_weight=358.2 346.597 333.038 312.931 164.416 114.333 70.7698 65.024 43.5635 148.515 140.9 54.9099 32.7225 50.0827
internal_count=9430 9283 9115 7504 3971 2574 1493 1279 1081 3533 3413 1558 677 1397
is_linear=0
shrinkage=0.035


Tree=119
num_leaves=15
num_cat=0
split_feature=87 45 56 81 82 118 50 63 29 8 109 123 114 11
split_gain=9.02898 9.31103 6.98917 9.16533 6.7793 6.1766 5.23633 4.96503 6.58173 5.4604 5.23693 5.13877 4.20993 4.0275
threshold=1.5000000000000002 0.07634032634032635 0.20864427860696519 243.08262478922265 8.5000000000000018 0.84045454545454557 0.18019480519480521 0.39642857142857152 17.500000000000004 1.5000000000000002 7122.5000000000009 1.0000000180025095e-35 0.14946808510638301 14.500000000000002
decision_type=8 2 8 8 10 2 2 2 2 2 10 2 2 2
left_child=-1 4 5 -4 6 -3 7 -2 9 10 12 -10 -9 -5
right_child=1 2 3 13 -6 -7 -8 8 11 -11 -12 -13 -14 -15
leaf_value=0.024555254594639708 -0.0081094070519529896 0.026724100955853664 0.019591664367859789 -0.012431000786732795 -0.0089699574962393454 -0.0035382477648380223 -0.012486308387917618 0.029104137636326809 -0.015509781332620804 -0.0098708815282416533 0.0049356016102302426 0.0117474927801797 0.0035263817554117929 0.0085469892525308188
leaf_weight=13.498010501265524 12.129698042292146 9.1595645402558166 8.536631955765186 138.67499922448769 28.452425261493772 17.453063503839076 9.0045115067623538 46.848163716029376 12.731514075770976 5.566140334121882 25.611568117979914 11.39607644965872 11.068998368456958 8.7269757073372585
leaf_count=164 345 180 66 4823 1219 273 298 811 168 63 399 156 169 314
internal_value=0.000730764 -0.000537529 -0.00588926 -0.00872068 0.00545983 0.00945689 0.00872779 0.0106722 0.0129421 0.0171364 0.019392 -0.0028289 0.0248845 -0.0109493
internal_weight=358.858 345.36 182.551 155.939 162.809 26.6126 134.357 125.352 113.222 89.0949 83.5287 24.1276 57.9172 147.402
internal_count=9448 9284 5656 5203 3628 453 2409 2111 1766 1442 1379 324 980 5137
is_linear=0
shrinkage=0.035


Tree=120
num_leaves=15
num_cat=1
split_feature=81 133 8 66 50 54 60 44 109 47 47 126 64 98
split_gain=8.46042 6.09486 8.99625 6.99378 9.21585 10.2099 6.79046 8.92407 6.80209 5.01202 4.93262 5.37889 4.5165 4.25337
threshold=434.32254476783305 0 1.5000000000000002 1.3792679969468657 0.073350071736011491 0.16954022988505749 0.90661337209302328 0.53889369057908387 161.50000000000003 0.073801742919389998 0.040956108470785575 1.5000000000000002 0.87627551020408168 1.1644144144144146
decision_type=10 1 2 8 2 8 2 2 10 2 2 2 2 2
left_child=1 2 6 4 5 -3 7 -1 13 -7 11 -10 -2 -8
right_child=12 3 -4 -5 -6 9 8 -9 10 -11 -12 -13 -14 -15
leaf_value=-0.008190734519099142 0.01139970135172268 0.033277236462997836 -0.011077927277827873 -0.0065956492620710995 -0.010746742218807462 -0.0088744258572312305 -0.018192771649863895 0.026930495173784933 0.027117914831269112 0.018079862469800471 0.0007030368627175662 -0.0018507315912099308 -0.023301916420340921 0.012264446909535088
leaf_weight=35.15431518573314 2.5198143953457501 17.394403452984989 21.864600331522524 111.3736092671752 19.472796496935189 18.379415097646419 7.5096109630539996 6.37407537177205 58.560779966413975 8.249404648318885 14.017382568214087 8.2577618416398746 18.307913986966014 5.6044250959530473
leaf_count=581 327 304 295 2645 681 593 212 78 741 137 222 110 2365 78
internal_value=0.00163135 0.00308851 0.00797543 -0.00140808 0.00750831 0.0158556 0.0113353 -0.000485378 0.0163208 0.0010139 0.0199505 0.0236582 -0.0177095 -0.00538406
internal_weight=353.04 332.213 157.343 174.87 63.496 44.0232 135.478 41.5284 93.95 26.6288 80.8359 66.8185 20.8277 13.114
internal_count=9369 6677 2317 4360 1715 1034 2022 659 1363 730 1073 851 2692 290
cat_boundaries=0 1
cat_threshold=2
is_linear=0
shrinkage=0.035


Tree=121
num_leaves=15
num_cat=0
split_feature=69 55 98 110 27 43 114 96 56 47 45 110 46 30
split_gain=8.52532 5.36569 11.1203 5.70424 7.09438 5.74248 5.57016 6.9724 5.8357 5.07083 8.48413 5.44016 5.96982 4.89554
threshold=2.7500000000000004 0.83527131782945752 1.3021739130434786 85.250000000000014 12.500000000000002 0.47114317425083246 0.10063291139240509 1.6631205673758866 0.20864427860696519 0.040956108470785575 0.20483682983682985 45.750000000000007 0.099180327868852475 6.5000000000000009
decision_type=8 10 2 10 2 2 2 2 10 2 2 10 2 2
left_child=1 6 -3 4 5 -4 7 8 -1 10 13 12 -11 -2
right_child=9 2 3 -5 -6 -7 -8 -9 -10 11 -12 -13 -14 -15
leaf_value=0.011889831001303858 0.016685081954721716 -0.0078225161377467635 0.038011445069480385 -0.0048201900868048249 -0.0082043411062261221 -0.0066215166653521137 -0.019453034966787155 0.010935129182076977 -0.013737275973766547 -0.02114671678635778 -0.012614379163825932 0.012799716451792353 0.013873474244679869 -0.0053642289240349965
leaf_weight=9.2393465102650207 83.792999980971217 50.021690296009183 17.274738967418678 9.4081063689663988 4.623145524878054 2.6088902754709116 36.336413742974401 24.309044079389423 55.438659644685686 18.830140506848696 13.444681417196987 10.048204598482696 4.1162651288323095 11.909090511035172
leaf_count=229 1470 1392 373 367 110 83 1269 446 2373 314 473 296 50 150
internal_value=0.000129706 -0.00432688 0.0024456 0.0166494 0.0243117 0.0320015 -0.00878261 -0.00362242 -0.00948591 0.00661475 0.0101461 -0.00486496 -0.0135064 0.0138112
internal_weight=351.401 209.26 83.9366 33.9149 24.5068 19.8836 125.323 88.9871 64.678 142.141 109.147 32.9946 22.9464 95.7021
internal_count=9395 6642 2325 933 566 456 4317 3048 2602 2753 2093 660 364 1620
is_linear=0
shrinkage=0.035


Tree=122
num_leaves=15
num_cat=0
split_feature=88 86 110 118 110 119 107 70 55 59 109 110 64 98
split_gain=7.54724 9.55967 6.17903 11.7852 6.92705 9.69203 8.00471 7.36633 7.005 6.84364 6.81257 6.73229 6.69756 6.65102
threshold=1079.5000000000002 287.39754870672448 1234.0000000000002 0.48333333333333339 82.250000000000014 0.8704386226815618 1441.5748728058809 14.509259259259261 0.81698564593301448 0.85449735449735453 281.50000000000006 20.250000000000004 0.89009661835748799 1.3779761904761907
decision_type=10 10 8 2 10 10 10 8 10 2 10 10 2 2
left_child=1 2 3 -1 6 10 8 9 12 11 -6 -8 -5 -10
right_child=-2 -3 -4 4 5 -7 7 -9 13 -11 -12 -13 -14 -15
leaf_value=0.029399994920377745 0.024121583294845102 -0.01927502182500997 -0.019817072037359221 -0.014903081043588985 -0.0093412590342440097 -0.019349359670741143 0.016458101082889611 0.021316975740946164 -0.0022484098533915695 0.031234829411212337 0.030611196768806002 -0.0055589221738855665 0.014587060467220492 0.021159312505728684
leaf_weight=13.470893437042831 10.875814139842985 25.527706847991794 11.333148388657717 57.244851167779416 6.780443702824412 36.383771273307502 17.590844188816845 36.585928600747138 45.943943484220654 4.5117607419379047 5.6915112333372235 63.90747850947082 7.0093995979987076 16.430471324827522
leaf_count=136 66 2084 495 1152 267 1473 168 734 723 81 69 1525 178 315
internal_value=0.000519291 -0.000548307 0.00120361 0.0022692 0.000578311 -0.0108348 0.00298472 0.00918787 -0.00314177 0.00314085 0.0124334 -0.000130048 -0.0108652 0.00503027
internal_weight=359.288 348.412 322.884 311.551 298.08 48.8557 249.225 122.596 126.629 86.0101 12.472 81.4983 64.2543 62.3744
internal_count=9466 9400 7316 6821 6685 1809 4876 2508 2368 1774 336 1693 1330 1038
is_linear=0
shrinkage=0.035


Tree=123
num_leaves=15
num_cat=0
split_feature=88 83 96 117 97 110 106 118 119 54 71 55 46 47
split_gain=8.73199 8.07427 5.85539 6.23302 10.6634 8.99662 9.04732 6.55371 6.0588 9.24108 7.77934 6.19601 5.58042 4.87544
threshold=1079.5000000000002 1341.5000000000002 3.8166666666666669 0.17028985507246377 2.9784571001579669 95.250000000000014 621.25739130434795 0.16025641025641027 1.6894052814176788 0.15894736842105264 3.5370637780952836 0.77525466893039063 0.048583792289535806 0.14854215918045707
decision_type=10 10 2 2 2 10 10 2 10 8 10 10 2 2
left_child=1 2 3 4 7 6 13 -1 10 12 -8 -11 -10 -5
right_child=-2 -3 -4 5 -6 -7 8 -9 9 11 -12 -13 -14 -15
leaf_value=0.015816832291798935 0.027888933192703975 -0.01635965934671324 0.022666197084959757 -0.0064249481604432782 0.032671005884134012 -0.020069119864105315 0.045044354290665292 -0.013678153054511664 0.00072994065888677294 -0.016162661732088975 -0.0092499851777948193 0.006544882748886172 0.028616347147643478 0.015955325972468244
leaf_weight=11.103770820423962 9.116485267877577 29.185034935828298 10.299986183643339 139.36960784159601 13.766405151225625 23.822250905446708 5.7368333525955659 16.659229679964483 14.387357823550699 22.813292879611254 2.5412553353235126 27.045143699273467 18.733913575299084 8.2507063727825862
leaf_count=300 58 2876 136 2387 152 1013 123 397 337 591 62 487 349 118
internal_value=0.000909973 -0.000195222 0.00153719 0.000466922 0.0122841 -0.00159575 0.000620202 -0.00126813 0.00901123 0.00515487 0.0311699 -0.00437134 0.0181875 -0.00469235
internal_weight=352.831 343.715 314.53 304.23 41.5294 262.7 238.878 27.763 91.2578 82.9797 8.27809 49.8584 33.1213 147.62
internal_count=9386 9328 6452 6316 849 5467 4454 697 1949 1764 185 1078 686 2505
is_linear=0
shrinkage=0.035


Tree=124
num_leaves=15
num_cat=0
split_feature=50 65 76 9 117 110 14 114 92 110 110 65 68 44
split_gain=9.26982 6.59635 5.97271 8.09332 7.99251 6.37269 7.82401 7.29203 6.84816 6.65908 7.22609 6.01649 5.05688 4.54188
threshold=0.079595736122284808 2.5590277777777781 0.51998804968410772 17.500000000000004 0.16002844950213374 61.250000000000007 3.5000000000000004 0.094987468671679218 77862.500000000015 270.75000000000006 1098.5000000000002 3.5638586956521743 6.5000000000000009 0.35653753026634388
decision_type=2 10 8 2 2 8 2 2 2 10 10 10 10 2
left_child=2 -2 3 4 -1 6 7 8 12 -7 -11 -8 -4 -3
right_child=1 13 5 -5 -6 9 11 -9 -10 10 -12 -13 -14 -15
leaf_value=0.017275018888643256 -0.016748975773789608 -0.0085989613360440004 0.041208947585152179 0.01372141352985643 -0.010560234838690369 -0.0099212869184192014 -0.0087201080584356806 0.0037506039077127183 -0.0045086017379594098 0.027640338208828139 -0.011485460684304196 0.01457225207649602 -0.0036005941523351544 0.013604177873265911
leaf_weight=10.156433299183844 49.349222666583955 18.50852577527985 24.952959175221626 26.166446529328823 82.507226287387311 34.2369454507716 24.152799505274743 19.23600046383217 4.5118435523472717 10.524389158468695 5.6964751882478586 20.607213846873492 2.5887288516387335 16.895685265306383
leaf_count=160 2129 515 552 439 1884 1565 545 464 111 121 214 261 50 358
internal_value=0.000680763 -0.00907564 0.00390735 -0.0018947 -0.00678112 0.00852054 0.0135969 0.0222958 0.0314173 -0.00149727 0.0144313 0.00239026 0.0370911 0.00236916
internal_weight=350.091 84.7534 265.337 118.83 92.6637 146.507 96.0495 51.2895 32.0535 50.4578 16.2209 44.76 27.5417 35.4042
internal_count=9368 3002 6366 2483 2044 3883 1983 1177 713 1900 335 806 602 873
is_linear=0
shrinkage=0.035


Tree=125
num_leaves=15
num_cat=0
split_feature=87 86 117 106 116 48 54 94 46 47 93 69 94 100
split_gain=9.50019 7.66937 7.05972 8.94912 8.02618 8.00543 6.51099 5.00791 4.66208 8.30969 8.17227 7.44551 7.28851 6.03025
threshold=1.5000000000000002 303.99371850685986 0.12916666666666668 1181.822510822511 0.90521114106019784 0.11715686274509805 0.31009615384615391 27420.750000000004 0.059850746268656725 0.049590163934426237 77199.500000000015 2.2500000000000004 81082.000000000015 0.077935222672064791
decision_type=8 10 2 8 2 2 8 2 2 2 2 10 2 2
left_child=7 2 3 -2 5 8 -7 -1 13 11 -11 12 -10 -4
right_child=1 -3 4 -5 -6 6 -8 -9 9 10 -12 -13 -14 -15
leaf_value=-0.0061833798798291428 0.027206066178940044 -0.019591558658087406 -0.0013549702472956898 -0.0048705604148459305 0.018465683335385032 0.035785632586952068 -0.010010587626325498 0.034338222777255289 -0.018079477460862765 0.026351214085612636 -0.0092733374884076888 0.0076339278750235887 0.0202483425256012 -0.015170797041240705
leaf_weight=3.1856216709129503 20.822596552781761 18.903232079464942 83.709109865128994 15.909103237092493 18.853146879933774 6.4271843777969453 3.0334944357164213 9.964207489974795 39.217946242075413 20.375898929312829 8.4208002788946015 31.047464188188314 2.8257044046185902 68.758031738922
leaf_count=38 354 1610 2295 490 275 101 111 131 1138 373 219 480 80 1702
internal_value=0.000852458 -0.000464219 0.000952322 0.0143941 -0.00101422 -0.00272389 0.0227174 0.0255225 -0.00408989 0.00166936 0.0161031 -0.00468422 -0.0136252 -0.00786936
internal_weight=351.454 338.304 319.4 36.7317 282.669 263.816 9.46068 13.1498 254.355 101.888 28.7967 73.0911 42.0437 152.467
internal_count=9397 9228 7618 844 6774 6499 212 169 6287 2290 592 1698 1218 3997
is_linear=0
shrinkage=0.035


Tree=126
num_leaves=15
num_cat=0
split_feature=96 88 20 32 98 118 104 54 98 80 56 100 55 65
split_gain=7.28982 5.47845 6.04051 7.54249 8.62037 6.78034 6.82355 6.61207 6.4031 6.24046 5.88421 5.67713 5.63036 5.56588
threshold=3.60952380952381 1079.5000000000002 1.5000000000000002 4.5000000000000009 1.3021739130434786 0.88047619047619052 0.19399641577060936 0.15504807692307696 0.89039039039039047 651.86458333333337 0.18237250554323728 0.36939571150097467 0.83130081300813019 1.2928571428571431
decision_type=2 10 2 2 2 2 2 8 2 8 10 2 10 10
left_child=1 2 3 5 12 6 8 -8 -1 -7 -4 13 -5 -10
right_child=-2 -3 10 4 -6 9 7 -9 11 -11 -12 -13 -14 -15
leaf_value=-0.012329827172359758 0.024017413878959365 0.0209229189527145 0.011750333590089448 -0.017800503030844628 0.022475075009390916 0.013971932690960009 0.015383658199221098 -0.010504460424682265 -0.00021626391090360161 -0.011206950610097237 -0.013482443700354273 -0.0090732437614740834 0.010672182337217428 0.029767643293964932
leaf_weight=6.5819465653039506 11.241458928212522 9.6986664757132512 9.610727936960755 11.45882411673665 33.742918850388378 9.5493692005984467 11.51220861263573 41.703984314575791 9.8230088148266059 86.655480654444546 61.943470282014459 5.4110350725240997 12.886656427290291 27.238072237465531
leaf_count=220 149 59 165 270 647 121 320 1470 383 2142 2255 197 223 709
internal_value=0.0011131 1.17426e-05 -0.00091113 0.00163389 0.0121839 -0.00167734 0.0044989 -0.00406385 0.0133048 -0.00814087 -0.00954723 0.0181577 -0.00347875 0.0227394
internal_weight=349.058 337.816 328.118 256.564 58.0884 198.475 102.27 53.2162 49.0541 96.2048 71.5542 42.4721 24.3455 37.0611
internal_count=9330 9181 9122 6702 1140 5562 3299 1790 1509 2263 2420 1289 493 1092
is_linear=0
shrinkage=0.035


Tree=127
num_leaves=15
num_cat=0
split_feature=87 83 51 103 55 54 74 118 97 0 107 101 0 93
split_gain=9.19198 6.82847 6.86528 5.16311 5.34418 7.39294 7.71552 6.07476 5.73414 5.16556 5.08846 5.82312 6.45952 4.90383
threshold=1.5000000000000002 1384.5000000000002 0.015038444142921758 0.62231063955201893 0.92450142450142458 0.22474747474747478 12.750000000000002 0.68237250554323736 1.7983802258258772 2.321064814814815 2664.0735985102697 0.11324786324786326 64.677031250000013 81959.000000000015
decision_type=8 10 2 2 8 8 8 2 2 2 8 2 2 2
left_child=-1 2 3 4 10 6 -6 8 -7 -5 11 12 -2 -12
right_child=1 -3 -4 9 5 7 -8 -9 -10 -11 13 -13 -14 -15
leaf_value=0.026426299648480651 0.015043904404116334 -0.014877350716327148 -0.007461507938550006 0.028939366327511498 -0.0053797996142461385 -0.004688361131406059 0.030323793016642276 -0.0075717860290110354 0.030737857347163427 0.0044389435077794763 -0.00042306038045091269 -0.010796258194332628 -0.012590793609336039 0.030924500839852771
leaf_weight=13.336218524724243 24.545209770090878 25.486457095947117 62.917059897445142 15.44962174259126 8.2753633139655012 7.9845060938969237 22.887466913089156 34.217564996797591 7.647448381409049 26.354838910512626 14.684554053470494 68.834613128099591 11.428539794869719 5.3138060048222533
leaf_count=168 332 2742 1536 171 85 340 245 833 130 519 403 1530 245 126
internal_value=0.00229001 0.000958688 0.00247352 0.00509557 0.00263865 0.00936107 0.0214097 0.00056395 0.0158918 0.0156178 -0.00191738 -0.00509534 0.00579949 0.0124257
internal_weight=349.363 336.027 310.541 247.624 205.819 81.0123 31.1628 49.8495 15.632 41.8045 124.807 104.808 35.9737 19.9984
internal_count=9405 9237 6495 4959 4269 1633 330 1303 470 690 2636 2107 577 529
is_linear=0
shrinkage=0.035


Tree=128
num_leaves=15
num_cat=0
split_feature=10 54 119 92 11 98 109 32 0 20 54 101 21 72
split_gain=7.32068 6.81353 6.68202 8.27341 6.38561 6.60085 5.36315 6.72277 5.25789 4.79022 4.75644 7.11144 5.78399 5.31066
threshold=3.5000000000000004 0.096006144393241177 0.77303240518350214 58644.500000000007 5.5000000000000009 0.87068004459308812 281.50000000000006 4.5000000000000009 1.0201388888888892 2.5000000000000004 0.2752525252525253 0.35147058823529415 10.500000000000002 11.500000000000002
decision_type=2 8 8 2 2 2 10 2 2 2 8 2 2 8
left_child=1 -1 6 4 8 -6 7 -3 -4 -7 11 12 -5 -12
right_child=-2 2 3 10 5 9 -8 -9 -10 -11 13 -13 -14 -15
leaf_value=0.015723355311614621 -0.018144116145091808 -0.0064233828175462009 0.0041955715296059411 0.026065243713343327 -0.022149761274208504 0.0061608366645711727 0.028100600464182276 0.023353740759602837 -0.019683611897837388 -0.016247002511286038 -0.014371518993777145 -0.0085625005237920312 -0.0010430344960003933 0.0085430296764449059
leaf_weight=32.09355959109962 19.755431139143184 25.382084224373102 12.082320415880529 28.500012493226677 10.372619075700639 70.014370976481587 11.235122723039238 8.4758043843321484 53.221197168342769 8.9473152989521605 20.419398766942322 12.849231861997394 13.014115103986112 19.5636389660649
leaf_count=548 1244 639 258 502 127 1262 125 124 2205 282 727 410 138 794
internal_value=0.000218429 0.00158775 -0.000191982 -0.00249302 -0.00738725 -0.00111254 0.011494 0.00307672 -0.0152814 0.00280544 0.00549688 0.0118181 0.0183685 -0.00345614
internal_weight=345.926 326.171 294.077 248.984 154.638 89.3343 45.093 33.8579 65.3035 78.9617 94.3464 54.3634 41.5141 39.983
internal_count=9385 8141 7593 6705 4134 1671 888 763 2463 1544 2571 1050 640 1521
is_linear=0
shrinkage=0.035


Tree=129
num_leaves=15
num_cat=0
split_feature=88 83 63 50 100 71 54 97 0 14 93 54 54 90
split_gain=7.5883 6.92024 6.31278 6.45623 8.7071 8.28806 6.02525 6.16786 5.92951 5.59734 5.37436 4.76711 5.45757 4.61325
threshold=1079.5000000000002 1588.5000000000002 0.39642857142857152 0.030457637600494747 0.063164893617021281 3.8893168630988275 0.088562091503267992 4.9253221481639793 2.7513599537037039 1.5000000000000002 40893.000000000007 0.16954022988505749 0.10960960960960962 74629.346153846171
decision_type=10 10 2 2 2 8 10 2 2 2 2 10 10 2
left_child=1 2 -1 8 5 -5 7 -6 -4 -8 -10 12 -12 -3
right_child=-2 13 3 4 6 -7 9 -9 10 -11 11 -13 -14 -15
leaf_value=-0.014776145410477469 0.024733321854770812 -0.02541096884326334 0.015245688528108 0.017349847400097568 0.028648096162411443 -0.0059168732342388987 0.0083977460887156904 -0.0093975967403124167 -0.0098092516460756129 -0.019792135905305916 -0.0024082324792142431 -0.00031310138003460923 0.027964418939693283 0.0076383791378654376
leaf_weight=23.109887424856424 10.578812934458254 15.437839915044608 62.086011308711022 32.362959187012166 4.3341027088463289 33.877058423589915 7.3406408531591287 7.8861416960135102 29.612074538134038 50.162051226012409 10.080972934141757 45.351264385506511 15.452874697744845 4.3543190634809426
leaf_count=674 67 2051 763 671 135 870 196 198 599 1141 137 1260 218 487
internal_value=0.000844656 -0.000241741 0.00111476 0.00256797 -0.00300522 0.00587045 -0.0112661 0.00849613 0.00717926 -0.0158096 0.00170953 0.00685074 0.0175423 -0.0180659
internal_weight=352.027 341.448 321.656 298.546 135.963 66.24 69.7229 12.2202 162.583 57.5027 100.497 70.8851 25.5338 19.7922
internal_count=9467 9400 6862 6188 3211 1541 1670 333 2977 1337 2214 1615 355 2538
is_linear=0
shrinkage=0.035


Tree=130
num_leaves=15
num_cat=0
split_feature=49 27 112 32 81 47 106 60 30 116 47 55 98 95
split_gain=8.64505 6.08487 7.85933 9.10524 7.59063 6.00923 7.76026 6.89519 6.87646 5.83877 5.7315 5.30342 5.28916 5.27662
threshold=0.062019230769230778 1.5000000000000002 0.01063950198075835 8.5000000000000018 434.32254476783305 0.042644117112202222 157.31547619047623 0.90661337209302328 1.5000000000000002 0.95180023228803723 0.094044811320754734 0.77525466893039063 0.87068004459308812 22508.500000000004
decision_type=2 2 2 2 10 2 10 2 2 2 2 10 2 2
left_child=1 2 3 13 5 6 9 -8 12 -3 -4 -5 -9 -1
right_child=-2 4 10 11 -6 -7 7 8 -10 -11 -12 -13 -14 -15
leaf_value=-0.008442850926362282 0.022002875459153748 -0.014071121154967127 -0.018414886310473676 0.001441001897528793 -0.01397834615762982 -0.0060611777727446305 0.00039729573211969704 0.0011145359631395701 0.0015447060818184416 0.016915144656080315 0.0097094929276007498 0.028376560822870357 0.031686216172089512 0.017762605990192564
leaf_weight=68.620378967374563 19.511284519918263 19.648866259492937 49.148540420457721 17.752741844393313 17.953316839877516 28.007791741751134 27.408163675107062 8.5656353514641506 17.634863363578916 5.9351804275065652 7.3630969347432247 14.310504832305012 42.123422622680664 6.0498531740158787
leaf_count=2108 417 368 1246 421 2558 450 410 97 210 92 148 221 520 162
internal_value=0.00194635 0.000452133 -0.00428921 0.00139135 0.00506938 0.0077382 0.0110378 0.0154481 0.021047 -0.00529253 -0.0142591 0.0156692 0.027084 -0.00533815
internal_weight=350.034 330.522 163.245 106.733 167.277 149.324 121.316 95.7321 68.3239 25.584 56.5116 32.0632 50.6891 74.6702
internal_count=9428 9011 4306 2912 4705 2147 1697 1237 827 460 1394 642 617 2270
is_linear=0
shrinkage=0.035


Tree=131
num_leaves=15
num_cat=0
split_feature=88 86 10 11 26 15 54 3 50 93 100 96 29 108
split_gain=8.29889 8.41292 5.77036 6.13176 7.64445 5.46258 4.70085 6.31865 6.52231 6.00067 5.94044 4.70458 4.57636 4.32707
threshold=1079.5000000000002 287.39754870672448 3.5000000000000004 2.5000000000000004 18.500000000000004 5.5000000000000009 0.17752100840336138 17.500000000000004 0.099295774647887344 52886.000000000007 0.063164893617021281 2.7182539682539688 10.500000000000002 166.50000000000003
decision_type=10 10 2 2 2 2 8 2 2 2 2 2 2 10
left_child=1 2 3 13 6 -6 7 8 -5 11 -11 -9 -8 -1
right_child=-2 -3 -4 4 5 -7 12 9 -10 10 -12 -13 -14 -15
leaf_value=-0.01419888148635319 0.026482646754063057 -0.0190401870775402 -0.0163394179420106 0.036318172460446732 -0.014592360939830998 0.0092441229807802873 0.006328326238788479 -0.016354202658461346 -0.0062338474132693994 0.026015790575671261 -0.0013089915623678509 0.012609137079623701 -0.0086038902294409188 0.011176382055672557
leaf_weight=35.678346993401647 9.1831376589834672 23.520081205526367 17.395015181973577 16.327260107733313 34.650415691547096 12.78663412388414 100.05084302742034 15.03060266794637 3.9084256044588974 18.290030139964074 15.973736318293957 6.0696530304849139 28.353630900848657 6.354221918154507
leaf_count=1648 59 2046 895 201 563 285 2133 178 89 192 243 79 635 155
internal_value=0.000255629 -0.000844169 0.000812128 0.00208543 0.00418472 -0.00789845 0.00711616 0.0137653 0.0284927 0.00646823 0.0147325 -0.00720322 0.00283218 -0.00958246
internal_weight=343.572 334.389 310.869 293.474 251.441 47.437 204.004 75.5997 20.2357 55.364 34.2638 21.1003 128.404 42.0326
internal_count=9401 9342 7296 6401 4598 848 3750 982 290 692 435 257 2768 1803
is_linear=0
shrinkage=0.035


Tree=132
num_leaves=15
num_cat=0
split_feature=10 88 83 96 98 4 74 116 107 114 65 76 43 63
split_gain=6.52844 5.39676 7.01448 4.66602 5.06823 6.06971 4.49901 5.93353 11.1486 7.61829 7.54483 5.30582 5.82441 5.18818
threshold=3.5000000000000004 1079.5000000000002 1341.5000000000002 3.3229166666666674 0.89039039039039047 3.5000000000000004 11.250000000000002 0.37567204301075274 1441.5748728058809 0.080322580645161304 2.5590277777777781 0.42610837316877054 0.38956639566395673 0.6358901515151516
decision_type=2 10 10 2 2 2 8 2 10 2 8 8 2 2
left_child=1 2 3 4 5 -1 13 10 9 -9 -8 12 -10 -6
right_child=-2 -3 -4 -5 6 -7 7 8 11 -11 -12 -13 -14 -15
leaf_value=0.0035973770988334329 -0.01629365529047723 0.022847973483487372 -0.014830761908881055 0.019975508701331562 -0.013090719620600724 -0.021702541214143528 -0.0098327251725915873 0.012073018320259615 -0.013008851235794911 -0.012873628024970113 0.0095650480871212647 0.030044691620854328 0.022678375352797684 0.0070111312377261065
leaf_weight=21.326309395954013 19.204801435349509 10.323234982788561 24.322344501269981 13.910443294793366 31.393696364946663 17.69932927377522 44.35198581032455 26.939413411077112 8.1153587764129025 23.271647410467267 43.903916161507368 33.968645382672548 4.8613526355475178 23.465392811223865
leaf_count=455 1249 66 2419 175 677 237 1443 323 108 303 1025 411 60 465
internal_value=0.0012833 0.0025422 0.00153808 0.00312181 0.00194586 -0.00903854 0.00387787 0.00644903 0.0121918 0.000392067 -0.000187615 0.0235598 0.00294958 -0.00462495
internal_weight=347.058 327.853 317.53 293.207 279.297 39.0256 240.271 185.412 97.1564 50.2111 88.2559 46.9454 12.9767 54.8591
internal_count=9416 8167 8101 5682 5507 692 4815 3673 1205 626 2468 579 168 1142
is_linear=0
shrinkage=0.035


Tree=133
num_leaves=15
num_cat=0
split_feature=87 11 55 98 44 120 44 116 110 47 110 104 60 92
split_gain=6.00479 6.39286 8.18977 8.18283 10.2584 9.46267 6.83325 6.78866 6.45097 5.1813 5.60551 5.09237 6.53335 6.5565
threshold=1.5000000000000002 2.5000000000000004 0.65301003344481623 1.5270467836257311 0.17712418300653598 0.034190531852717719 0.48038461538461547 0.83558558558558571 86.250000000000014 0.022857889237199586 19.750000000000004 0.043961352657004842 0.90754985754985762 77862.500000000015
decision_type=8 2 10 2 2 2 2 2 10 2 10 2 2 2
left_child=-1 -2 11 5 -5 6 7 -4 9 10 -6 12 -3 -14
right_child=1 2 3 4 8 -7 -8 -9 -10 -11 -12 -13 13 -15
leaf_value=0.021833438668017215 -0.010088940180816566 -0.012877660413721719 -0.012196153840386892 -0.010378022028057515 -0.0010604838464873573 0.020271779392834786 0.0093035910233517736 0.015826331898969728 -0.00085714620792393494 0.013659642775920791 0.055106129733875422 -0.010190958217629812 0.019184837999433307 -0.016035340998004147
leaf_weight=13.248939767945556 47.440023494884372 13.400954998796804 61.666150592267513 8.5499353064224106 2.3089014911092844 25.525399216916412 39.046908266842365 8.1458798274397832 7.9615243175066999 16.18360526766628 10.783148857299237 64.988780480111018 26.759205079637471 4.08844608394429
leaf_count=176 2207 459 1290 270 26 473 695 87 270 276 252 2173 656 130
internal_value=0.00226958 0.00119201 0.00318112 0.00768588 0.0196827 0.00303893 -0.00171462 -0.0080872 0.0269963 0.0335911 0.0476451 -0.00426003 0.0046011 0.0129314
internal_weight=350.098 336.849 289.409 180.171 45.7871 134.384 108.859 69.812 37.2372 29.2757 13.0921 109.237 44.2486 30.8477
internal_count=9440 9264 7057 3639 1094 2545 2072 1377 824 554 278 3418 1245 786
is_linear=0
shrinkage=0.035


Tree=134
num_leaves=15
num_cat=0
split_feature=14 88 20 0 61 56 70 93 70 15 106 14 106 65
split_gain=7.16013 5.99258 5.77858 7.61479 5.49907 5.33888 5.29735 5.18057 4.7463 5.37642 4.72449 6.13232 7.54351 4.48232
threshold=9.5000000000000018 1079.5000000000002 1.5000000000000002 15.682447916666669 0.89528508771929838 0.26111660079051385 12.912878787878789 57895.500000000007 10.757352941176473 3.5000000000000004 91.583333333333357 3.5000000000000004 1306.788888888889 1.8603896103896107
decision_type=2 10 2 2 2 10 10 2 8 2 10 2 10 8
left_child=1 2 3 4 -1 6 -4 8 -5 -10 -6 12 -12 -9
right_child=-2 -3 5 7 10 -7 -8 13 9 -11 11 -13 -14 -15
leaf_value=-0.0093347486262893714 0.025057019047762238 0.021864523773242796 -0.01360857671640159 0.0072124867044096987 -0.0029311962200735454 -0.016207116683877254 0.014028201758865795 -0.0095308773280499068 -0.018602990718167435 0.0053259830924079878 0.031517640680527328 0.0021596740194767621 -0.0014860508466247291 0.0075892394689085355
leaf_weight=13.582799192517994 9.6669624573551101 9.7891668230295164 9.5567077537998575 13.330063988920299 18.490730727091432 44.367358293617144 15.711467194836585 21.566049768589437 47.980202299077064 12.26841919030994 30.786506799515337 26.030847389716655 10.548671483527867 59.992315588518977
leaf_count=287 129 62 251 375 364 1852 358 1033 1565 344 514 334 236 1700
internal_value=0.00112239 7.02947e-05 -0.000909833 0.00157228 0.00889984 -0.00948146 0.00305432 -0.00325577 -0.00968982 -0.0136956 0.0121396 0.0161929 0.0238437 0.00277321
internal_weight=343.668 334.001 324.212 254.577 99.4396 69.6355 25.2682 155.137 73.5787 60.2486 85.8568 67.366 41.3352 81.5584
internal_count=9404 9275 9213 6752 1735 2461 609 5017 2284 1909 1448 1084 750 2733
is_linear=0
shrinkage=0.035


Tree=135
num_leaves=15
num_cat=0
split_feature=87 83 58 50 108 50 109 118 106 47 14 65 76 45
split_gain=6.07332 8.3875 6.00291 5.42875 5.08496 4.64202 5.59557 4.56669 7.16059 6.34925 6.73291 6.59512 6.21553 5.15962
threshold=1.5000000000000002 1321.5000000000002 0.85416666666666685 0.10050505050505053 11.500000000000002 0.21132376395534294 6120.5000000000009 0.67156862745098056 3044.3750000000005 0.099019607843137278 9.5000000000000018 2.2565789473684217 0.78592999857595935 0.1623310810810811
decision_type=8 10 2 2 10 2 10 2 8 2 2 10 8 2
left_child=-1 2 -2 7 -5 6 -6 8 -4 10 12 -11 -9 -14
right_child=1 -3 3 4 5 -7 -8 9 -10 11 -12 -13 13 -15
leaf_value=0.020897802034403223 -0.014920441171281142 -0.017411005620454091 0.022476591067396662 -0.014963376013085805 0.031253111790396929 -0.012590033674890918 -0.0089342525044841213 -0.0058091770944671065 -0.011387086301930725 0.029446832410036428 0.023976764074690515 -0.0023325219186054358 0.015286958471375964 -0.0082431000781428947
leaf_weight=12.931645191274582 19.578360919374973 25.870445744367316 30.124430341646075 30.18800806812942 6.565003043971954 5.3570041893981388 3.883107541128993 118.27478988841176 6.4381085638888171 15.271250829566272 8.6259624995291215 12.083924855105577 33.586238638497889 12.503922393079845
leaf_count=167 273 2809 608 912 179 195 130 2263 286 235 115 198 643 397
internal_value=0.00106314 -1.97577e-05 0.00172661 0.0031178 -0.00735095 0.00729068 0.0182597 0.00526012 0.0158612 0.00298636 0.000315528 0.0172175 -0.00159741 0.00872144
internal_weight=341.282 328.351 302.48 282.902 45.9931 15.8051 10.4481 236.909 36.5625 200.346 172.991 27.3552 164.365 46.0902
internal_count=9410 9243 6434 6161 1416 504 309 4745 894 3851 3418 433 3303 1040
is_linear=0
shrinkage=0.035


Tree=136
num_leaves=15
num_cat=0
split_feature=11 117 116 106 116 38 93 119 121 54 50 115 80 66
split_gain=5.51825 5.61679 6.27411 5.71843 6.66569 5.68261 5.67751 5.40614 4.84652 5.78447 5.36349 4.83412 4.34885 4.06031
threshold=2.5000000000000004 0.11324786324786326 0.37965517241379315 633.57083333333344 0.90521114106019784 6.5000000000000009 46191.500000000007 0.6913074388294379 3.5000000000000004 0.17519181585677754 0.095564253098499682 0.15831244778613202 538.25297619047626 1.9500635676244293
decision_type=2 2 2 10 2 2 2 10 2 8 2 2 8 8
left_child=7 -2 8 4 -4 6 13 -1 9 10 11 -3 -9 -5
right_child=1 2 3 5 -6 -7 -8 12 -10 -11 -12 -13 -14 -15
leaf_value=0.0038625388204450825 0.019078285256668697 0.025672328446886338 -0.0022952474115801175 -0.016152044031325374 0.019775054041680052 -0.010914318691973511 0.025307918723915929 0.01261801139430126 -0.019647049450557091 -0.0070263481571505287 -0.010758455431381665 -0.011531844687445805 -0.022184411396523877 0.013137086379792865
leaf_weight=20.716294626239687 19.425747940782458 16.526229545008398 104.77144916681573 5.9892741055227789 14.802182530052958 6.0750270583666852 33.891058396780863 1.8424112298525894 17.406341767171398 61.005330118816346 6.3692587716504923 2.273146874504163 25.554690239019692 7.2896924742963174
leaf_count=827 258 532 1639 136 197 148 717 28 645 2431 323 84 1387 93
internal_value=0.00115562 0.00297652 0.00152598 0.00555039 0.00112092 0.0145476 0.0185586 -0.0092664 -0.00513495 -0.00128695 0.0114834 0.0196961 -0.0182578 -0.000877976
internal_weight=343.938 295.825 276.399 172.819 119.574 53.2451 47.17 48.1134 103.58 86.174 25.1686 18.7994 27.3971 13.279
internal_count=9445 7203 6945 2930 1836 1094 946 2242 4015 3370 939 616 1415 229
is_linear=0
shrinkage=0.035


Tree=137
num_leaves=15
num_cat=1
split_feature=87 49 86 133 47 117 117 47 15 106 83 95 75 25
split_gain=7.35393 7.22876 6.20204 6.07355 8.65826 7.44082 6.23029 5.59015 5.78836 5.31461 4.78361 4.67104 4.65842 4.37583
threshold=1.5000000000000002 0.062019230769230778 303.99371850685986 0 0.099019607843137278 0.21498599439775914 0.62605932203389847 0.052289815447710192 1.5000000000000002 1553.2666666666669 1531.5000000000002 209.50000000000003 1.8768939393939397 1.5000000000000002
decision_type=8 2 10 1 2 2 2 2 2 8 8 2 8 2
left_child=-1 2 3 5 -5 9 10 8 11 -2 -7 -8 -6 -14
right_child=1 -3 -4 4 12 6 7 -9 -10 -11 -12 -13 13 -15
leaf_value=0.022992887759738904 0.03067524757362328 0.01922808901401965 -0.019133797598439209 -0.0079754906685643445 0.027722781285353805 0.010942034034697382 0.010415868754581505 -0.011123700369490917 0.015117591950769463 -0.0033320914145986897 -0.017444443663827223 -0.020028022420597317 -0.0099758705986188519 0.020330843707898873
leaf_weight=13.404145452193914 15.708752639591696 17.95852272817865 16.78145981230773 133.92568200454116 8.8572635296732205 5.9177361205220249 7.106372511945664 14.315395592711864 56.922009126050398 6.4878563899546853 24.106369827175513 8.5216312285047007 12.589064112864436 3.7340908702462903
leaf_count=170 271 405 1510 3695 145 122 157 260 685 228 1273 139 297 51
internal_value=0.00145542 0.000260935 -0.00110406 0.000209411 -0.00439797 0.00544969 0.00154449 0.00627592 0.010205 0.0219501 -0.0110861 -0.00701537 0.0127986 9.87288e-05
internal_weight=346.336 332.932 314.974 298.192 159.106 139.086 116.89 86.8654 72.55 22.1966 30.0241 15.628 25.1804 16.3232
internal_count=9408 9238 8833 7323 4188 3135 2636 1241 981 499 1395 296 493 348
cat_boundaries=0 1
cat_threshold=2
is_linear=0
shrinkage=0.035


Tree=138
num_leaves=15
num_cat=0
split_feature=50 71 69 49 43 106 57 91 75 46 110 116 110 70
split_gain=5.79383 6.73237 6.32958 5.95921 5.82072 5.67814 9.61302 8.14079 6.53003 5.85934 6.73598 7.07159 5.13226 4.98198
threshold=0.081799933087989302 3.1420894867294531 1.7500000000000002 0.059411764705882358 0.27953488372093033 157.31547619047623 0.42462121212121218 75.557481962717461 1.8768939393939397 0.12276295133437992 141.25000000000003 0.78679653679653694 1234.0000000000002 12.837719298245617
decision_type=2 8 10 2 2 10 8 8 10 2 10 2 10 10
left_child=3 2 -2 5 -4 7 8 -1 -7 10 11 -10 -8 -6
right_child=1 -3 4 -5 13 6 12 -9 9 -11 -12 -13 -14 -15
leaf_value=0.010456558711936464 -0.01184310586030541 -0.01394424719232258 -0.0064168701212049296 0.021598564106525438 -0.0017915582144105967 0.0082588598155953 0.015398231257461804 -0.015858217893586844 -0.020555035763501296 0.015769112232558415 0.01747677773823262 0.011492531121524763 -0.011832321650594306 0.040423300282471049
leaf_weight=17.562047572806478 10.776757542276757 50.915984762366861 6.5000060887541649 16.10992001183331 4.2263220199383777 40.376674754545093 83.329919921932742 37.669293303741142 47.98545297421515 6.1542293231468639 4.2414358884561798 6.7000280302017918 5.7437409851700059 6.9597207049373537
leaf_count=454 444 1964 228 283 123 1020 1730 1073 1385 140 92 69 240 186
internal_value=0.00123423 -0.00679583 0.00616452 0.00371287 0.0173291 0.00215797 0.00496417 -0.00731741 -0.00219534 -0.00880768 -0.012407 -0.0159948 0.0131068 0.0288472
internal_weight=345.252 79.3788 28.4628 265.873 17.686 249.763 194.531 55.2313 105.458 65.0811 58.9269 54.6855 89.0737 11.186
internal_count=9431 2945 981 6486 537 6203 4676 1527 2706 1686 1546 1454 1970 309
is_linear=0
shrinkage=0.035


Tree=139
num_leaves=15
num_cat=0
split_feature=119 11 117 107 90 106 71 72 65 46 98 55 96 91
split_gain=5.50796 7.01681 6.33801 6.2414 7.87869 5.83271 6.09367 5.26794 10.3295 8.76265 5.69032 5.9159 5.93115 7.65747
threshold=0.77303240518350214 6.5000000000000009 0.66018867924528313 3210.0264992794705 72249.47968936681 610.19387755102048 2.4988089563755582 8.5000000000000018 4.2264957264957275 0.10762548262548265 0.87867647058823539 0.58102025506376609 2.5119047619047623 6325.7808562355049
decision_type=8 2 2 8 2 10 8 10 10 2 2 10 2 10
left_child=-1 2 3 -2 -5 -4 -7 8 9 -3 -9 -12 13 -13
right_child=1 7 5 4 -6 6 -8 10 -10 -11 11 12 -14 -15
leaf_value=0.012028075699884172 -0.016973465794641027 -0.012050607118869454 -0.0055545652494229918 -0.011099058443780669 0.025586301160362611 -0.0094876957157484232 0.023972765457414211 -0.012660575995197149 0.02063771561904636 0.017846261320734164 -0.0023586551547377047 0.037170474423464599 -0.0071704134057324611 0.0033940913584129813
leaf_weight=46.69475998962298 62.43528316100128 60.186526413075626 39.34563692775555 13.020449433475735 7.0737165228929362 6.3673584531061378 17.039866345236078 6.2387037908192715 16.531670778058469 10.093837780412285 15.377230898477135 22.719514278229326 5.3337810393422833 13.237497515277935
leaf_count=947 3036 1610 850 610 299 122 331 80 197 195 489 360 47 250
internal_value=0.00148911 -0.000351728 -0.00573263 -0.0118326 0.00434012 0.0025709 0.0148028 0.00488625 -0.000782078 -0.00685662 0.0121902 0.0157308 0.0219946 0.0266681
internal_weight=341.696 295.001 145.282 82.5294 20.0942 62.7529 23.4072 149.719 86.812 70.2804 62.9067 56.668 41.2908 35.957
internal_count=9423 8476 5248 3945 909 1303 453 3228 2002 1805 1226 1146 657 610
is_linear=0
shrinkage=0.035


Tree=140
num_leaves=15
num_cat=0
split_feature=87 11 57 14 117 117 97 0 86 47 45 117 97 70
split_gain=6.55684 6.49983 6.16713 5.14656 4.94637 5.07808 5.47256 5.85286 4.93342 4.38436 4.32885 4.8064 6.47547 4.1415
threshold=1.5000000000000002 2.5000000000000004 0.42462121212121218 9.5000000000000018 0.11324786324786326 0.39339826839826847 5.9517652948901354 139.62027199074078 317.43984202213289 0.094044811320754734 0.07419919919919922 0.60903532608695665 6.0680935697876928 14.310096153846155
decision_type=8 2 8 2 2 2 2 2 10 2 2 2 2 10
left_child=-1 -2 3 4 -3 -6 7 13 10 -8 -4 -12 -13 -7
right_child=1 2 8 -5 5 6 9 -9 -10 -11 11 12 -14 -15
leaf_value=0.021495717833899048 -0.012608718446135623 0.017691841896912426 0.014452322500356071 0.019524574156434053 -0.024164429441075778 -0.0081226474645567388 -0.015825082777752974 0.023682891151708151 -0.016698234538010691 0.0091286815797448715 -0.0081678240858679522 0.0207586055761757 -0.0064877586668671654 0.0098721585513594778
leaf_weight=11.637057688087223 45.305143522564322 5.9157547825016072 60.846564644249156 5.9912008377723387 13.697796713560818 40.819977337727323 46.724594903877005 8.0030475484672916 5.9840705764945588 6.9495510531123719 29.358883019536734 20.169498939067125 15.320926818996666 18.954033154062927
leaf_count=164 2211 71 935 85 805 1278 970 321 378 121 1054 306 194 509
internal_value=5.94551e-05 -0.00102531 0.00104644 -0.00382305 -0.00544906 -0.00705703 -0.00424839 0.00236679 0.00642545 -0.0120916 0.00812302 0.00157495 0.00964787 -0.002095
internal_weight=335.678 324.041 278.736 147.056 141.065 135.149 121.451 67.7771 131.68 53.6741 125.696 64.8493 35.4904 59.774
internal_count=9402 9238 7027 4160 4075 4004 3199 2108 2867 1091 2489 1554 500 1787
is_linear=0
shrinkage=0.035


Tree=141
num_leaves=15
num_cat=0
split_feature=88 83 50 118 77 0 47 56 126 65 42 63 10 98
split_gain=7.77528 8.06299 4.91358 6.38586 7.22966 7.19304 7.14803 5.76432 6.65308 6.87952 5.46403 4.92621 4.94984 5.78359
threshold=1079.5000000000002 1367.0000000000002 0.030457637600494747 0.68857758620689669 1.5000000000000002 0.94059027777777782 0.057831661092530663 0.25866188769414583 1.0000000180025095e-35 3.2565789473684217 1.0000000180025095e-35 0.47213622291021679 2.5000000000000004 1.0571895424836604
decision_type=10 10 2 2 10 2 2 10 2 8 10 2 2 2
left_child=1 2 3 10 5 -5 -6 -4 9 -9 -1 -7 13 -13
right_child=-2 -3 7 4 6 11 -8 8 -10 -11 -12 12 -14 -15
leaf_value=-0.0040203670169778414 0.025744391106502069 -0.018027292179963194 0.0067947071841059862 0.025484746028546102 -0.013681597361658216 -0.017015559650237121 0.011651611763226507 -0.0084431242574949782 -0.018383465014991218 0.016084207243006538 0.024472934008335799 -0.0027335239600372384 -0.0093394000077450905 0.022793951907615195
leaf_weight=9.5121794133447093 9.5334732457995397 24.077707099029794 39.705036758445203 16.886343973688781 46.502922341227531 8.805166040081529 14.281851942185311 35.543603217694908 39.670868994668126 16.404068161733449 25.966846802271903 16.935313784517348 13.923723408952354 21.196520124562085
leaf_count=333 63 2862 631 180 926 219 243 1153 1067 315 503 323 282 298
internal_value=0.000689895 -0.000409282 0.00124808 0.00504337 0.0014165 0.00825758 -0.00729618 -0.00378141 -0.00847925 3.42909e-05 0.0172807 0.00190588 0.00631709 0.0124539
internal_weight=338.946 329.412 305.334 174.011 138.532 77.7471 60.7848 131.324 91.6185 51.9477 35.479 60.8607 52.0556 38.1318
internal_count=9398 9335 6473 3307 2471 1302 1169 3166 2535 1468 836 1122 903 621
is_linear=0
shrinkage=0.035


Tree=142
num_leaves=15
num_cat=0
split_feature=54 42 54 76 50 101 81 82 123 3 88 106 10 9
split_gain=6.25 7.27148 5.75161 7.99158 7.34796 7.9373 6.17259 6.80771 7.11438 5.84065 5.12358 5.0352 7.07026 4.17418
threshold=0.093386627906976757 8.5000000000000018 0.17519181585677754 0.48511788705512499 0.096464019851116647 0.54195804195804198 273.96594751508638 1.0000000180025095e-35 1.0000000180025095e-35 35.500000000000007 1077.5000000000002 658.10000000000014 2.5000000000000004 32.500000000000007
decision_type=8 8 10 8 2 2 8 8 2 2 8 10 2 2
left_child=11 2 3 -2 5 9 -4 -8 10 -5 -9 12 -1 -13
right_child=1 -3 6 4 -6 -7 7 8 -10 -11 -12 13 -14 -15
leaf_value=0.01752614183722806 -0.0049756430452859582 -0.013810109455797245 0.015327841970982359 0.034775614317730297 -0.0089198700679595875 -0.010927545213023814 0.0289903360834468 -0.016819595929331112 -0.015663582805402792 -0.0079845222211528486 0.0024018958056004325 0.035526353804858066 -0.014146174967289493 -0.0070038302215732727
leaf_weight=13.35884596547112 26.179709737421945 41.275685751577839 17.8258873289451 27.323768025729809 7.2627438639756283 4.1450730648357412 2.4650228782556942 15.031927044037728 50.617526275571436 2.5723926255013785 106.94724015425891 9.4138419446535391 11.436505607794968 1.7153072832152236
leaf_count=159 530 973 176 509 273 162 19 1375 1820 42 2636 285 421 86
internal_value=0.000704807 -0.00102019 0.00122935 0.00964579 0.0184499 0.0246837 -0.00188454 -0.00401418 -0.00528846 0.0304795 -0.000535862 0.0135441 0.0029953 0.0288322
internal_weight=337.571 301.647 260.371 67.4837 41.304 34.0412 192.888 175.062 172.597 29.8962 121.979 35.9245 24.7954 11.1291
internal_count=9466 8515 7542 1516 986 713 6026 5850 5831 551 4011 951 580 371
is_linear=0
shrinkage=0.035


Tree=143
num_leaves=15
num_cat=0
split_feature=54 119 10 70 59 98 55 47 46 16 40 66 60 71
split_gain=5.4583 6.00317 5.29998 4.70777 6.43133 4.94728 7.86726 5.41404 7.85966 5.38441 5.518 5.2716 5.45034 4.69579
threshold=0.44949494949494956 0.8144879441188323 3.5000000000000004 12.019230769230772 0.78192934782608703 0.84731934731934744 0.92450142450142458 0.025158227848101272 0.071796759941089847 22.500000000000004 6.5000000000000009 1.4810050432988697 0.96531676022453905 2.8280922807584559
decision_type=8 10 2 8 2 2 10 2 2 2 2 8 2 8
left_child=2 -2 3 4 -1 -5 7 8 11 10 -8 12 -7 -13
right_child=1 -3 -4 5 -6 6 9 -9 -10 -11 -12 13 -14 -15
leaf_value=-0.0078598474385039065 0.0027480681817378346 -0.019205104665693175 -0.013429390071992333 -0.008630512765186794 0.015096856977157782 -0.015460955898447145 0.030568818295193589 -0.0050730648886318569 -0.0063763963751208869 -0.0056773125142658559 0.0038429867347783749 -0.00033079020914503459 0.018228664339957224 0.030525866707447679
leaf_weight=62.552636799868196 27.457699824357405 26.52162222051993 17.656710887793452 17.917159866774455 14.323641410563139 8.3505923750344646 32.535042145987973 48.562862447928637 22.551740755094215 7.1611285044345996 14.7877762443386 7.4621468731202212 5.5229500669520339 24.523863151436672
leaf_count=1424 1018 1218 1225 327 350 322 598 1124 616 109 299 134 189 501
internal_value=0.000968424 -0.00875188 0.00293602 0.00424885 -0.00292181 0.00716003 0.00900792 0.00356729 0.00962856 0.019407 0.0233826 0.0173522 -0.00077323 0.0242556
internal_weight=337.888 53.9793 283.908 266.252 76.8763 189.375 171.458 116.974 68.4113 54.4839 47.3228 45.8596 13.8735 31.986
internal_count=9454 2236 7218 5993 1774 4219 3892 2886 1762 1006 897 1146 511 635
is_linear=0
shrinkage=0.035


Tree=144
num_leaves=15
num_cat=0
split_feature=54 41 32 106 91 11 117 81 115 89 110 71 74 93
split_gain=4.98288 6.70068 4.94949 7.49194 7.79992 11.8832 7.34179 6.32574 5.53606 5.17992 4.96093 4.95238 4.9177 5.62528
threshold=0.093386627906976757 9.5000000000000018 1.5000000000000002 161.55555555555557 1358.1305963085085 4.5000000000000009 0.66018867924528313 254.34767271043299 0.04819976771196284 357.25000000000006 32.750000000000007 3.9012030199615695 17.250000000000004 14956.000000000002
decision_type=8 8 2 8 10 2 2 8 2 8 10 10 8 2
left_child=-1 2 3 9 -5 7 12 -6 -7 -2 -9 -11 13 -4
right_child=1 -3 6 4 5 8 -8 10 -10 11 -12 -13 -14 -15
leaf_value=0.013006468101673848 0.014777407664344801 -0.010757506792468938 0.020558225332050633 0.021104850951547759 0.016416762811141229 0.021560473142630137 0.020650983056523096 0.0040653474723166393 0.0016927981118806472 -0.021722292045060983 -0.024326107419730587 0.0049638567905866517 0.017715117298527636 -0.015711051521889705
leaf_weight=36.584202951751649 3.8330469841603181 52.073867861181498 1.9901249231770695 20.629966310923919 3.4362679505720726 20.02628617011942 33.61135006416589 7.9464170578867188 57.92946248408407 32.067388243973255 30.262049342039973 8.9548269512597454 6.3053818838670841 21.620011403458193
leaf_count=944 125 1346 47 612 34 534 425 167 1359 998 1536 267 185 835
internal_value=0.00165068 7.88861e-05 0.00251599 -0.000447313 0.00358301 -0.000164968 0.0105523 -0.0142923 0.00778856 -0.0121429 -0.0186342 -0.0159905 -0.00212649 -0.00959533
internal_weight=337.271 300.686 248.613 185.086 140.23 119.6 63.5269 41.6447 77.9557 44.8553 38.2085 41.0222 29.9155 23.6101
internal_count=9414 8470 7124 5632 4242 3630 1492 1737 1893 1390 1703 1265 1067 882
is_linear=0
shrinkage=0.035


Tree=145
num_leaves=15
num_cat=0
split_feature=11 44 10 116 98 110 44 27 110 90 104 44 46 55
split_gain=6.1534 7.138 6.95369 5.53444 5.82613 7.2649 7.18818 7.37138 5.89308 6.91327 6.3067 5.8207 7.62562 5.27435
threshold=2.5000000000000004 0.95833333333333337 3.5000000000000004 0.83558558558558571 1.5694980694980696 195.25000000000003 0.26975051975051983 2.5000000000000004 59.750000000000007 57982.280000000006 0.084219858156028379 0.5131670131670133 0.028174603174603175 0.5447860962566845
decision_type=2 2 2 2 2 10 2 2 10 2 2 2 2 10
left_child=1 -1 3 4 5 8 7 -6 9 -2 -10 12 -11 -8
right_child=2 -3 -4 -5 6 -7 13 -9 10 11 -12 -13 -14 -15
leaf_value=-0.014137276530044412 -0.0065500884227714011 0.02131839617187286 -0.0153429484902824 0.019472898937781466 -0.013564148893390067 0.019904577548261602 -0.0010134155693478511 0.014541815724411097 0.0037842726134190499 -0.014826141704470122 -0.026137783120557586 0.026001431874742614 0.012349130887562818 0.026226217553555767
leaf_weight=42.71711118798703 69.35300400108099 3.6014582728967062 17.348078524693847 24.287628514692187 20.041723841801286 14.242154774488879 10.971584244165568 16.044506122590974 11.898466529790314 15.574371316935865 18.353140491526574 13.118257508613167 28.024109049700201 31.381371318828315
leaf_count=2116 1105 141 1206 267 544 240 306 561 487 319 894 190 379 699
internal_value=0.00164916 -0.00957199 0.0035691 0.00502371 0.00325876 -0.000436204 0.010838 -0.000818871 -0.0028489 0.000662719 -0.0155014 0.00929863 0.00211489 0.0198078
internal_weight=336.957 46.3186 290.638 273.29 249.003 170.564 78.4392 36.0862 156.321 126.07 30.2516 56.7167 43.5985 42.353
internal_count=9454 2257 7197 5991 5724 3614 2110 1105 3374 1993 1381 888 698 1005
is_linear=0
shrinkage=0.035


Tree=146
num_leaves=15
num_cat=0
split_feature=87 87 116 51 54 97 116 117 11 100 63 110 35 66
split_gain=7.93778 5.17932 5.61425 4.93166 4.52735 4.9333 7.97907 7.03422 6.43514 6.2081 4.92206 4.19254 4.25742 5.68933
threshold=1.5000000000000002 118.50000000000001 0.66397849462365599 0.01709526592635886 0.44949494949494956 3.7683622587015555 0.45738498789346255 0.21498599439775914 14.500000000000002 0.61250000000000016 0.53139076576576583 37.250000000000007 5.5000000000000009 1.5189263736608203
decision_type=8 8 2 2 8 2 2 2 2 2 2 10 2 8
left_child=-1 2 -2 4 5 6 -3 -7 9 11 -10 12 13 -9
right_child=1 3 -4 -5 -6 7 -8 8 10 -11 -12 -13 -14 -15
leaf_value=0.025481627519345882 -0.021008578610492719 0.0060571431294222941 0.012630000567658905 -0.0061382060110041934 -0.0051842366195359434 0.028136120305398013 0.032259524603373349 -0.014038450090002531 -0.0090778621143074462 0.020463875355141534 0.023664471397711641 -0.016309829706101377 -0.00994337743814795 0.013343597625393199
leaf_weight=12.198152938392012 18.509218478808183 52.550880959257483 4.4667664053849867 62.035541370976716 43.819846642902121 7.0667181792668989 16.366039890330285 8.2068647639825922 4.6654848884791162 7.0424515893682829 15.955906989984213 28.772540456149727 30.994766566902399 29.374869438353926
leaf_count=169 1918 1510 150 1667 1708 88 229 91 55 115 205 988 344 275
internal_value=0.00229334 0.00106805 -0.0133804 0.00234708 0.00457704 0.0067793 0.0140408 0.00261644 0.000147296 -0.0035562 0.0159308 -0.00620869 -0.00115022 0.00641779
internal_weight=342.026 329.828 22.976 306.852 244.816 200.997 68.9169 132.08 125.013 104.391 20.6214 97.349 68.5765 37.5817
internal_count=9512 9343 2068 7275 5608 3900 1739 2161 2073 1813 260 1698 710 366
is_linear=0
shrinkage=0.035


Tree=147
num_leaves=15
num_cat=0
split_feature=87 11 66 14 19 56 100 76 59 90 32 119 90 94
split_gain=4.75018 5.129 5.58577 8.24054 5.74472 5.64995 5.61964 10.3997 6.22498 4.60667 6.11346 5.76262 4.93049 4.5907
threshold=1.5000000000000002 2.5000000000000004 2.0343637680652829 3.5000000000000004 1.5000000000000002 0.18237250554323728 0.063164893617021281 1.2921670150507663 0.79830508474576278 78553.572981366466 9.5000000000000018 0.8704386226815618 82636.950000000012 27420.750000000004
decision_type=8 2 8 2 2 10 2 8 2 2 2 10 2 2
left_child=13 -2 3 4 9 -5 8 -8 -4 10 11 -3 -11 -1
right_child=1 2 6 5 -6 -7 7 -9 -10 12 -12 -13 -14 -15
leaf_value=-0.0095675337721661136 -0.010421966200666892 0.0098741870613560656 0.017737821291262688 0.0099886740291831033 0.020042167405253688 -0.020492810979860398 -0.0087529897902233478 0.021122584574113354 -0.0044431387443737824 0.027284165926797874 0.012833352737818016 -0.015438205167713864 -0.010268900025670789 0.026919025037842933
leaf_weight=2.9420379074290386 44.452961831120774 10.438224183861164 59.317981613101438 5.9723592188674948 13.716872144490479 34.882725288858637 50.335936946095899 14.246516408398746 18.140543527901173 7.2528265437576902 13.832605681382118 44.500073335831985 3.3467694644350559 10.216103639453648
leaf_count=36 2231 237 936 91 310 1107 1105 275 454 226 366 1823 103 141
internal_value=0.000958052 -2.83485e-05 0.00180143 -0.00326793 0.00258602 -0.0154336 0.00653033 -0.00111837 0.0125887 -0.00143973 -0.00501643 -0.0102064 0.0159361 0.0183729
internal_weight=333.595 320.436 275.983 133.942 93.0874 40.8551 142.041 64.5825 77.4585 79.3705 68.7709 54.9383 10.5996 13.1581
internal_count=9441 9264 7033 4263 3065 1198 2770 1380 1390 2755 2426 2060 329 177
is_linear=0
shrinkage=0.035


Tree=148
num_leaves=15
num_cat=0
split_feature=87 86 112 55 54 29 45 98 98 29 108 106 61 70
split_gain=5.08452 5.40192 5.50543 4.96347 6.16626 5.96934 6.12093 5.74257 5.73949 5.9586 5.53522 5.51229 5.43088 5.64604
threshold=1.5000000000000002 296.64113681089219 0.089220563847429532 0.43875000000000003 0.43650793650793657 17.500000000000004 0.075235849056603785 0.72804314329738073 1.890873015873016 7.5000000000000009 125.50000000000001 1170.2000000000003 0.89897959183673481 9.4772727272727284
decision_type=8 10 2 8 8 2 2 2 2 2 10 10 2 10
left_child=-1 2 3 -2 5 6 7 -5 -8 12 -6 -12 -10 -14
right_child=1 -3 -4 4 10 -7 8 -9 9 -11 11 -13 13 -15
leaf_value=0.019678380474490005 -0.01393925802441897 -0.016402851857224749 -0.01203852676480105 -0.012118014503684219 -0.014503043204381295 -0.0038073083245210994 -0.0025704441949936513 0.019090764888367421 -0.0094551303577743839 -0.009956745506947421 0.025159531935760038 -0.013058576069903079 -0.0072861137755806564 0.037435333301492561
leaf_weight=12.059544925112275 15.16525272047147 17.717621627030894 28.972047632792965 4.6205362556502214 30.978939305292442 49.924353090347722 64.426739935297519 72.07714381814003 2.719192461576319 5.4810948388185343 6.3068167362362129 3.7962952237576246 2.4717149729840484 13.703378699952735
leaf_count=163 718 1763 874 70 1399 923 1445 1107 85 192 99 117 74 321
internal_value=0.00106286 6.43224e-05 0.00128723 0.00290021 0.00414329 0.00651332 0.00964697 0.0165841 0.00309083 0.0159448 -0.00764282 0.0112299 0.0239698 0.0304947
internal_weight=330.421 318.361 300.644 271.671 256.506 215.424 165.5 76.6977 88.8021 24.3754 41.0821 10.1031 18.8943 16.1751
internal_count=9350 9187 7424 6550 5832 4217 3294 1177 2117 672 1615 216 480 395
is_linear=0
shrinkage=0.035


Tree=149
num_leaves=15
num_cat=0
split_feature=88 83 96 46 11 114 72 47 76 94 0 116 9 54
split_gain=5.55995 6.03398 4.72881 4.68704 6.55591 6.96574 5.8191 9.03316 5.97221 5.20621 6.17982 5.4393 5.44369 4.90015
threshold=1079.5000000000002 1341.5000000000002 3.3229166666666674 0.059850746268656725 6.5000000000000009 0.086067019400352746 9.5000000000000018 0.03478523895946764 0.77211542875759676 41393.500000000007 2.1192997685185189 0.3628526645768026 2.5000000000000004 0.12660256410256412
decision_type=10 10 2 2 2 2 8 2 10 2 2 2 2 8
left_child=1 2 3 6 -5 -6 7 8 -1 10 -8 -11 -13 -12
right_child=-2 -3 -4 4 5 -7 9 -9 -10 11 13 12 -14 -15
leaf_value=-0.0063685698832428991 0.024015657058993525 -0.014470772917357527 0.01970131396255519 -0.0019382526204893996 0.023381438571130654 -0.0014817800088463759 0.011946464031972269 -0.023481380156181328 0.018959514859634149 -0.001066623038945947 0.011670606504820144 -0.0084178403191187499 0.024532349727478583 -0.021394884597388295
leaf_weight=39.999076998792589 8.0569474473595601 24.325151789700612 12.737190211191772 55.180934958159924 33.864949805662036 20.527638205327094 10.593799155205486 28.119421995710582 10.275603931397198 33.128660299349576 3.5093821892514852 5.0612089843489256 24.950432013720274 21.538491333369166
leaf_count=909 55 2850 183 1256 535 288 145 664 225 1097 49 158 395 553
internal_value=0.0016192 0.000705228 0.00215525 0.00105158 0.00658308 0.0146633 -0.00245612 -0.00928904 5.49668e-05 0.00315281 -0.00694331 0.00894319 0.018567 -0.0155911
internal_weight=331.869 323.812 299.487 286.75 109.574 54.3926 177.176 78.3941 50.2747 98.782 35.6417 63.1403 30.0116 25.0479
internal_count=9362 9307 6457 6274 2079 823 4195 1798 1134 2397 747 1650 553 602
is_linear=0
shrinkage=0.035


Tree=150
num_leaves=15
num_cat=0
split_feature=87 83 118 65 49 116 114 114 45 50 76 55 98 60
split_gain=5.04448 5.59858 5.57918 7.03397 5.5844 5.53539 5.07928 6.66787 5.97044 5.03787 4.48963 5.99099 5.24926 5.11873
threshold=1.5000000000000002 1537.5000000000002 0.70659971305595415 1.8603896103896107 0.062019230769230778 0.90521114106019784 0.087228260869565227 0.066987179487179499 0.069971440228478191 0.11647286821705428 0.46733094779649481 0.56736587333602262 1.037749287749288 0.9363390746369471
decision_type=8 10 2 8 2 2 2 2 2 2 8 10 2 2
left_child=-1 2 3 -2 5 6 7 10 -9 -5 13 -12 -13 -4
right_child=1 -3 4 9 -6 -7 -8 8 -10 -11 11 12 -14 -15
leaf_value=0.019175687765038248 -0.007609535073541852 -0.017507665625051825 -0.022603293284213392 0.02343777842782627 0.016160127487229465 0.014300967148687657 -0.011384066719050373 0.032883539556313179 -0.0025097444004133374 -0.0060944533754411822 -0.013842709052824864 -0.0057892938736949897 0.01382574562605718 3.3578430820880865e-05
leaf_weight=11.624202667735515 15.595948178321121 17.331895470852032 20.857505307532847 30.472869671881199 15.183354903943835 15.974745957180856 78.976166951470077 7.7709490749985006 9.5484116622246784 6.6144781447947016 18.569171889452264 23.212001641280949 39.396772832144052 23.201933702453971
leaf_count=166 524 2512 444 674 244 267 1599 91 260 209 629 528 878 447
internal_value=0.000371274 -0.00058832 0.00063853 0.0104692 -0.00157441 -0.00301796 -0.00455491 -0.000514018 0.0171798 0.0180724 -0.00352655 0.00144155 0.0066632 -0.0118941
internal_weight=334.33 322.706 305.374 52.6833 252.691 237.508 221.533 142.557 17.3194 37.0873 125.237 81.1779 62.6088 44.0594
internal_count=9472 9306 6794 1407 5387 5143 4876 3277 351 883 2926 2035 1406 891
is_linear=0
shrinkage=0.035


Tree=151
num_leaves=15
num_cat=0
split_feature=10 112 110 110 61 65 100 106 99 117 56 116 81 47
split_gain=6.97121 3.94782 4.45109 5.90575 5.9095 5.20637 5.37489 5.03679 5.37682 5.00286 4.95246 5.59285 4.86033 6.12165
threshold=3.5000000000000004 0.14550264550264552 37.250000000000007 44.250000000000007 0.86319073083778985 2.2426470588235299 0.41421568627450983 633.57083333333344 0.46770833333333339 0.71060794044665021 0.3623737373737374 0.54606060606060614 415.26732124042229 0.12973352033660593
decision_type=2 2 10 8 2 10 2 10 2 2 10 2 8 2
left_child=1 2 7 4 -4 9 -7 8 -1 -5 11 -9 -10 -14
right_child=-2 -3 3 5 -6 6 -8 10 12 -11 -12 -13 13 -15
leaf_value=0.014338989607192199 -0.017850162467181234 -0.014343089945470544 0.017139014719739339 -0.0065572491989380251 -0.020898426358950672 0.013175781334409749 -0.014867233336510136 -0.014750956939115266 0.015678121545459212 0.023907193933320529 0.027509608347210637 0.016876802776551698 -0.0088788867113833055 0.020620431949418705
leaf_weight=32.226181305246428 17.330145218875259 11.57637415640056 2.1832343081478056 69.038215632550418 22.16483335243538 52.714328904170543 5.5359218104276797 7.8981971056200591 11.366275251843033 2.3503860866185269 20.54867416783236 9.7280753492377681 63.35181262367405 5.0695046742912373
leaf_count=474 1245 435 50 3199 593 1507 177 116 93 66 330 95 989 59
internal_value=0.00108066 0.00238175 0.00323993 -0.000946979 -0.0151488 0.00218385 0.00954607 0.00742492 0.00334258 -0.00405505 0.0176291 0.00257674 -0.00168253 -0.0054378
internal_weight=333.082 315.752 304.176 153.987 24.3481 129.639 58.2503 150.189 112.014 71.3886 38.1749 17.6263 79.7876 68.4213
internal_count=9428 8183 7748 5592 643 4949 1684 2156 1615 3265 541 211 1141 1048
is_linear=0
shrinkage=0.035


Tree=152
num_leaves=15
num_cat=0
split_feature=87 87 116 55 98 70 110 54 123 56 95 24 117 116
split_gain=4.4981 5.14832 5.30101 5.13024 7.60513 8.08591 7.72201 7.52778 6.01276 5.54779 5.59354 6.54738 7.1315 5.0616
threshold=1.5000000000000002 118.50000000000001 0.66397849462365599 0.82247899159663873 0.89039039039039047 11.392307692307694 16.250000000000004 0.34848484848484856 1.5000000000000002 0.65030120481927722 26003.000000000004 3.5000000000000004 0.12916666666666668 0.089572192513368995
decision_type=8 8 2 8 2 8 8 10 2 10 2 2 2 2
left_child=-1 2 -2 9 6 13 -5 8 -7 10 11 -3 -13 -6
right_child=1 3 -4 4 5 7 -8 -9 -10 -11 -12 12 -14 -15
leaf_value=0.017884289891943916 -0.022422511319917734 0.0067149014243020428 0.011475547142237495 0.018540094324187645 0.016421949782167388 0.025964766972541058 -0.016444620243395134 -0.0013595599785319135 -0.0027471303897895942 -0.015189840681061505 0.016838167410265788 0.021051039026833463 -0.012748562221672579 -0.015656340207179691
leaf_weight=12.642331906594334 17.478349612327296 48.806698870612308 4.1023791283369055 5.8157290634699192 3.7838977782521424 49.35740521736443 25.337704183766618 23.77465398516506 9.6168544788379204 31.400975128635764 16.133558513363823 4.0659786853939286 63.789918224792928 16.89238406997174
leaf_count=170 1924 1237 144 87 119 728 571 917 163 1237 383 33 1370 345
internal_value=0.000678378 -0.000265031 -0.0150322 0.00103147 0.00598393 0.0104551 -0.00825281 0.0151808 0.021434 -0.00308452 0.000225208 -0.00266982 -0.00941755 -0.0077311
internal_weight=332.999 320.356 21.5807 298.776 134.579 103.425 31.1534 82.7489 58.9743 164.197 132.796 116.663 67.8559 20.6763
internal_count=9428 9258 2068 7190 2930 2272 658 1808 891 4260 3023 2640 1403 464
is_linear=0
shrinkage=0.035


Tree=153
num_leaves=15
num_cat=0
split_feature=32 98 63 23 82 114 101 96 115 54 92 59 106 106
split_gain=4.88773 7.22329 6.59203 6.36215 5.2401 5.11169 4.54134 5.40122 6.05847 6.48615 5.74787 5.45543 5.16559 6.898
threshold=2.5000000000000004 1.2886904761904765 0.53798076923076932 2.5000000000000004 8.5000000000000018 0.060915275200989494 0.54692082111436957 1.1129326047358836 0.2228132387706856 0.1126984126984127 57603.000000000007 0.6906926406926408 167.10000000000002 830.43750000000011
decision_type=2 2 2 2 8 2 2 2 2 8 2 2 10 10
left_child=4 -2 -3 -4 5 -1 7 12 9 11 -11 -9 -6 -14
right_child=1 2 3 -5 6 -7 -8 8 -10 10 -12 -13 13 -15
leaf_value=0.032527647602107267 -0.0041215579598185186 -0.0057358671329660448 0.03065485760425073 0.00098064986758110667 -0.0092122645348059976 -0.0065599319890516684 -0.013105785882627402 -0.0055391396151755852 0.0063579922978020311 -0.018777120869363957 -0.00083772328850448784 0.024462341013456356 0.0340256232292553 0.00059444215698219291
leaf_weight=5.3782240054570121 34.638271881034598 11.416973476763813 25.933599872281775 12.873180886963381 8.1672132939565909 4.444308381062001 38.463926085503772 13.936920656822624 50.175212819362059 52.501955388113856 36.100681434152648 8.0318217519670707 10.992061869008468 14.68419386516325
leaf_count=126 729 298 483 381 442 152 1753 321 1091 1640 1010 292 219 473
internal_value=0.000899622 0.00788159 0.0157835 0.0220466 -0.00164968 0.018595 -0.00287557 -0.000575744 -0.00331502 -0.00778962 -0.011903 0.0079312 0.011187 0.0181196
internal_weight=327.739 84.862 50.2238 38.8068 242.877 9.82253 233.054 194.59 160.747 110.571 88.6026 21.9687 33.8435 25.6763
internal_count=9410 1891 1162 864 7519 278 7241 5488 4354 3263 2650 613 1134 692
is_linear=0
shrinkage=0.035


Tree=154
num_leaves=15
num_cat=0
split_feature=87 50 59 109 45 119 76 41 40 92 113 91 0 0
split_gain=5.18691 4.46587 5.01387 6.25988 5.1604 4.41568 4.23928 5.2371 5.82127 4.81326 4.7016 4.93997 5.61369 4.48979
threshold=1.0000000180025095e-35 0.10050505050505053 0.84698996655518399 3654.0000000000005 0.14962686567164182 0.50704874980660375 0.3896352499341208 3.5000000000000004 25.500000000000004 39718.000000000007 0.052177858439201454 3765.4381051164778 9.818535879629632 65.416354166666679
decision_type=8 2 2 8 2 10 10 8 2 2 2 10 2 2
left_child=-1 2 6 5 -5 -4 7 13 -9 10 11 12 -8 -2
right_child=1 -3 3 4 -6 -7 9 8 -10 -11 -12 -13 -14 -15
leaf_value=0.019450190323153104 0.011110219367448588 -0.0094347032435897083 0.015211070453343916 0.035895095941084566 -0.0023494291983496185 -0.015007962001685551 0.017510299820424388 -0.018747380349754598 0.012108435076911873 -0.002893364764964922 -0.0057622820147493229 0.022215561348605622 -0.012177480595877789 -0.010866438785103334
leaf_weight=11.47467439714819 24.088317577028647 53.526634474284947 5.1959730307571617 10.684879618696867 5.1607833267189553 9.3765891310758871 8.7977865352295357 39.621969345025718 5.4265085870865724 79.714690570486709 16.271284743677825 30.597963874926791 12.974750464083625 13.902859049383549
leaf_count=124 681 2250 135 229 168 247 125 1017 100 2234 495 710 301 564
internal_value=0.000301548 -0.000687945 0.00124358 0.0135091 0.0258633 -0.00309983 -0.000620409 -0.00673021 -0.0141922 0.00290737 0.0093829 0.0141805 0.000848489 0.00273942
internal_weight=326.816 315.341 261.814 30.4182 15.8457 14.5726 231.396 83.0397 45.0485 148.356 68.6418 52.3705 21.7725 37.9912
internal_count=9380 9256 7006 779 397 382 6227 2362 1117 3865 1631 1136 426 1245
is_linear=0
shrinkage=0.035


Tree=155
num_leaves=15
num_cat=0
split_feature=11 20 63 75 97 21 40 74 54 96 73 61 41 119
split_gain=5.0105 7.0107 5.52175 4.04324 6.41672 5.08037 5.46909 4.31042 6.95102 6.54652 4.78407 4.42252 3.97917 3.77901
threshold=14.500000000000002 1.5000000000000002 0.53139076576576583 1.6899038461538465 3.3023610398535825 7.5000000000000009 26.500000000000004 14.750000000000002 0.22474747474747478 1.7979591836734696 13.500000000000002 0.89897959183673481 6.5000000000000009 3.5215741689311066
decision_type=2 2 2 8 2 2 2 8 8 2 10 2 10 10
left_child=1 3 13 4 -1 7 -7 9 -9 10 -5 -11 -3 -2
right_child=2 12 -4 5 -6 6 -8 8 -10 11 -12 -13 -14 -15
leaf_value=-0.0058924955156425401 -0.024099662227117749 5.1311565437758861e-05 0.019017870241164605 0.003903260185525303 0.018068209056437093 -0.01423955995581808 0.012864633366489233 0.024521340960823115 0.0013368468893620387 -0.012449106766600678 -0.01713555475472716 0.019301497722482172 -0.018549386311074948 0.010101107147771194
leaf_weight=18.313908151583746 3.6438507055863729 22.148760073818266 26.308848813176155 18.081859293393791 33.026784372981638 44.785568132996559 7.0672912090085438 17.887220032978803 53.521821885835379 3.4489236914087096 32.299598294543102 15.39692160137929 33.583350179018453 3.4426119229756296
leaf_count=649 63 766 591 642 704 819 126 372 1859 61 1298 200 1254 48
internal_value=0.000393598 -0.0011143 0.0123034 0.00150677 0.00975669 -0.000884952 -0.00973888 0.00260179 0.00836891 -0.0035101 -0.00991405 0.0120989 -0.0117616 -0.0101795
internal_weight=332.957 299.562 33.3953 243.83 51.3407 192.489 51.8529 140.636 71.409 69.2273 50.3815 18.8458 55.7321 7.08646
internal_count=9452 8750 702 6730 1353 5377 945 4432 2231 2201 1940 261 2020 111
is_linear=0
shrinkage=0.035


Tree=156
num_leaves=15
num_cat=0
split_feature=96 98 55 70 92 71 110 106 16 38 99 118 92 101
split_gain=5.09523 4.47523 6.02139 10.5722 4.82726 4.80736 4.55067 5.20095 6.10054 3.8515 3.76244 4.1305 3.54245 3.29229
threshold=4.0303030303030312 0.89039039039039047 0.92450142450142458 13.105555555555556 7336.5000000000009 2.7095204363523719 82.250000000000014 38.354166666666679 22.500000000000004 4.5000000000000009 0.36515151515151517 0.68237250554323736 19917.500000000004 0.54692082111436957
decision_type=2 2 8 10 2 10 10 10 2 2 2 2 2 2
left_child=1 10 4 -4 -3 9 7 -5 12 -6 -1 -12 -9 -7
right_child=-2 2 3 6 5 13 -8 8 -10 -11 11 -13 -14 -15
leaf_value=0.0062987671347899095 0.021901536952591723 0.012966836528984943 -0.0044702437680996044 -0.0076026365902942365 -0.014920367597772264 0.0025780493794646986 -0.0019765384411116666 0.0038991353267905163 -0.0054961529291140771 0.0069754510237603172 0.0058944170369032061 -0.022169031178521141 0.038534072437029013 -0.012352814815655309
leaf_weight=8.2890509706921858 6.6446919925510874 14.867960715433581 46.73728428594768 3.7604368748143306 62.381886204238981 86.316483327653259 9.9694339670240861 5.59132684813813 4.4009405518881968 8.5069699659943563 5.8391509926877943 25.834364057052881 21.633304511196911 17.565921196015552
leaf_count=147 119 396 1313 68 1965 2483 391 101 60 246 220 633 437 815
internal_value=-0.00086801 -0.00166632 -2.93152e-05 0.00709064 -0.00358024 -0.00530941 0.0182647 0.023506 0.0277379 -0.0120063 -0.0119204 -0.0168971 0.0331295 -0.000397991
internal_weight=328.339 321.695 281.732 92.0927 189.639 174.771 45.3554 35.386 31.6256 70.8889 39.9626 31.6735 27.2246 103.882
internal_count=9394 9275 8275 2370 5905 5509 1057 666 598 2211 1000 853 538 3298
is_linear=0
shrinkage=0.035


Tree=157
num_leaves=15
num_cat=0
split_feature=119 54 88 71 100 50 70 98 94 3 93 50 116 95
split_gain=6.81337 7.1602 4.79055 4.34142 5.33768 6.0078 6.48054 6.63591 5.83748 5.23978 5.23793 4.83915 4.75157 5.13044
threshold=0.77303240518350214 0.44949494949494956 1079.5000000000002 5.6419189967520653 0.063164893617021281 0.016530054644808747 14.509259259259261 1.6715686274509807 62113.000000000007 57.500000000000007 45411.000000000007 0.10676291793313071 0.16172624237140368 5400.0000000000009
decision_type=10 8 10 8 2 2 10 2 2 2 2 2 2 2
left_child=-1 2 3 4 8 -6 -7 -8 9 -2 -5 -9 -12 -14
right_child=1 -3 -4 10 5 6 7 11 -10 -11 12 -13 13 -15
leaf_value=0.012284614306939399 -0.0071427186511816808 -0.016713619712224612 0.022159518941302386 -0.0064470748130095821 0.0030673049279779509 -0.020341099333936595 -0.011568482466774633 0.035164127394422491 0.014143679530068802 0.021309772008434324 -0.0076266786394598492 -0.0082311245538189363 -0.0010717085435816825 0.031347942981952162
leaf_weight=55.953648991882801 49.756410524016246 25.314318947028369 7.7986768782138816 14.463715855497865 39.552640439709648 44.793268402805552 11.716030444949867 4.3473229515366247 35.124252516310662 4.3534055431373408 5.4154528134968158 2.3715384041424841 7.7859449291136142 16.875851297518238
leaf_count=1453 1309 1224 54 417 844 1646 323 127 898 68 205 89 244 470
internal_value=0.00171507 -0.000661716 0.001303 0.000170961 -0.00216148 -0.00743693 -0.0137511 0.00318479 0.00398703 -0.00324465 0.00942938 0.0228703 0.0168948 0.0226574
internal_weight=325.622 269.669 244.355 236.556 192.015 102.781 63.2282 18.4349 89.2341 54.1098 44.541 6.71886 30.0772 24.6618
internal_count=9371 7918 6694 6640 5304 3029 2185 539 2275 1377 1336 216 919 714
is_linear=0
shrinkage=0.035


Tree=158
num_leaves=15
num_cat=0
split_feature=88 83 112 43 30 63 74 26 89 75 98 32 45 70
split_gain=4.32507 4.68505 3.91586 4.12407 6.71076 6.36755 6.88798 5.18807 4.62703 5.47933 5.52643 7.71875 6.81485 5.04817
threshold=1079.5000000000002 1367.0000000000002 0.16869918699186995 0.39504283965728276 1.0000000180025095e-35 0.39642857142857152 11.250000000000002 22.500000000000004 739.75000000000011 1.7165178571428574 1.589572192513369 1.5000000000000002 0.07419919919919922 14.509259259259261
decision_type=10 10 2 2 2 2 10 2 8 8 2 2 2 10
left_child=1 2 3 4 8 -5 -7 -8 -1 -10 12 13 -11 -12
right_child=-2 -3 -4 5 -6 6 7 -9 9 10 11 -13 -14 -15
leaf_value=0.019095136530382972 0.020540398505433131 -0.013470814327929584 -0.017984202356109223 -0.0081667987652325833 -0.016443632120731282 -0.0052182756755785866 0.023493399509828452 -0.0067799004284945169 0.011762020047427966 0.0018208590918796612 -0.015166061817760517 0.021229991543133087 -0.016691613161643817 0.011635183107428842
leaf_weight=12.734257392119614 8.6167209297418577 22.407936360221356 7.0278241341002277 17.757063636556268 22.4509854959324 15.883355242665855 43.49459036719054 5.8364800270646802 34.838634386193007 45.571063583251089 17.43680690089241 18.73167521879077 45.233378482516855 9.4380103470757586
leaf_count=167 61 2850 233 498 365 316 779 97 781 888 578 431 1148 258
internal_value=0.00122165 0.000390483 0.00164435 0.00241833 -0.000279198 0.00876426 0.0136276 0.0196174 0.00207617 0.000304816 -0.00293371 0.00655122 -0.0077908 -0.00540518
internal_weight=327.459 318.842 296.434 289.406 206.435 82.9715 65.2144 49.3311 183.984 171.25 136.411 45.6065 90.8044 26.8748
internal_count=9450 9389 6539 6306 4616 1690 1192 876 4251 4084 3303 1267 2036 836
is_linear=0
shrinkage=0.035


Tree=159
num_leaves=15
num_cat=0
split_feature=54 107 55 23 126 55 63 66 42 50 63 74 86 119
split_gain=5.02976 4.97717 5.10625 4.67316 4.47413 4.69694 4.80638 5.11412 4.35841 3.87762 3.68159 3.85329 3.77131 3.81003
threshold=0.093386627906976757 1788.988126313536 0.64365079365079381 8.5000000000000018 1.0000000180025095e-35 0.92450142450142458 0.61498397435897456 2.0343637680652829 8.5000000000000018 0.056003584229390689 0.39642857142857152 14.750000000000002 234.60007759891195 0.8144879441188323
decision_type=8 10 10 2 2 10 2 10 8 2 2 8 8 10
left_child=1 2 -1 -3 10 6 7 -6 9 -7 11 -2 -12 -14
right_child=4 3 -4 -5 5 8 -8 -9 -10 -11 12 -13 13 -15
leaf_value=-0.012740129879486533 -0.017826930889614161 0.035257579780391235 0.015254780997831828 -0.0087364726343549803 -0.011925612381798239 0.014678964746139767 -0.018468942806718486 0.014621567850068696 -0.012846494165013636 -0.0064221183839996959 0.020537869962281539 0.0079406491639973254 0.014108948912918895 0.001077390136049566
leaf_weight=9.7539405871648359 12.510581303155051 10.642034384189172 12.611696167849002 1.5433964347466815 13.543718853965403 29.254445492988452 33.267568839946762 12.094214578159152 10.91125319781713 12.081497007282449 15.430917368503286 8.181403652764855 31.316903729923069 117.00446765497327
leaf_count=387 501 320 172 78 497 618 1099 232 146 450 304 283 828 3538
internal_value=0.00280992 0.0145389 0.00294879 0.0287647 0.00121994 -0.00421209 -0.0106088 0.000939979 0.00329652 0.00848414 0.00451825 -0.0080761 0.00630182 0.00419928
internal_weight=330.148 34.5511 22.3656 12.1854 295.597 111.153 58.9055 25.6379 52.2472 41.3359 184.444 20.692 163.752 148.321
internal_count=9453 957 559 398 8496 3042 1828 729 1214 1068 5454 784 4670 4366
is_linear=0
shrinkage=0.035


Tree=160
num_leaves=15
num_cat=0
split_feature=69 98 55 114 116 63 101 110 34 119 40 117 66 69
split_gain=5.66044 6.5569 7.5701 5.6718 7.33129 5.11143 4.72797 4.45075 4.80152 4.39051 4.73917 4.18275 6.99065 4.18186
threshold=2.7500000000000004 1.320714285714286 0.77525466893039063 0.10063291139240509 0.30495169082125612 0.60544848035581922 0.62202380952380965 85.250000000000014 5.5000000000000009 0.62711717603783845 14.500000000000002 0.57294832826747732 3.5386325357480497 1.2500000000000002
decision_type=8 2 10 2 2 2 2 10 2 8 2 2 10 10
left_child=1 9 3 4 -3 11 -7 8 -4 -1 -11 -2 -13 -6
right_child=5 2 7 -5 13 6 -8 -9 -10 10 -12 12 -14 -15
leaf_value=0.010212702421283956 0.026627450667592666 -0.011342629601740236 0.024542187047463228 -0.017718610366130514 0.029380192076892488 0.0037447445501327913 -0.018099737988704991 -0.004358653773284797 -0.011338962418541081 -0.016673538222362321 0.00275102035342144 -0.0038162139105067305 0.021707420680817973 0.002670784813960457
leaf_weight=8.2931085601448995 15.558041421696542 21.293225933099166 26.539631438441578 20.077980894595385 7.6325133205391493 61.475921023171395 9.8495681646745634 10.015573843382297 2.3673223119694731 61.50158309773542 18.351589753990993 30.033540244447067 16.821434019133449 19.295151413418353
leaf_count=181 470 1087 629 858 259 1290 385 439 68 2114 420 461 209 571
internal_value=0.000829862 -0.00294608 0.0028383 -0.00418217 0.00258918 0.00625322 -0.000259913 0.0142311 0.020365 -0.00975688 -0.0123104 0.0131636 0.00655659 0.0136569
internal_weight=329.106 195.368 107.221 68.2989 48.2209 133.739 71.3255 38.9225 28.907 88.1463 79.8532 62.413 46.855 26.9277
internal_count=9441 6626 3911 2775 1917 2815 1675 1136 697 2715 2534 1140 670 830
is_linear=0
shrinkage=0.035


Tree=161
num_leaves=15
num_cat=0
split_feature=87 94 54 117 68 117 93 97 93 56 50 32 92 109
split_gain=5.09127 5.36794 5.20817 3.83018 7.71753 4.31564 10.0315 4.91698 5.58052 5.93221 5.06404 4.72086 4.02284 3.93709
threshold=1.5000000000000002 27420.750000000004 0.093386627906976757 0.12916666666666668 4.5000000000000009 0.39339826839826847 24277.000000000004 3.1034482989257457 51987.500000000007 0.60158730158730167 0.028991596638655467 1.5000000000000002 76371.000000000015 1499.0000000000002
decision_type=8 2 8 2 10 2 2 2 2 10 2 2 2 10
left_child=1 -1 -2 4 13 6 -5 8 -7 10 12 -12 -10 -4
right_child=2 -3 3 5 -6 7 -8 -9 9 -11 11 -13 -14 -15
leaf_value=-0.010605687738794852 0.012537741106179503 0.029513886494939984 0.0091117138929401684 0.019110843116987415 0.02994197190931476 -0.0077633399358481119 -0.021506925476139457 -0.004037318342783894 0.038148441496068469 -0.0065298304499181517 -0.01191553816689845 0.022408059747983246 -0.0035517492691023722 -0.013415246142488695
leaf_weight=2.783054436556994 31.882347597274929 9.205757749732582 15.170516822719948 5.342556051677092 8.7350656618364138 15.904164527775718 29.339889316121116 161.86003372468986 13.378832309506835 9.4087407991755736 7.6501960374880564 3.0521403606981039 2.403752756305038 13.067567874677477
leaf_count=35 916 136 489 203 81 627 1659 3764 299 472 279 68 70 366
internal_value=0.00115326 0.0198202 0.000151087 -0.00142516 0.00840209 -0.0030252 -0.0136305 -0.00103135 0.00789033 0.0149275 0.0223766 0.00189137 0.0324708 -0.00176282
internal_weight=329.185 11.9888 317.196 285.313 36.9732 248.34 34.6824 213.658 51.7978 35.8937 26.4849 10.7023 15.7826 28.2381
internal_count=9464 171 9293 8377 936 7441 1862 5579 1815 1188 716 347 369 855
is_linear=0
shrinkage=0.035


Tree=162
num_leaves=15
num_cat=0
split_feature=92 32 117 65 121 54 93 117 113 98 44 71 82 109
split_gain=4.31375 6.97325 7.75147 7.51858 6.9895 5.95863 5.34586 4.74712 4.67958 4.45631 5.0754 5.54387 6.60554 5.11434
threshold=57284.500000000007 9.5000000000000018 0.21498599439775914 1.7290209790209794 2.5000000000000004 0.13840996168582378 18270.500000000004 0.3816526610644258 0.023904761904761908 0.94590643274853814 0.44977064220183494 1.6372347310774018 297.50000000000006 6187.5000000000009
decision_type=2 2 2 10 2 8 2 2 2 2 2 8 8 8
left_child=1 2 3 -1 7 8 -7 -3 -4 -2 11 -11 -13 -12
right_child=9 4 5 -5 -6 6 -8 -9 -10 10 13 12 -14 -15
leaf_value=-0.0092368498208885465 -0.0086869701797537783 -0.0093022715652887038 0.012188846318889454 0.023568029474132848 -0.0058264473782426683 0.00310369556694079 -0.018131679626816267 0.026940528248955074 -0.0084885999305900212 0.020676301318177118 0.0054644246599611533 0.021836049301751509 -0.006771717692089182 0.032994605075472611
leaf_weight=11.436924016568812 19.09152862499468 2.8360848240554359 19.739656615303829 14.706086700316517 17.925847529899329 16.155646480852738 74.271318257320672 18.423736159689724 24.328797422815114 11.327491733944042 20.903594601899385 6.9014711384661487 54.344800253631547 12.014673543628303
leaf_count=427 477 110 509 270 359 438 2619 334 749 337 526 527 1500 275
internal_value=0.000325972 -0.00284091 -0.00607628 0.0100378 0.00960896 -0.00945604 -0.0143739 0.0212551 0.00107172 0.00531908 0.00813224 0.00252156 -0.00214329 0.0185383
internal_weight=324.408 199.824 160.638 26.143 39.1857 134.495 90.427 21.2598 44.0685 124.584 105.492 72.5738 61.2463 32.9183
internal_count=9457 5815 5012 697 803 4315 3057 444 1258 3642 3165 2364 2027 801
is_linear=0
shrinkage=0.035


Tree=163
num_leaves=15
num_cat=0
split_feature=57 42 1 46 45 119 93 117 92 115 113 116 116 0
split_gain=3.86441 5.5245 5.14733 4.70131 5.49029 4.49946 6.18506 7.2748 4.44938 4.61196 4.43287 6.32776 4.02024 3.78949
threshold=0.48683298683298687 6.5000000000000009 12.500000000000002 0.028174603174603175 0.14854215918045707 0.77303240518350214 80179.500000000015 0.66018867924528313 44411.500000000007 0.26365441906653431 0.030457637600494747 0.56840463458110524 0.57947368421052647 57.698668981481489
decision_type=8 10 2 2 2 10 2 2 2 2 2 2 2 2
left_child=3 5 -3 -1 10 -2 7 -7 -9 -10 11 -5 -8 -12
right_child=1 2 -4 4 -6 6 12 8 9 -11 13 -13 -14 -15
leaf_value=-0.010813715108727175 0.010251903426315835 0.030345044728552796 0.00031714490896354332 0.0011960119027971229 -0.013855220730095893 -0.016603140204450025 0.018813682335039807 -0.0078505166576582092 0.024340807960576822 -0.0073630750838566961 -0.01195101346896158 0.025826894545503187 -0.010124448196198345 0.0080421499088688397
leaf_weight=56.109286464517936 42.985146971885115 12.455220420379193 11.845392930554224 30.704716233536601 18.345347691327333 41.102611859096214 17.023092455929149 15.952123514376579 11.800014942884447 5.618124453816562 21.862558773020282 17.531429700553417 4.4432658317964515 15.905837877653537
leaf_count=1833 1240 179 177 934 781 1822 613 273 186 119 515 202 70 513
internal_value=0.000711745 0.00443751 0.0182598 -0.0030978 0.00135582 0.00146937 -0.00277852 -0.00753954 0.00433301 0.0147534 0.0051834 0.011733 0.0120427 -0.00357523
internal_weight=323.684 163.225 24.3006 160.459 104.35 138.924 95.9392 74.4729 33.3703 17.4181 86.0045 48.2361 21.4664 37.7684
internal_count=9457 4679 356 4778 2945 4323 3083 2400 578 305 2164 1136 683 1028
is_linear=0
shrinkage=0.035


Tree=164
num_leaves=15
num_cat=0
split_feature=54 48 81 113 21 11 66 111 27 59 71 123 98 71
split_gain=4.32011 5.31926 4.50887 3.58205 4.70043 4.31099 7.3399 4.2982 3.68393 4.98053 4.37692 3.55034 4.2304 5.54116
threshold=0.22474747474747478 0.1023024594453166 168.07894622118144 0.02339261285909713 7.5000000000000009 9.5000000000000018 0.83559149346517814 0.021858576206402299 19.500000000000004 0.73557158712541637 3.9012030199615695 1.0000000180025095e-35 1.7912885662431945 1.4160719276834464
decision_type=8 2 8 2 2 2 10 2 2 2 8 2 2 8
left_child=1 3 -2 5 -5 6 -1 -6 9 -9 -10 12 -4 -14
right_child=2 -3 11 4 7 -7 -8 8 10 -11 -12 -13 13 -15
leaf_value=0.016113207418404493 0.017397737147455874 0.028184808405921444 0.0029355459216451017 0.010242660941723998 -0.018066815172201038 0.016215921274568581 -0.0087370696602109034 -0.018080881712629782 0.020422617031510763 0.011069087868522516 -0.0085811959382880304 -0.013733677438238268 0.013347722937101103 -0.019106445254123059
leaf_weight=18.89234495582059 7.3265141546726218 6.3787207941059014 77.190092051168904 23.212408511666581 20.628339294111356 37.701723730424419 32.329947352409363 15.289386512711646 11.810658418806272 7.0122848181053987 6.6961180162616065 34.224339529406279 4.5914734043180969 21.665049038128927
leaf_count=462 89 110 2573 650 521 763 827 362 282 168 225 1345 145 911
internal_value=0.00134135 0.00490396 -0.00309617 0.00328319 -0.00184035 0.00799876 0.00104635 -0.00683291 0.000197911 -0.00856669 0.0103354 -0.0047583 -0.00129259 -0.0122039
internal_weight=324.949 179.952 144.997 173.573 84.6492 88.924 51.2223 61.4368 40.8084 22.3017 18.5068 137.671 103.447 26.2565
internal_count=9433 4370 5063 4260 2208 2052 1289 1558 1037 530 507 4974 3629 1056
is_linear=0
shrinkage=0.035


Tree=165
num_leaves=15
num_cat=0
split_feature=49 50 97 116 91 110 9 95 106 34 91 26 70 57
split_gain=4.26567 4.46563 4.94535 5.76724 5.37111 4.88285 4.64185 5.38535 6.03819 5.07359 5.3861 7.79921 6.40699 5.35952
threshold=0.062019230769230778 0.20416666666666669 6.7305284695727616 0.90521114106019784 6525.2344754630913 35.750000000000007 6.5000000000000009 3197.5000000000005 280.73268398268402 5.5000000000000009 3736.6899829017552 18.500000000000004 9.9750000000000014 0.267948717948718
decision_type=2 2 2 2 10 10 2 2 10 2 10 2 10 10
left_child=1 2 4 -4 6 -6 7 8 -1 10 -8 12 -12 -14
right_child=-2 -3 3 -5 5 -7 9 -9 -10 -11 11 -13 13 -15
leaf_value=0.001766751040267651 0.015252943932928101 -0.017436456008670793 -0.0097275256561141117 0.014378679017569644 0.0061107889717874819 -0.014134603532683981 0.0018695398205511838 -0.0051420688114236128 0.027597059947762466 -0.010615362207401538 -0.010172485040562269 -0.00023845825601209405 0.0040292973107377847 0.046129197200692904
leaf_weight=35.187238747719675 19.522093128412962 11.878130062250419 70.656817255308852 9.9158505629748088 21.643618424423039 29.119506692513824 19.981217492371798 55.382650595391169 11.71537493704818 5.8007639029528937 1.7095012112986321 11.221238449215887 5.6624748420435962 17.466643855674192
leaf_count=1360 416 593 1381 158 407 1362 467 1903 269 204 50 267 192 392
internal_value=0.00120492 8.27091e-05 0.00106545 -0.00609404 0.00382742 -0.00572874 0.00686504 0.00206743 0.0102557 0.014052 0.0172656 0.0245303 0.0338849 0.0383706
internal_weight=326.863 307.341 295.463 80.5727 214.89 50.7631 164.127 102.285 46.9026 61.8418 56.0411 36.0599 24.8386 23.1291
internal_count=9421 9005 8412 1539 6873 1769 5104 3532 1629 1572 1368 901 634 584
is_linear=0
shrinkage=0.035


Tree=166
num_leaves=15
num_cat=0
split_feature=82 10 110 93 98 70 55 65 44 70 110 71 82 57
split_gain=5.95563 5.19903 5.79738 7.23116 5.04247 6.65367 9.43067 6.08743 5.72408 7.24118 4.82678 4.68342 4.64463 4.40822
threshold=3.5000000000000004 3.5000000000000004 61.250000000000007 14956.000000000002 1.0571895424836604 12.019230769230772 0.81698564593301448 1.8944444444444446 0.6858552631578948 15.658333333333335 18.250000000000004 1.1547005383792517 860.50000000000011 0.46410256410256417
decision_type=8 2 10 2 2 8 10 8 2 8 8 8 8 8
left_child=-1 2 4 -4 8 7 -7 -6 9 10 -2 -8 -13 -12
right_child=1 -3 3 -5 5 6 11 -9 -10 -11 13 12 -14 -15
leaf_value=0.023877224796967654 0.0145615102801017 -0.016170216708855129 0.020352471785341081 -0.0090567626075273508 0.015301632316364572 0.004135423600905113 -0.0060844908767294517 -0.01167852493220875 0.019904726632760779 -0.025296580341724953 -0.016770510511878819 -0.0044436774190822481 0.033148664870842996 0.0049400423100057341
leaf_weight=8.9008991869632137 14.78039381932467 16.52732026623562 6.8762217811308792 80.211008356884122 10.034045133274047 63.177530148532242 3.4135284144431344 27.954013074515387 7.0159011876676223 13.209907860495148 18.234569068299606 3.3003985348623237 30.883622211404145 19.153653664747253
leaf_count=164 221 1242 174 3676 260 1258 67 507 196 350 350 161 377 457
internal_value=0.00145604 0.000458598 0.00163151 -0.00575569 0.00474086 0.00854567 0.0130783 -0.00360121 -0.00263298 -0.00629384 0.000309556 0.0258564 0.0294153 -0.00637761
internal_weight=323.673 314.772 298.245 87.0872 211.158 138.763 100.775 37.9881 72.3944 65.3785 52.1686 37.5975 34.184 37.3882
internal_count=9460 9296 8054 3850 4204 2630 1863 767 1574 1378 1028 605 538 807
is_linear=0
shrinkage=0.035


Tree=167
num_leaves=15
num_cat=0
split_feature=88 11 21 65 81 55 119 106 32 117 118 93 56 94
split_gain=4.47198 5.32753 8.77359 6.20389 4.43796 4.1536 3.85729 7.03246 6.13204 5.63708 6.7168 6.26359 6.37702 6.16949
threshold=1079.5000000000002 9.5000000000000018 10.500000000000002 4.3431372549019613 168.07894622118144 0.43875000000000003 0.78582996308391106 157.31547619047623 4.5000000000000009 0.66018867924528313 0.89512961508248245 46954.500000000007 0.43792808219178087 78170.500000000015
decision_type=10 2 2 10 8 10 10 10 2 2 2 2 10 2
left_child=1 4 5 -4 -1 -3 7 8 -6 13 11 -11 -13 -8
right_child=-2 2 3 -5 6 -7 9 -9 -10 10 -12 12 -14 -15
leaf_value=0.01554975713785192 0.019692640261559261 -0.0082497877051305284 -0.0078936724021101412 0.015280058878996951 -0.012172883917299182 0.026006177754802403 -0.016464972349628192 0.021376435968738061 0.017011445953121068 -0.0082688449344346712 -0.0098470627592794936 -0.0010127273682570771 0.030093302910906779 0.0082768985342269487
leaf_weight=9.2752433754503709 8.5979713536798936 2.7181448161136386 44.204655232373625 14.89455879665911 28.070172008359805 23.023079094942659 77.129620450083166 13.435455020517109 7.2530983018223187 14.095446582650764 41.726809650659561 13.12641330691986 14.741377196274696 11.382766451686619
leaf_count=98 60 170 1053 197 1016 456 3900 243 110 229 787 211 342 552
internal_value=3.48451e-05 -0.00080083 0.00646351 -0.00131695 -0.00355817 0.0216354 -0.0046866 0.00371973 -0.00481401 -0.00710462 -0.000476863 0.00889693 0.0175164 -0.0130107
internal_weight=323.675 315.077 84.8404 59.0992 230.236 25.7412 220.961 48.7587 35.3233 172.202 83.69 41.9632 27.8678 88.5124
internal_count=9424 9364 1876 1250 7488 626 7390 1369 1126 6021 1569 782 553 4452
is_linear=0
shrinkage=0.035


Tree=168
num_leaves=15
num_cat=0
split_feature=92 92 98 55 108 110 66 59 65 60 110 44 119 20
split_gain=3.48093 3.61767 3.75438 6.34746 6.33762 5.96161 6.82259 6.6812 5.6288 5.44876 4.65729 4.22096 4.08898 3.81664
threshold=7336.5000000000009 9918.0000000000018 1.0571895424836604 0.82247899159663873 46.500000000000007 85.250000000000014 2.5114021650893998 0.53708791208791218 5.2613636363636376 0.84668803418803429 904.75000000000011 0.5131670131670133 3.1086914497846494 1.5000000000000002
decision_type=2 2 2 10 10 10 10 2 10 2 8 2 8 2
left_child=-1 -2 4 9 8 6 7 -5 11 -4 -6 -3 -13 -9
right_child=1 2 3 5 10 -7 -8 13 -10 -11 -12 12 -14 -15
leaf_value=0.011816793178002293 -0.017845742755841876 -0.018890102460105303 -0.017518678315519509 -0.0072187897788203465 0.022831184891415814 -0.007745387221474876 -0.0051296508165800843 0.033696966015644397 0.013300996869294651 0.0015919115401224809 -0.011945615529990279 -0.010063565410995613 0.013037907104008779 0.0037940211002901766
leaf_weight=25.871856119483709 9.0853181891143304 41.681314789690077 16.722233020933345 5.7171714410651466 10.387948449002575 12.550553318345917 11.876704459078608 26.40983728854917 8.0309993466362339 111.34388863504864 3.15055841440335 20.697131025837738 9.8546633180230838 7.9313496130052945
leaf_count=628 220 1322 648 151 295 539 150 502 127 3743 122 604 164 213
internal_value=0.000632078 -0.000527733 0.00031855 0.00309929 -0.00525754 0.0116226 0.0165722 0.0228618 -0.00907088 -0.00146796 0.0136991 -0.0122583 -0.00182638 0.0281506
internal_weight=321.312 295.44 286.354 192.552 93.8026 64.4856 51.9351 40.0584 80.2641 128.066 13.5385 72.2331 30.5518 34.3412
internal_count=9428 8800 8580 5946 2634 1555 1016 866 2217 4391 417 2090 768 715
is_linear=0
shrinkage=0.035


Tree=169
num_leaves=15
num_cat=0
split_feature=56 75 106 117 21 109 114 71 110 97 50 71 30 108
split_gain=3.74782 4.70355 3.73067 4.07415 3.85439 5.35997 4.46533 4.29124 4.10647 7.50493 7.15993 7.41762 7.82028 5.83668
threshold=0.66811594202898561 2.26969696969697 157.31547619047623 0.96996753246753264 2.5000000000000004 4090.0000000000005 0.063914893617021282 1.6747417363816015 82.250000000000014 3.9203641166466823 0.081799933087989302 2.2204832299813675 3.5000000000000004 26.500000000000004
decision_type=8 8 10 2 2 10 2 8 10 2 2 8 2 10
left_child=2 -2 3 -1 7 6 -6 -4 9 10 11 -7 -13 -10
right_child=1 -3 4 -5 5 8 -8 -9 13 -11 -12 12 -14 -15
leaf_value=-0.011571227019593653 -0.013733536000064326 0.0061674778832739915 0.013018661258785617 0.0071553452541373496 0.029011005755040536 -0.0075384473983386175 0.0006225940336742591 -0.012471245435167295 -0.019829883619367401 -0.00061116293238231236 -0.0059485056122504723 0.03475763524908064 -0.010525315740366513 0.012371049525984215
leaf_weight=36.845129038672894 37.696972305420786 18.495777659351006 6.5669956158380982 17.476746249012649 15.990074726520108 6.0587033277843139 10.361482228618113 24.926814387086779 14.412367082433777 82.393024125369266 11.556639424990861 27.550098200561482 3.1351276831701389 6.5621397017966947
leaf_count=1079 1881 807 186 302 334 157 262 871 736 1595 396 555 87 165
internal_value=0.000614083 -0.00721443 0.0023846 -0.00545112 0.00449592 0.00648604 0.0197281 -0.0061007 0.00362911 0.00597284 0.0162078 0.0230542 0.0293046 -0.00931333
internal_weight=320.028 56.1927 263.835 54.3219 209.513 178.02 26.3516 31.4938 151.668 130.694 48.3006 36.7439 30.6852 20.9745
internal_count=9413 2688 6725 1381 5344 4287 596 1057 3691 2790 1195 799 642 901
is_linear=0
shrinkage=0.035


Tree=170
num_leaves=15
num_cat=0
split_feature=69 94 44 98 11 108 110 120 42 100 40 93 97 117
split_gain=5.47123 5.9565 5.46129 5.35453 7.24237 5.40029 4.69552 4.5219 4.75214 7.72113 4.40357 4.12741 4.18726 4.43949
threshold=3.2500000000000004 81484.500000000015 0.35319472616632869 1.5303308823529413 3.5000000000000004 90.500000000000014 37.250000000000007 0.011428944618599793 5.5000000000000009 0.087595907928388769 21.500000000000004 81870.500000000015 6.5747698430607295 0.39339826839826847
decision_type=10 2 2 2 2 10 8 2 10 2 2 2 2 2
left_child=1 3 -2 5 -5 6 10 8 9 -6 -1 12 13 -10
right_child=2 -3 -4 4 7 -7 -8 -9 11 -11 -12 -13 -14 -15
leaf_value=-0.006510704722408024 -0.006314233489974023 0.01445480018564829 0.016429223085418946 -0.012946896882658199 0.019548283395733702 0.012074921064326323 -0.015138109239755742 -0.0065377269441305695 -0.0051522919349130209 -0.010347577444533972 0.012418187349776479 -0.0042795531204555615 0.00031123171336790677 0.046486411029582231
leaf_weight=67.513601805549115 15.00842620921321 21.301673912908882 40.193560608662665 18.878053137566894 15.706572673982008 12.742866462329401 67.713237853720784 13.836893047904594 1.2954933978617216 17.098224834538996 14.153960671741514 3.2974826372228554 4.0444702820386729 9.4875947430264187
leaf_count=1013 322 666 623 934 500 258 3216 541 81 522 198 142 111 264
internal_value=0.000695908 -0.00142759 0.0102348 -0.00306494 0.00397275 -0.00670614 -0.00864744 0.00947887 0.0140258 0.00465853 -0.00270294 0.0263068 0.0324727 0.0406156
internal_weight=322.272 267.07 55.202 245.768 83.6448 162.124 149.381 64.7667 50.9298 32.8048 81.6676 18.125 14.8276 10.7831
internal_count=9391 8446 945 7780 3095 4685 4427 2161 1620 1022 1211 598 456 345
is_linear=0
shrinkage=0.035


Tree=171
num_leaves=15
num_cat=0
split_feature=93 110 93 32 97 68 60 72 88 10 45 98 95 54
split_gain=3.82051 4.13485 6.98086 7.08855 6.56402 6.38112 6.16073 5.34086 5.17532 4.98928 7.71877 6.36038 4.25157 4.51904
threshold=15685.000000000002 61.250000000000007 51745.000000000007 9.5000000000000018 3.0823383982598798 6.5000000000000009 0.97937925170068041 10.500000000000002 669.50000000000011 2.5000000000000004 0.15170694284618338 0.93541666666666679 22508.500000000004 0.36931818181818188
decision_type=2 8 2 2 2 10 2 8 10 2 2 2 2 10
left_child=-1 2 3 7 8 -5 9 12 -4 10 11 -6 13 -2
right_child=1 -3 4 5 6 -7 -8 -9 -10 -11 -12 -13 -14 -15
leaf_value=0.013371147320861379 -0.013858441312267883 -0.0063357728657541783 0.026735828971715506 0.024904789173098844 -0.0021685962260852912 -0.012378939383058243 -0.011086797961687642 -0.023730307963024454 -0.005957057560003985 -0.0036612855002515431 -0.010748042876360034 0.026516836894225623 0.017426077222021247 0.015096185458546364
leaf_weight=22.887814319459721 24.753556546289477 87.946730187628418 23.255597011419017 10.072098737815393 11.807119777891783 5.1448520869016638 25.234456185949966 21.263581350678578 5.4893949085380873 30.661389276152477 9.865024406462906 31.624415387166664 5.4822759202215812 4.0645979428663841
leaf_count=522 503 4193 481 156 162 73 574 539 263 1051 224 451 138 117
internal_value=0.000985477 -0.000175866 0.00250721 -0.00615313 0.00701095 0.0123552 0.0027075 -0.0118234 0.0205349 0.00724364 0.0132932 0.0192997 -0.00236211 -0.00814643
internal_weight=319.553 296.665 208.718 70.781 137.937 15.217 109.192 55.564 28.745 83.9579 53.2966 43.4315 34.3004 28.8182
internal_count=9447 8925 4732 1526 3206 229 2462 1297 744 1888 837 613 758 620
is_linear=0
shrinkage=0.035


Tree=172
num_leaves=15
num_cat=1
split_feature=10 11 118 78 1 118 20 120 131 0 74 116 60 98
split_gain=3.747 4.04331 4.01962 4.05386 5.7273 7.54453 4.55481 4.57214 4.54589 4.90581 4.41333 4.04037 3.94779 3.71958
threshold=3.5000000000000004 2.5000000000000004 0.60263157894736852 2.5000000000000004 8.5000000000000018 0.81165540540540559 1.5000000000000002 0.044949494949494954 0 2.9956192129629637 8.7500000000000018 0.30495169082125612 0.92214439655172431 0.93541666666666679
decision_type=2 2 2 10 2 2 2 2 1 2 10 2 2 2
left_child=1 -1 -3 4 5 -4 10 -8 9 -5 -6 12 -12 -13
right_child=-2 2 3 8 6 -7 7 -9 -10 -11 11 13 -14 -15
leaf_value=-0.0079154548528746205 -0.013576225822986487 0.016052174595570727 -0.0071897390562065504 0.012384172428822756 -0.012129925279010915 0.02293079533900353 -0.021333250435218238 0.012949831085226633 -0.012511074238405719 -0.0044457907680265094 -0.020248451055505112 -0.0049338066767063314 0.0082994488078492884 0.018005569599538845
leaf_weight=41.398382115643471 16.162284917430952 22.255972286453471 11.198638767004011 28.621952438959852 11.458107481012119 33.118478800868616 13.552150312112646 2.6873377657029769 26.040997347328812 52.919505019206554 6.3206318833399555 8.7166069312952441 8.2917483877390605 34.779609873425215
leaf_count=2157 1237 482 405 437 247 710 398 76 650 1332 265 131 294 542
internal_value=0.000681479 0.00165523 0.00329995 0.00179989 0.00585708 0.0153623 0.000372274 -0.013947 -0.00314956 0.00164574 0.00442601 0.00839297 -0.00606306 0.0133738
internal_weight=317.522 301.36 259.962 237.706 130.123 44.3171 85.8062 16.2395 107.582 81.5415 69.5667 58.1086 14.6124 43.4962
internal_count=9363 8126 5969 5487 3068 1115 1953 474 2419 1769 1479 1232 559 673
cat_boundaries=0 1
cat_threshold=37
is_linear=0
shrinkage=0.035


Tree=173
num_leaves=15
num_cat=0
split_feature=98 23 54 73 50 119 63 75 69 44 40 61 93 116
split_gain=5.01336 4.76256 5.19427 4.11909 4.97714 4.94344 4.35072 4.2429 3.88331 4.08283 4.33702 3.72301 5.07416 5.14615
threshold=1.0571895424836604 4.5000000000000009 0.43650793650793657 18.500000000000004 0.1023024594453166 2.624600670607006 0.46225071225071229 1.7625313283208022 3.7500000000000004 0.6858552631578948 26.500000000000004 0.96190130624092907 50173.000000000007 0.33143939393939398
decision_type=2 2 10 8 2 10 2 10 10 2 2 2 2 2
left_child=8 2 3 11 5 6 -5 -7 9 10 -1 -2 -13 -14
right_child=1 -3 -4 4 -6 7 -8 -9 -10 -11 -12 12 13 -15
leaf_value=-0.015212841504415526 -0.0045488077824828695 -0.0089937138471960915 -0.011580431749150397 -0.0012098964086618065 -0.0048619357488897978 0.021965802470352278 0.031397584188227801 -0.0050298446019538309 0.0070215059823335287 0.0074156221340413676 0.0089410437102823859 0.019371734600444158 -0.014330627847883836 0.0094160305377725476
leaf_weight=63.722693795803934 46.750642966013402 29.107282050419599 15.837636763229964 5.5772262865211841 12.398598239757119 5.6632976268883821 25.177876805886626 17.542107174405828 18.690366829978302 11.931421110406516 7.1599694387987247 22.776500855339691 14.080827939091249 22.005961355287582
leaf_count=2129 1423 1089 744 147 479 94 642 357 331 323 90 581 534 437
internal_value=0.000190424 0.00318331 0.00525481 0.00708861 0.0136068 0.0179028 0.0261421 0.00428445 -0.00605463 -0.00923756 -0.0123446 0.00256319 0.0081256 -0.000466118
internal_weight=318.422 216.918 187.811 171.973 66.3591 53.9605 30.7551 23.2054 101.504 82.8141 70.8827 105.614 58.8633 36.0868
internal_count=9400 6527 5438 4694 1719 1240 789 451 2873 2542 2219 2975 1552 971
is_linear=0
shrinkage=0.035


Tree=174
num_leaves=15
num_cat=0
split_feature=98 110 118 55 74 68 103 115 54 99 50 91 114 55
split_gain=3.50787 7.04835 6.13055 4.66399 7.50488 4.40587 4.13943 4.87603 5.25729 5.00813 4.58378 4.1432 4.28267 4.08792
threshold=0.87867647058823539 16.250000000000004 0.76043478260869579 0.82247899159663873 14.750000000000002 14.500000000000002 0.78319623971797891 0.069204980842911892 0.34848484848484856 0.84807692307692317 0.095564253098499682 2681.1887165817948 0.062019230769230778 0.83527131782945752
decision_type=2 8 2 8 10 10 2 2 10 2 2 10 2 8
left_child=1 -1 -3 5 -5 6 7 8 -2 -9 11 -11 -13 -4
right_child=3 2 13 4 -6 -7 -8 9 -10 10 -12 12 -14 -15
leaf_value=0.015307697568141208 0.0084039779761159311 0.0075833406550500663 0.00030842685601428787 0.00023616319841624929 0.018801956683011895 0.017181192692809669 0.0097687233661527418 -0.017601625617090583 -0.014805334534722773 -0.0081774025873084522 -0.016497404170452378 -0.0064041053347758496 0.024823914862510298 -0.03067318144170162
leaf_weight=7.3235786063596597 40.872718611499295 7.8419452402740744 6.6683714659884599 73.297037513693795 37.046213806141168 8.5607770201750082 19.832280058879405 48.426435766974464 11.270177356665952 10.87885685474612 10.53745530406013 5.4245628460776087 11.641893076011909 17.444187038810924
leaf_count=129 1321 316 154 1991 849 118 539 1576 508 374 467 206 434 417
internal_value=0.000155943 -0.00900683 -0.0158966 0.00158786 0.00701421 -0.00208769 -0.00361842 -0.00580056 0.00253099 -0.010665 -0.000915732 0.00657177 0.0156961 -0.0235237
internal_weight=317.066 39.2781 31.9545 277.788 110.343 167.445 158.884 139.052 52.1429 86.9092 38.4828 27.9453 17.0665 24.1126
internal_count=9399 1016 887 8383 2840 5543 5425 4886 1829 3057 1481 1014 640 571
is_linear=0
shrinkage=0.035


Tree=175
num_leaves=15
num_cat=0
split_feature=76 71 70 45 100 11 16 40 0 0 92 2 119 123
split_gain=4.45273 5.36656 4.70887 4.05714 4.0786 4.01533 4.44717 4.64555 3.96735 5.67615 7.32892 6.07011 5.37511 4.98046
threshold=0.52730577763239717 3.7328679409976391 10.605555555555556 0.094044811320754734 0.09232954545454547 14.500000000000002 14.500000000000002 26.500000000000004 1.0201388888888892 55.560393518518524 64735.500000000007 4.5000000000000009 0.90344561067911544 1.5000000000000002
decision_type=8 8 10 2 2 2 2 2 2 2 2 2 8 2
left_child=2 3 -1 -2 -5 6 -4 -8 -3 11 -11 -10 -12 -14
right_child=1 8 5 4 -6 -7 7 -9 9 10 12 -13 13 -15
leaf_value=-0.0181396962525361 0.022618433260181061 0.012663745675235824 0.0011341767511714308 0.013561657540406412 -0.012136865877368589 0.013266980348483606 -0.021290477611876642 0.0084320983467201412 -0.017154586106510335 -0.0038626763900000793 -0.0095594156698736721 0.0074185011361785286 0.032068310953904736 -0.0099975138680054396
leaf_weight=16.744508412200958 26.23021606169641 24.798194223083556 80.118783608311787 11.461578798713164 9.0898905093781632 16.893325868761167 20.072039008373398 5.6221472136676303 34.991486167768016 38.634376220637932 3.6938733956776586 14.409326189663259 15.832092582248153 1.7314461464993645
leaf_count=419 607 471 2125 410 351 320 699 168 1123 1530 135 414 610 49
internal_value=0.00151036 0.0050735 -0.0031268 0.0146503 0.00204447 -0.000448143 -0.00313762 -0.0144727 0.0013258 -0.00168822 0.0053797 -0.00996399 0.0197142 0.0266249
internal_weight=320.323 180.872 139.451 46.7817 20.5515 122.706 105.813 25.6942 134.091 109.293 59.8918 49.4008 21.2574 17.5635
internal_count=9431 5700 3731 1368 761 3312 2992 867 4332 3861 2324 1537 794 659
is_linear=0
shrinkage=0.035


Tree=176
num_leaves=15
num_cat=0
split_feature=10 69 92 90 26 47 98 42 93 108 108 110 98 71
split_gain=3.61687 3.41173 7.2293 5.35109 6.82672 5.8168 5.34309 6.40003 7.62412 5.14186 5.00108 6.78701 6.33941 4.09388
threshold=3.5000000000000004 3.2500000000000004 72647.500000000015 78859.617424242446 7.5000000000000009 0.047338935574229697 1.5303308823529413 6.5000000000000009 81270.000000000015 41.500000000000007 47.500000000000007 33.250000000000007 0.93541666666666679 1.0068968775248519
decision_type=2 10 2 2 2 2 2 10 2 10 10 8 2 8
left_child=1 3 13 6 5 10 9 -8 -9 -1 11 -5 -13 -3
right_child=-2 2 -4 4 -6 -7 7 8 -10 -11 -12 12 -14 -15
leaf_value=-0.007939009224797261 -0.013262016871435755 -0.010365168617688863 -0.013357671642727685 0.0021650007777365959 -0.011080073732511181 -0.0098126445558830693 -0.00064651837947523195 0.031316386710314538 -0.012663417027454929 0.010472964130786466 -0.0061035200250283946 -0.006842856683879516 0.055597153028075691 0.018597706511590546
leaf_weight=133.88320547319017 15.869902317877857 3.6502237936947486 9.6388789976481331 6.1215617663692763 7.3835954256355754 3.4556035692803553 54.978126205736771 13.655621081823485 3.4423016591463229 17.047533782199025 2.8252651698421678 1.1609281459823257 8.0895638070069236 39.843247095588595
leaf_count=3669 1226 72 161 115 172 103 1913 285 98 484 102 78 302 626
internal_value=0.000860521 0.00179687 0.00944017 3.33288e-05 0.0129778 0.021721 -0.00189973 0.00568972 0.0216001 -0.00559025 0.0285335 0.0348351 0.0481095 0.0153489
internal_weight=321.046 305.176 53.1323 252.043 29.0365 21.6529 223.007 72.076 17.0979 150.931 18.1973 15.3721 9.25049 43.4935
internal_count=9406 8180 859 7321 872 700 6449 2296 383 4153 597 495 380 698
is_linear=0
shrinkage=0.035


Tree=177
num_leaves=15
num_cat=0
split_feature=110 117 110 118 93 65 11 56 74 93 65 47 26 97
split_gain=4.45083 5.47871 5.07051 6.39177 7.78343 5.2371 5.01844 5.46933 5.24668 4.76584 4.56261 4.55177 8.01525 4.30793
threshold=1098.5000000000002 0.12916666666666668 86.250000000000014 0.68857758620689669 55881.000000000007 1.607692307692308 9.5000000000000018 0.47673160173160178 12.250000000000002 50173.000000000007 2.5590277777777781 0.060475444096133764 4.5000000000000009 6.0068863739008629
decision_type=8 2 10 2 2 10 2 10 10 2 10 2 2 2
left_child=1 -1 3 4 -3 11 7 -7 -8 -4 -10 -5 -13 -12
right_child=-2 2 9 5 -6 6 8 -9 10 -11 13 12 -14 -15
leaf_value=0.016190596534618795 -0.016127699539215806 -0.012618372697374336 0.0044949688507008364 0.0027292814923574236 0.037552295115347786 -0.012745708069647876 -0.0073726863370685881 0.0020101156950023966 -0.005285726126105234 -0.020622026176239976 0.029297888457591705 -0.0062306429333815168 0.039121759173501656 0.0056672518811367624
leaf_weight=28.021334692370147 11.218602797482161 2.5474909555632603 12.766412004828455 31.749559034593403 7.5605024108663201 58.943676003022119 22.505494351265952 57.041160360909998 12.62205997109413 18.530996543820947 14.670746155548839 5.4275052072480312 8.9105465584434551 24.179633379913867
leaf_count=545 581 106 671 1209 185 1268 459 1776 374 1154 332 166 147 382
internal_value=0.00180012 0.00270763 0.00108344 0.00283256 0.0249165 0.00138968 -0.00125436 -0.00570565 0.00564392 -0.0111688 0.0114841 0.0113439 0.024782 0.0169139
internal_weight=316.696 305.477 277.456 246.158 10.108 236.05 189.963 115.985 73.9779 31.2974 51.4724 46.0876 14.3381 38.8504
internal_count=9355 8774 8229 6404 291 6113 4591 3044 1547 1825 1088 1522 313 714
is_linear=0
shrinkage=0.035


Tree=178
num_leaves=15
num_cat=0
split_feature=32 112 76 0 66 47 94 100 66 97 65 115 94 118
split_gain=4.33067 5.34446 5.22868 4.71564 4.62186 9.73705 5.56285 4.14312 4.44653 4.64816 4.79846 4.0717 3.92253 4.0765
threshold=2.5000000000000004 0.015504807692307694 0.52730577763239717 32.700914351851857 2.0343637680652829 0.034286833855799378 75554.000000000015 0.32305502846299816 0.69463572906122784 6.7305284695727616 2.5313725490196082 0.21483516483516488 73926.500000000015 0.65739329268292701
decision_type=2 2 8 2 10 2 2 2 8 2 10 2 2 2
left_child=4 2 3 -2 6 -6 7 8 -1 10 -10 -3 13 -4
right_child=1 11 12 -5 5 -7 -8 -9 9 -11 -12 -13 -14 -15
leaf_value=0.0030071773568743532 0.012685408144451283 -0.017378488728403571 -0.006024418531526853 -0.014615041836515692 0.010735956401893239 -0.012991868418839399 0.0058858778371203412 0.0033269305499750356 -0.015978188147292821 -0.03162686040160366 0.0038620289356334618 0.0064641899533261146 -0.0015254283357224114 0.030539029210596758
leaf_weight=16.617928112158552 10.573950927238913 12.240370771382006 2.6285578059032622 10.455664282897486 63.305447591003031 25.931313895154744 32.32270875107497 22.123378291260451 47.013495427789167 14.741724295541642 18.602523657027632 13.915748057188464 7.2328642194624981 21.790630055591464
leaf_count=749 167 359 78 286 1130 668 1206 764 2241 364 446 270 180 507
internal_value=-0.000339056 0.00653502 0.0125728 -0.00108812 -0.00267813 0.0035174 -0.00632504 -0.00974262 -0.0127412 -0.0159833 -0.0104782 -0.00569187 0.0205593 0.0262483
internal_weight=319.496 78.8378 52.6817 21.0296 240.659 89.2368 151.422 119.099 96.9757 80.3577 65.616 26.1561 31.6521 24.4192
internal_count=9415 1847 1218 453 7568 1798 5770 4564 3800 3051 2687 629 765 585
is_linear=0
shrinkage=0.035


Tree=179
num_leaves=15
num_cat=0
split_feature=54 119 98 72 69 44 107 90 75 56 100 66 26 71
split_gain=5.19612 5.28535 5.50954 5.14337 7.13264 4.70103 4.62622 4.12604 3.95875 3.82214 3.89456 8.83398 4.43092 4.70854
threshold=0.44949494949494956 2.5314527496724151 1.491935483870968 11.500000000000002 2.7500000000000004 0.26975051975051983 1495.9574745382063 61618.066468253972 2.0690476190476197 0.15034246575342466 0.077935222672064791 0.83841403847544094 8.5000000000000018 4.2024443701488163
decision_type=8 10 2 8 10 2 10 2 10 10 2 10 2 8
left_child=1 2 3 4 7 -4 -2 -1 -6 -3 12 -12 13 -11
right_child=6 9 5 -5 8 -7 -8 -9 -10 10 11 -13 -14 -15
leaf_value=-0.011950165536085884 -0.00061496841279082791 0.015755364730471028 0.0024207009475863297 -0.010440904598891762 0.028410166952069476 0.021119833372779256 -0.022477392085606559 0.010550144991104826 -0.0047546243887668649 0.016506694268404093 0.016054437619059888 -0.015257911229250463 -0.010775575473020603 -0.006409749814965217
leaf_weight=19.247985190479088 34.67685975227505 9.1433075843378884 26.70429458306171 24.920626777224243 15.127706550527366 44.961307428544387 13.252249954501165 12.194512135582043 4.0003680263180277 26.66738052922301 9.4779583085328323 49.866235384251922 15.406425482127814 13.481359904864801
leaf_count=691 1563 105 983 738 239 1423 677 411 77 427 233 1314 358 252
internal_value=0.0018759 0.00377515 0.00815079 0.0013452 0.00757011 0.0147644 -0.00821217 -0.00297353 0.0219262 -0.00153053 -0.00350575 -0.00939803 0.00304469 0.00895402
internal_weight=319.129 271.199 147.157 75.4912 50.5706 71.6656 47.9291 31.4425 19.1281 124.043 114.899 59.3442 55.5552 40.1487
internal_count=9491 7251 4562 2156 1418 2406 2240 1102 316 2689 2584 1547 1037 679
is_linear=0
shrinkage=0.035


Tree=180
num_leaves=15
num_cat=0
split_feature=92 96 117 32 66 91 93 92 27 72 110 65 90 99
split_gain=4.71743 4.72713 5.58174 5.6046 7.76553 5.40289 5.31481 4.33616 4.17453 6.51912 4.99672 4.99345 4.47475 3.92996
threshold=57284.500000000007 2.8944444444444448 0.17028985507246377 6.5000000000000009 2.1363214788259417 8756.9006779305801 79723.500000000015 42801.500000000007 12.500000000000002 11.500000000000002 82.250000000000014 3.9023809523809527 66318.766666666677 0.55277777777777792
decision_type=2 2 2 2 10 10 2 2 2 8 10 10 2 2
left_child=1 2 -1 5 7 -4 13 -5 9 12 -11 -10 -2 -7
right_child=8 -3 3 4 -6 6 -8 -9 11 10 -12 -13 -14 -15
leaf_value=0.0097859561424112531 0.014089434376791559 0.014193164147344882 -0.014057635164604208 0.019303245588344727 -0.017242079314463282 -0.0060629114857729868 -0.0150451571923856 -0.0087713446972030179 0.024091931578483456 0.018212035423688312 -0.0058649715591431529 -0.003816098718888061 -0.01028617770823918 0.026022380737914713
leaf_weight=24.224012225633487 6.7287292042747131 13.404065450653432 95.113886676495895 22.661457998678092 9.997445746092124 4.7478081798180964 6.0646342979744068 5.6737008597701779 20.859920301940296 30.103150602662936 12.250190842896698 9.5252645746804756 45.638723435346037 8.4322898592799884
leaf_count=604 205 186 3309 491 188 120 283 180 619 808 506 134 1365 352
internal_value=0.000610548 -0.00283869 -0.00448375 -0.00698611 0.00419421 -0.0107524 0.00511331 0.0132093 0.00576519 0.00183011 0.0113641 0.0160402 -0.00619912 0.0159757
internal_weight=315.425 190.319 176.915 152.691 38.3326 114.359 19.2447 28.3352 125.106 94.7208 42.3533 30.3852 52.3675 13.1801
internal_count=9350 5713 5527 4923 859 4064 755 671 3637 2884 1314 753 1570 472
is_linear=0
shrinkage=0.035


Tree=181
num_leaves=15
num_cat=0
split_feature=23 98 66 11 55 74 2 109 57 83 57 81 74 73
split_gain=5.04737 3.86741 5.50163 4.30739 5.43795 7.66283 4.11098 4.78212 4.54944 4.41133 4.02314 3.75615 3.73447 3.70857
threshold=4.5000000000000009 0.87867647058823539 3.5386325357480497 6.5000000000000009 0.94935897435897443 12.750000000000002 4.5000000000000009 6486.5000000000009 0.7678571428571429 813.50000000000011 0.54772727272727284 431.52197836116596 18.750000000000004 15.500000000000002
decision_type=2 2 8 2 10 10 2 8 10 8 8 8 10 10
left_child=1 2 -1 6 10 -6 9 8 -8 -3 -5 -2 13 -11
right_child=11 3 -4 4 5 -7 7 -9 -10 12 -12 -13 -14 -15
leaf_value=-0.017104300161769805 0.011777356300978046 0.019728826775507028 0.0077184919288058275 0.0065392473707173082 -0.0048708471442675885 0.031261959738287902 0.022196180084642803 -0.0074159222227803273 -0.0055064334400392861 -0.0014420225244226824 -0.015450715330291687 -0.01562333337693147 0.014962269726516037 -0.015316955171855603
leaf_weight=22.584503079764545 3.645410453900694 4.1122200163081279 14.334322344278915 68.425563578028232 8.520920220762493 19.14515959052369 22.262248024810109 13.047377767506985 7.5828240036498746 53.907379507087171 7.0109196125995359 29.023191706044599 5.1655288494657716 38.651268630987033
leaf_count=583 32 54 412 1691 105 219 716 518 261 1957 127 1159 135 1445
internal_value=0.00065609 0.00221319 -0.00769539 0.00381224 0.00909819 0.0210912 -0.000131465 0.00839367 0.0153775 -0.00394695 0.00366215 -0.0114083 -0.00585501 -0.00772407
internal_weight=317.419 284.75 36.9188 247.831 103.103 27.6661 144.729 42.8924 29.8451 101.836 75.4365 32.6686 97.7242 92.5586
internal_count=9414 8223 995 7228 2142 324 5086 1495 977 3591 1818 1191 3537 3402
is_linear=0
shrinkage=0.035


Tree=182
num_leaves=15
num_cat=0
split_feature=63 107 50 76 57 61 97 117 26 109 92 92 55 88
split_gain=3.45491 3.75622 3.52064 5.24168 4.84809 5.31892 4.30434 6.34288 6.91373 5.35249 5.09348 4.34507 4.08226 4.02468
threshold=0.39642857142857152 1104.4328424860526 0.081799933087989302 0.37850674739933959 0.4188596491228071 0.92172181372549022 3.9203641166466823 0.39339826839826847 6.5000000000000009 1499.0000000000002 63559.500000000007 70758.000000000015 0.73123827392120078 1079.5000000000002
decision_type=2 8 2 8 8 2 2 2 2 10 2 2 10 10
left_child=1 -1 3 4 -2 -6 7 9 10 -5 -9 -12 -8 -4
right_child=2 -3 13 6 5 -7 12 8 -10 -11 11 -13 -14 -15
leaf_value=0.004307042370758506 -0.016097583589758706 -0.020984391374392109 -0.0067829887468592726 0.015729362090077241 -0.016443473440291533 0.010926226516881958 -0.0050156505132324244 -0.0044486244377689912 0.03466501323005499 -0.011522925765697868 0.036352185735821149 -0.00051074273952388441 0.0085621962607592451 0.019040339972300448
leaf_weight=10.000659934943544 21.262781552039087 11.978865009034051 67.071722505614161 9.9234151807613689 7.2341179305221877 26.030788590665907 46.207634349120781 17.669429608387876 18.796813012100756 16.623744724085554 4.8069175654090923 6.2946705750655383 53.311576190870255 3.4046034775674334
leaf_count=365 534 512 2811 305 183 552 1338 614 370 699 130 183 853 19
internal_value=0.00122045 -0.0108113 0.00226942 0.00436571 -0.00478583 0.00360325 0.00729315 0.0134029 0.020446 -0.000457506 0.00739943 0.0217826 0.00231953 -0.0043568
internal_weight=320.618 21.9795 298.638 228.162 54.5277 33.2649 173.634 74.115 47.5678 26.5472 28.771 11.1016 99.5192 70.4763
internal_count=9468 877 8591 5761 1269 735 4492 2301 1297 1004 927 313 2191 2830
is_linear=0
shrinkage=0.035


Tree=183
num_leaves=15
num_cat=0
split_feature=96 97 107 96 90 57 44 68 128 119 11 63 41 59
split_gain=4.79746 5.0863 4.74086 5.08701 6.69057 5.27158 3.60949 3.58034 3.75259 3.49702 5.49899 3.77001 4.94029 3.74889
threshold=3.60952380952381 6.7305284695727616 2105.7015433094944 1.7421652421652423 77636.077380952396 0.18350168350168353 0.30725524475524485 15.500000000000002 0.33854166666666669 2.5936777278593222 6.5000000000000009 0.52985739750445637 16.500000000000004 0.63188142770719913
decision_type=2 2 8 2 2 8 2 10 2 10 2 2 10 2
left_child=1 2 9 4 5 -4 -6 8 -3 10 13 -12 -13 -1
right_child=-2 7 3 -5 6 -7 -8 -9 -10 -11 11 12 -14 -15
leaf_value=0.013489609754063679 0.020700111743061092 -0.0059351572996505265 0.01642582552981145 0.0096490330215425763 -0.0078664220645098277 -0.015543679236538937 0.023480857022867549 0.011780302812226022 -0.024919210414607568 -0.0016644505070899363 -0.0016484026483605753 0.035266433757544381 -0.008507855765600451 -0.0027028372392781117
leaf_weight=24.057571284007281 7.8256907854229203 61.20217824424617 2.9483196018263689 20.079611924476922 4.1387542486190778 60.001993065234274 6.7255699743982404 5.6519448179751626 13.134521489264442 50.283935425570235 5.3743482090067145 14.651255419710653 1.7496475637890387 40.795018525794148
leaf_count=912 148 1355 153 386 199 2562 213 53 166 1226 120 402 87 1454
internal_value=-0.000289037 -0.00113691 0.00152797 -0.00439238 -0.00858185 -0.0129479 0.0128236 -0.0084639 -0.0106485 0.00559985 0.00967722 0.0230998 0.0296999 0.0038395
internal_weight=318.62 310.795 230.806 93.8942 73.8146 62.9503 10.8643 79.9886 74.3367 136.912 86.6278 21.7753 16.4009 64.8526
internal_count=9436 9288 7714 3513 3127 2715 412 1574 1521 4201 2975 609 489 2366
is_linear=0
shrinkage=0.035


Tree=184
num_leaves=15
num_cat=0
split_feature=11 108 65 63 63 85 107 95 69 114 47 65 73 45
split_gain=3.96466 5.18223 4.27048 3.88507 3.85001 4.86926 4.68604 3.99455 6.06381 7.82988 4.43349 4.67064 4.48335 3.9742
threshold=14.500000000000002 34.500000000000007 1.6417112299465242 0.53139076576576583 0.74813432835820903 580.32051282051293 2117.3632476131634 10202.500000000002 2.7500000000000004 0.068404634581105184 0.073801742919389998 2.2886904761904767 19.500000000000004 0.20881782945736438
decision_type=2 10 10 2 2 10 8 2 10 2 2 8 10 2
left_child=1 4 -3 -2 5 7 -7 10 13 -10 12 -12 -1 -9
right_child=3 2 -4 -5 -6 6 -8 8 9 -11 11 -13 -14 -15
leaf_value=-0.019062703095027972 -0.0085540731328524137 -0.0020496354606747394 0.019650529600597641 0.017132146374720467 0.0053605392906872175 0.021373832976008679 -0.013263867700270779 -0.01135902520379767 -0.0053342943098053982 0.026993435192677852 0.016298405887855034 -0.011882777284383628 -0.00029347648967176926 0.013036787788806301
leaf_weight=61.030215324368328 6.1858724679332253 18.514799736440182 19.891635891515762 24.070899613201618 49.791313724825159 10.582354499027129 2.9783630829770127 45.66817357740365 16.06934616249055 12.887276884866877 10.06380496453494 9.0156032743398082 20.615424871677533 5.4356429567560545
leaf_count=1931 106 710 431 608 1455 445 250 1711 317 215 250 205 487 257
internal_value=0.000339634 -0.00102393 0.0101583 0.0114123 -0.00295164 -0.00516225 0.0122426 -0.00676213 -0.000811715 0.0109095 -0.0112297 0.00327964 -0.0146139 -0.00783358
internal_weight=312.801 282.544 38.4064 30.2568 244.138 194.346 13.5607 180.785 80.0604 28.9566 100.725 19.0794 81.6456 51.1038
internal_count=9378 8664 1141 714 7523 6068 695 5373 2500 532 2873 455 2418 1968
is_linear=0
shrinkage=0.035


Tree=185
num_leaves=15
num_cat=0
split_feature=11 41 97 107 43 123 2 63 11 2 68 116 76 89
split_gain=5.10244 5.62652 4.223 5.27593 5.12958 4.13518 3.92415 7.006 5.85481 5.66692 3.91549 3.87763 3.91037 3.72683
threshold=6.5000000000000009 8.5000000000000018 5.004931959903737 2060.209524319635 0.35948717948717951 1.0000000180025095e-35 4.5000000000000009 0.69139194139194149 2.5000000000000004 5.5000000000000009 5.5000000000000009 0.56048780487804895 1.3264999995273241 268.25000000000006
decision_type=2 8 2 10 2 2 2 2 2 2 10 2 8 10
left_child=1 5 3 -2 11 6 7 -1 -8 -10 -7 12 -5 -9
right_child=2 -3 -4 4 -6 10 8 13 9 -11 -12 -13 -14 -15
leaf_value=-0.0087847532613370086 0.023687404440140551 -0.021089713064576576 0.00081461783282667244 -0.018449684969954815 0.017774906186716264 -0.014795817075532814 -0.0090829022128642561 0.016363336709603861 0.031137875409972513 0.00022640485901623904 0.0078248978015061695 0.013592924844057179 0.012923521470423759 -0.010700422065763287
leaf_weight=52.451147987972945 24.855860121315345 13.185908030951394 83.354301442857832 17.089681942481555 13.123107988154514 31.653332970570773 8.9366789865307492 24.278904065955434 14.193951744586229 11.808553741546348 9.0589995351620001 4.9569777455180875 2.4119174105580887 4.2007687836885443
leaf_count=1951 659 628 1641 651 294 1343 465 565 326 329 239 73 36 261
internal_value=0.00143466 -0.00266071 0.00613365 0.0126477 0.00342216 -0.000504217 0.00290257 -0.00144355 0.0118901 0.0194005 -0.00945709 -0.00598858 -0.0127241 0.0113695
internal_weight=315.56 169.768 145.792 62.4375 37.5817 156.582 115.87 80.9308 34.9392 26.0025 40.7123 24.4586 19.5016 28.4797
internal_count=9461 6107 3354 1713 1054 5479 3897 2777 1120 655 1582 760 687 826
is_linear=0
shrinkage=0.035


Tree=186
num_leaves=15
num_cat=0
split_feature=54 91 82 106 32 45 70 60 46 85 72 4 60 50
split_gain=3.32491 4.51201 5.43111 4.19816 10.1013 6.89186 5.02748 5.28412 4.55004 4.27603 4.09265 4.01509 3.89093 3.8494
threshold=0.093386627906976757 6401.6746088137779 8.5000000000000018 157.31547619047623 4.5000000000000009 0.15831244778613202 17.414285714285715 0.84877072612921689 0.19523809523809527 336.91666666666669 9.5000000000000018 6.5000000000000009 0.63068181818181823 0.16823899371069184
decision_type=8 8 8 10 2 2 8 2 2 8 8 2 2 2
left_child=10 2 -2 4 9 6 7 -5 -7 -4 11 -1 -11 -9
right_child=1 -3 3 5 -6 8 -8 13 -10 12 -12 -13 -14 -15
leaf_value=0.015501034145032884 0.023640943005592892 -0.0099969523353105605 0.013155087756443268 -0.012134084973686139 0.014797105234567004 -0.012974869579482764 0.02378945793531716 0.0092060697200912825 0.016223076145738178 0.013194586203267791 0.026089563716957358 -0.0085659207544307413 -0.019559904186393605 -0.014030070003041403
leaf_weight=9.645109159639107 7.8947133338078848 45.160331732826307 2.6945898784324518 15.95571909798309 15.117577928351237 35.586562859592959 14.314559000078587 90.306055550696328 3.3907037472818038 1.4635024121962477 8.4731798295397294 15.339920947793869 44.405992191750556 5.1890056524425736
leaf_count=211 152 1637 81 512 287 1444 329 2154 110 65 175 572 1456 231
internal_value=0.000858486 -0.0004525 0.00154078 0.000286926 -0.00702063 0.00323527 0.00718574 0.00412332 -0.00887919 -0.0145596 0.0105125 0.00176035 -0.0173207 0.00730824
internal_weight=314.938 281.479 236.319 228.424 63.6817 164.743 125.765 111.451 38.9773 48.5641 33.4582 24.985 45.8695 95.4951
internal_count=9416 8458 6821 6669 1889 4780 3226 2897 1554 1602 958 783 1521 2385
is_linear=0
shrinkage=0.035


Tree=187
num_leaves=15
num_cat=0
split_feature=41 11 54 76 71 73 113 27 26 91 38 89 97 130
split_gain=4.32548 4.94755 4.9025 5.15688 4.31765 6.10979 4.52309 3.87214 3.82141 3.92419 4.15393 3.99282 6.58116 3.7194
threshold=6.5000000000000009 14.500000000000002 0.16954022988505749 0.48331115570061961 3.6561122600723057 11.500000000000002 0.086688137412775104 19.500000000000004 2.5000000000000004 1566.1057405313429 4.5000000000000009 440.50000000000006 6.6515262425818831 31.500000000000004
decision_type=8 2 10 8 8 10 2 2 2 10 2 10 2 2
left_child=2 7 3 -1 5 -4 -7 -2 9 11 -11 12 -6 -3
right_child=1 13 4 -5 8 6 -8 -9 -10 10 -12 -13 -14 -15
leaf_value=-0.0038225834464666311 -0.014248696088147307 0.011922881774161521 -0.017049356461303046 0.023173131877693251 0.024800310536170718 0.015707930386251699 -0.0071034932399371671 0.00044852449266643277 -0.01164245225879775 -0.013909014076612733 0.01290268020287964 -0.0084628672224908198 -0.012768455254808426 -0.01274634449519718
leaf_weight=10.996383550809695 55.812557703116909 25.563271966297183 6.368377008708193 21.599348045187071 17.785270695341758 46.611350289313123 10.284128573024644 33.904460276011378 39.426812017802149 20.679385170456957 5.3730163166765115 7.3483460862189522 4.1680887616239479 5.4446651155594727
leaf_count=228 1702 482 249 461 581 1372 403 971 1223 775 191 425 83 220
internal_value=0.000154004 -0.00491373 0.00340676 0.0147688 0.000682377 0.0074463 0.0113439 -0.00896407 -0.00397927 0.00199128 -0.0071922 0.0100146 0.016622 0.00642278
internal_weight=311.365 120.725 190.641 32.5957 158.045 63.2639 56.8955 89.717 94.7809 55.3541 26.0524 29.3017 21.9534 31.0079
internal_count=9366 3375 5991 689 5302 2024 1775 2673 3278 2055 966 1089 664 702
is_linear=0
shrinkage=0.035


Tree=188
num_leaves=15
num_cat=0
split_feature=54 68 0 118 27 111 110 98 61 76 60 109 93 113
split_gain=3.49604 5.14476 5.65182 4.91994 4.54649 4.63025 4.60699 4.50733 6.73055 5.05524 4.35371 4.30403 4.26036 4.35285
threshold=0.44949494949494956 3.5000000000000004 129.98652777777781 0.70659971305595415 19.500000000000004 0.033615819209039555 18.750000000000004 1.1270161290322582 0.96638418079096056 0.9093766034416223 0.89402852049910886 2998.5000000000005 51987.500000000007 0.022857889237199586
decision_type=8 10 2 2 2 2 10 2 2 10 2 10 2 2
left_child=1 2 10 -3 7 6 -6 -5 9 -9 -1 -2 -8 -14
right_child=11 3 -4 4 5 -7 12 8 -10 -11 -12 -13 13 -15
leaf_value=-0.0011364045804972921 -0.00061120417366206212 0.014854322609463646 -0.010111973910260324 -0.018056210604417686 0.013377114999574235 0.019272973921441866 -0.023083555584989087 -0.016886237375400459 0.0071180658827941258 0.013775190997937775 0.016896667813764379 -0.021361106895842499 0.011857840064291886 -0.01458385509208231
leaf_weight=21.935667934827507 34.154849066631868 14.553015169687567 13.332580999704076 31.01231887913309 12.05837832810357 12.638909749453886 9.9023946002125758 34.173516010167077 38.385267681442201 4.0100333816371849 53.626297876238823 14.361813416937364 13.392743596341463 8.0486082038842124
leaf_count=825 1471 341 562 587 203 347 226 952 887 112 1615 745 328 264
internal_value=2.07747e-06 0.00161057 0.00824969 -0.00183657 -0.00371754 0.00412747 -0.00181829 -0.00780597 -0.00280204 -0.0124441 0.011916 -0.00817542 -0.00870029 0.00105135
internal_weight=315.586 267.07 88.8945 178.175 163.622 56.041 43.4021 107.581 76.5688 38.1835 75.562 48.5167 31.3437 21.4414
internal_count=9465 7249 3002 4247 3906 1368 1021 2538 1951 1064 2440 2216 818 592
is_linear=0
shrinkage=0.035


Tree=189
num_leaves=15
num_cat=0
split_feature=96 97 90 60 62 98 117 54 119 76 55 66 27 50
split_gain=3.34423 3.3016 4.46766 4.05787 3.95685 5.91243 4.46667 4.44744 6.37014 8.25072 8.10053 5.22389 4.00829 4.13196
threshold=4.0303030303030312 15.178355765055761 19698.938405797104 0.90754985754985762 0.43813775510204084 0.92450142450142458 0.69113355780022456 0.16954022988505749 2.3166286754104974 0.40458561829460077 0.57735042735042741 2.6027078587014922 23.500000000000004 0.099295774647887344
decision_type=2 2 2 2 2 2 2 8 10 8 10 10 2 2
left_child=1 2 3 -1 7 -6 -7 8 9 -4 -10 -12 13 -11
right_child=-2 -3 4 -5 5 6 -8 -9 10 12 11 -13 -14 -15
leaf_value=-0.0059105123929957199 0.019230436303158727 -0.017701165107906522 -0.014798857959686648 0.015580021003710236 -0.018325958735393465 5.6762893234557978e-05 0.022098360674233264 -0.0084625072812189121 -0.019553692759352499 0.036629125651122661 0.012939049375310029 -0.0091889027545677144 -0.0067047986602803223 -0.0024477486600099777
leaf_weight=12.297972961561753 5.1467267181724301 9.1671846432145667 5.0397445482667562 30.554504190338776 5.1863553975708774 21.534158498048782 18.670852091396227 121.16420096857473 21.401745357783511 13.162797074997803 28.110468445345759 17.106634807307273 2.4565860843285909 3.3235327354632309
leaf_count=370 113 128 170 699 214 917 301 4230 906 323 519 218 163 149
internal_value=-0.000558444 -0.00118866 -0.000402199 0.00943943 -0.00219096 0.00670588 0.0116048 -0.00420866 0.00162521 0.0154003 -0.00406275 0.00448617 0.0248474 0.0300151
internal_weight=314.323 309.177 300.01 42.8525 257.157 45.3914 40.205 211.766 90.6015 23.9827 66.6188 45.2171 18.9429 16.4863
internal_count=9420 9307 9179 1069 8110 1432 1218 6678 2448 805 1643 737 635 472
is_linear=0
shrinkage=0.035


Tree=190
num_leaves=15
num_cat=0
split_feature=63 116 91 110 84 110 119 83 46 110 107 9 69 9
split_gain=2.88368 4.0037 4.99564 4.78793 4.695 4.50537 6.07547 6.46007 5.78155 4.85221 4.77 4.53527 4.07769 4.70882
threshold=0.39642857142857152 0.084039548022598873 2640.6775888285802 1098.5000000000002 680.50000000000011 86.250000000000014 2.510465975790916 983.00000000000011 0.091326105087572995 35.250000000000007 1626.4133617029136 3.5000000000000004 2.7500000000000004 19.500000000000004
decision_type=2 2 10 10 8 10 10 8 2 10 10 2 10 2
left_child=-1 3 4 -2 -3 6 7 -4 10 -10 12 -9 13 -8
right_child=1 2 5 -5 -6 -7 8 11 9 -11 -12 -13 -14 -15
leaf_value=-0.0099847400109369013 0.016060096948326306 0.013206945245139845 -0.019073450024721838 -0.012917124476758631 -0.0085226006234699996 -0.010871523325322511 -0.019220454160600003 -0.012250576904656535 0.024895473297399242 -0.0093100959616858967 -0.01207065796563299 0.020544288083156722 0.014739573430569773 0.011918152205858927
leaf_weight=20.756917111109942 36.118391139898449 9.5634351733606291 2.3275029584765425 4.5185259578283867 83.860233689891174 16.720282600144856 9.1787065016105753 2.4561349456198505 12.648293705191465 4.1000580282416186 37.255023543490097 49.496834133984521 17.934215835528448 5.8862068005837491
leaf_count=871 1135 202 12 194 2349 1013 216 114 151 152 944 1563 282 202
internal_value=0.00128209 0.0022374 0.000496199 0.0117758 -0.0057403 0.00424667 0.00634628 0.014988 0.000433218 0.0163065 -0.00418293 0.0180545 0.00513861 -0.00711579
internal_weight=312.821 292.064 251.427 40.6369 93.4237 158.003 141.283 54.2805 87.0025 16.7484 70.2542 51.953 32.9991 15.0649
internal_count=9400 8529 7200 1329 2551 4649 3636 1689 1947 303 1644 1677 700 418
is_linear=0
shrinkage=0.035


Tree=191
num_leaves=15
num_cat=0
split_feature=55 15 51 9 65 117 63 50 59 128 11 109 41 93
split_gain=3.74798 6.07574 7.67038 4.95656 4.88324 8.68907 6.39372 7.47127 6.10116 5.7665 4.95258 4.70535 4.60464 5.02659
threshold=0.92450142450142458 2.5000000000000004 0.016461184121392771 3.5000000000000004 2.5590277777777781 0.90098039215686287 0.59537185660781178 0.061381475667189961 0.72673160173160178 0.39009661835748799 6.5000000000000009 8663.5000000000018 2.5000000000000004 81959.000000000015
decision_type=8 2 2 2 10 2 2 2 2 2 2 10 10 2
left_child=4 -2 3 -3 5 8 7 9 -1 -6 -10 -5 -9 -14
right_child=1 2 -4 11 6 -7 -8 12 10 -11 -12 -13 13 -15
leaf_value=-0.019455789119198114 -0.0017611107400198351 -0.0096670004453942582 -0.0083092845807232474 0.029207147382157284 -0.0074134641877250307 0.015662748553773181 -0.0059544082528472245 -0.0074233761896613289 -0.0096593830801025432 0.018231728349527639 0.013600906542027412 -0.0048843662386996653 0.045086389780738013 -0.0022419959212729335
leaf_weight=49.446569089544937 68.176751204533502 3.1996132053900501 11.675222939578815 29.482964011374861 25.638037682278082 12.008062301902099 49.335230975644663 1.8331409990787495 24.827489166636951 11.590176937403156 12.990388435544444 4.2712975952308616 8.3199223151896131 2.8894130061380556
leaf_count=2398 2002 123 320 552 528 194 1275 66 1000 168 448 111 216 70
internal_value=0.000195718 0.00505039 0.0138738 0.0210374 -0.00270948 -0.00802069 0.00271432 0.0109908 -0.0119518 0.00178396 -0.00101429 0.0248196 0.0294934 0.0359582
internal_weight=315.684 116.806 48.6291 36.9539 198.878 99.2725 99.6059 50.2707 87.2644 37.2282 37.8179 33.7543 13.0425 11.2093
internal_count=9471 3108 1106 786 6363 4040 2323 1048 3846 696 1448 663 352 286
is_linear=0
shrinkage=0.035


Tree=192
num_leaves=15
num_cat=0
split_feature=82 56 54 23 107 11 50 118 117 74 98 110 119 61
split_gain=4.2219 4.84275 4.12558 4.93053 4.55807 3.48786 3.28015 4.52863 6.20571 8.31458 7.67874 5.78084 5.03506 4.0952
threshold=8.5000000000000018 0.19098277608915909 0.096006144393241177 4.5000000000000009 1788.988126313536 14.500000000000002 0.1023024594453166 0.67156862745098056 0.69113355780022456 14.750000000000002 1.0784615384615386 1098.5000000000002 2.3271157248106324 0.93231791113147056
decision_type=8 10 8 2 10 2 2 2 2 8 2 8 10 2
left_child=1 -1 4 6 5 -2 7 11 9 -9 -10 -4 -12 -11
right_child=2 -3 3 -5 -6 -7 -8 8 10 13 12 -13 -14 -15
leaf_value=-0.013838927137143965 -0.013852425678465652 0.026842348732524071 0.018969289366098419 -0.018338603024403006 0.023723281294342664 0.0099892744357109164 -0.0079395859525135757 -0.017550039871367933 -0.0057441900775601967 -0.010674595481901252 -0.00016584909807115897 -0.0091114981608396654 0.019981704323613979 0.014350412323369763
leaf_weight=1.3513361962977786 8.0684387120418268 9.4404191649518889 29.263720337534323 13.95088353846222 13.387542378855867 12.694371612742541 44.789292128407396 40.889046569005586 45.730407221475616 7.8847422106191543 24.012198347598314 8.7735400537494552 35.999929355690256 18.183597740717232
leaf_count=26 244 269 733 521 413 306 1957 1896 650 365 364 454 462 730
internal_value=0.00133401 0.0189795 0.000409525 -0.00111319 0.0110328 -0.000165962 0.00016116 0.00202697 -0.000490535 -0.00848002 0.00472295 0.0121862 0.0125275 0.00628147
internal_weight=314.419 10.7918 303.628 269.477 34.1504 20.7628 255.526 210.737 172.7 66.9574 105.743 38.0373 60.0121 26.0683
internal_count=9390 295 9095 8132 963 550 7611 5654 4467 2991 1476 1187 826 1095
is_linear=0
shrinkage=0.035


Tree=193
num_leaves=15
num_cat=0
split_feature=116 110 49 98 49 54 92 59 92 100 50 97 96 92
split_gain=2.84404 4.24316 3.82006 3.95643 3.8911 5.19734 4.09243 4.61158 3.98467 3.93365 3.7356 4.91961 4.31741 4.14937
threshold=0.084039548022598873 1234.0000000000002 0.064866760168302964 1.320714285714286 0.022474747474747477 0.22474747474747478 57284.500000000007 0.68927203065134113 73885.500000000015 0.28801843317972359 0.10896967482645233 6.166815058946356 3.018518518518519 45997.000000000007
decision_type=2 10 2 2 2 8 2 2 2 2 2 2 2 2
left_child=1 -1 4 -4 5 6 10 -8 -9 -6 11 13 -13 -2
right_child=2 -3 3 -5 9 -7 7 8 -10 -11 -12 12 -14 -15
leaf_value=0.010945828611688579 0.014409461405620451 -0.014465249792630629 -0.0090633467815311747 0.021426662016988885 -0.021806757354937856 -0.0074655041299480831 0.00060851329622108453 0.029661949502704867 -0.0019959936838189257 0.0047753399445185129 -0.017327080058713085 -0.012335312058561249 0.014482911564398085 -0.0095998866197074696
leaf_weight=43.59815256530419 33.546411697985604 5.173536726506426 4.3110214308835557 11.328870570054276 18.118693394120786 89.565951655735262 25.582912170095369 14.022820675279947 5.740791624877601 7.4770758331287643 10.007094892789608 30.536947588669136 4.8090314120054236 7.6247069879900655
leaf_count=1425 971 244 80 263 498 3392 531 344 136 189 442 462 101 293
internal_value=-0.000192571 0.00715589 -0.00166518 0.0128627 -0.00282188 -0.00117757 0.00320987 0.0111512 0.0219199 -0.0145302 -0.00133394 0.00169218 -0.00734388 0.00940495
internal_weight=311.444 48.7717 262.672 15.6399 247.032 221.437 131.871 45.3465 19.7636 25.5958 86.5242 76.5171 35.346 41.1711
internal_count=9371 1669 7702 343 7359 6672 3280 1011 480 687 2269 1827 563 1264
is_linear=0
shrinkage=0.035


Tree=194
num_leaves=15
num_cat=0
split_feature=113 55 62 20 98 54 72 115 75 98 106 109 42 41
split_gain=4.25277 3.65832 4.33544 3.44548 4.35601 7.89115 5.23994 5.2983 4.88497 6.08691 5.54789 4.85222 4.51047 3.71976
threshold=0.11451990632318503 0.50247524752475259 0.46720430107526884 2.5000000000000004 1.4472222222222224 0.26491228070175443 11.500000000000002 0.21483516483516488 1.6961538461538463 0.9104278074866311 605.12580645161302 117.50000000000001 1.0000000180025095e-35 8.5000000000000018
decision_type=2 8 2 2 2 10 10 2 10 2 10 10 8 8
left_child=1 2 -1 4 6 -6 7 8 9 -3 12 -7 -11 -10
right_child=-2 3 -4 -5 5 11 -8 -9 13 10 -12 -13 -14 -15
leaf_value=-0.011366859638145217 -0.011095975986823547 -0.014103812301411727 0.013718377220349137 -0.0082354909807361171 0.020245801483160929 0.017183462161648181 -0.0095929694382265347 0.017306692600471341 0.0019979563735911909 -0.0033630583030857483 -0.001826211328352791 -0.0098961522418259344 0.036499821913460732 -0.015568239718255945
leaf_weight=36.423915431369096 27.553585529560223 5.6719566865358528 6.1131173372268668 21.29886087263003 45.494628014741465 6.5084038157947388 33.829041751567274 27.349574070191011 31.834713471122086 3.4203867982141682 10.692512836074455 22.761201733956113 11.22831967426464 21.046325709670782
leaf_count=1727 1072 196 222 686 1045 173 969 427 864 153 274 956 262 376
internal_value=0.0009153 0.00225396 -0.00669806 0.0039371 0.00527336 0.0118515 0.00160133 0.0052717 0.000595518 0.0106861 0.0176445 -0.00224616 0.0287048 -0.0057342
internal_weight=311.227 283.673 42.537 241.136 219.837 74.7642 145.073 111.244 83.8942 31.0132 25.3412 29.2696 14.6487 52.881
internal_count=9402 8330 1949 6381 5695 2174 3521 2552 2125 885 689 1129 415 1240
is_linear=0
shrinkage=0.035


Tree=195
num_leaves=15
num_cat=0
split_feature=10 84 87 38 11 110 118 11 21 59 93 96 26 64
split_gain=3.65911 3.27703 3.30039 3.49433 3.12914 2.83782 4.84396 2.97558 4.21778 5.44703 4.57575 3.94753 3.89752 4.93817
threshold=3.5000000000000004 1178.5000000000002 1.5000000000000002 22.500000000000004 16.500000000000004 1098.5000000000002 0.48333333333333339 9.5000000000000018 7.5000000000000009 0.74868421052631595 14956.000000000002 1.7703296703296705 33.500000000000007 0.90550595238095244
decision_type=2 10 8 2 2 10 2 2 2 2 2 2 2 2
left_child=1 2 -1 5 -2 6 -4 8 10 -10 -8 -12 13 -9
right_child=4 -3 3 -5 -6 -7 7 12 9 -11 11 -13 -14 -15
leaf_value=0.018419706409573734 -0.019264198919856246 -0.016434179995212423 0.020466738114390447 -0.015814314843617516 0.0096050859852325129 -0.014644309853545119 0.01925944976222593 0.017470864071465076 -0.017976940461103826 0.0070477317946484666 -0.0031876370476062225 0.0093834572237541207 -0.0067811684292041173 -0.0086325437225577648
leaf_weight=10.921395217068492 12.840821753372436 6.2353153708390883 14.081448123790322 8.0423223495017719 2.785173356300219 6.1984179932624093 12.836086807539685 40.3198301945813 25.673031388083473 12.975075678201391 102.0776397511363 37.853297855937853 12.7374653914012 7.8000393379479638
leaf_count=131 1033 616 311 163 197 326 332 579 592 303 3850 556 204 254
internal_value=0.00125818 0.00221134 0.00288055 0.00196384 -0.0130375 0.00276387 0.00343135 0.00210118 -0.000103979 -0.00973063 0.00256264 0.000419423 0.0085184 0.0128253
internal_weight=313.377 297.751 291.516 280.595 15.626 272.552 266.354 252.272 191.415 38.6481 152.767 139.931 60.8573 48.1199
internal_count=9447 8217 7601 7470 1230 7307 6981 6670 5633 895 4738 4406 1037 833
is_linear=0
shrinkage=0.035


Tree=196
num_leaves=15
num_cat=0
split_feature=11 100 66 50 1 110 40 66 41 95 110 92 108 122
split_gain=3.81214 4.57749 6.92491 8.45548 7.82705 5.39769 4.77152 4.47595 6.64868 4.89532 6.47246 4.43814 4.46192 4.09608
threshold=2.5000000000000004 0.063164893617021281 1.4010953360514657 0.074350469872857941 13.500000000000002 82.250000000000014 5.5000000000000009 1.9500635676244293 6.5000000000000009 9684.0000000000018 93.250000000000014 80608.000000000015 56.500000000000007 7.5000000000000009
decision_type=2 2 10 2 2 10 2 10 8 2 10 2 10 2
left_child=11 7 3 4 5 6 -3 8 9 -2 -11 12 -1 -4
right_child=1 2 13 -5 -6 -7 -8 -9 -10 10 -12 -13 -14 -15
leaf_value=-0.020933981506771587 -0.00067707521038816703 0.035073302543428664 -0.0048280367140266277 -0.013971395914166145 -0.0053083198588544161 -0.006906454061259352 -0.0029822015098452037 0.013575622025288408 -0.016326786805113697 0.030483596479735791 -0.005231931563012349 0.012706526382132381 0.0037262688492339414 -0.025319562774368466
leaf_weight=23.42693722480908 45.199231056612916 19.526499606668956 64.239315728656948 14.006784089608116 15.205649236682801 4.1108933684881768 3.9432100623380384 57.125174640212208 15.977184691000728 12.433000149321744 7.6712995965499422 5.7026002844795576 11.196157928556202 10.846192586701362
leaf_count=1531 1437 317 1668 656 415 173 138 915 571 322 295 256 422 284
internal_value=0.00061976 0.00215903 -0.00246706 0.00643797 0.0138821 0.0236531 0.0292787 0.00649928 0.00102742 0.0061325 0.0185277 -0.00879732 -0.0134956 -0.00918404
internal_weight=310.61 270.284 131.879 56.793 42.7863 27.5806 23.4697 138.406 81.2807 65.3035 20.1043 40.3257 34.6231 75.0855
internal_count=9400 7191 3651 1699 1043 628 455 3540 2625 2054 617 2209 1953 1952
is_linear=0
shrinkage=0.035


Tree=197
num_leaves=15
num_cat=0
split_feature=10 110 6 101 116 110 106 61 61 75 109 78 69 70
split_gain=3.39794 3.49881 3.46457 3.25482 3.40433 5.27085 5.61835 5.78467 5.03777 5.65738 4.81998 4.7085 4.20914 4.19919
threshold=3.5000000000000004 1098.5000000000002 1.5000000000000002 1.3875000000000002 0.084039548022598873 86.250000000000014 621.25739130434795 0.9261982570806101 0.94943101905127236 1.6899038461538465 6524.5000000000009 3.5000000000000004 3.7500000000000004 15.486842105263159
decision_type=2 8 2 2 2 10 10 2 2 10 10 10 10 8
left_child=1 2 3 4 -1 6 8 -8 9 -6 -9 -11 -12 -10
right_child=-2 -3 -4 -5 5 -7 7 10 13 11 12 -13 -14 -15
leaf_value=0.013766552300274501 -0.012865502885380456 -0.014585490420354829 -0.010347991135172216 -0.013149126866810872 0.010514271970839616 -0.012300960789150715 0.025813649553922454 0.019399121577861968 0.0090390860549100158 -0.022416855977589509 -0.0062454775763236738 0.0056454266884165905 0.018063153890666959 -0.0077164359956978842
leaf_weight=36.661625023232773 15.507047012448309 10.1796750316862 18.394860371947289 8.6344595197588188 9.5209199041128141 20.691582620842382 20.037531632115133 14.729162524454294 64.019642988219857 24.543434130493555 37.223748741671443 7.446381780318915 6.0207394738681606 20.655111025087535
leaf_count=1062 1246 580 460 361 227 1231 558 389 1240 558 912 125 80 432
internal_value=0.000945538 0.00186237 0.0026811 0.00374005 0.00453381 0.00276199 0.00454587 0.0116177 -0.000102301 -0.00944575 0.00505116 -0.0160046 -0.0013398 0.00474948
internal_weight=314.266 298.759 288.579 270.184 261.55 224.888 204.197 78.0112 126.185 41.5107 57.9737 31.9898 43.2445 84.6748
internal_count=9461 8215 7635 7175 6814 5752 4521 1939 2582 910 1381 683 992 1672
is_linear=0
shrinkage=0.035


Tree=198
num_leaves=15
num_cat=0
split_feature=63 66 45 86 10 98 44 32 70 24 40 82 112 63
split_gain=3.66763 3.0503 2.99014 5.25573 4.56892 4.25381 5.04517 4.4631 4.15512 4.66018 4.08756 3.95199 4.0022 3.95024
threshold=0.39642857142857152 3.1276935246515039 0.075235849056603785 303.99371850685986 1.5000000000000002 1.4472222222222224 0.41728855721393038 3.5000000000000004 14.509259259259261 8.5000000000000018 35.500000000000007 125.50000000000001 0.090230664857530549 0.74813432835820903
decision_type=2 10 2 8 2 2 2 2 8 2 2 8 2 2
left_child=1 -1 11 -4 -5 10 7 8 -7 -10 -6 -2 -13 -14
right_child=2 -3 3 4 5 6 -8 -9 9 -11 -12 12 13 -15
leaf_value=-0.01695286419063129 -0.014120524838626192 0.010331597326001458 0.012760633240527786 0.0050123033904440773 -0.020706845435164309 -0.020545694884846189 0.017960284982522459 0.0069016221875180667 -0.01006375206234718 0.023622322218976477 0.011168056024902461 0.0087711788679000965 -0.021547646561547396 0.011235891380782608
leaf_weight=18.538717005634684 7.352638032869435 2.7792294146493068 20.990456308121793 40.475278378697112 32.545981819042936 23.033996550599113 7.5557107918430111 16.747696799924597 8.6938951485790295 3.0344451458659014 2.4873419506475321 117.12459318106994 6.9042378040030581 3.3350933927576989
leaf_count=825 520 46 926 1142 1122 1087 199 482 345 96 74 2307 196 77
internal_value=0.00041873 -0.0121087 0.00152819 -0.00176034 -0.00440126 -0.00849896 -0.00231636 -0.00661658 -0.0131782 0.00310732 -0.0173316 0.00525274 0.0068623 -0.0106866
internal_weight=311.599 21.3179 290.281 155.565 134.574 94.0991 59.0657 51.51 34.7623 11.7283 35.0333 134.717 127.364 10.2393
internal_count=9444 871 8573 5473 4547 3405 2209 2010 1528 441 1196 3100 2580 273
is_linear=0
shrinkage=0.035


Tree=199
num_leaves=15
num_cat=0
split_feature=49 49 100 98 106 107 54 117 110 106 75 119 101 65
split_gain=3.08662 6.0084 5.27534 4.25616 3.93143 4.54534 4.34081 3.69621 5.4172 4.39842 5.51448 5.95981 5.42757 4.21778
threshold=0.062019230769230778 0.022474747474747477 0.29814814814814822 1.320714285714286 144.44285714285715 2080.1859442662658 0.28991596638655465 0.21498599439775914 38.250000000000007 627.62500000000011 1.890873015873016 3.0161412903220044 0.17519181585677754 1.6417112299465242
decision_type=2 2 2 2 8 10 8 2 10 10 8 10 2 10
left_child=1 4 -3 -2 -1 7 -7 13 9 10 11 -9 -11 -6
right_child=3 2 -4 -5 5 6 -8 8 -10 12 -12 -13 -14 -15
leaf_value=-0.006579959105807289 -0.0095797958227110611 -0.023886997688446626 0.0068873277882857331 0.020819194423993052 0.0014398323800768828 0.0025765563736105056 -0.014316377783458416 -0.010806918338993506 -0.00546684969140495 -0.002964704704144215 -0.0046629234753364267 0.024293008410653721 0.036715704397338469 0.028648997654920044
leaf_weight=57.734432330122218 4.642002833774316 17.704932858003307 7.1046372163109472 13.720528343459589 12.213808671105655 49.17368426930625 23.876759732491337 4.7958287848159697 42.874153812765144 5.1842024705838403 32.898581334855407 17.418127669487149 8.1938788434490544 13.219556767493485
leaf_count=1783 101 513 169 317 460 1607 1127 113 1983 70 527 224 190 233
internal_value=0.000484753 -0.000485266 -0.0153972 0.0127288 0.0011544 0.00338592 -0.00350836 0.00706137 0.00390609 0.00974617 0.00435887 0.0161219 0.0247158 0.0179657
internal_weight=310.755 292.393 24.8096 18.3625 267.583 209.849 73.0504 136.798 111.365 68.4906 55.1125 22.214 13.3781 25.4334
internal_count=9417 8999 682 418 8317 6534 2734 3800 3107 1124 864 337 260 693
is_linear=0
shrinkage=0.035


Tree=200
num_leaves=15
num_cat=0
split_feature=10 98 110 118 11 4 72 103 107 117 91 91 2 45
split_gain=3.91896 4.14915 5.16675 4.70787 3.70895 5.09182 4.88235 4.84988 4.56245 4.17433 4.0535 4.58267 4.66626 6.11985
threshold=3.5000000000000004 0.84731934731934744 16.250000000000004 0.75235849056603787 6.5000000000000009 4.5000000000000009 8.5000000000000018 0.64495798319327746 20.508128369148384 0.50362318840579723 6204.866419976529 5803.9471686479301 4.5000000000000009 0.20638945233265724
decision_type=2 2 8 2 2 2 8 2 10 2 10 8 2 2
left_child=1 2 -1 -4 10 8 -7 9 -6 -8 11 12 -3 -14
right_child=-2 4 3 -5 5 6 7 -9 -10 -11 -12 -13 13 -15
leaf_value=0.012895060533961961 -0.014210443588714941 -0.004852083973804878 0.0069982540176806059 -0.022791111894586789 -0.010033414018091576 -0.0038235623201465191 -0.0045103697640646563 -0.011210511601275296 0.024194641841294003 0.02176908044657714 -0.017265984980163102 0.023575049801652401 0.015412654174126718 -0.014694153032111891
leaf_weight=6.1173500756267449 15.175917098415082 88.139101676293649 6.1624544829828691 19.831429482088424 2.8431820236146477 51.653019411023706 7.599374962039291 5.9988143844529977 24.483825803501531 27.95070724398829 11.011907504172994 5.4952947206329545 31.130059708608314 6.429873072076588
leaf_count=120 1239 3008 283 518 21 1060 262 98 385 409 548 232 935 313
internal_value=0.000736467 0.00172993 -0.00928181 -0.0157392 0.00322398 0.00760954 0.0032643 0.01154 0.0196324 0.016288 -0.000625281 0.00135407 -0.000482107 0.00913789
internal_weight=310.022 294.846 32.1112 25.9939 262.735 120.529 93.2019 41.5489 27.327 35.5501 142.206 131.194 125.699 37.5599
internal_count=9431 8192 921 801 7271 2235 1829 769 406 671 5036 4488 4256 1248
is_linear=0
shrinkage=0.035


Tree=201
num_leaves=15
num_cat=0
split_feature=55 70 71 34 76 45 86 49 54 82 44 119 110 21
split_gain=3.14452 5.66465 5.62256 6.42257 4.55229 4.06575 4.30062 4.38419 4.0575 5.41236 4.04579 3.70471 3.50873 3.59051
threshold=0.88516483516483524 12.146428571428574 1.1593379644370041 10.500000000000002 0.53491293142807994 0.075235849056603785 294.55222571413543 0.081666666666666679 0.30384615384615393 141.50000000000003 0.26975051975051983 0.8144879441188323 310.25000000000006 1.0000000180025095e-35
decision_type=8 10 10 2 8 2 8 2 8 8 2 10 10 2
left_child=5 4 -3 10 -2 8 -7 12 9 -1 -4 -10 13 -8
right_child=1 2 3 -5 -6 6 7 -9 11 -11 -12 -13 -14 -15
leaf_value=-0.017303663228709232 -0.016859373242054249 -0.0040610573209263539 -0.0016301949430078163 -0.01294179055771646 0.0035796056953004067 0.010037086254572499 0.013872629991681989 0.015789680325458369 0.0070253216776509989 0.011250490860583875 0.023969701266513675 -0.018093728057505313 0.011237792225847018 -0.014267699706870701
leaf_weight=4.8347498131915918 16.325158138643019 21.21010410785675 8.3089416217990202 4.9174946239218107 32.131437290809117 12.283094850950873 2.0701162582263342 3.721612239489331 8.6297729790676403 56.905025389743969 41.299253544537351 12.539053965942001 4.3085013190284362 82.186364214052446
leaf_count=326 386 669 283 91 1043 540 95 92 253 967 800 533 118 3234
internal_value=0.000635655 0.00485075 0.0105689 0.016123 -0.00423919 -0.00221005 -0.00666313 -0.0092875 0.003466 0.00788562 0.0199253 -0.00846784 -0.0111287 -0.0128379
internal_weight=311.671 124.192 75.7358 54.5257 48.4566 187.478 104.57 92.2866 82.9086 61.7398 49.6082 21.1688 88.565 84.2565
internal_count=9430 3272 1843 1174 1429 6158 4079 3539 2079 1293 1083 786 3447 3329
is_linear=0
shrinkage=0.035


Tree=202
num_leaves=15
num_cat=0
split_feature=88 85 90 64 45 97 114 114 79 63 108 116 117 92
split_gain=2.96121 3.721 4.82097 4.3657 3.72782 3.75984 3.74786 9.1406 4.59045 3.94655 3.83712 3.80249 3.48872 4.7875
threshold=1079.5000000000002 391.21428571428578 71368.500000000015 0.96026315789473693 0.069366479550922219 6.0068863739008629 0.051503094606542892 0.091608391608391626 1.7500000000000002 0.74813432835820903 94.500000000000014 0.70057471264367821 0.65733855185909984 70087.500000000015
decision_type=10 10 2 2 2 2 2 2 10 2 10 2 2 2
left_child=1 4 -3 -4 6 12 8 -8 -1 11 -10 -9 -6 -14
right_child=-2 2 3 -5 5 -7 7 9 10 -11 -12 -13 13 -15
leaf_value=0.011613613436790972 0.015453535725252718 -0.016755396816155253 0.023120624001843455 -0.0091418463754304041 -0.0051660277681768738 -0.011409842666365647 0.028039505551806992 -0.014525496959923634 -0.010751097105751098 0.018554247536421854 0.012860187700533177 0.0088264689094005918 0.012952619868933691 -0.010744774400017448
leaf_weight=20.127296599559486 8.7197308950126153 30.668476184015162 4.6806462302338314 6.8101319526322186 55.750557362567633 42.39089168398641 18.890724127180874 17.919568447396163 39.578723065089434 5.2741092126816502 5.9600456235930315 9.4480495252646488 35.723823257023469 9.8333506328053755
leaf_count=493 63 2232 324 459 2271 900 264 416 911 98 94 138 582 172
internal_value=-0.000465979 -0.00116741 -0.0102161 0.00702551 0.000459403 -0.00327147 0.00498055 0.0115884 -0.00065807 -0.000392237 -0.00669431 -0.00634563 0.000510406 0.00728085
internal_weight=311.776 303.056 42.1593 11.4908 260.897 143.699 117.199 51.5325 65.6661 32.6417 45.5388 27.3676 101.308 45.5572
internal_count=9417 9354 3015 783 6339 3925 2414 916 1498 652 1005 554 3025 754
is_linear=0
shrinkage=0.035


Tree=203
num_leaves=15
num_cat=0
split_feature=88 86 82 0 96 115 42 91 68 115 97 65 93 99
split_gain=4.96287 3.53742 3.42354 3.61039 3.53909 4.19683 3.30213 3.74434 3.24227 3.5224 4.18145 4.54837 4.29961 3.1941
threshold=1079.5000000000002 303.99371850685986 8.5000000000000018 4.0473495370370385 1.2875939849624063 0.20119047619047623 1.0000000180025095e-35 5237.9077148890619 14.500000000000002 0.064866760168302964 4.6219027594541631 3.8257575757575766 75164.000000000015 0.59687500000000016
decision_type=10 10 8 2 2 2 10 10 10 2 2 10 2 2
left_child=1 2 13 4 6 -6 -4 -8 9 10 12 -12 -5 -1
right_child=-2 -3 3 8 5 -7 7 -9 -10 -11 11 -13 -14 -15
leaf_value=-0.0052266880414077056 0.020737285814415828 -0.015541347371091231 -0.006329611825609773 -0.011567247111384573 -0.0061786302384723634 0.0095854722776254394 0.026298131479632218 -0.0048967710881093057 0.013446770264927107 -0.0087543451772128696 0.020318392377965056 -0.012876163786666785 0.0090198568406825944 0.031540533115418372
leaf_weight=2.6840052504558107 8.1473270040005428 14.775671847746706 5.0698841267731067 29.472953615593724 46.303933027666062 29.669398737605661 15.565150666283445 4.3107881809119126 7.6896152393892399 107.69366736139636 15.728623546659948 2.9334572956431648 14.950844448991118 2.6976175841409713
leaf_count=37 60 1689 133 1320 716 447 331 130 109 3243 458 54 639 96
internal_value=-0.000322859 -0.00122673 -0.000228647 -0.000945469 0.00421858 0.000189378 0.0144091 0.0199081 -0.00390097 -0.00504235 0.00147191 0.0134823 -0.00442709 0.0195177
internal_weight=307.693 299.546 284.77 279.388 100.919 75.9733 24.9458 19.8759 178.469 170.78 63.0859 18.6621 44.4238 5.38162
internal_count=9462 9402 7713 7580 1757 1163 594 461 5823 5714 2471 512 1959 133
is_linear=0
shrinkage=0.035


Tree=204
num_leaves=15
num_cat=0
split_feature=88 0 0 95 1 69 106 116 92 106 46 0 70 1
split_gain=4.2838 4.02994 4.4414 4.81731 4.63276 4.51928 4.49867 3.66218 6.66743 5.66426 5.35451 4.75549 4.65567 4.12783
threshold=1079.5000000000002 4.7096238425925927 2.0223495370370377 1693.5000000000002 16.500000000000004 1.7500000000000002 1098.9166666666667 0.40129870129870138 61613.500000000007 627.62500000000011 0.10275263951734541 49.476562500000007 11.577380952380954 3.5000000000000004
decision_type=10 2 2 2 2 10 8 2 2 10 2 2 8 2
left_child=1 2 4 -4 5 6 -1 8 12 -9 -10 -11 13 -3
right_child=-2 7 3 -5 -6 -7 -8 9 10 11 -12 -13 -14 -15
leaf_value=0.02423846402875196 0.019441014976572742 0.02185088242063616 -0.0075217063230543207 0.025083688198840555 -0.010623732034570052 -0.0013347267511870111 -0.0074106931568246829 -0.0047377350331183881 0.010107486373823499 -0.0083309396291004999 -0.018925460107948912 0.019460359010126282 -0.019560198557952345 -0.008772515553545723
leaf_weight=16.671322362963114 8.5263847727328521 3.3278966960497192 4.9612941297236857 15.803255850682033 25.35252119647339 40.401771636446938 4.7684345380403093 63.099874168285169 28.696206581545994 7.1201652721501913 5.2448766604065886 22.820944298407994 47.97422464704141 10.499070561490951
leaf_count=326 63 154 111 301 518 756 145 1479 1346 184 290 616 2548 587
internal_value=0.000174057 -0.00069252 0.0045745 0.0173454 0.000757453 0.00586895 0.0171291 -0.00374486 -0.00837271 0.00120148 0.0037671 0.012605 -0.0148228 0.00244363
internal_weight=305.268 296.742 107.959 20.7645 87.194 61.8415 21.4398 188.783 95.7423 93.041 33.9411 29.9411 61.8012 13.827
internal_count=9424 9361 2157 412 1745 1227 471 7204 4925 2279 1636 800 3289 741
is_linear=0
shrinkage=0.035


Tree=205
num_leaves=15
num_cat=0
split_feature=55 98 42 20 76 45 119 97 115 90 60 71 86 101
split_gain=2.89318 4.70508 6.24066 4.46582 3.92171 4.15482 5.01609 4.31082 4.22951 3.90067 3.72481 4.00074 3.69618 4.09307
threshold=0.59761904761904772 1.589572192513369 5.5000000000000009 2.5000000000000004 0.40931981564896242 0.066120218579234988 2.6468839837495177 3.465009029033955 0.1991379310344828 17613.500000000004 0.81678321678321686 4.9803459723946206 287.39754870672448 1.3095238095238098
decision_type=8 2 10 2 10 2 10 2 2 2 2 10 10 2
left_child=4 -2 10 -4 9 7 8 -6 -7 -1 -3 12 13 -12
right_child=1 2 3 -5 5 6 -8 -9 -10 -11 11 -13 -14 -15
leaf_value=0.010267821389637799 -0.00041855255428157603 -0.014429444925409214 0.035818342136953472 -0.0052998057717028625 -0.0092389270473775507 -0.0059327015396606324 -0.019112504520337147 0.021222629142965872 0.021704521242907667 -0.019057166458045824 0.020422957570144791 -0.013213678071467982 -0.012966898350744221 -0.0091175862550335364
leaf_weight=3.5111081603681695 164.68642673594877 6.7590839157346627 10.335372542031108 2.6250398532720274 4.9144091092748594 13.759374952525834 13.942387523595242 13.10747682652436 5.9819275459740302 24.330410832189955 27.141753003001217 4.990944067714735 2.5415399747434995 3.9802211495116344
leaf_count=111 4362 272 183 109 190 701 673 321 219 961 707 189 236 155
internal_value=0.000647169 0.00268754 0.0107922 0.0283332 -0.00489487 0.00101784 -0.00607421 0.0127135 0.00513569 -0.0143588 0.00347262 0.00789711 0.012331 0.0159059
internal_weight=302.607 223.06 58.374 12.9604 79.5471 51.7056 33.6837 18.0219 19.7413 27.8415 45.4135 38.6545 33.6635 31.122
internal_count=9389 6213 1851 292 3176 2104 1593 511 920 1072 1559 1287 1098 862
is_linear=0
shrinkage=0.035


Tree=206
num_leaves=15
num_cat=0
split_feature=69 63 109 106 34 59 2 74 110 110 110 45 127 117
split_gain=3.31443 5.21844 4.09141 3.8684 3.99495 3.51138 5.36758 7.37686 7.15323 4.74587 4.65295 4.30343 5.20493 4.17364
threshold=3.2500000000000004 0.63967213114754118 7092.5000000000009 27.26136363636364 7.5000000000000009 0.73557158712541637 3.5000000000000004 14.750000000000002 191.25000000000003 81.250000000000014 69.250000000000014 0.20881782945736438 1.0000000180025095e-35 0.60903532608695665
decision_type=8 2 8 8 2 2 2 10 10 10 10 2 2 2
left_child=5 3 -3 -2 -5 6 8 -8 11 10 13 12 -1 -7
right_child=1 2 -4 4 -6 9 7 -9 -10 -11 -12 -13 -14 -15
leaf_value=-0.021434330093679482 -0.0096981056729677564 -0.0086712755891573852 0.012442518042550373 0.023107236962298487 -0.0088674965482007217 -0.012016637484237973 -0.005526723284194731 0.015887734412139393 0.013142437478906562 -0.01010035458302024 0.033904591653785988 0.0090589555085314744 -0.0021680396238617614 0.010440619080031995
leaf_weight=51.160856706788763 3.5163487801328293 29.638486895244569 11.733467478072269 28.41999525134452 2.9049696195870629 9.0372679450083506 47.652416464174166 26.680098788579926 10.752333858516065 14.494186621275729 3.7615959013346574 6.6029400274856007 26.509614029666409 34.629811164923012
leaf_count=1822 45 765 321 550 50 446 1695 772 303 709 182 327 715 699
internal_value=0.00040007 0.00649402 -0.00198727 0.0155505 0.0193296 -0.00170298 -0.00428784 0.00267645 -0.00959703 0.00515876 0.0103405 -0.0130719 -0.0153874 0.00503583
internal_weight=307.494 76.2133 41.372 34.8413 31.325 231.281 169.358 74.3325 95.0257 61.9229 47.4287 84.2734 77.6705 43.6671
internal_count=9401 1731 1086 645 600 7670 5634 2467 3167 2036 1327 2864 2537 1145
is_linear=0
shrinkage=0.035


Tree=207
num_leaves=15
num_cat=0
split_feature=100 66 66 41 26 50 9 45 46 45 42 115 0 42
split_gain=3.71337 5.7019 5.12108 5.50134 4.69835 6.17704 4.27196 4.14124 4.94631 3.98842 3.97049 5.86262 5.44339 4.5662
threshold=0.063164893617021281 0.95430841948384015 1.9500635676244293 6.5000000000000009 7.5000000000000009 0.079595736122284808 19.500000000000004 0.025978407557354928 0.11043360433604336 0.21473779385171793 6.5000000000000009 0.083920187793427234 127.09497685185187 10.500000000000002
decision_type=2 10 10 8 2 2 2 2 2 2 10 2 2 10
left_child=2 4 3 -1 -2 -6 -5 -4 9 -9 12 13 -3 -12
right_child=1 10 7 6 5 -7 -8 8 -10 -11 11 -13 -14 -15
leaf_value=0.0032695081148895306 -0.0043196878722765843 -0.020064542366800824 -0.003107576956290747 -0.021574084876608085 0.024656134246823551 -0.012421324159352782 0.011922767951145984 0.02401600006213718 -0.0085973515517810684 -0.008370514187842586 0.026173893728827783 -0.0084756228089014514 0.009017472361916988 -0.0083898592091044156
leaf_weight=90.753018084098585 23.147013025358319 38.080700272344984 15.233911722782066 16.28932145936415 17.012867845129225 3.9239449240267268 2.5118423989042631 36.02624731650576 5.3837950001470736 2.7874048233497879 8.6671139094978553 34.222845869255252 6.6018664443399748 4.1789648428093633
leaf_count=3575 903 1098 254 667 299 156 87 601 103 100 220 993 256 140
internal_value=0.000678123 -0.00355865 0.00408815 -0.000494704 0.00632222 0.0166522 -0.0155344 0.0119189 0.0168876 0.0210003 -0.00838749 -0.000993427 -0.0152926 0.0157296
internal_weight=304.821 135.835 168.986 109.554 44.0838 20.9368 18.8012 59.4314 44.1974 38.8137 91.7515 47.0689 44.6826 12.8461
internal_count=9452 4065 5387 4329 1358 455 754 1058 804 701 2707 1353 1354 360
is_linear=0
shrinkage=0.035


Tree=208
num_leaves=15
num_cat=0
split_feature=87 87 116 45 86 87 104 70 117 98 119 44 70 54
split_gain=4.68619 4.07888 5.14283 3.77278 4.97103 4.27544 3.968 5.13804 6.00004 6.37683 4.03744 3.77177 3.6256 3.46253
threshold=1.5000000000000002 118.50000000000001 0.66397849462365599 0.067231638418079109 142.42454162214739 176.50000000000003 0.45022522522522529 13.864468864468867 0.46076923076923088 1.2886904761904765 0.48562402074722116 0.42340286831812263 11.754310344827589 0.28991596638655465
decision_type=8 8 2 2 10 10 2 10 2 2 10 2 8 8
left_child=-1 2 -2 5 6 13 10 11 -9 -10 -5 12 -8 -3
right_child=1 3 -4 4 -6 -7 7 8 9 -11 -12 -13 -14 -15
leaf_value=0.019557478263664569 -0.021812464354800904 0.0120838555426878 0.012550619540014577 0.014538848077533759 0.016490474905846594 -0.010653436022070631 0.0032018033131400686 -0.011433200111571775 -0.006341461934381348 0.030308964496532906 -0.011765607140996543 0.0086990074836170057 -0.021065442917030899 -0.0005446235499775386
leaf_weight=10.562619484029709 15.285777239943856 71.6529650692828 3.5708090870175502 3.6526284026913336 10.242941135424187 13.442333742510526 9.8567577628418821 6.4333454282023039 6.1394541461486396 14.621733243111519 72.97580277803354 10.423129272880031 16.320598360383883 40.090615488705225
leaf_count=167 1934 1102 155 104 517 468 322 264 109 294 1922 295 531 1261
internal_value=0.000839182 -0.000146781 -0.0140386 0.00103586 -0.00266152 0.00541711 -0.00457748 0.00183096 0.012218 0.0203435 -0.00969801 -0.00642765 -0.0128798 0.00772382
internal_weight=305.272 294.709 18.8566 275.852 150.666 125.186 140.423 63.795 27.1945 20.7612 76.6284 36.6005 26.1774 111.744
internal_count=9445 9278 2089 7189 4358 2831 3841 1815 667 403 2026 1148 853 2363
is_linear=0
shrinkage=0.035


Tree=209
num_leaves=15
num_cat=0
split_feature=82 56 70 25 99 93 32 56 68 0 110 110 42 70
split_gain=4.9544 4.91095 3.10268 4.19024 5.65298 4.1534 3.57754 2.80105 4.87698 3.23025 4.66677 4.18193 3.69569 5.88802
threshold=8.5000000000000018 0.19098277608915909 12.019230769230772 1.5000000000000002 0.65646853146853157 35454.500000000007 4.5000000000000009 0.20611577964519143 9.5000000000000018 4.7096238425925927 47.250000000000007 14.250000000000002 5.5000000000000009 15.387500000000001
decision_type=8 10 8 2 2 2 2 8 10 2 10 8 10 10
left_child=1 -1 3 5 -5 6 -2 8 -4 -9 11 -11 13 -13
right_child=2 -3 7 4 -6 -7 -8 9 -10 10 -12 12 -14 -15
leaf_value=-0.012973306036606602 -0.0068627631586164117 0.028520927680038385 0.018143847724960055 -0.010821459279539989 0.018763603706254201 -0.015608353247907268 0.020267002989006699 0.0060329504840763402 -0.0063696485214665421 -0.015736516841608619 -0.011513931803644541 0.019824226948676527 -0.0047110776635568884 -0.0080454683292230846
leaf_weight=1.4563400205224741 11.27356861962471 8.7381886371877027 24.16460514604114 9.977082314668225 12.600086209364234 43.415207695332356 4.6072419853880993 65.268107251962647 11.951721508987246 8.1394432489760202 45.451113195973448 26.744755645049736 21.948575726477429 9.9111632772255671
leaf_count=30 375 254 395 179 358 1649 92 1353 151 160 2786 762 649 268
internal_value=0.000783579 0.0202748 -0.000215172 -0.00580716 0.00609806 -0.0104618 0.0039763 0.00201225 0.0102437 0.000102242 -0.00345807 0.0024479 0.00601201 0.0122275
internal_weight=305.647 10.1945 295.453 81.8732 22.5772 59.296 15.8808 213.579 36.1163 177.463 112.195 66.7439 58.6045 36.6559
internal_count=9461 284 9177 2653 537 2116 467 6524 546 5978 4625 1839 1679 1030
is_linear=0
shrinkage=0.035


Tree=210
num_leaves=15
num_cat=0
split_feature=49 114 21 96 106 115 85 119 66 38 75 116 56 107
split_gain=4.74025 3.35535 4.36272 4.18129 3.97185 4.59303 4.1765 5.26526 5.36361 3.65767 3.62014 4.5464 4.69369 4.20919
threshold=0.059411764705882358 0.087228260869565227 1.5000000000000002 4.2583333333333337 484.48938992042446 0.20710681244743484 496.46428571428578 2.9522152983857044 0.66761229504409425 1.0000000180025095e-35 1.6715686274509807 0.10147058823529413 0.17684288905435594 1524.4756599885484
decision_type=2 2 2 2 10 2 10 10 8 2 8 2 10 10
left_child=1 2 9 4 -3 -6 7 8 -7 -1 13 -12 -13 -4
right_child=-2 3 10 -5 5 6 -8 -9 -10 -11 11 12 -14 -15
leaf_value=-0.015067230688632808 0.015852656239311098 -0.015078532895377183 0.023311840841516707 0.017385691209174669 -0.011840350968729483 -0.01216892303696893 -0.016184210618000631 -0.011953825097129578 0.026443260188603563 0.012078131058826021 0.01314768908113413 0.014563219644973386 -0.0051350003813919092 0.00018452546890439567
leaf_weight=23.457667072769258 17.425070860888809 42.943428417900577 17.365957462694496 4.0217922618612638 20.301637973054312 2.3828823692165413 2.9207985880784681 4.5971806827001265 17.459361750865355 3.7190205205697557 25.183722730958834 12.579307508887721 91.82722594612278 17.084192204289138
leaf_count=1151 420 1145 388 94 864 89 217 85 404 185 722 183 2974 531
internal_value=0.000352419 -0.00084876 0.00182271 -0.00606767 -0.00796352 -0.000729905 0.00806985 0.0132249 0.0202903 -0.0100529 0.00402931 0.00115647 -0.00220459 0.0133198
internal_weight=303.269 285.844 191.217 94.6271 90.6053 47.6619 27.3602 24.4394 19.8422 27.1767 164.04 129.59 104.407 34.4501
internal_count=9452 9032 6134 2898 2804 1659 795 578 493 1336 4798 3879 3157 919
is_linear=0
shrinkage=0.035


Tree=211
num_leaves=15
num_cat=0
split_feature=88 30 43 94 56 29 76 69 59 76 100 48 112 1
split_gain=3.45596 3.13182 4.57954 3.30473 2.99529 3.74598 3.23486 3.93708 5.72063 4.42251 4.28954 3.93671 4.42415 3.89841
threshold=1079.5000000000002 1.0000000180025095e-35 0.38529014844804327 61273.500000000007 0.20864427860696519 38.500000000000007 0.37553380809940551 2.7500000000000004 0.68377192982456159 0.83575356823539892 0.21807065217391305 0.06472559698366151 0.028708791208791214 6.5000000000000009
decision_type=10 2 2 2 8 2 8 10 2 10 2 2 2 2
left_child=1 4 3 -3 5 -1 13 8 9 -8 -9 12 -10 -6
right_child=-2 2 -4 -5 6 -7 7 10 11 -11 -12 -13 -14 -15
leaf_value=0.013974307916223484 0.018465781437117822 -0.024061298615841952 0.0055713747345842533 0.00023170021085107376 0.0069175530355597139 -0.010596917756624 -0.013678777168058161 0.015172636124855398 0.0068418666419192437 0.009567660911751992 -0.0061025827718917862 0.021582537644973417 -0.014094654881112533 -0.013223157435382903
leaf_weight=36.770037201698869 8.8154672365635616 15.420492498204114 16.741704401210882 10.187398792128077 13.256229506223461 5.440199925331398 43.25304078287445 40.221815916709602 39.809420281089842 8.8347795393783581 12.527546645374967 10.099102118518202 12.10194773704279 33.543210151954554
leaf_count=570 67 587 430 417 427 93 1933 784 1490 364 308 242 580 1110
internal_value=0.00134934 0.000547188 -0.00774438 -0.0159379 0.00204175 0.0100206 0.000272271 0.00257732 -0.00114414 -0.00924323 0.010029 0.00584104 0.00115151 -0.00740113
internal_weight=307.022 298.207 42.3496 25.6079 255.857 42.2102 213.647 166.848 114.098 52.0878 52.7494 62.0105 51.9114 46.7994
internal_count=9402 9335 1434 1004 7901 663 7238 5701 4609 2297 1092 2312 2070 1537
is_linear=0
shrinkage=0.035


Tree=212
num_leaves=15
num_cat=0
split_feature=6 72 120 69 32 98 76 50 23 110 90 101 111 116
split_gain=3.45602 4.50498 3.07505 7.7463 3.77803 5.9328 4.70776 4.56517 4.55463 4.31649 4.29381 3.79115 3.71828 3.55932
threshold=1.5000000000000002 10.500000000000002 0.043961352657004842 2.7500000000000004 1.5000000000000002 1.2886904761904765 0.52730577763239717 0.037268518518518527 4.5000000000000009 106.75000000000001 69163.772515527962 0.10620300751879701 0.025105042016806727 0.4491379310344828
decision_type=2 10 2 8 2 2 8 2 2 10 2 2 2 2
left_child=2 -2 4 -4 7 11 13 12 9 -8 -9 -6 -1 -7
right_child=1 -3 3 -5 5 6 8 10 -10 -11 -12 -13 -14 -15
leaf_value=-0.00035026793428269583 -0.022028983964269225 0.0072197159985929711 -0.0039558937729107513 0.025984011457288882 0.0072062867668997079 -0.013412310828784692 0.03277946899686883 -0.014255406378255555 -0.0086400579656166071 -0.0027445041705170246 0.0031483434928434857 -0.015254754733825707 0.017423046400457023 0.01175631673718233
leaf_weight=95.422481698915362 12.062800094950946 7.2446553569752714 19.485246720956638 15.566552949370815 13.165425744373353 7.9438064075075117 19.325598169351004 48.665231103659607 2.7447712412104002 4.1783353441860518 23.368874819017947 14.620011597406117 11.947494616732 9.700219235615803
leaf_count=2911 343 221 742 280 325 288 393 2072 112 150 870 346 287 122
internal_value=0.000871535 -0.0118265 0.00191676 0.0109244 0.000470526 0.00699151 0.0144089 -0.00225376 0.0225697 0.0270907 -0.0087715 -0.00513622 0.00231469 -3.47077e-05
internal_weight=305.442 19.3075 286.134 35.0518 251.082 71.6782 43.8927 179.404 26.2487 23.5039 72.0341 27.7854 107.37 17.644
internal_count=9462 564 8898 1022 7876 1736 1065 6140 655 543 2942 671 3198 410
is_linear=0
shrinkage=0.035


Tree=213
num_leaves=15
num_cat=0
split_feature=11 105 118 65 123 70 10 74 75 101 63 10 93 27
split_gain=3.31334 4.14741 3.31424 3.21982 3.86546 4.83867 4.30786 3.56265 4.95295 4.85321 4.70721 6.24252 3.91205 3.70282
threshold=2.5000000000000004 1.0000000180025095e-35 0.61721611721611735 1.6794871794871797 1.0000000180025095e-35 11.754310344827589 2.5000000000000004 11.250000000000002 1.7165178571428574 0.10620300751879701 0.60544848035581922 1.5000000000000002 84017.500000000015 6.5000000000000009
decision_type=2 2 2 10 2 8 2 10 10 2 2 2 2 2
left_child=1 -1 -2 4 6 -6 -4 -5 9 -9 12 13 -10 -12
right_child=2 -3 3 7 5 -7 -8 8 10 -11 11 -13 -14 -15
leaf_value=-0.014189074072191919 0.014146308614679045 0.0077369017154464009 0.023514411779797347 -0.008764344703995619 0.018037927962300776 -0.01172702122577615 -0.0037923738276959534 -0.0068813669445118566 0.0079788970234309035 0.02447631923826717 0.017974297716037584 -0.015347166833597195 -0.013735447261942493 -0.0089918713795097433
leaf_weight=28.898426085128449 21.82528268173337 11.574940529884769 19.874106959090572 47.551408217754215 4.9191135370638248 15.845200917799955 8.1563905313378182 6.0878053398337242 62.149642998818308 14.784599350066854 10.47752836532891 38.942771808360703 7.3122807096224269 6.4856399479322127
leaf_count=1648 524 562 648 1202 173 658 292 99 1456 316 151 1282 215 127
internal_value=0.00100285 -0.00775726 0.00246284 0.00114723 0.00872713 -0.00254351 0.0161973 -0.000932811 0.00181925 0.015768 -0.00101874 -0.00820079 0.0049242 0.00796426
internal_weight=304.885 40.4734 264.412 242.586 48.7948 20.7643 28.0305 193.792 146.24 20.8724 125.368 55.9059 69.4619 16.9632
internal_count=9353 2210 7143 6619 1771 831 940 4848 3646 415 3231 1560 1671 278
is_linear=0
shrinkage=0.035


Tree=214
num_leaves=15
num_cat=0
split_feature=118 2 116 54 60 41 104 76 68 60 107 23 70 15
split_gain=3.66751 5.52802 4.25069 4.20553 8.12095 5.85937 5.33641 5.2699 5.03872 4.0596 4.18907 4.02437 3.51812 3.28541
threshold=0.89512961508248245 4.5000000000000009 0.90521114106019784 0.15894736842105264 0.91977011494252892 16.500000000000004 0.22305140961857381 0.40458561829460077 15.500000000000002 0.93039405684754539 1508.0245399717408 1.5000000000000002 12.953463203463206 4.5000000000000009
decision_type=2 2 2 8 2 10 2 8 8 2 8 2 10 2
left_child=3 2 -2 5 8 7 -6 -1 -5 -8 -11 12 -3 -13
right_child=1 11 -4 4 6 -7 9 -9 -10 10 -12 13 -14 -15
leaf_value=-0.0056410092647938446 -0.012304768641252831 -0.00093035160148875198 0.0075884254648002046 -0.015923140059628159 0.014007842058849319 -0.011584628751836827 0.018994525062523932 0.021529183868087883 0.013938824508353178 0.0095487273964338908 -0.015042096460071222 -0.012177736086460795 0.024114821876423765 0.015346943298449968
leaf_weight=9.0194635315565375 80.74648771143984 11.067848729901018 12.067429807502775 40.526019342127256 40.175818175892346 8.1630497098667529 3.2448641604278228 33.354088049847633 4.2026352824177584 8.0878094520885515 23.745829979423434 15.944597029709259 11.694097507977856 2.4727931865490964
leaf_count=264 2198 286 232 1641 1243 366 76 1035 144 238 983 421 248 67
internal_value=-0.000642329 -0.00488026 -0.00946262 0.00273197 -0.000917292 0.0106985 0.00600587 0.0157609 -0.011998 -0.00376307 -0.00834633 0.0053542 0.0139625 -0.0059944
internal_weight=304.513 133.993 92.8139 170.52 119.983 50.5366 75.2543 42.3736 44.7287 35.0785 31.8336 41.1793 22.7619 18.4174
internal_count=9442 3452 2430 5990 4325 1665 2540 1299 1785 1297 1221 1022 534 488
is_linear=0
shrinkage=0.035


Tree=215
num_leaves=15
num_cat=0
split_feature=84 117 97 110 128 1 0 97 98 115 63 107 128 49
split_gain=3.02152 2.9496 5.87958 4.76806 4.69388 6.05081 5.47284 5.47182 4.61708 4.41626 4.39248 4.84556 4.91487 5.93062
threshold=1165.2500000000002 0.21498599439775914 3.465009029033955 93.250000000000014 0.10263157894736843 12.500000000000002 98.410740740740763 2.5949206877225417 1.1967741935483873 0.059411764705882358 0.69292803970223338 2302.8844589009245 0.17519181585677754 0.02062074829931973
decision_type=10 2 2 10 2 2 2 2 2 2 2 10 2 2
left_child=1 2 -1 4 5 6 8 -7 -3 -6 11 12 -11 -14
right_child=-2 3 -4 -5 9 7 -8 -9 -10 10 -12 -13 13 -15
leaf_value=0.00012893385461531945 -0.016862687402223079 0.0013603307825564509 0.02557645779267732 -0.015105494535434439 -0.01531674136675229 0.016376184751481736 -0.0041663925570264767 -0.0081879229995950025 0.025963446993862563 -0.016633673349414395 -0.015086194797667894 0.020100966062737688 0.0086020334268003228 -0.01617283611365021
leaf_weight=31.010265494463965 6.574015842867083 13.456722463248296 12.386870148009619 18.72960498102475 23.699126734631136 9.7990558195160684 14.048672623583114 40.216698065865785 30.550913596642204 13.110397007898426 14.182140915188937 12.175550642888991 54.091233169776388 9.977622972102834
leaf_count=986 708 417 220 1306 589 332 586 1296 874 370 322 273 946 198
internal_value=0.000704587 0.00136523 0.00928438 -0.000140693 0.00133996 0.00655236 0.0137776 -0.0023244 0.0193466 -0.00316771 0.000190639 0.00328629 -0.000427946 0.0038523
internal_weight=304.009 297.435 43.3971 254.038 235.308 108.072 58.0563 50.0158 44.0076 127.236 103.537 89.3548 77.1793 64.0689
internal_count=9423 8715 1206 7509 6203 3505 1877 1628 1291 2698 2109 1787 1514 1144
is_linear=0
shrinkage=0.035


Tree=216
num_leaves=15
num_cat=0
split_feature=96 116 110 110 94 104 51 115 45 117 95 88 101 57
split_gain=3.5891 5.84508 4.49386 5.73164 5.51166 4.78578 4.33668 4.21712 4.18373 3.89044 3.80985 3.55642 3.27295 3.20606
threshold=1.4387500000000002 0.4058277027027028 61.250000000000007 45.750000000000007 29966.750000000004 0.12660256410256412 0.098387096774193564 0.12414383561643837 0.13079116179615113 0.12916666666666668 31436.000000000004 926.50000000000011 0.96666666666666679 0.3095838587641867
decision_type=2 2 8 10 2 2 2 2 2 2 2 10 2 8
left_child=2 6 3 7 -5 13 12 -1 -6 -7 11 -3 -2 -4
right_child=1 10 5 4 8 9 -8 -9 -10 -11 -12 -13 -14 -15
leaf_value=-0.013477250985270627 -0.021992531056190874 -0.002611496653275266 -0.011533545864079077 -0.0068986301421004965 0.037474889936384405 0.0054824447628529461 0.014639212494532023 0.016632768073180277 0.0033517690356234925 -0.013962562985017373 0.017626017248325892 0.014449861292660305 0.0089442862310666876 0.01241154511580036
leaf_weight=10.272296651499344 25.751878653420142 125.80165670858696 4.1169978136895216 4.3546636032406267 14.887113024480643 17.150358131853864 1.8300929975230236 4.1733317635953417 7.0134018475655457 27.286245565977879 10.453671141527591 11.910125092137603 2.0982183534651986 36.970611408120021
leaf_count=339 888 1919 241 187 424 470 58 137 357 1879 295 647 113 1483
internal_value=0.00134749 -0.00184685 0.00574705 0.0146113 0.0230682 0.000954531 -0.0147876 -0.00273844 0.0292014 -0.00666228 0.00114352 -0.000681367 -0.0186551 0.00902127
internal_weight=304.071 177.846 126.225 40.7008 26.2552 85.5242 29.6802 14.4456 21.9005 44.4366 148.165 137.712 27.8501 41.0876
internal_count=9437 3920 5517 1444 968 4073 1059 476 781 2349 2861 2566 1001 1724
is_linear=0
shrinkage=0.035


Tree=217
num_leaves=15
num_cat=0
split_feature=63 118 110 63 110 1 65 83 95 93 116 72 63 65
split_gain=2.93005 3.93399 4.25737 3.38728 4.49474 4.34764 3.83428 2.75976 2.64467 4.50056 3.5079 2.72039 3.47988 3.29036
threshold=0.86811594202898557 0.31666666666666671 1098.5000000000002 0.74388789505068587 131.25000000000003 15.500000000000002 6.169540229885059 1911.5000000000002 28180.500000000004 80322.500000000015 0.40129870129870138 6.5000000000000009 0.69139194139194149 4.2264957264957275
decision_type=2 2 8 2 10 2 10 10 2 2 2 10 2 10
left_child=1 2 -1 6 5 -5 7 8 11 10 -10 12 13 -3
right_child=-2 3 -4 4 -6 -7 -8 -9 9 -11 -12 -13 -14 -15
leaf_value=0.02905097031979087 -0.01130439652381772 -0.018701898558063219 -0.0083611821611713263 0.021066952178337678 -0.012419246209893677 -0.0034439357932627979 0.019273833445187471 0.020373722230147263 -0.0031654994826414967 -0.010880116374413865 0.025583378489198876 -0.0017725389132941184 0.010713218728548059 0.0057291675930129411
leaf_weight=6.8955466032493833 18.828531941282563 32.26081952219829 2.7725691043306151 24.023557883687317 5.7822668347507706 10.960512724821454 5.7937663241755208 1.588455116143449 6.4407514688791769 7.3543638431001446 9.9786452125990746 161.48049456614535 4.0649265311658374 5.8169645480811587
leaf_count=67 646 1129 187 620 223 357 115 168 329 312 180 4907 123 80
internal_value=0.000504045 0.00146492 0.0191292 0.000515243 0.00923306 0.0139173 -0.00115946 -0.00207727 -0.00266907 0.00738769 0.0161997 -0.00399215 -0.0114071 -0.0147379
internal_weight=304.042 285.214 9.66812 275.546 40.7663 34.9841 234.779 228.985 227.397 23.7738 16.4194 203.623 42.1427 38.0778
internal_count=9443 8797 254 8543 1200 977 7343 7228 7060 821 509 6239 1332 1209
is_linear=0
shrinkage=0.035


Tree=218
num_leaves=15
num_cat=0
split_feature=49 49 100 54 104 41 65 86 63 119 59 95 119 92
split_gain=3.15787 4.29062 4.51109 3.27474 4.90676 4.38232 3.9372 3.81878 3.78349 3.2063 5.66432 3.1915 4.722 4.63554
threshold=0.059411764705882358 0.022474747474747477 0.28801843317972359 0.093386627906976757 0.62622549019607854 6.5000000000000009 4.3431372549019613 238.86614998921729 0.62409420289855089 3.0699765066114293 0.50308641975308654 11292.500000000002 0.92237762824939029 63559.500000000007
decision_type=2 2 2 8 2 8 8 8 2 8 2 2 10 2
left_child=1 3 -3 4 -1 7 -7 -5 -8 11 -11 12 13 -9
right_child=-2 2 -4 5 -6 6 8 9 -10 10 -12 -13 -14 -15
leaf_value=-0.0024808693616638617 0.01340917491924308 -0.021218957541554576 0.0072400351269555621 0.016970486824100697 0.025970240889343257 -0.010823692492967593 0.018979631565383147 0.013879605851478094 -0.010023086485631084 0.031974721495758883 -0.00079875013296658651 0.0081381854132839982 -0.0097000957120781245 -0.0090352751599058947
leaf_weight=12.747596948524007 18.411117740441114 16.363389314850796 7.0301414611749342 16.518450212082826 10.48640487808734 57.232701242435724 8.2512941178865713 23.073960026726127 5.3356001933570942 5.6610039074439582 15.79808039893396 29.714480677968822 62.312415426713414 13.263841467443852
leaf_count=444 426 494 183 442 271 1861 125 592 79 151 411 1128 2481 356
internal_value=0.00105421 3.43844e-05 -0.0128977 0.00141728 0.0126853 7.42638e-05 -0.00693327 0.00317296 0.00795776 0.00115281 0.0122555 -0.00109315 -0.00413217 0.00543417
internal_weight=302.2 283.789 23.3935 260.396 23.234 237.162 70.8196 166.342 13.5869 149.824 21.4591 128.365 98.6502 36.3378
internal_count=9444 9018 677 8341 715 7626 2065 5561 204 5119 562 4557 3429 948
is_linear=0
shrinkage=0.035


Tree=219
num_leaves=15
num_cat=0
split_feature=84 96 97 86 99 54 76 97 101 123 32 9 55 44
split_gain=3.02485 2.89152 4.62055 3.39586 5.59738 2.93389 5.04262 4.48306 5.40992 4.32776 4.24698 4.12993 3.73309 5.35398
threshold=1178.5000000000002 3.3229166666666674 14.373687214145104 303.99371850685986 0.42640692640692646 0.16954022988505749 0.40458561829460077 6.0068863739008629 0.53589743589743599 1.0000000180025095e-35 28.500000000000004 10.500000000000002 0.75093984962406024 0.17712418300653598
decision_type=10 2 2 8 2 8 8 2 2 2 2 2 8 2
left_child=1 2 3 4 -1 6 -5 8 10 12 -8 -9 -7 -14
right_child=-2 -3 -4 5 -6 9 7 11 -10 -11 -12 -13 13 -15
leaf_value=-0.0101960536518051 -0.01734353936521638 0.016482327963733813 -0.018663339538440828 -0.0086538972972453644 0.018297511164396485 -0.00620650057663839 0.024214220670935014 0.017325054266868589 -0.0086482656892708648 -0.011211245262422979 -0.0064170740407329232 -0.0086878194556716595 -0.013455039951168552 0.010954273522454372
leaf_weight=7.8749737625475964 5.6711817510658866 10.260461366735397 9.2179954105522466 21.233937543001957 26.572988326894119 43.537144624395296 33.548174548777752 5.3503149950411197 6.6865734664024776 45.262653764104471 4.3479186249896875 22.183535562944598 9.1509063235716877 52.221593811293133
leaf_count=150 663 195 125 483 1103 1456 852 82 299 1539 117 482 458 1402
internal_value=0.000998585 0.00162923 0.000825605 0.00179025 0.011317 0.000242049 0.0049668 0.00927834 0.0155772 -0.00276037 0.0203615 -0.00174728 0.00122987 0.00657531
internal_weight=303.12 297.449 287.189 277.971 34.448 243.523 93.3505 72.1165 44.5827 150.172 37.8961 27.5339 104.91 61.3725
internal_count=9406 8743 8548 8423 1253 7170 2315 1832 1268 4855 969 564 3316 1860
is_linear=0
shrinkage=0.035


Tree=220
num_leaves=15
num_cat=0
split_feature=81 44 93 73 47 70 111 69 116 126 117 100 115 32
split_gain=3.19726 3.17934 4.51242 5.41871 4.14795 4.06358 4.72888 8.92761 4.6912 4.51334 4.80024 3.89219 3.65157 3.6205
threshold=434.32254476783305 0.5131670131670133 46501.000000000007 17.500000000000004 0.15590277777777781 9.5192307692307718 0.040956108470785575 2.2500000000000004 0.83558558558558571 1.0000000180025095e-35 0.86729559748427687 0.21525096525096529 0.20864427860696519 5.5000000000000009
decision_type=10 2 2 8 2 10 2 10 2 2 2 2 2 2
left_child=1 4 -3 -4 5 -1 8 -8 9 10 12 -9 -7 -5
right_child=-2 2 3 13 -6 6 7 11 -10 -11 -12 -13 -14 -15
leaf_value=-0.015220011766868546 -0.013925033438808158 -0.0048984931342483679 0.00016151276882632568 0.031168812159671502 0.016436255421857962 -0.0008583437436227592 -0.0047180772450388028 0.034026062799300982 0.01465040551534009 -0.012922599515506209 -0.016438370868038291 -0.0035969364295302302 0.0155315963949562 -0.0040446357946957272
leaf_weight=20.755728995893151 13.9973610722227 19.244760067202151 18.06568721588701 15.382454025093468 10.783661755267529 75.033339554909617 20.690389753319323 11.707926016300915 12.017165713943539 49.574418401811272 14.242245427332817 3.1065166676416984 16.23459907528013 3.0565468948334447
leaf_count=711 2713 373 358 286 229 2107 600 167 190 1144 164 68 362 47
internal_value=-7.90358e-06 0.000888781 0.00802762 0.0146113 -0.000943257 -0.00212382 -0.000447953 0.0103231 -0.00296996 -0.00475026 -0.000499502 0.0272199 0.00271234 0.025714
internal_weight=303.893 289.895 55.7494 36.5047 234.146 223.362 202.607 35.5048 167.102 155.085 105.51 14.8144 91.2679 18.439
internal_count=9519 6806 1064 691 5742 5513 4802 835 3967 3777 2633 235 2469 333
is_linear=0
shrinkage=0.035


Tree=221
num_leaves=15
num_cat=0
split_feature=10 98 96 54 70 26 122 110 75 60 70 115 38 101
split_gain=2.49788 2.69024 5.54884 4.83406 4.286 5.52809 5.90119 4.27069 4.95343 4.67628 4.84147 6.64203 4.04567 3.82178
threshold=3.5000000000000004 1.5694980694980696 1.0976190476190479 0.42261904761904767 14.509259259259261 5.5000000000000009 2.5000000000000004 59.750000000000007 1.8867521367521369 0.76696832579185525 13.328431372549021 0.20864427860696519 5.5000000000000009 0.13188405797101452
decision_type=2 2 2 10 10 2 2 8 8 2 8 2 2 2
left_child=1 2 -1 4 5 -3 -7 8 12 -10 11 13 -4 -11
right_child=-2 3 7 -5 -6 6 -8 -9 9 10 -12 -13 -14 -15
leaf_value=0.011380639349702947 -0.011961680453079614 0.012507340486478212 0.01144222432545571 -0.011808551763222324 0.01999940870352095 -0.017618165013841117 0.013989995212948655 -0.015380803739532264 0.020034111769685177 0.0064385985872575857 -0.013697289580466886 0.019270651274337306 -0.010941855273491686 -0.019455830445086707
leaf_weight=30.2880001795711 14.629694050061515 27.812813114374876 42.517390557797626 11.700378739740698 23.939844971289858 17.982381847221408 6.2286366210319093 27.129372764495201 3.2126379241235545 8.8538830110337603 56.420484353671782 12.057464874116702 8.2475933581590635 11.325110571691765
leaf_count=1094 1259 949 750 626 581 531 111 1663 91 149 1069 211 125 257
internal_value=0.000127071 0.000935578 -0.00131818 0.00587234 0.00915672 0.00285113 -0.00848374 -0.00384459 -0.00120379 -0.00595101 -0.0079119 0.00269331 0.00715057 -0.00907181
internal_weight=302.346 287.716 200.052 87.6641 75.9637 52.0238 24.211 169.764 142.635 91.8696 88.6569 32.2365 50.765 20.179
internal_count=9466 8207 5409 2798 2172 1591 642 4315 2652 1777 1686 617 875 406
is_linear=0
shrinkage=0.035


Tree=222
num_leaves=15
num_cat=0
split_feature=87 100 65 43 101 57 119 75 54 120 40 1 40 66
split_gain=4.56792 3.63149 5.2837 7.59652 4.98142 4.55076 4.01735 3.68431 3.31764 3.96195 3.57349 3.27212 4.08256 3.66718
threshold=1.5000000000000002 0.072751322751322761 2.2426470588235299 0.3024785801713587 0.7947368421052633 0.62916666666666676 0.5699973352604083 1.7537878787878791 0.12861869313482219 1.0000000180025095e-35 10.500000000000002 15.500000000000002 5.5000000000000009 2.2823424245109822
decision_type=8 2 8 2 2 10 8 8 10 2 2 2 2 10
left_child=-1 2 4 -4 6 7 -2 -3 9 10 -9 12 13 -5
right_child=1 5 3 11 -6 -7 -8 8 -10 -11 -12 -13 -14 -15
leaf_value=0.018742242624476053 0.010502604701556147 0.0029480300831601141 -0.0034435877555343301 -0.015225557487037647 0.012777108719091074 0.0089684505472314869 -0.014403658858027933 0.01490442619578587 -0.016676997088992198 -0.01469178464015063 -0.012987339505054549 0.023646234743742209 0.017433822049635603 0.0087492630811571402
leaf_weight=10.992959011811761 5.8651687733363351 27.108390572946519 45.84360101306811 10.194762822240593 9.9894632553914544 19.887763493927196 39.612413533264771 14.596721495967364 48.364452861365862 11.400395199656485 3.5455393637530497 24.827980897389352 17.304785571875982 11.432634094264357
leaf_count=171 143 766 1347 316 544 537 2096 379 1542 452 206 455 297 213
internal_value=0.000530643 -0.000465752 0.00290802 0.00725559 -0.00557241 -0.00486481 -0.0104694 -0.00777308 -0.0114564 -0.00173284 0.00782525 0.0146393 0.0068579 -0.00328892
internal_weight=300.967 289.974 165.071 109.604 55.467 124.903 45.4776 105.015 77.9071 29.5427 18.1423 63.7602 38.9322 21.6274
internal_count=9464 9293 5411 2628 2783 3882 2239 3345 2579 1037 585 1281 826 529
is_linear=0
shrinkage=0.035


Tree=223
num_leaves=15
num_cat=0
split_feature=130 54 72 119 118 41 41 83 99 55 118 106 106 11
split_gain=3.75457 5.09441 4.60938 4.83599 3.88864 4.46937 3.87067 3.2484 3.91863 3.25231 5.12356 4.51802 3.98266 4.37285
threshold=21.500000000000004 0.1126984126984127 9.5000000000000018 2.6468839837495177 0.80521680216802183 17.500000000000004 8.5000000000000018 1341.5000000000002 0.38956639566395673 0.81872946330777674 0.86512474012474028 1614.1750000000002 65.071428571428584 9.5000000000000018
decision_type=2 8 10 10 2 10 8 8 2 8 2 8 10 2
left_child=1 2 3 4 -1 -6 7 8 -3 -9 11 -11 -12 -14
right_child=-2 6 -4 -5 5 -7 -8 9 -10 10 12 -13 13 -15
leaf_value=-0.0077721354440704561 -0.014607780774362261 -0.009111098439119664 0.02587390762736223 -0.0067983469289445621 0.037922358459438019 -0.0073645176034520393 -0.01058150533580823 -0.0047479031359761604 0.017941278028115248 0.018060198497308624 0.0079687191609225227 -0.0064155915138008378 -0.016777797287017844 0.01454339717462254
leaf_weight=2.7853923896327633 14.034720982774159 5.3656150861643281 13.088688482064752 20.158358367159963 5.0505011873319745 1.7211672654375432 35.017891174182296 97.002772819367237 20.557925540022552 32.395332640036941 16.789439954096451 9.4210238034138438 23.311656187870543 2.7117464793846002
leaf_count=117 780 111 246 460 131 62 979 3538 280 1019 444 481 687 29
internal_value=0.000460056 0.00143986 0.0118844 0.00288333 0.0186254 0.0281728 -0.00060596 0.00128639 0.0117742 -0.000485822 0.00439175 0.0124497 -0.00395748 -0.0116961
internal_weight=299.412 285.378 42.8041 29.7154 9.55706 6.77167 242.573 207.556 25.9235 181.632 84.6292 41.8164 42.8128 26.0234
internal_count=9364 8584 1016 770 310 193 7568 6589 391 6198 2660 1500 1160 716
is_linear=0
shrinkage=0.035


Tree=224
num_leaves=15
num_cat=0
split_feature=32 98 120 69 101 71 28 71 75 114 34 113 11 61
split_gain=2.68006 5.43928 4.36139 4.23111 4.21494 4.21281 4.03502 4.01055 3.79571 3.71785 3.53822 3.42371 5.54973 4.83991
threshold=3.5000000000000004 1.5345238095238098 0.038648244958924577 2.7500000000000004 0.27386363636363642 1.7320508075688776 3.5000000000000004 5.7749457069056236 2.3405797101449282 0.087228260869565227 1.5000000000000002 0.02339261285909713 9.5000000000000018 0.94146202170188475
decision_type=2 2 2 8 2 10 2 10 8 2 2 2 2 2
left_child=2 4 7 9 6 8 -2 11 -3 -4 -5 12 -1 -14
right_child=1 5 3 10 -6 -7 -8 -9 -10 -11 -12 -13 13 -15
leaf_value=-0.0060421130644130331 0.0097101625642465293 0.036895040635189599 0.013578398256422161 0.026106173963299263 -0.016962601144921707 0.003642518549550465 -0.015054333067663734 0.012597518341465207 -0.0039367837156799946 -0.013498876109572013 -0.0067092729885062366 -0.013123761335604413 0.026096868543304515 -0.0011997341661730242
leaf_weight=108.18981564033311 28.209356907056645 8.1551773024257272 5.3994458925444695 12.389302327996118 11.767087054438887 19.137351130368188 5.8527439148165277 11.470574688166378 2.4078636281192312 10.829035953502169 2.9735465603880575 48.152280200039968 8.8560972375562432 17.717966964235529
leaf_count=3969 547 165 228 212 365 541 123 432 56 475 57 1663 193 387
internal_value=-0.000302871 0.00520048 -0.00221504 0.00896401 -0.00246563 0.0156805 0.00407268 -0.00421106 0.0293129 -0.00341364 0.0196668 -0.00557226 -0.00250108 0.0105892
internal_weight=301.508 75.5296 225.978 31.5913 45.8292 29.7004 34.0621 194.387 10.563 16.2285 15.3628 182.916 134.764 26.5741
internal_count=9413 1797 7616 972 1035 762 670 6644 221 703 269 6212 4549 580
is_linear=0
shrinkage=0.035


Tree=225
num_leaves=15
num_cat=0
split_feature=63 38 82 43 1 81 55 66 98 75 44 118 75 20
split_gain=3.44536 3.16721 3.20263 3.27024 3.82402 2.97134 3.59432 5.14593 5.00621 6.54624 5.43282 4.00176 5.71213 3.98247
threshold=0.39642857142857152 21.500000000000004 8.5000000000000018 0.44342189500640211 18.500000000000004 446.06589977418145 0.56048780487804895 0.83841403847544094 1.6282894736842108 1.8867521367521369 0.26975051975051983 0.70135135135135152 1.5954545454545457 4.5000000000000009
decision_type=2 2 8 2 2 10 8 8 2 10 2 2 10 2
left_child=-1 2 -2 5 -5 6 7 -4 9 -8 -10 -12 -13 -9
right_child=1 -3 3 4 -6 -7 8 13 10 -11 11 12 -14 -15
leaf_value=-0.011098237814825451 0.020252407657572392 -0.013243499326670705 0.012037924657436489 0.0031158735204011795 0.026510659685593671 -0.015030710440269615 0.0092613296730983726 -0.015639053031104397 -0.00042012467680520391 -0.006293476980523076 -0.0042543497808683189 -0.0008436703463152764 0.037362309622071516 0.014047078965404981
leaf_weight=20.138485308852978 8.02276556950528 10.160535380127838 9.9298988208174688 26.541596163646318 8.8849817174486798 8.8621482861926761 52.368392168078572 34.704259955557063 20.51240946771577 73.498443666612729 4.235695298761132 6.0586096486076739 14.598556754179297 2.4802035223692647
leaf_count=873 240 309 314 722 198 1839 1104 1098 534 1526 110 130 283 115
internal_value=0.00135963 0.0024314 0.00324926 0.00236134 0.0115365 0.000713424 0.00167445 -0.00644999 0.00402892 0.000284865 0.0133499 0.0228692 0.028176 -0.0122287
internal_weight=300.997 280.858 270.698 262.675 35.4266 227.249 218.386 47.1144 171.272 125.867 45.4053 24.8929 20.6572 37.1845
internal_count=9395 8522 8213 7973 920 7053 5214 1527 3687 2630 1057 523 413 1213
is_linear=0
shrinkage=0.035


Tree=226
num_leaves=15
num_cat=0
split_feature=50 72 76 63 119 93 93 106 106 24 2 40 68 110
split_gain=4.54537 4.25747 3.48134 4.01625 3.28409 3.10519 3.33914 3.1911 3.4952 3.99916 3.42331 5.0661 3.44224 4.91299
threshold=0.10050505050505053 8.5000000000000018 0.76280251157727752 0.64906659236556152 3.2050106332779884 86045.000000000015 84919.500000000015 157.31547619047623 65.071428571428584 4.5000000000000009 5.5000000000000009 12.500000000000002 9.5000000000000018 82.250000000000014
decision_type=2 10 10 2 10 2 2 8 10 2 2 2 10 10
left_child=2 -2 5 4 -4 6 7 8 9 -1 12 -12 13 -9
right_child=1 -3 3 -5 -6 -7 -8 10 -10 -11 11 -13 -14 -15
leaf_value=0.008380310391081244 -0.01804923312005256 0.001461985807556698 0.023630539656446327 -0.0044290566866755487 -0.0047479136209828002 0.019960950435940657 -0.014930600371230236 0.013510598078156012 -0.018073646967035235 -0.014377614555137325 -0.016201691047949159 0.013780631257320305 -0.0047412089980428049 -0.0026496574047803253
leaf_weight=23.289611911168322 20.974385295412503 27.539215110475197 21.991371624404568 10.328962276689706 4.3078790979925534 5.6527910120785227 10.825854303664526 76.052608665428124 13.470947518828323 9.2246685784775746 16.539314093766738 5.7243362452136344 24.534278300357983 30.179463909822516
leaf_count=590 1077 1184 626 278 108 162 321 2042 539 145 538 147 396 1231
internal_value=0.00144029 -0.00787175 0.00335035 0.0126293 0.0189662 0.00152256 0.000572862 0.00176146 -0.00590913 0.000867908 0.00418049 -0.00737925 0.00634787 0.0090069
internal_weight=300.636 48.5136 252.122 36.6282 26.2993 215.494 209.841 199.015 45.9852 32.5143 153.03 22.2637 130.766 106.232
internal_count=9384 2261 7123 1012 734 6111 5949 5628 1274 735 4354 685 3669 3273
is_linear=0
shrinkage=0.035


Tree=227
num_leaves=15
num_cat=0
split_feature=82 82 81 54 20 84 107 107 11 2 75 30 128 106
split_gain=3.262 4.77759 2.99801 2.72683 3.43575 3.54933 3.05657 2.72774 2.77295 2.44886 2.34839 3.0105 2.51053 2.32111
threshold=8.5000000000000018 125.50000000000001 295.09057685297893 0.093386627906976757 1.5000000000000002 1006.7500000000001 2664.0735985102697 1788.988126313536 14.500000000000002 2.5000000000000004 2.1403940886699511 6.5000000000000009 0.31909090909090915 466.52380952380958
decision_type=8 8 10 8 2 8 10 10 2 2 10 2 2 10
left_child=2 -2 -1 7 -5 -6 10 8 -3 -9 11 -7 -12 -10
right_child=1 3 -4 4 5 6 -8 9 13 -11 12 -13 -14 -15
leaf_value=-0.0028597631512494361 -0.018676853813103533 -0.012692119396758612 0.027729560318788198 0.0013544501201480997 0.013649092052066381 -0.024551302217185805 0.0094106030337158982 -0.00023703210890158594 0.017018644417331943 0.029624050037033441 -0.010176930565710295 0.0052114793720970474 0.014870547762657838 -0.0086843861758549423
leaf_weight=5.1078615467995387 11.529173948219976 6.5556149977492231 4.8786342589883134 208.14430658833589 3.331281262333504 21.530476163374264 3.7062501177424556 4.7167141244281066 8.1202219666447473 6.0869572749361396 8.155747586861251 3.0985249684890723 2.8316895625321186 2.726498920004814
leaf_count=44 1482 163 247 5631 102 765 145 126 152 146 251 62 47 65
internal_value=0.000424635 -0.000390107 0.0163497 0.000681058 -0.000556052 -0.00904291 -0.0122882 0.0101084 0.000425101 0.0206368 -0.0154267 -0.0205593 -0.00108983 0.0098562
internal_weight=300.52 290.533 9.9865 279.004 250.798 42.654 39.3227 28.206 17.4023 10.8037 35.6164 24.629 10.9874 10.8467
internal_count=9428 9137 291 7655 7003 1372 1270 652 380 272 1125 827 298 217
is_linear=0
shrinkage=0.035


Tree=228
num_leaves=15
num_cat=0
split_feature=50 98 110 55 128 117 110 66 71 112 55 30 0 54
split_gain=3.06507 3.09809 3.92155 3.85097 4.66589 4.40201 6.74096 8.09604 4.51952 3.88844 3.57622 3.2164 3.21815 4.03898
threshold=0.20416666666666669 0.90238095238095251 16.250000000000004 0.82247899159663873 0.38278388278388281 0.91331186258722497 61.250000000000007 3.175711707032312 1.2236222811979214 0.089220563847429532 0.68237250554323736 12.500000000000002 74.426556712962977 0.11483516483516486
decision_type=2 2 8 8 2 2 10 10 8 2 10 2 2 10
left_child=1 2 -1 9 5 6 7 8 -5 10 11 12 -3 -14
right_child=-2 3 -4 4 -6 -7 -8 -9 -10 -11 -12 -13 13 -15
leaf_value=0.012377149762216128 -0.013244319930619796 0.012050277720752324 -0.010673311665845208 -0.0016937766747382051 -0.0082480182746253929 -0.0037181877621432855 0.00089753195297527586 -0.015172470269502582 0.030875215829773157 -0.0139399119966001 -0.0068640383767391289 -0.011824867976494487 0.014196574912263763 -0.0082623300952044242
leaf_weight=7.2464079542551181 10.624346210039219 61.81281510356348 33.993348073912784 5.3759938036091617 12.548009730409829 15.686976195545865 25.909147625090554 3.0840815636329344 37.524629143998027 14.896958244033156 32.404230132466182 7.2102519574109456 9.6319437519414333 24.838498478056863
leaf_count=135 608 1915 948 126 192 243 1167 43 775 603 960 302 415 1054
internal_value=0.00193341 0.00269889 -0.00572262 0.00416775 0.00931062 0.0121359 0.015612 0.0230015 0.0270431 0.000563629 0.00259175 0.00573229 0.00756592 -0.000983319
internal_weight=302.788 292.163 41.2398 250.924 100.129 87.5808 71.8939 45.9847 42.9006 150.795 135.898 103.494 96.2833 34.4704
internal_count=9486 8878 1083 7795 2546 2354 2111 944 901 5249 4646 3686 3384 1469
is_linear=0
shrinkage=0.035


Tree=229
num_leaves=15
num_cat=0
split_feature=82 87 110 74 106 119 109 106 65 74 94 54 109 60
split_gain=4.15868 3.68481 3.66964 4.8449 4.45293 4.14381 4.12015 5.53547 4.08513 3.76296 3.64139 3.56379 3.44331 3.29305
threshold=8.5000000000000018 216.50000000000003 61.250000000000007 11.750000000000002 791.3939393939396 1.0431530647012204 8333.5000000000018 537.55000000000007 1.6417112299465242 13.250000000000002 82290.250000000015 0.20416666666666669 255.50000000000003 0.92214439655172431
decision_type=8 8 10 8 10 8 10 10 10 8 2 8 10 2
left_child=1 -1 3 4 -2 8 7 9 -4 13 -11 -6 -10 -5
right_child=2 -3 5 6 11 -7 -8 -9 12 10 -12 -13 -14 -15
leaf_value=0.027310701435815498 -0.012493786164574536 -0.0099156253492363403 -0.0096993489679463862 0.02240573967325803 0.021152685568864672 -0.010688183169472619 -0.0067104903200112427 0.0167348837611664 -0.0069151111229981818 -0.0060673860903921201 0.016319238651237449 -0.0080944710742302962 0.024516222066758433 -0.00033797404558212027
leaf_weight=7.2349344423273552 36.949295943020843 1.55133679159917 8.3718319450272265 11.986116347485224 6.3972640481078971 60.228686777758412 25.262906169518828 47.228705928078853 3.5134293305454767 53.615740379900672 5.5985919551458201 5.5669567550066867 9.1953646044712496 14.147575026145203
leaf_count=260 918 23 374 220 150 3390 625 1124 192 1349 163 170 158 294
internal_value=0.000746376 0.0195255 -0.000149768 0.00233214 -0.00683607 -0.00623025 0.00529597 0.00774457 0.00611363 0.00211883 -0.0028449 0.00916923 0.0163278 0.0120164
internal_weight=296.849 8.78627 288.062 206.753 48.9135 81.3093 157.84 132.577 21.0806 85.348 59.2143 11.9642 12.7088 26.1337
internal_count=9410 283 9127 5013 1238 4114 3775 3150 724 2026 1512 320 350 514
is_linear=0
shrinkage=0.035


Tree=230
num_leaves=15
num_cat=0
split_feature=65 59 27 118 116 70 59 77 74 66 75 63 42 118
split_gain=2.40208 3.139 3.94629 6.16306 5.10235 4.93009 5.0545 4.80322 3.40485 3.29152 3.60622 4.41804 5.01832 4.66195
threshold=6.0294117647058831 0.68027777777777787 4.5000000000000009 0.61721611721611735 0.6014705882352942 14.171568627450982 0.6044089147286823 1.5000000000000002 16.750000000000004 3.534890964666531 1.7165178571428574 0.80196078431372564 9.5000000000000018 0.79772727272727284
decision_type=10 2 2 2 2 10 2 10 8 10 8 2 10 2
left_child=1 2 -1 -4 5 -5 8 -6 -7 10 11 12 13 -3
right_child=-2 9 3 4 7 6 -8 -9 -10 -11 -12 -13 -14 -15
leaf_value=-0.0079869145537124139 0.016332135572191483 7.0293526931515917e-05 0.025088776610213106 -0.014894292797915589 0.021078591517885464 0.028089179381720376 -0.011898703764960203 -0.0076903223757746539 -0.0065345262269701533 -0.013306506400164635 0.0025553213367267963 -0.010413595232826341 -0.0086667737482153603 0.035688401922138742
leaf_weight=79.157692424487323 7.4710626599844536 5.9354553243611106 7.8696860093623391 31.132076887530275 14.159638611366972 6.8722796284127989 6.6721385187702245 8.0068852999247611 2.6664948206162089 7.2577297169482327 103.49819893785752 3.4482753644697359 3.4131582556292406 13.893999939784406
leaf_count=2618 152 211 192 1229 201 214 266 87 90 162 3450 91 94 384
internal_value=0.00128205 0.000632843 -0.00271829 0.00282907 -0.0012056 -0.00752077 0.00681264 0.011184 0.0194917 0.00441087 0.00585418 0.0162246 0.0213206 0.0271881
internal_weight=301.455 293.984 156.537 77.3792 69.5095 47.343 16.2109 22.1665 9.53877 137.447 130.189 26.6909 23.2426 19.8295
internal_count=9441 9289 4897 2279 2087 1799 570 288 304 4392 4230 780 689 595
is_linear=0
shrinkage=0.035


Tree=231
num_leaves=15
num_cat=0
split_feature=87 94 84 101 96 70 117 54 115 54 99 55 11 117
split_gain=2.45605 3.37628 2.5593 2.31757 2.70536 4.90324 5.08703 3.9603 4.38407 3.76341 6.43189 4.45901 4.19246 3.8674
threshold=1.5000000000000002 27420.750000000004 1165.2500000000002 1.7083333333333337 1.4767316017316021 15.486842105263159 0.66018867924528313 0.42261904761904767 0.29903846153846159 0.25543478260869573 0.56594202898550738 0.50247524752475259 4.5000000000000009 0.39339826839826847
decision_type=8 2 10 2 2 10 2 10 2 8 2 10 2 2
left_child=1 -1 3 4 9 6 -6 -8 -9 10 -2 -12 -13 -14
right_child=2 -3 -4 -5 5 -7 7 8 -10 -11 11 12 13 -15
leaf_value=-0.0082821289032920502 -0.0083666415810820412 0.023494711276067396 -0.015918296706320858 -0.014361547926039957 -0.01421621293272329 -0.013648354331868704 0.002022062354334424 0.03179371634052678 -0.0062873910475909857 -0.00085797772335539674 -0.0024352475590110703 -0.00071768274980284891 0.0054244557576215166 0.034003810966362603
leaf_weight=2.9890809776261431 12.845999550772829 7.8953459337353706 5.8958334223134434 6.1069600627524769 15.921333800302817 25.714659194462001 107.31923304009251 6.7656943525653315 3.3347991234622896 55.228264785022475 10.785525652929207 8.1013974302913976 10.261452030506918 21.130439510801807
leaf_count=38 363 131 688 296 828 514 1732 145 101 2508 659 377 406 609
internal_value=0.00150182 0.0149081 0.000753008 0.00136955 0.001964 -0.00102306 0.001817 0.00448284 0.021302 0.00585709 0.0113639 0.0167058 0.0216194 0.0266905
internal_weight=300.296 10.8844 289.412 283.516 277.409 159.056 133.341 117.42 10.1005 118.353 63.1248 50.2788 39.4933 31.3919
internal_count=9395 169 9226 8538 8242 3320 2806 1978 246 4922 2414 2051 1392 1015
is_linear=0
shrinkage=0.035


Tree=232
num_leaves=15
num_cat=0
split_feature=118 65 98 32 63 97 43 101 86 96 63 110 42 38
split_gain=2.58911 5.46305 3.76224 5.68902 5.22876 5.41855 3.76022 4.16099 4.18348 4.49671 3.75893 3.63449 3.4472 6.05882
threshold=0.67156862745098056 1.939338235294118 1.4472222222222224 1.5000000000000002 0.53798076923076932 4.6519114309125333 0.37057844361215153 0.13714733542319751 357.09967755617248 2.8805704099821754 0.74813432835820903 1098.5000000000002 6.5000000000000009 2.5000000000000004
decision_type=2 8 2 2 2 2 2 2 8 2 2 10 10 2
left_child=1 -1 6 12 -5 -6 7 10 -9 -10 -2 -3 13 -4
right_child=2 11 3 4 5 -7 -8 8 9 -11 -12 -13 -14 -15
leaf_value=-0.0087115431375524386 -0.0065553344295862003 0.01904560583596087 -0.011731302264445322 -0.0074409390798501982 0.034771430460373245 0.0036683345899830161 0.002864718241081839 0.0043886870582547834 -0.02233176689263142 0.010383790669668193 0.012664246539375269 -0.0080832563834167918 0.0097703982356247623 0.016449330794670348
leaf_weight=13.585275796009226 33.663302346714772 29.077706554206088 40.869766777730547 7.1393649114761493 12.413875614292921 13.505772486678323 58.342175374389626 9.6185254306765255 37.630585841019638 2.9228320927359155 13.401152104954233 4.4213863530894733 18.334769977722317 7.1111017138464367
leaf_count=713 742 779 1690 217 322 280 1323 550 1126 35 289 216 804 330
internal_value=0.000777041 0.00789044 -0.00066315 0.0045237 0.01532 0.0217787 -0.00401391 -0.00807937 -0.0146015 -0.0190929 -0.000392094 0.0148802 -0.00155509 -0.00639651
internal_weight=302.038 47.0844 254.953 99.3747 33.059 25.9196 155.579 97.2364 50.1719 40.5534 47.0645 33.4991 66.3156 47.9809
internal_count=9416 1708 7708 3643 819 602 4065 2742 1711 1161 1031 995 2824 2020
is_linear=0
shrinkage=0.035


Tree=233
num_leaves=15
num_cat=0
split_feature=92 119 91 115 114 55 88 98 110 70 106 90 71 71
split_gain=2.9911 5.3462 5.2516 4.06776 5.78003 3.78718 6.00118 5.43358 4.88683 4.84238 4.95455 4.75401 5.84033 3.63394
threshold=57284.500000000007 0.77303240518350214 3037.2679186588725 0.20864427860696519 0.20662287903667217 0.95419580419580441 892.50000000000011 0.84731934731934744 86.250000000000014 11.60357142857143 38.354166666666679 70424.458108108127 0.71496962310323353 3.7860598343955529
decision_type=2 8 10 2 2 10 10 2 10 8 10 2 8 10
left_child=1 -1 -3 13 -5 6 11 -7 9 -9 -11 -2 -13 -4
right_child=5 2 3 4 -6 7 -8 8 -10 10 -12 12 -14 -15
leaf_value=0.011295583754684231 0.010147572190640632 -0.013617676043150444 0.0015987677533330883 0.016734759268771 -0.012959422971945373 -0.0086235075995766391 0.019731049514840924 -0.0045364442215512441 -0.0048091576770098237 -0.0010918759093298187 0.037234837349996011 0.017308511964440387 -0.013746480196286309 -0.013278189281130297
leaf_weight=24.957047951989807 15.793084055767393 50.046919677290134 45.947333294898272 24.698437448125336 6.850536457495763 8.7250086197163892 10.23479527782183 4.5614152122288969 7.1547459142748258 4.7462905899155912 16.947070693364367 4.3283623829483977 45.091749646351673 29.527806814876385
leaf_count=527 435 1804 1621 551 212 288 681 127 342 136 341 83 1216 1141
internal_value=0.0004137 -0.00237837 -0.00483248 -0.000299879 0.00939616 0.00465678 -0.000193011 0.0124403 0.0183477 0.024418 0.0302155 -0.00450237 -0.00968622 -0.00468485
internal_weight=299.611 182.028 157.071 107.024 31.549 117.583 75.448 42.1345 33.4095 26.2548 21.6934 65.2132 49.4201 75.4751
internal_count=9505 5856 5329 3525 763 3649 2415 1234 946 604 477 1734 1299 2762
is_linear=0
shrinkage=0.035


Tree=234
num_leaves=15
num_cat=0
split_feature=98 54 68 47 66 20 14 68 100 46 106 113 42 47
split_gain=3.8691 5.88264 4.25759 7.33467 4.73218 4.24854 4.0727 4.00666 3.86791 7.90158 4.2507 3.79589 3.78382 3.58958
threshold=1.4472222222222224 0.43650793650793657 6.5000000000000009 0.035401002506265669 2.6027078587014922 2.5000000000000004 3.5000000000000004 17.500000000000004 0.45643939393939398 0.068573667711598757 1052.6988636363637 0.027587519025875192 5.5000000000000009 0.025158227848101272
decision_type=2 10 8 2 8 2 2 8 2 2 10 2 10 2
left_child=2 5 6 4 -4 8 -1 -6 9 13 11 -11 -10 -2
right_child=1 -3 3 -5 7 -7 -8 -9 12 10 -12 -13 -14 -15
leaf_value=-0.0032708170455829082 0.032489405350143226 -0.01342290969502642 0.022038244269652899 -0.01435132824110631 -0.0057624608503150888 -0.0070702931328343269 -0.019544917142565951 0.012848585540201973 -0.0090584909587245813 0.0048221271110301007 0.016468334654020277 -0.02006331894934683 0.016438531710811378 0.0064920452862680094
leaf_weight=73.434726775856689 22.646763607510366 13.685328665887935 16.464002474443987 18.412394006620161 29.604086088715121 15.875392450834623 21.709183887345716 19.158726115361787 17.849801155971367 13.360412536654627 9.8647111316677165 8.6500489977188391 5.3866509848739943 12.439066335442474
leaf_count=2859 780 740 259 369 447 836 539 551 513 386 303 282 127 421
internal_value=0.000348277 0.00509995 -0.00288679 0.00279821 0.00831633 0.00798639 -0.00777456 0.00206464 0.0108686 0.0148818 0.00161268 -0.00686138 -0.00128357 0.0252319
internal_weight=298.541 119.758 178.783 83.6392 65.2268 106.073 95.1439 48.7628 90.1975 66.961 31.8752 22.0105 23.2365 35.0858
internal_count=9412 4388 5024 1626 1257 3648 3398 998 2812 2172 971 668 640 1201
is_linear=0
shrinkage=0.035


Tree=235
num_leaves=15
num_cat=0
split_feature=119 76 43 50 91 115 59 115 74 11 116 110 118 1
split_gain=4.53994 3.81854 5.03 4.17032 3.967 5.21522 6.78 4.60313 6.11557 4.10734 5.06997 3.69205 4.83737 3.60653
threshold=0.77303240518350214 0.83162985446573878 0.28490259740259744 0.12414383561643837 858.19158567593433 0.21483516483516488 0.68377192982456159 0.093178294573643419 11.250000000000002 4.5000000000000009 0.16172624237140368 49.250000000000007 0.89512961508248245 14.500000000000002
decision_type=10 10 2 2 10 2 2 2 10 2 2 10 2 2
left_child=-1 4 -3 -4 -2 6 -6 9 -9 -8 -11 12 -7 -12
right_child=1 2 3 -5 5 11 7 8 -10 10 13 -13 -14 -15
leaf_value=0.0088057417620462219 -0.01589455336058878 -0.0097715457256986032 0.021385914100291156 -0.011967581803360534 -0.011937275871290048 0.019619264464071185 -0.0041016544288560598 0.012228903587447201 -0.017699593508809758 -0.0061489799838593895 0.034557495043872274 -0.013040396892005776 -0.0014543637607718752 7.1133927967540224e-05
leaf_weight=51.911864979076199 24.092644467018545 9.3842719072708878 20.02524775383063 2.2464734241366378 78.932799719041213 24.682199815753847 12.635966125060802 9.0329222539439815 17.258986373431981 5.641535728704187 11.489032699493693 5.4713407329982138 23.071007025660947 4.821675371262244
leaf_count=1437 1024 318 596 112 2493 517 586 284 653 225 304 334 412 166
internal_value=-0.000130644 -0.00213207 0.00839995 0.0164443 -0.00382207 -0.00195207 -0.00546602 0.00319337 -0.00710624 0.0109312 0.01874 0.00695526 0.0102651 0.0267714
internal_weight=300.698 248.786 31.656 22.2717 217.13 193.037 139.813 60.8801 26.2919 34.5882 21.9522 53.2245 47.7532 16.3107
internal_count=9461 8024 1026 708 6998 5974 4711 2218 937 1281 695 1263 929 470
is_linear=0
shrinkage=0.035


Tree=236
num_leaves=15
num_cat=0
split_feature=6 50 45 41 119 71 26 66 46 96 26 70 107 59
split_gain=3.99042 2.67279 2.83687 4.63402 3.83164 3.98138 3.34393 3.2278 5.32827 4.48681 4.30208 4.19604 3.7783 4.2318
threshold=1.5000000000000002 0.20416666666666669 0.039736842105263161 3.5000000000000004 1.9819302990960299 2.8891549707155213 31.500000000000004 1.8274183903950487 0.12158167036215818 1.3737745098039218 3.5000000000000004 12.377155172413795 2779.8203294096825 0.72281323877068571
decision_type=2 2 2 10 10 8 2 8 2 2 2 10 10 2
left_child=1 2 3 4 5 -1 -5 8 12 -10 -9 -12 13 -4
right_child=-2 -3 7 6 -6 -7 -8 10 9 -11 11 -13 -14 -15
leaf_value=0.019706004635107671 -0.013604742417630713 -0.012515449139639657 -0.017078005634806489 0.019320391841256435 -0.014715754595814983 -0.0018289568318095271 -0.0090259893196171451 0.0098355665351543085 -0.008590670841946698 0.025190208174443528 -0.015859708761699759 0.0043446076570898265 0.010473694812011535 0.001810112730431454
leaf_weight=10.846098024281671 16.958380213472992 10.133414904121308 43.129649026785046 33.871874200296588 10.305747252423314 29.082647744915448 2.9048065366223446 60.727548943017609 4.7114984154468385 7.2160653104074299 16.120792615693063 27.304844666970894 7.1865506706526494 19.541189962998033
leaf_count=310 545 574 1831 657 244 1021 41 1687 210 160 417 656 367 717
internal_value=0.000794885 0.00187866 0.00262858 0.00765519 0.000447039 0.00556275 0.0162692 0.000137474 -0.00490409 0.0132504 0.00413959 -0.0040189 -0.00868181 -0.01149
internal_weight=300.041 283.083 272.949 87.0112 50.2345 39.9287 36.7767 185.938 81.785 11.9276 104.153 43.4256 69.8574 62.6708
internal_count=9437 8892 8318 2273 1575 1331 698 6045 3285 370 2760 1073 2915 2548
is_linear=0
shrinkage=0.035


Tree=237
num_leaves=15
num_cat=0
split_feature=90 87 50 117 54 128 115 45 50 55 95 50 54 125
split_gain=2.90115 3.35012 3.459 4.66099 3.24602 6.0395 4.62921 4.20982 4.19637 4.87354 4.69927 4.14993 3.49637 3.74541
threshold=15697.982954545458 1.5000000000000002 0.10050505050505053 0.85565476190476197 0.17519181585677754 0.15504807692307696 0.080322580645161304 0.14962686567164182 0.072949002217294903 0.65301003344481623 28702.000000000004 0.030457637600494747 0.18898809523809526 1.5000000000000002
decision_type=2 8 2 2 8 2 2 2 2 10 2 2 10 2
left_child=-1 -2 4 -4 5 6 7 -3 9 -7 -10 -8 -6 -14
right_child=1 2 3 -5 12 8 11 -9 10 -11 -12 -13 13 -15
leaf_value=0.010057235776852377 0.016307204197333308 0.034206171766166658 -0.015028666559355726 0.011807399928352271 -0.019080716529777803 -0.019306538456631526 0.015185265166575904 -0.0048825374760066024 -0.0055557365678873495 0.0022806241312643858 0.032608731807876511 -0.0093514290943230039 -0.004948696895457582 0.0082224249368313389
leaf_weight=32.340956097934395 9.0484138163737935 12.199214675230904 33.710735504049808 6.0002909302711478 9.8339348464505729 16.694505295599811 12.58115619281307 2.7861778504448003 5.3596600251039472 29.057253449922428 3.0810029947897419 11.63348936778493 81.845246910001151 33.083379807882011
leaf_count=818 143 269 1904 118 374 476 253 135 150 359 77 514 2915 926
internal_value=0.000918927 -0.000352899 -0.00123656 -0.0101068 0.000568381 0.00535114 0.0149713 0.0275353 -0.00228439 -0.00672241 0.0153233 0.0038141 -0.00308005 -0.000972521
internal_weight=299.255 266.914 257.866 39.711 218.155 93.3925 39.2 14.9854 54.1924 45.7518 8.44066 24.2146 124.763 114.929
internal_count=9431 8613 8470 2022 6448 2233 1171 404 1062 835 227 767 4215 3841
is_linear=0
shrinkage=0.035


Tree=238
num_leaves=15
num_cat=1
split_feature=76 131 97 70 117 60 43 41 27 23 72 90 60 92
split_gain=3.00538 4.272 3.78835 4.50002 5.56495 6.27141 6.40773 5.90448 3.38133 2.91929 3.02428 2.78619 4.32581 3.21606
threshold=0.52665599572980892 0 8.1788235682748915 10.279220779220781 0.37617924528301894 0.94269293924466346 0.23013871374527115 14.500000000000002 4.5000000000000009 5.5000000000000009 9.5000000000000018 18144.124197689347 0.92214439655172431 73657.000000000015
decision_type=10 1 2 10 2 2 2 10 2 2 10 2 2 2
left_child=9 2 3 -2 -5 6 -6 -8 -7 11 -11 12 -1 -13
right_child=1 -3 -4 4 5 8 7 -9 -10 10 -12 13 -14 -15
leaf_value=-0.011488977547149341 -0.010638574725361971 -0.0062879290067080831 -0.0062666970555227451 -0.0055909512969064398 -0.0052510058240106718 -0.0057879994265886935 0.03961981840925502 -0.0037953300193836123 0.016997819264639519 -0.0033806773319818213 0.026676010979104457 -0.0083980014686269797 0.014843076794851737 0.0038192903467039671
leaf_weight=7.4166033517103669 6.5390092184534288 26.914576155249961 14.936211960040962 11.948667940800076 4.6412269566208151 15.281863177195193 22.105057495646182 3.5103719715261823 8.49194023828022 6.3143306877464038 3.125226013129577 119.09889956819825 16.504269268829376 30.351364823523909
leaf_count=238 253 939 344 566 160 415 569 148 235 236 79 3916 369 968
internal_value=-0.000182758 0.00416277 0.00742245 0.0114218 0.0142035 0.0186838 0.0281074 0.034022 0.00389042 -0.00293983 0.0123618 -0.00409612 0.00610408 -0.00587351
internal_weight=297.18 114.369 87.4543 72.5181 65.9791 54.0305 30.2567 25.6154 23.7738 182.811 9.43956 173.371 23.9209 149.45
internal_count=9435 3629 2690 2346 2093 1527 877 717 650 5806 315 5491 607 4884
cat_boundaries=0 1
cat_threshold=37
is_linear=0
shrinkage=0.035


Tree=239
num_leaves=15
num_cat=0
split_feature=98 110 110 110 97 66 55 99 119 92 112 72 49 82
split_gain=3.38428 5.20245 3.42366 3.22366 6.44106 4.76212 6.17018 4.35395 6.1477 5.75209 5.41093 4.70627 4.28242 4.22894
threshold=0.84731934731934744 16.250000000000004 92.250000000000014 86.250000000000014 3.4194799594464658 2.6027078587014922 0.92450142450142458 0.84807692307692317 2.9827988978200954 37675.500000000007 0.037268518518518527 12.500000000000002 0.020204081632653064 242.50000000000003
decision_type=2 8 10 10 2 10 8 2 10 2 2 10 2 10
left_child=1 -1 -3 5 -5 6 7 8 13 11 -10 -9 -7 -2
right_child=3 2 -4 4 -6 12 -8 9 10 -11 -12 -13 -14 -15
leaf_value=0.012703468556372027 -0.016687393589874987 -0.021432110378420854 0.0049168745906786335 -0.012616053193481991 0.011599855639995773 0.00079037121769118561 0.016308833929413506 0.029881002600398273 0.019513498854356014 0.00019538751745618764 -0.011595800879630839 -0.007655984423507076 -0.021308513137064056 0.014679740872003666
leaf_weight=6.5461846129037431 32.002127115498297 19.829025735147301 5.8477066333871326 36.866374922450632 15.278290931135414 42.736408403492533 53.657287000562064 13.896328105358409 13.920621644705536 35.827218638500199 6.6519945423351592 2.9969751272583371 9.2021842645481211 2.2078667210880658
leaf_count=127 1216 582 232 1774 696 791 1357 448 299 1301 213 126 202 80
internal_value=0.00099341 -0.0089226 -0.015608 0.00234084 -0.00512669 0.00424377 0.00716452 0.00207841 -0.00464292 0.00885982 0.00915406 0.0229941 -0.00465234 -0.0130492
internal_weight=297.467 32.2229 25.6767 265.244 52.1447 213.099 161.16 107.503 54.7826 52.7205 20.5726 16.8933 51.9386 34.21
internal_count=9444 941 814 8503 2470 6033 5040 3683 1808 1875 512 574 993 1296
is_linear=0
shrinkage=0.035


Tree=240
num_leaves=15
num_cat=0
split_feature=88 81 94 65 0 95 93 10 3 117 57 65 109 46
split_gain=3.72804 2.35208 3.86266 3.48679 2.4527 2.38751 5.93461 3.87995 3.92319 3.68719 3.23849 2.59263 3.7672 2.59553
threshold=1079.5000000000002 262.32276477727902 71055.000000000015 2.6733333333333338 41.913894675925931 28180.500000000004 80449.500000000015 2.5000000000000004 22.500000000000004 0.43534002229654406 0.67708333333333337 2.2426470588235299 5430.0000000000009 0.099180327868852475
decision_type=10 10 2 8 2 2 2 2 2 2 8 10 10 2
left_child=1 5 -3 4 -4 7 9 -1 10 -7 11 13 -13 -9
right_child=-2 2 3 -5 -6 6 -8 8 -10 -11 -12 12 -14 -15
leaf_value=0.0021900059621938884 0.018996022986771662 -0.017303985754258892 -0.0063262988604272929 -0.012153381737374633 0.028162805480093676 -0.0092441995724669556 -0.011351610827050487 -0.013894193330326595 -0.019293932867801181 0.025912930059738794 -0.017003786583602191 0.022635719207031446 -0.0035273590715157893 0.010216352114036884
leaf_weight=183.43766289390624 7.8161540478467932 17.382055133813996 1.4157870821654785 2.8661811217898503 3.3740189420059323 1.8540728343650723 6.9874988440424195 10.518352963728828 18.166294947499409 13.914646327029912 6.9781790995039037 9.4398143049329537 10.470388793386517 4.1024575652554622
leaf_count=4048 61 2213 172 269 355 101 216 416 552 283 183 204 244 120
internal_value=0.000520873 -0.000288112 -0.00957625 0.0078735 0.019944 0.000747213 0.0104732 -0.000355881 -0.00774603 0.0205489 -0.00116127 0.00378601 0.0109307 -0.00624954
internal_weight=298.724 290.907 25.038 7.65599 4.78981 265.869 22.7562 243.113 59.6755 15.7687 41.5092 34.531 19.9102 14.6208
internal_count=9437 9376 3009 796 527 6367 600 5767 1719 384 1167 984 448 536
is_linear=0
shrinkage=0.035


Tree=241
num_leaves=15
num_cat=0
split_feature=32 106 89 121 0 101 66 109 98 116 110 70 101 61
split_gain=3.18874 4.82682 4.35541 4.10935 4.47661 4.59499 4.04434 3.78117 3.35468 5.97527 3.31782 3.32259 3.30884 5.09352
threshold=4.5000000000000009 157.31547619047623 366.75000000000006 1.0000000180025095e-35 106.21807291666669 0.70294117647058829 3.2716663693169612 4090.0000000000005 1.8397435897435901 0.22767145135566189 21.250000000000004 14.677083333333334 0.7947368421052633 0.9234432234432236
decision_type=2 8 8 2 2 2 10 8 2 2 10 8 2 2
left_child=1 2 -1 4 5 -2 -4 8 9 -3 11 -5 13 -12
right_child=3 7 6 10 -6 -7 -8 -9 -10 -11 12 -13 -14 -15
leaf_value=0.013344895738941768 0.035216062447044769 0.029013879404112531 -0.018078560813696465 0.021166313166657385 -0.0080048906279886565 -0.0048355591528687287 0.008984913818207995 -0.0017722612266391571 -0.0056135007609137274 -0.0012988687908460192 0.0092253308276533021 -0.0077196567731161224 0.017084147342227785 -0.015162912251176278
leaf_weight=4.0205958773149169 9.8727146693272534 13.131173080648297 39.210640188422985 10.531924247508865 3.4724179303739211 3.1600832203403106 4.8622095086611798 140.77423430047929 9.4314062976045516 13.477533466764724 11.710049709654411 4.0388725544326016 3.1249743984080842 26.444323715753853
leaf_count=150 171 365 1429 125 111 92 88 4900 358 446 293 48 99 730
internal_value=0.00021191 -0.00185979 -0.0111177 0.0063555 0.0193664 0.0268566 -0.0144816 0.000894842 0.0102594 0.0158835 0.00123505 0.0132328 -0.00397204 -0.00747622
internal_weight=297.263 224.908 48.0934 72.3554 16.5052 13.0328 44.0728 176.814 36.0401 26.6087 55.8501 14.5708 41.2793 38.1544
internal_count=9405 7736 1667 1669 374 263 1517 6069 1169 811 1295 173 1122 1023
is_linear=0
shrinkage=0.035


Tree=242
num_leaves=15
num_cat=0
split_feature=98 18 119 117 44 70 32 76 27 107 42 46 1 46
split_gain=2.76751 4.21948 5.42794 4.26602 4.21517 4.0303 5.6296 6.42302 4.41632 6.6179 4.47192 4.01238 3.97691 3.82017
threshold=1.3956521739130436 1.0000000180025095e-35 2.925187910332959 0.21498599439775914 0.36882591093117417 14.509259259259261 1.5000000000000002 0.75134461985681933 2.5000000000000004 2088.7747661702156 7.5000000000000009 0.079455266955266959 5.5000000000000009 0.031414473684210534
decision_type=2 2 8 2 2 10 2 8 2 10 8 2 2 2
left_child=1 2 3 -1 -5 6 8 -8 -2 10 -10 12 -7 -4
right_child=5 -3 13 4 -6 11 7 -9 9 -11 -12 -13 -14 -15
leaf_value=0.0090524984163578275 -0.015589380588071128 -0.015625833496926898 -0.0027151356567185099 0.0064345711998767255 -0.012572999378167133 -0.0033438526341937921 -0.0021746925531148089 0.028216348883196709 0.018116605977541677 -0.016703566762395587 -0.011359114351804809 -0.0025074300797829521 0.026184784286217688 0.015332083401296163
leaf_weight=16.274776035919785 26.540727432118729 21.294706271030009 21.975148596102372 14.78435416612774 62.374316807487048 5.9106078800978166 17.689451234182346 10.34159997361712 20.091496454435404 10.400048344046807 4.6474303980357936 13.09723382280208 19.232074477476999 30.42795290297363
leaf_count=425 1034 448 662 623 2086 213 496 264 826 617 303 417 575 453
internal_value=0.000213626 -0.00271965 -0.000379619 -0.00535594 -0.00876102 0.00400331 -0.00021548 0.0116115 -0.00605806 0.00218617 0.0116005 0.012781 0.0198399 0.00818672
internal_weight=295.082 167.131 145.837 93.4334 77.1587 127.951 89.7108 28.0311 61.6797 35.139 24.7389 38.2399 25.1427 52.4031
internal_count=9442 4697 4249 3134 2709 4745 3540 760 2780 1746 1129 1205 788 1115
is_linear=0
shrinkage=0.035


Tree=243
num_leaves=15
num_cat=0
split_feature=82 81 82 54 41 91 109 81 121 90 11 96 74 117
split_gain=2.51563 4.04949 2.7643 2.72283 5.44133 3.71242 4.48564 3.48441 3.47438 3.44912 3.13639 3.31648 4.69608 4.14143
threshold=8.5000000000000018 205.07430593554838 155.50000000000003 0.1126984126984127 6.5000000000000009 2724.0512134418846 8410.5000000000018 177.27980201333841 3.5000000000000004 43593.05000000001 9.5000000000000018 1.1129326047358836 14.750000000000002 0.82380174291939012
decision_type=8 10 8 8 8 10 10 8 2 2 2 2 8 2
left_child=1 -1 -2 5 7 -4 8 -5 -7 -10 11 -9 13 -13
right_child=2 -3 3 4 -6 6 -8 10 9 -11 -12 12 -14 -15
leaf_value=-0.01379050245266202 -0.013492430414655849 0.022189174253383074 -0.011750510628640097 0.020124079897389284 -0.009989146386705219 0.030952743979751923 -0.005682721348139878 0.0071446105120177442 0.019629328238029434 -0.0054304189939454054 0.015964363662539404 -0.015429530103975696 0.0043082945217233579 0.0027936864851595719
leaf_weight=1.5234356448054303 14.541642213123849 8.4586171136470494 6.1622373308055094 6.9107714165002099 60.956853231880814 9.8279275632230583 11.11002063914202 39.291276965872385 6.9252069031354067 11.76173288724385 9.595581397879867 44.018396812141873 44.557021765969694 20.225208475487307
leaf_count=12 1700 276 106 82 1515 246 282 1319 144 264 152 1775 1305 258
internal_value=-5.89457e-05 0.0139283 -0.000778348 0.000134816 -0.00148363 0.00746872 0.0114393 0.0018679 0.0179629 0.00603964 0.000473914 -0.0010184 -0.00415071 -0.00990502
internal_weight=295.866 9.98205 285.884 271.342 225.555 45.7871 39.6249 164.598 28.5149 18.6869 157.687 148.092 108.801 64.2436
internal_count=9436 288 9148 7448 6406 1042 936 4891 654 408 4809 4657 3338 2033
is_linear=0
shrinkage=0.035


Tree=244
num_leaves=15
num_cat=0
split_feature=88 98 117 94 109 34 69 70 71 107 47 109 42 98
split_gain=3.72365 3.78376 3.47323 5.32424 4.58989 4.40206 4.9348 4.24084 3.79606 5.0365 4.20368 4.0831 3.78995 5.32718
threshold=1079.5000000000002 0.72804314329738073 0.70320320320320329 78170.500000000015 1406.5000000000002 5.5000000000000009 1.7500000000000002 13.105555555555556 3.6068115172381248 2720.9182250126664 0.060475444096133764 7828.5000000000009 6.5000000000000009 1.5303308823529413
decision_type=10 2 2 2 8 2 10 10 8 10 2 10 10 2
left_child=1 -1 3 4 -3 6 -4 12 10 -10 11 -9 -6 -14
right_child=-2 2 5 -5 7 -7 -8 8 9 -11 -12 -13 13 -15
leaf_value=-0.014369159455868866 0.019460339812168721 0.0070992937317739657 0.017863300534020413 0.012202949723212439 -0.021105912915819317 -0.011284975488640421 0.0025719046646219519 0.022309980249244483 -0.018904971311687516 0.010510647566650669 -0.012650761261642338 -0.0063209793088537412 -0.015801620764554332 0.021162324086623777
leaf_weight=15.298671858152373 7.8802027907222501 24.184036588878371 33.688649939489551 20.31029281730298 34.108149729669094 12.984085231320931 84.406261241179891 14.108610625728039 17.821230598841797 6.5729284035041919 5.7700799730373538 6.2903317065211004 5.0043053273111564 4.2058018584502861
leaf_count=528 64 1045 666 882 1837 235 1371 530 925 272 243 313 296 210
internal_value=0.00105279 0.000216366 0.00129117 -0.00253693 -0.00546533 0.00527709 0.00748245 -0.00889732 -0.00163955 -0.0105394 0.00701649 0.0139749 -0.0163226 0.00258492
internal_weight=292.634 284.753 269.455 138.376 118.065 131.079 118.095 93.8814 50.5632 24.3942 26.169 20.3989 43.3183 9.21011
internal_count=9417 9353 8825 6553 5671 2272 2037 4626 2283 1197 1086 843 2343 506
is_linear=0
shrinkage=0.035


Tree=245
num_leaves=15
num_cat=0
split_feature=70 43 56 69 11 106 1 112 55 100 71 104 77 57
split_gain=2.7681 2.80645 2.64981 4.90396 4.92379 6.05913 5.86724 4.99328 4.64651 3.6505 3.82858 3.96386 3.73102 4.78838
threshold=9.9750000000000014 0.21370023419203749 0.65030120481927722 1.2500000000000002 4.5000000000000009 63.035714285714292 16.500000000000004 0.064172958133150312 0.89039039039039047 0.063164893617021281 1.6372347310774018 0.78319623971797891 1.5000000000000002 0.34428879310344834
decision_type=8 2 8 8 2 8 2 2 8 2 8 2 10 10
left_child=1 -1 3 4 5 -2 7 -6 -4 10 11 -5 -12 -14
right_child=2 -3 8 9 6 -7 -8 -9 -10 -11 12 -13 13 -15
leaf_value=0.0066667489868692106 0.02118592516916043 -0.01690659984302862 -0.013887820040595564 0.027431090684697273 0.033564438886497232 -0.016479025168363328 -0.0052980699914334638 -0.0034660229104489415 0.0049698509437330878 -0.0048030355071846265 0.0078534023841322232 -0.0045495184306656939 0.0091308464633420121 -0.015247306971179353
leaf_weight=5.7027800404466715 3.1811080309562358 15.346254880423656 28.453158008866012 10.552088156808166 18.848110507125973 9.8525836151093245 7.085113253677263 4.4108388108434147 26.93878226261586 81.128255740273744 42.719121227739379 5.0257472088560453 11.427907337085342 22.014866345911287
leaf_count=223 96 550 1663 222 544 512 294 168 1197 2036 1019 122 259 488
internal_value=0.000450314 -0.0104662 0.0014701 0.00322061 0.0130715 -0.00396102 0.0199129 0.0271712 -0.00506459 0.000450759 0.00510496 0.018515 0.00139048 -0.00681281
internal_weight=292.687 21.049 271.638 216.246 43.3778 13.0337 30.3441 23.2589 55.3919 172.868 91.7397 15.5778 76.1619 33.4428
internal_count=9393 773 8620 5760 1614 608 1006 712 2860 4146 2110 344 1766 747
is_linear=0
shrinkage=0.035


Tree=246
num_leaves=15
num_cat=0
split_feature=84 96 121 54 3 11 74 120 116 50 108 99 81 123
split_gain=2.69514 2.33623 3.21249 4.38001 4.75275 4.38676 3.22793 4.09258 2.50065 2.90205 3.18044 2.65383 2.49959 3.20111
threshold=1178.5000000000002 3.5131578947368425 3.5000000000000004 0.1126984126984127 22.500000000000004 9.5000000000000018 14.250000000000002 0.030848532910388585 0.37567204301075274 0.069971440228478191 2.5000000000000004 0.34549071618037142 168.07894622118144 1.0000000180025095e-35
decision_type=10 2 2 8 2 2 8 2 2 2 10 2 8 2
left_child=1 2 3 6 5 12 7 -1 -4 10 11 -10 -5 -14
right_child=-2 -3 8 4 -6 -7 -8 -9 9 -11 -12 -13 13 -15
leaf_value=0.032441168585543606 -0.017157831278673076 0.016445972236803982 -0.017131030266717587 0.017119379116708494 -0.014715592454448471 0.020464287674912825 -0.0032881730861028203 -0.0075444184751448937 0.0058804236919997172 0.012606329198611873 0.0069775580528939774 -0.016951589868844995 0.0028975223761763744 -0.0073429648803160306
leaf_weight=9.2374950373778137 5.3178822584450236 6.5918537806719533 14.013558566453865 5.9824831988662472 16.831546519999392 10.370434283162465 5.4094041936332351 1.9411423929268483 5.4040456824004677 8.3796680319355783 12.113778209313748 21.317108433111571 122.68433244817425 47.880680888076313
leaf_count=280 642 153 629 68 524 216 205 70 40 240 152 405 3936 1812
internal_value=0.000433124 0.00104486 0.000403642 0.00238863 0.000780655 0.00252309 0.017384 0.025312 -0.00638063 -0.00185496 -0.00605737 -0.012135 0.000934634 -0.000104422
internal_weight=293.475 288.158 281.566 220.338 203.749 186.918 16.588 11.1786 61.2282 47.2146 38.8349 26.7212 176.547 170.565
internal_count=9372 8730 8577 7111 6556 6032 555 350 1466 837 597 445 5816 5748
is_linear=0
shrinkage=0.035


Tree=247
num_leaves=15
num_cat=0
split_feature=98 110 106 40 60 32 74 76 66 95 45 88 69 66
split_gain=3.27947 4.45324 5.53816 5.09487 4.37625 4.34512 5.59525 4.26869 3.90013 3.87029 3.33163 3.27504 3.24526 3.14815
threshold=1.320714285714286 145.25000000000003 830.43750000000011 26.500000000000004 0.75500000000000012 1.5000000000000002 14.750000000000002 0.70622241510413308 0.83841403847544094 18021.500000000004 0.13608305274971944 920.50000000000011 4.2500000000000009 1.5127066004855074
decision_type=2 10 10 2 2 2 10 8 8 2 2 8 10 10
left_child=1 3 -3 4 -1 6 8 -7 10 -10 -2 -5 -6 -8
right_child=5 2 -4 11 12 7 13 -9 9 -11 -12 -13 -14 -15
leaf_value=0.015027030186387132 0.018702435046146906 0.025162990873687393 -0.0068275170426184703 -0.011341839453766853 -0.011390751628702081 0.0018256868822665209 0.00022849229471419468 0.022631368640058214 -0.014286989112897006 0.0061166419110061715 -0.0074810179951342367 0.017028168412295857 0.0074118818422347988 0.02101696556913827
leaf_weight=5.1980997370555988 8.8694135600235295 9.4897434937302041 9.1144840428605658 2.8700572960078743 99.927090885466896 24.173119173268788 16.611409066594209 21.226280094590038 41.697009206400253 11.90641074394807 6.7446071599842972 13.997442531283012 9.1670041016768646 14.565190683701074
leaf_count=242 304 202 385 25 2942 626 767 505 1597 619 372 276 170 421
internal_value=0.000786005 -0.00280736 0.011364 -0.00516097 -0.00785422 0.00444792 0.000226957 0.0128334 -0.00528473 -0.00961973 0.00832104 0.0107114 -0.00955522 0.011503
internal_weight=295.557 149.764 18.6042 131.16 114.292 145.793 100.394 45.3994 69.2174 53.6034 15.614 16.8675 109.094 31.1766
internal_count=9453 4242 587 3655 3354 5211 4080 1131 2892 2216 676 301 3112 1188
is_linear=0
shrinkage=0.035


Tree=248
num_leaves=15
num_cat=0
split_feature=57 60 94 21 75 98 60 110 65 112 107 97 46 99
split_gain=2.90766 3.8739 2.72102 3.54663 3.83423 4.26056 4.71813 3.95934 3.85504 3.2533 3.07178 4.5435 3.06645 3.03436
threshold=0.42462121212121218 0.81365740740740755 81709.250000000015 2.5000000000000004 1.8768939393939397 1.3956521739130436 0.90950040950040967 176.25000000000003 4.6742424242424248 0.062114197530864203 2614.7666088934661 3.465009029033955 0.12276295133437992 0.82085561497326209
decision_type=10 2 2 2 10 2 2 10 10 2 10 2 2 2
left_child=2 -2 3 -1 10 7 -7 8 12 -8 11 -5 -6 -4
right_child=1 -3 13 4 5 6 9 -9 -10 -11 -12 -13 -14 -15
leaf_value=-0.017126429456192173 -0.011064209701097139 0.00549379581052161 0.01852977644447645 -0.016583737783527237 -0.024834479632578028 0.015738766153678661 -0.014424165869636879 0.013441865404320959 0.0056789479301778837 0.012539797974213849 0.020752720695356181 0.0060497664009520604 0.0076670549114089678 -0.0081384362699462483
leaf_weight=20.045685673831031 15.338187000132164 120.4153083312558 8.5877887173555774 9.5491622245172021 28.855351081350822 12.009705019416289 16.095380692160692 1.9499238230055187 5.1963344693649551 3.1478437938494599 6.2190027903998262 37.921706998138689 1.7100375369191159 4.8389797732233992
leaf_count=959 621 3420 219 353 932 507 622 40 89 153 213 1053 39 165
internal_value=-0.000385526 0.0032964 -0.00358994 -0.0050788 -0.00251614 -0.00773896 0.00180953 -0.0149376 -0.017944 -0.0083368 0.00428032 0.000350419 -0.0221939 0.00931823
internal_weight=291.88 135.753 156.127 142.7 122.654 68.9646 31.2529 37.7116 35.7617 19.2432 53.6899 47.4709 30.5654 13.4268
internal_count=9385 4041 5344 4960 4001 2382 1282 1100 1060 775 1619 1406 971 384
is_linear=0
shrinkage=0.035


Tree=249
num_leaves=15
num_cat=0
split_feature=100 62 59 49 65 92 71 106 62 1 73 16 96 107
split_gain=2.25709 5.92518 4.44981 5.08574 4.12618 4.08093 3.95953 4.43129 3.75778 3.31342 3.22777 3.83739 3.20505 3.97423
threshold=0.063164893617021281 0.23861283643892342 0.56048780487804895 0.067424242424242428 2.2426470588235299 73885.500000000015 3.3041615645797502 347.6018518518519 0.3024785801713587 6.5000000000000009 7.5000000000000009 6.5000000000000009 1.7231800766283527 3250.3610324898186
decision_type=2 2 2 2 8 2 8 10 2 2 10 2 2 8
left_child=4 6 -3 -4 5 10 -2 -8 12 -7 -1 -12 13 -6
right_child=1 2 3 -5 8 9 7 -9 -10 -11 11 -13 -14 -15
leaf_value=0.016226111669246056 -0.0067918664600371756 0.0061175690062165002 -0.013619081062580836 0.016490668036865316 -0.014200994693581971 0.028411564716425804 -0.0041204160507942933 0.023036080504442228 0.012876962663458644 -0.0029981074759076504 -0.020156268160253146 -0.00052735698170574804 0.010948180694159974 0.0098236992833709499
leaf_weight=1.7307281781686459 11.430103455553761 20.705570731079206 66.03786671673879 3.4012207849882534 20.394757177098658 2.9666191693395358 8.7743905928218755 18.499335598782636 63.539528509136289 6.7674309217836708 20.10726692690514 24.271385388099588 14.862792952219023 8.4203730927547422
leaf_count=90 392 517 2278 62 753 140 231 601 1281 328 1112 1133 217 331
internal_value=0.0011833 -0.00223154 -0.00705949 -0.0111357 0.00386777 -0.00363602 0.00853438 0.0150146 0.00776394 0.0129675 -0.00806685 -0.0105614 -0.000232788 -0.006766
internal_weight=291.909 128.848 90.1447 69.4391 163.061 55.8434 38.7038 27.2737 107.217 9.73405 46.1094 44.3787 43.6779 28.8151
internal_count=9466 4081 2857 2340 5385 2803 1224 832 2582 468 2335 2245 1301 1084
is_linear=0
shrinkage=0.035


Tree=250
num_leaves=15
num_cat=0
split_feature=11 92 27 98 114 59 61 76 50 101 118 119 16 83
split_gain=3.31268 3.19141 2.79525 3.50136 5.09804 5.58607 4.17282 4.00572 3.86436 3.40085 3.17701 4.49255 4.55713 5.50994
threshold=2.5000000000000004 80608.000000000015 2.5000000000000004 1.320714285714286 0.079077644606565925 0.5982456140350878 0.96730220955096236 0.72581536887763287 0.11050061050061051 0.22048611111111113 0.61721611721611735 3.0699765066114293 4.5000000000000009 1065.5000000000002
decision_type=2 2 2 2 2 2 2 10 2 2 2 10 2 10
left_child=1 -1 3 -2 7 -6 9 -5 -8 -7 -4 12 -12 -14
right_child=2 -3 10 4 5 6 8 -9 -10 -11 11 -13 13 -15
leaf_value=-0.01351350246535237 -0.009342174323708213 0.0087256454749937689 0.019007572460196253 -0.010462621056522457 -0.011602254160804338 0.017072673559163101 0.03567049591200714 0.011681937649775962 -0.0023519846219581925 -0.01036348394302185 0.013767106445203375 0.011705431485191761 -0.012186783502791194 0.0086539688875533517
leaf_weight=33.323924794676714 51.041447427822277 6.2705156824085853 11.400562490802256 36.449481638148427 6.5022737949620923 4.6904560164548457 10.817733919247983 8.6763444016687554 3.3860449800267824 7.9905846733599901 12.422846499714067 36.455074614612386 47.565259921830148 17.925245488178916
leaf_count=1980 1198 266 272 1062 167 71 216 258 99 267 319 718 874 1696
internal_value=-0.000601821 -0.00940808 0.000918285 -0.00264271 0.00201119 0.0115108 0.0180436 -0.00546433 0.0283539 0.00174279 0.00454725 0.00237001 -0.00244044 -0.00627329
internal_weight=294.918 39.5944 255.323 129.554 78.5129 33.3871 26.8848 45.1258 14.2038 12.681 125.769 114.368 77.9134 65.4905
internal_count=9463 2246 7217 3338 2140 820 653 1320 315 338 3879 3607 2889 2570
is_linear=0
shrinkage=0.035


Tree=251
num_leaves=15
num_cat=0
split_feature=87 50 73 3 97 71 51 64 55 60 16 73 16 119
split_gain=3.02752 2.75304 4.24606 4.97991 3.26493 2.80943 3.17862 3.05273 3.50592 3.07959 4.00769 4.80133 3.60232 3.08313
threshold=1.5000000000000002 0.079595736122284808 16.500000000000004 48.500000000000007 3.7456106759186971 5.6419189967520653 0.046693313953488379 0.87627551020408168 0.43405797101449278 0.94038734896943865 30.500000000000004 17.500000000000004 6.5000000000000009 2.040669606110697
decision_type=8 2 8 2 2 10 2 2 10 2 2 10 2 10
left_child=-1 5 4 -4 -3 6 7 8 -2 10 11 12 -10 -11
right_child=1 2 3 -5 -6 -7 -8 -9 9 13 -12 -13 -14 -15
leaf_value=0.015566543763331369 -0.014608416990964197 -0.0078029147393942891 -0.017247635152041009 0.015231195333142433 0.013550838745509112 0.013565644950997408 -0.011354869402976944 -0.0078731995552704208 -0.0095858966933246338 0.0068292271042538983 -0.01432020317131142 0.022656626486534822 0.010815141765702585 -0.0061797297850702728
leaf_weight=10.98463632725179 6.8729342102305955 11.743227506987752 34.014967937604524 2.8339342762483275 14.162860356853342 17.344988495577127 19.645092947408557 27.180858219740912 12.308690557023509 41.008670957176946 3.2527242754586032 27.402642299421132 23.223856667173095 38.372040311805904
leaf_count=178 335 679 1616 123 575 495 858 1460 299 1153 89 476 442 681
internal_value=0.000752267 -9.36882e-05 -0.00626624 -0.0132284 0.0041748 0.0017956 0.000464111 0.00202925 0.00398885 0.00532286 0.0106097 0.0128573 0.00343738 0.000547236
internal_weight=290.352 279.367 62.755 36.8489 25.9061 216.612 199.268 179.622 152.442 145.569 66.1879 62.9352 35.5325 79.3807
internal_count=9459 9281 2993 1739 1254 6288 5793 4935 3475 3140 1306 1217 741 1834
is_linear=0
shrinkage=0.035


Tree=252
num_leaves=15
num_cat=0
split_feature=101 82 100 116 70 103 84 60 54 32 50 26 44 66
split_gain=2.5201 2.99153 2.80152 4.8905 4.68229 4.15144 3.70002 3.49831 3.43628 3.09554 3.04719 2.99741 3.15832 2.78599
threshold=0.21583850931677021 155.50000000000003 0.072751322751322761 0.38379705400982006 14.509259259259261 0.536811201445348 1006.7500000000001 0.93777654867256655 0.16954022988505749 1.5000000000000002 0.066300366300366315 11.500000000000002 0.16441441441441443 3.2716663693169612
decision_type=2 8 2 2 10 2 8 2 8 2 2 2 2 10
left_child=1 13 3 9 6 11 -4 8 -6 -2 -11 12 -5 -1
right_child=2 -3 4 5 7 -7 -8 -9 -10 10 -12 -13 -14 -15
leaf_value=-0.017383563775325378 -0.011252110627261211 0.005754320339803734 0.0089366832277350729 -0.0077886399100952335 0.025879442547399652 -0.010943864921271482 -0.016325949961401208 -0.0089649978330345916 -0.0049055536099224997 -0.0072218048836940017 0.020951315524733956 -0.0043634471975714647 0.024994607087401446 0.011378145664856129
leaf_weight=9.0242570097325352 27.160426545306109 148.06594084901735 5.144360714533831 1.8378084803698644 7.1780021914746621 4.6262257935013613 39.944519762764685 7.8228143554879344 4.8448323239572355 5.5309309619478864 4.6221386964898556 5.0426003837492308 20.77881974785123 1.8938592007616524
leaf_count=643 1533 3396 437 94 197 112 1518 243 171 231 192 114 541 68
internal_value=0.00143985 0.00436285 -0.00204696 0.00275577 -0.00702365 0.011852 -0.0128393 0.00611411 0.0156769 -0.00558518 0.00828506 0.0167565 0.0214028 -0.0103877
internal_weight=293.518 158.984 134.533 69.599 64.9345 32.2855 45.0889 19.8456 12.0228 37.3135 10.1531 27.6592 22.6166 10.9181
internal_count=9490 4107 5383 2817 2566 861 1955 611 368 1956 423 749 635 711
is_linear=0
shrinkage=0.035


Tree=253
num_leaves=15
num_cat=0
split_feature=87 55 88 114 99 86 110 69 122 119 109 0 25 65
split_gain=2.92127 2.59265 3.16655 3.55936 5.10273 3.30272 2.88802 3.12067 4.02899 3.72402 4.13313 3.79602 3.42721 4.01912
threshold=1.5000000000000002 0.45534290271132377 1052.5000000000002 0.15849282296650721 0.47493734335839605 296.64113681089219 904.75000000000011 3.7500000000000004 1.5000000000000002 0.88675731546672643 255.50000000000003 15.682447916666669 1.5000000000000002 3.2752525252525255
decision_type=8 8 8 2 2 8 8 8 2 10 10 2 2 10
left_child=-1 -2 -3 5 -5 -4 7 9 -9 10 -7 -11 -13 -14
right_child=1 2 3 4 -6 6 -8 8 -10 11 -12 12 13 -15
leaf_value=0.014851532787610606 -0.012014580152813679 -0.0095512221825744242 0.022347544566457152 0.012038558966900349 -0.015427364115978367 0.0012375329728584973 -0.01447962948193892 -0.0029522528625684592 0.019935769689000161 0.0050411332249783386 0.027153908349961255 -0.012431278946929258 0.010732339069426106 -0.013841302955311795
leaf_weight=9.4535192335024458 20.141220631136093 33.436948808492161 5.4214579090476027 7.1951641632476813 25.594730055425316 20.52236967638601 7.3548805627506217 13.026819156249983 20.816317832795903 50.435691484832205 7.4040590438526115 45.01234787562862 19.021291730692614 7.4630061744246623
leaf_count=158 1271 2068 146 171 735 512 354 321 295 910 97 1737 553 120
internal_value=-0.000514008 -0.00127662 -0.000244337 0.00128788 -0.00860505 0.00311147 0.00200962 0.00303597 0.0118798 0.000719657 0.0111887 -0.00202437 -0.00701229 0.0027093
internal_weight=292.3 282.846 262.705 229.268 32.7899 196.478 191.057 183.702 33.8431 149.859 27.9264 121.932 71.4966 26.4843
internal_count=9448 9290 8019 5951 906 5045 4899 4545 616 3929 609 3320 2410 673
is_linear=0
shrinkage=0.035


Tree=254
num_leaves=15
num_cat=0
split_feature=23 11 28 98 55 42 70 91 112 75 56 98 118 27
split_gain=2.77199 3.02264 2.88976 2.85244 2.87103 4.58328 4.92838 3.46413 3.24705 2.87515 3.30646 3.66914 2.90647 2.86756
threshold=4.5000000000000009 16.500000000000004 12.500000000000002 0.74754901960784326 0.94935897435897443 1.0000000180025095e-35 14.757352941176473 66.737971999468741 0.12060606060606062 2.5358974358974362 0.62593283582089565 1.4127789046653147 0.72902097902097907 12.500000000000002
decision_type=2 2 2 2 8 8 8 8 2 10 10 2 2 2
left_child=3 2 -2 -1 8 -6 -7 -8 9 10 13 -12 -11 -5
right_child=1 -3 -4 4 5 6 7 -9 -10 12 11 -13 -14 -15
leaf_value=-0.010130913458966851 -0.019393892807674097 0.0061506614649448777 0.0097054181778861905 0.0023142507459586684 -0.0083536844534843179 0.0036065766367976339 -0.0057404897711417005 0.025274902370714121 -0.015992989278021563 0.0090401829746686018 -0.016645510367560096 0.0060525783614659052 -0.019296041083875361 0.014128572457703544
leaf_weight=15.030498688109217 16.789335984736688 9.3536815813276899 1.9538463694043446 79.268484312691726 12.921737777069209 44.321512902155519 3.217354902764785 27.130503884400241 8.0803483042400313 3.002182292751967 13.828931819181891 12.568026969849596 8.9148018449777719 33.711961633875035
leaf_count=540 819 303 51 2214 553 1133 82 666 416 85 603 711 274 918
internal_value=0.00153472 -0.00806135 -0.0149555 0.00269551 0.00366168 0.00856554 0.011834 0.0216399 0.000787983 0.00216718 0.00370472 -0.00659571 -0.0115954 0.00628887
internal_weight=290.093 28.0969 18.7432 261.996 246.966 87.5911 74.6694 30.3479 159.375 151.294 139.377 26.397 11.917 112.98
internal_count=9368 1173 870 8195 7655 2434 1881 748 5221 4805 4446 1314 359 3132
is_linear=0
shrinkage=0.035


Tree=255
num_leaves=15
num_cat=0
split_feature=49 50 100 46 57 27 118 42 29 98 49 65 0 50
split_gain=2.85771 3.72677 3.87864 5.62186 4.54135 3.60305 3.60298 3.5378 3.50265 3.20917 3.06489 3.25197 4.24694 3.78606
threshold=0.062019230769230778 0.20416666666666669 0.077935222672064791 0.082903780068728533 0.48683298683298687 1.5000000000000002 0.79772727272727284 6.5000000000000009 19.500000000000004 1.320714285714286 0.01739261947973382 2.2426470588235299 74.426556712962977 0.061381475667189961
decision_type=2 2 2 2 10 2 2 10 2 2 2 8 2 2
left_child=1 2 3 10 -4 -5 -2 -6 -9 -8 11 12 13 -1
right_child=6 -3 4 5 7 -7 9 8 -10 -11 -12 -13 -14 -15
leaf_value=-0.0025189691555502912 -0.0085152665837238233 -0.018643135472016452 -0.0096606225607689545 -0.016117634832224163 -0.0022836305700014883 0.0029449102189768668 -0.0061857396632615854 0.028222682926789488 -0.0060467331278992445 0.026431312260348488 -0.010879038448084697 0.013030182917037952 -0.014992837321383481 0.023402716844796438
leaf_weight=15.138719011680228 4.688994615571576 8.9663153156870958 74.819572125968989 19.67667755135335 27.705808121012524 21.36402531247586 2.7409826593939206 6.3974038553424162 3.1738414273131639 10.110795587068422 6.0976412831805638 71.732164181419648 10.173620166489853 6.5101461072918019
leaf_count=654 130 584 2639 590 842 727 65 101 47 224 152 1658 690 337
internal_value=-5.01655e-05 -0.00102536 -8.73735e-05 0.0035336 -0.00489813 -0.00695233 0.0119344 0.0046728 0.0186834 0.0196907 0.00759031 0.00912884 -0.000240498 0.00820447
internal_weight=289.297 271.756 262.79 150.693 112.097 41.0407 17.5408 37.2771 9.57125 12.8518 109.652 103.555 31.8225 21.6489
internal_count=9440 9021 8437 4808 3629 1317 419 990 148 289 3491 3339 1681 991
is_linear=0
shrinkage=0.035


Tree=256
num_leaves=15
num_cat=0
split_feature=57 95 107 69 94 76 128 92 71 0 98 45 118 95
split_gain=2.39259 3.09996 4.30383 3.85457 3.53577 3.90723 3.51416 3.2313 3.10213 3.06959 2.95821 4.3754 3.77121 5.01372
threshold=0.42462121212121218 10202.500000000002 1817.8094299498894 2.2500000000000004 79113.500000000015 0.70622241510413308 0.28869047619047622 75330.000000000015 3.9168229702494171 131.0258564814815 1.037749287749288 0.13819628647214857 0.95670914542728647 14688.500000000002
decision_type=10 2 8 10 2 10 2 2 10 2 2 2 2 2
left_child=10 2 6 4 5 -3 9 -4 -5 -2 -1 12 13 -12
right_child=1 3 7 8 -6 -7 -8 -9 -10 -11 11 -13 -14 -15
leaf_value=-0.0098920316821649486 0.012163767880756182 -0.013170611244657692 -0.016354819955910121 0.027723420883910107 0.023670167838322511 0.014195774020687094 -0.0078215469968291127 0.0088061835359923603 -0.0011946083218704806 -0.0089898092795359739 0.017324768502114903 -0.008474288028587634 -0.010246580501151918 -0.00097160363248407762
leaf_weight=39.094908882398158 46.795948937884532 15.650708825443877 20.025297111598778 14.027379782637583 1.4470538459718216 4.597087809466756 15.996419835602863 4.8058266763109705 5.4446387058123937 6.2702917768619946 32.853373894351535 37.389723986852914 11.592418513202572 34.629227957688272
leaf_count=1257 1390 583 833 236 45 140 284 188 95 264 955 1741 269 1184
internal_value=0.000762177 0.00409426 0.000420242 0.0115209 0.000631525 -0.00537648 0.0049214 -0.0108253 0.0210455 0.0091054 -0.00216823 0.000724974 0.00532003 0.00851649
internal_weight=290.62 135.061 93.8938 41.1669 21.6949 20.2478 69.0627 24.8311 19.472 53.0662 155.56 116.465 79.075 67.4826
internal_count=9464 4058 2959 1099 768 723 1938 1021 331 1654 5406 4149 2408 2139
is_linear=0
shrinkage=0.035


Tree=257
num_leaves=15
num_cat=0
split_feature=54 23 107 100 76 50 114 69 110 43 98 40 16 91
split_gain=3.08297 2.74447 2.70644 3.01381 2.60773 3.90633 3.4929 3.56664 4.3027 3.00957 2.97597 2.87726 3.92694 4.46045
threshold=0.093386627906976757 4.5000000000000009 1788.988126313536 0.077935222672064791 0.51998804968410772 0.079595736122284808 0.086067019400352746 1.2500000000000002 88.250000000000014 0.29449472096530926 1.134848484848485 26.500000000000004 13.500000000000002 4346.1728478968143
decision_type=8 2 10 2 10 2 2 10 8 2 2 2 2 10
left_child=2 4 3 -1 11 6 7 8 10 -8 -6 12 13 -2
right_child=1 -3 -4 -5 5 -7 9 -9 -10 -11 -12 -13 -14 -15
leaf_value=0.0135915674684218 -0.0038964187120033716 -0.013044444931626513 0.021191875909049581 -0.0096229043587530271 -0.001960550373347881 -0.0060977474430028693 0.01167270387027208 0.0070950744879775653 -0.0034377076861394455 -0.010571895033771402 0.043508347129894501 0.01500406034694789 -0.016236108912709244 0.01117097451964204
leaf_weight=7.6574028964387315 104.18360435671639 13.262202788260764 11.935392033541573 9.987619305495171 1.5882065668702088 22.81464557570871 7.447202997980642 36.463087769574486 3.1507516388082886 13.779058078536762 6.5975861251354218 6.7753368694102383 18.256659970385954 25.885874540661462
leaf_count=171 3485 584 390 368 70 998 204 871 137 393 147 121 624 861
internal_value=0.00136424 5.82753e-05 0.0111827 0.00122806 0.00100688 0.00552449 0.00951831 0.0143531 0.0283815 -0.00202994 0.0372883 -0.00175713 -0.00298708 -0.000595247
internal_weight=289.785 260.204 29.5804 17.645 246.942 91.8405 69.0259 47.7996 11.3365 21.2263 8.18579 155.101 148.326 130.069
internal_count=9424 8495 929 539 7911 2820 1822 1225 354 597 217 5091 4970 4346
is_linear=0
shrinkage=0.035


Tree=258
num_leaves=15
num_cat=0
split_feature=10 73 119 110 111 82 120 29 44 89 56 89 95 75
split_gain=3.00096 3.14171 3.06961 4.08359 3.23623 3.053 2.8352 6.64836 5.24573 3.67439 3.43903 2.66188 3.19112 2.96406
threshold=2.5000000000000004 18.500000000000004 2.1737093994614267 77.250000000000014 0.041960093896713617 155.50000000000003 0.030536130536130541 7.5000000000000009 0.52419984387197516 645.25000000000011 0.66811594202898561 331.75000000000006 5577.0000000000009 2.2247474747474754
decision_type=2 10 10 8 2 10 2 2 2 10 8 8 2 8
left_child=6 -2 3 -3 5 -4 7 9 -9 -1 11 -8 -13 -14
right_child=1 2 4 -5 -6 -7 10 8 -10 -11 -12 12 13 -15
leaf_value=0.0055233696718797161 -0.012169085663799491 0.02407172804288003 -0.016827613889265597 -0.010649733715341758 0.012134722019233279 0.01238172214359767 -0.011036497514363534 -0.015043695630132583 0.010288568711958362 -0.015093538361264789 -0.010478801964581085 -0.0026070606552194963 0.02738736922060498 -0.0014686493735862353
leaf_weight=114.40630131179933 45.332309840945527 7.2696450799703571 16.379437525640249 2.7976039849454546 5.0731390037108204 1.6642512695398171 1.4448517401469896 45.288794940570369 8.7434449155116436 6.8182327145477748 5.0485444969963273 7.2070612852694493 17.251992908306423 4.813665253459475
leaf_count=3424 1862 244 753 168 197 46 27 1243 197 419 232 173 340 118
internal_value=-0.00102678 -0.00664785 0.00150047 0.0140908 -0.00551326 -0.0120315 0.00117015 -0.000743288 -0.0104202 0.00381183 0.00948731 0.0137763 0.0164325 0.021984
internal_weight=289.539 78.5164 33.1841 10.0672 23.1168 18.0437 211.023 175.257 54.0322 121.225 35.7661 30.7176 29.2727 22.0657
internal_count=9443 3270 1408 412 996 799 6173 5283 1440 3843 890 658 631 458
is_linear=0
shrinkage=0.035


Tree=259
num_leaves=15
num_cat=0
split_feature=30 82 66 2 115 101 18 98 109 55 54 42 29 70
split_gain=3.03813 3.05708 3.04351 2.65985 2.97799 2.57654 3.68395 3.73866 3.60281 3.35773 5.66378 4.77506 5.55949 3.90944
threshold=1.0000000180025095e-35 1.0000000180025095e-35 0.71679496922166341 4.5000000000000009 0.10380747126436783 0.54692082111436957 1.0000000180025095e-35 0.72804314329738073 2367.0000000000005 0.78281378178835126 0.13423423423423428 1.0000000180025095e-35 9.5000000000000018 12.70227272727273
decision_type=2 8 8 2 2 2 2 2 8 8 10 8 2 8
left_child=1 -1 -2 -4 -5 6 7 -3 -8 10 -9 -11 13 -13
right_child=2 5 3 4 -6 -7 8 9 -10 11 -12 12 -14 -15
leaf_value=0.019404511156428685 0.0096506817892945511 -0.011792394552853552 -0.017737850167284203 -0.011756445459901493 0.015862126993030277 -0.0069370851865556919 0.012099027529798724 0.013288345320777561 -0.012242084444952532 -0.010527259830388823 -0.0053864751740163898 0.0038010170382316629 0.00039390343434162308 0.027344669572099804
leaf_weight=6.0988593013025811 5.5851115093100807 11.389171695569528 23.934802788775414 4.7272802323568595 4.5345270179095678 40.641550446744077 5.221717635402455 24.684374800068326 29.166900635464117 7.5625218339264384 55.403935977607034 14.006471891887484 24.768509300658479 29.095245405682363
leaf_count=60 286 438 803 171 145 1947 94 744 789 353 1974 363 545 673
internal_value=-3.49261e-05 0.00143857 -0.00854713 -0.0124713 0.0025859 0.000601959 0.00225531 0.00442015 -0.00747935 0.00593776 0.000812003 0.0109911 0.0139466 0.0208842
internal_weight=286.821 248.039 38.7817 33.1966 9.26181 241.94 201.299 166.91 34.3886 155.521 80.0883 75.4327 67.8702 43.1017
internal_count=9385 7980 1405 1119 316 7920 5973 5090 883 4652 2718 1934 1581 1036
is_linear=0
shrinkage=0.035


Tree=260
num_leaves=15
num_cat=0
split_feature=63 14 100 46 56 123 9 2 63 86 104 87 94 117
split_gain=3.22101 3.20075 6.30041 4.85764 4.73433 3.42508 4.90857 3.78375 5.97848 4.64831 3.63611 3.6076 3.91221 4.26317
threshold=0.39642857142857152 3.5000000000000004 0.067816091954023008 0.093386627906976757 0.34330357142857149 1.0000000180025095e-35 10.500000000000002 4.5000000000000009 0.57601438109912706 321.90604928423937 0.77608892921960082 186.50000000000003 80302.000000000015 0.85565476190476197
decision_type=2 2 2 2 10 2 2 2 2 8 2 10 2 2
left_child=-1 5 3 4 -3 7 11 -2 9 -9 -11 12 13 -7
right_child=1 2 -4 -5 -6 6 -8 8 -10 10 -12 -13 -14 -15
leaf_value=-0.011576079585291469 0.0032990876183883367 -0.00014161253523720707 -0.010541153992546721 -0.013291461080976945 0.022804414538213882 -0.021475456671469408 0.011723642316831177 -0.0069965348873308637 0.0038180465598086611 0.047261934015609949 0.0027346659914601573 0.013436446907780871 0.0098733179971683561 0.0079657895418173124
leaf_weight=19.252937373006716 76.054314221837558 22.162322708405554 56.09995617903769 8.262247944599947 16.779006501543336 26.729521889123138 16.526613330584951 1.6817954893922404 22.10237069329014 7.5752745167119429 3.52148699213285 3.7298351716017342 4.921683397376909 4.6871300686616442
leaf_count=860 2604 357 1688 166 368 1311 628 101 679 179 123 144 151 68
internal_value=0.000667179 0.00173159 -0.00302416 0.0060635 0.0112152 0.00466676 -0.00221792 0.00812323 0.0169094 0.0321109 0.0383702 -0.00863098 -0.0122472 -0.0165924
internal_weight=290.086 270.834 103.304 47.2036 38.9413 167.53 56.5948 110.935 34.8809 12.7786 11.0968 40.0682 36.3383 31.4167
internal_count=9427 8567 2579 891 725 5988 2302 3686 1082 403 302 1674 1530 1379
is_linear=0
shrinkage=0.035


Tree=261
num_leaves=15
num_cat=0
split_feature=82 115 74 60 109 66 32 109 75 118 43 110 1 73
split_gain=2.70398 3.37388 3.85686 3.86295 6.02505 6.02084 3.75666 3.73171 3.88338 4.59014 3.79068 4.45206 3.68451 3.53264
threshold=1.0000000180025095e-35 0.20710681244743484 14.750000000000002 0.92214439655172431 2640.0000000000005 3.0261485017804599 14.500000000000002 62.500000000000007 1.890873015873016 0.79205974842767313 0.14459930313588851 221.25000000000003 21.500000000000004 14.500000000000002
decision_type=8 2 8 2 10 8 2 8 10 2 2 10 2 10
left_child=-1 2 7 4 -4 6 -5 -2 9 -9 -10 -12 -7 -11
right_child=1 -3 3 5 -6 12 -8 8 10 13 11 -13 -14 -15
leaf_value=0.015367994455797335 0.014329181173772961 0.0052562591673902806 0.011255180016787159 0.021491574574187777 -0.017082725337939038 -0.010853138666234826 -0.0095927545377584491 -0.015810101321030234 0.0088256046917936856 -0.0081435156744399245 -0.019956839507272166 0.0059013324614479558 0.017339978468420454 0.011931500506220577
leaf_weight=8.6133331733290088 5.0468764768447718 80.33171483897604 10.665723898913713 26.357963206130083 18.699035587836988 19.500818727072332 2.6758246280951417 12.973715148167683 5.0526377017376936 12.245590972364878 50.322204728843644 7.2632796739926553 2.6125855796271926 25.725873043877073
leaf_count=82 117 2162 316 795 759 708 74 624 181 402 2091 230 72 797
internal_value=0.000131701 -0.000599738 -0.00303286 0.00278169 -0.00664994 0.00830658 0.0176383 -0.00693199 -0.00844104 -0.00103673 -0.0139413 -0.0164844 -0.00493884 0.00526317
internal_weight=288.087 279.474 199.142 80.512 29.3648 51.1472 29.0338 118.63 113.583 50.9452 62.6381 57.5855 22.1134 37.9715
internal_count=9410 9328 7166 2724 1075 1649 869 4442 4325 1823 2502 2321 780 1199
is_linear=0
shrinkage=0.035


Tree=262
num_leaves=15
num_cat=0
split_feature=88 88 117 55 47 91 2 95 95 100 54 2 0 1
split_gain=3.36156 2.76005 3.78668 2.9398 2.3674 3.16794 5.12272 5.40727 4.42263 5.23193 4.75469 4.40801 4.73053 3.94294
threshold=1079.5000000000002 989.50000000000011 0.83827375762859646 0.37198879551820735 0.15590277777777781 3736.6899829017552 4.5000000000000009 444.50000000000006 14840.500000000002 0.21240601503759401 0.1126984126984127 5.5000000000000009 0.52861689814814827 2.5000000000000004
decision_type=10 10 2 8 2 8 2 2 2 2 8 2 2 2
left_child=1 3 -3 -1 5 6 -5 -8 9 11 -10 12 -7 -14
right_child=-2 2 -4 4 -6 8 7 -9 10 -11 -12 -13 13 -15
leaf_value=-0.017959757910042357 0.019280191499096266 -0.020112640498859913 0.010224123099483668 -0.0073885506336007307 0.014524479182351599 -0.0094864354394848752 0.023851385359113044 -0.0015255496565938116 0.0090625446268990609 -0.01023793928729186 -0.0086394660397883464 -0.0083597059110233282 -0.0036418138051627345 0.028886811541064952
leaf_weight=4.8745572173502287 6.3516610972583285 12.194569836312438 3.5663576241349793 92.763443856034428 11.065263129072262 3.0151163670234373 10.299550559022462 29.732616701745428 27.638953893329017 7.0167124487925312 38.271007952396758 4.5894854977959758 4.0857976942788801 28.261339964461513
leaf_count=335 57 1763 173 2618 278 57 291 796 629 212 1091 152 129 744
internal_value=0.000611872 -0.000149441 -0.012439 0.000810334 0.00150299 0.000638484 -0.00297833 0.00692681 0.00483933 0.0124787 -0.00110064 0.0171634 0.0211012 0.0248406
internal_weight=283.726 277.375 15.7609 261.614 256.739 245.674 132.796 40.0322 112.878 46.9685 65.91 39.9517 35.3623 32.3471
internal_count=9325 9268 1936 7332 6997 6719 3705 1087 3014 1294 1720 1082 930 873
is_linear=0
shrinkage=0.035


Tree=263
num_leaves=15
num_cat=0
split_feature=92 119 59 117 94 119 83 15 61 107 3 24 77 113
split_gain=2.90114 2.58686 4.12358 3.33147 5.4179 4.7332 4.42763 4.2265 5.14331 4.22477 4.11433 4.05534 5.07714 3.78125
threshold=7336.5000000000009 2.6140399558113243 0.73931311655096832 0.39339826839826847 31917.250000000004 0.8704386226815618 1341.5000000000002 2.5000000000000004 0.93788580246913589 81.391134454052704 6.5000000000000009 7.5000000000000009 1.5000000000000002 0.085236118318630011
decision_type=2 10 2 2 2 8 8 2 2 10 2 2 8 2
left_child=-1 3 -3 5 -5 9 -7 10 13 -2 -6 12 -10 -9
right_child=1 2 -4 4 7 6 -8 8 11 -11 -12 -13 -14 -15
leaf_value=0.010869968458314967 -0.0098963296616400125 -0.0090945916759699423 0.0073070571681465154 -0.010497476480772299 0.010857330262892588 0.010450968805016047 -0.016047142572963712 0.032135892062292455 0.025778718208342394 0.019755746008888835 -0.0072036706023083617 -0.012117636300608454 -0.0052290002025037578 -0.0035505551140904363
leaf_weight=24.204728106386028 5.7364064857829353 72.728424163069576 20.624212151276879 18.416957478853874 23.551793120917864 6.0076335968915364 32.92810342903249 16.917155040428046 9.0180011382326537 10.107307448866775 28.763986372854561 8.3607516987249237 9.415626938804051 3.2496593809919423
leaf_count=650 245 1736 522 644 942 170 2002 460 285 196 866 324 306 134
internal_value=0.000394762 -0.000742128 -0.00528375 0.00179567 0.00505384 -0.00504173 -0.0112345 0.00830379 0.0153792 0.00922125 0.00116498 0.00390277 0.0122041 0.0268225
internal_weight=290.031 265.826 93.3526 172.473 117.694 54.7795 38.9357 99.277 46.9612 15.8437 52.3158 26.7944 18.4336 20.1668
internal_count=9482 8832 2258 6574 3961 2613 2172 3317 1509 441 1808 915 591 594
is_linear=0
shrinkage=0.035


Tree=264
num_leaves=15
num_cat=0
split_feature=96 114 47 107 82 2 98 108 117 119 11 117 66 119
split_gain=3.64343 3.78982 4.05496 4.29806 3.2829 3.27773 3.44049 4.81346 4.39376 4.30901 3.40525 4.16553 4.75087 4.54986
threshold=3.2583333333333337 0.086067019400352746 0.089776119402985091 2544.216792635475 8.5000000000000018 4.5000000000000009 1.4387500000000002 46.500000000000007 0.39339826839826847 3.0498548758656763 9.5000000000000018 0.11324786324786326 0.95430841948384015 2.3009022089713
decision_type=2 2 2 10 8 2 2 10 2 10 2 2 10 10
left_child=1 4 3 -3 -1 10 7 9 -8 -7 11 -6 13 -13
right_child=-2 2 -4 -5 5 6 8 -9 -10 -11 -12 12 -14 -15
leaf_value=0.020957352047536518 0.017080428386259072 -0.013119487576432842 0.0085165634819371425 0.0080776120139973845 0.0072481388551989441 -0.015321276242920978 -0.0047618309424460516 0.021480869510859715 0.024573634065626977 0.010230151502618559 0.0070519922394425543 -0.0065398840959305345 -0.016200496628761961 0.017933882575109431
leaf_weight=5.6444703838787964 9.7910489742644113 63.545515428762883 14.218053226126356 10.613169253454542 21.254725677310489 17.882613709429286 6.8339679744094637 4.5728644703049204 16.390864207234699 8.2694188102614117 32.48961601278279 26.722138415207155 42.317772932932712 8.1758063117740658
leaf_count=177 200 2102 413 409 612 656 320 148 545 96 737 1298 1434 267
internal_value=0.000147255 -0.000737451 -0.00652725 -0.00976728 0.00204602 0.000932168 0.0078048 -0.000257782 0.0166272 -0.00689659 -0.00208196 -0.00529078 -0.00897319 0.0007227
internal_weight=288.722 278.931 88.3767 74.1587 190.554 184.91 53.9497 30.7249 23.2248 26.152 130.96 98.4704 77.2157 34.8979
internal_count=9414 9214 2924 2511 6290 6113 1765 900 865 752 4348 3611 2999 1565
is_linear=0
shrinkage=0.035


Tree=265
num_leaves=15
num_cat=0
split_feature=63 112 97 0 51 119 110 46 63 27 60 93 119 66
split_gain=4.1385 2.50002 2.3709 2.30199 3.39657 2.35379 3.68327 5.14746 4.60839 4.29421 4.59859 3.83642 3.22359 3.13818
threshold=0.39642857142857152 0.13986697965571207 15.178355765055761 181.83012731481486 0.096006144393241177 2.510465975790916 37.250000000000007 0.091326105087572995 0.6586800573888093 15.500000000000002 0.9057713651498337 77199.500000000015 2.9998542553278793 1.8723123015304985
decision_type=2 2 2 2 2 10 10 2 2 2 2 2 10 10
left_child=-1 2 3 4 5 13 7 9 -8 -7 -11 -9 -10 -2
right_child=1 -3 -4 -5 -6 6 8 11 12 10 -12 -13 -14 -15
leaf_value=-0.012606567840038945 0.0050875411304708617 -0.010734486555697293 -0.01093061109109408 -0.0077383049850523839 -0.012246847817559999 -0.0089513933196598058 -0.018336823811694037 0.028178072752767739 -0.0074912169656459584 -0.01038504743552736 0.016751862655731385 -0.0053295311481100505 0.022478198452625619 0.017370691844865716
leaf_weight=19.302690886775963 96.610132821253501 11.772073439555241 9.0118648543721047 14.713105247588826 8.9159760294714925 27.593771184096113 16.021361493680164 11.47478992922697 5.2636122902622429 7.0933527888264534 19.865136344335042 3.738711465150117 3.6269763098098338 33.541197004262358
leaf_count=886 3706 498 167 568 439 469 767 128 277 149 345 61 140 856
internal_value=0.00126828 0.00247472 0.00327165 0.00399225 0.00487723 0.00580798 0.00148889 0.00557531 -0.00897411 -1.36411e-05 0.00910391 0.0206622 0.00842527 0.00877855
internal_weight=288.545 269.242 257.47 248.458 233.745 224.829 94.6777 69.7658 24.912 54.5523 26.9585 15.2135 8.89059 130.151
internal_count=9456 8570 8072 7905 7337 6898 2336 1152 1184 963 494 189 417 4562
is_linear=0
shrinkage=0.035


Tree=266
num_leaves=15
num_cat=0
split_feature=32 120 65 93 94 72 0 87 108 82 54 81 113 109
split_gain=2.55336 4.09646 5.1307 3.96976 3.87875 3.8593 3.52304 3.42888 2.98077 3.21306 2.87364 4.28374 3.44301 4.01067
threshold=4.5000000000000009 0.020942982456140354 2.4913793103448278 25809.500000000004 81082.000000000015 9.5000000000000018 91.184843750000013 1.5000000000000002 125.50000000000001 8.5000000000000018 0.13840996168582378 185.75823001011639 0.02339261285909713 7582.5000000000009
decision_type=2 2 8 2 2 8 2 8 10 8 8 8 2 10
left_child=1 7 4 -2 -3 -5 -7 -1 9 -9 12 -12 13 -11
right_child=3 2 -4 5 -6 6 -8 8 -10 10 11 -13 -14 -15
leaf_value=0.013565930663597684 0.020087574172207159 -0.016824801922318864 0.013495964373614423 -0.0080311368324778275 0.017488879040253862 0.014845216482470523 -0.0083714369368438468 0.014529219975184499 0.0088796703290085419 -0.0056077650768560664 0.0107945078341202 -0.012362591378733873 -0.012129419421022367 0.019971258491345029
leaf_weight=7.5945896313060066 12.828851466299964 11.26667037606239 33.843659540172666 26.156036269385368 0.94749032449908632 23.271573842037473 7.4459552393527693 3.7020771094830698 11.769798375200478 10.942177852150055 6.9409343940205863 105.7787836434436 10.64745847112499 10.96925403177738
leaf_count=127 237 696 699 756 48 465 227 163 296 289 83 4536 441 302
internal_value=8.06224e-05 -0.00182367 0.00694436 0.00566818 -0.00985634 0.0010552 0.0088334 -0.00435364 -0.00558394 -0.00697783 -0.00799106 -0.0105387 0.00105785 0.00852894
internal_weight=284.105 214.403 46.0578 69.7024 12.2142 56.8736 30.7175 168.345 160.75 148.981 145.279 112.72 32.5589 21.9114
internal_count=9365 7680 1443 1685 744 1448 692 6237 6110 5814 5651 4619 1032 591
is_linear=0
shrinkage=0.035


Tree=267
num_leaves=15
num_cat=0
split_feature=91 82 57 15 60 2 63 62 91 48 70 47 49 17
split_gain=3.54537 4.62918 3.40108 3.1023 4.52564 3.79782 3.43252 3.6663 5.0618 4.58579 7.23413 3.55697 3.51019 3.49873
threshold=6401.6746088137779 8.5000000000000018 0.18350168350168353 1.5000000000000002 0.84877072612921689 5.5000000000000009 0.39642857142857152 0.38126566416040103 3802.3330066555568 0.070802005012531338 11.015151515151517 0.054299754299754303 0.02062074829931973 1.5000000000000002
decision_type=10 8 8 2 2 2 2 2 10 2 8 2 2 2
left_child=1 -1 -2 -3 -5 6 -6 8 9 10 -8 -9 13 -10
right_child=2 3 -4 4 5 -7 7 11 12 -11 -12 -13 -14 -15
leaf_value=0.024213360434195523 0.01093801331103038 -0.0045293776364629746 -0.010080007618445947 -0.0090414314328404015 -0.011178833763454512 -0.0068953833601208521 0.015217820813405602 0.022909519956328429 0.022130988305507335 0.0165547740356158 -0.015872972942755765 -0.0053211823466678175 -0.006127207928674311 -0.008926928060876969
leaf_weight=6.7967556108487761 7.1579936083871862 65.654656666098163 48.258334643905982 22.34471128997393 5.8431857482064506 18.261275009368546 8.2187715867767093 30.585973310284317 27.815809626248669 7.2781407817965365 28.182618962717243 4.4986081769457078 6.0866740342462426 2.4001821777783325
leaf_count=172 362 2238 1704 885 227 597 249 680 865 150 946 137 182 57
internal_value=0.000909008 0.00280983 -0.00668462 0.00166179 0.00423887 0.00661072 0.00884339 0.0102833 0.00553023 -0.00251202 -0.00786316 0.0190775 0.0143394 0.0187468
internal_weight=289.384 233.967 55.4163 227.171 161.516 139.171 120.91 115.067 79.9822 43.6795 36.4014 35.0846 36.3027 30.216
internal_count=9451 7385 2066 7213 4975 4090 3493 3266 2449 1345 1195 817 1104 922
is_linear=0
shrinkage=0.035


Tree=268
num_leaves=15
num_cat=1
split_feature=76 11 30 84 54 101 26 132 74 28 81 81 41 96
split_gain=3.30911 4.0964 4.03744 4.123 4.05398 7.26444 6.16267 3.85881 4.54461 3.673 3.31685 4.76366 3.85548 3.15191
threshold=0.52665599572980892 14.500000000000002 1.0000000180025095e-35 699.50000000000011 0.16954022988505749 0.45643939393939398 38.500000000000007 0 12.750000000000002 15.500000000000002 185.75823001011639 516.71015698256781 4.5000000000000009 1.1550480769230771
decision_type=8 2 2 8 8 2 2 1 10 2 10 10 8 2
left_child=1 13 4 -4 5 6 9 8 -6 -2 12 -12 -9 -1
right_child=2 -3 3 -5 7 -7 -8 10 -10 -11 11 -13 -14 -15
leaf_value=0.007145864669224393 0.02722627405850496 0.010620625589397662 0.01136222867462686 -0.016791446497045549 0.0040644858718694808 -0.010139381852888638 -0.010631042522339373 0.022787702967028658 -0.013953293714204673 -0.0065234166721050892 -0.016436206915559186 0.018360070022843032 -0.0049653710017191523 -0.0087793255481328335
leaf_weight=14.216403745696878 32.615184018737637 15.950550087727605 5.0616278422530767 16.165384849766269 32.948830098845065 9.5265684876358119 4.3898801424074909 19.806165730580691 27.28283668262884 2.5043656327761701 7.9518341911025328 2.8297070721164346 6.0762310035061082 90.365505373571068
leaf_count=624 781 340 137 711 1059 386 152 400 906 62 380 598 161 2720
internal_value=0.000527867 -0.00380315 0.00367058 -0.00919186 0.00578405 0.0134735 0.0196665 0.00142247 -0.0039373 0.0243065 0.00853889 -0.00438012 0.0165233 -0.00638725
internal_weight=287.691 120.532 167.159 21.227 145.932 49.036 39.5094 96.8956 60.2317 35.1195 36.6639 10.7815 25.8824 104.582
internal_count=9417 3684 5733 848 4885 1381 995 3504 1965 843 1539 978 561 3344
cat_boundaries=0 1
cat_threshold=9
is_linear=0
shrinkage=0.035


Tree=269
num_leaves=15
num_cat=0
split_feature=109 107 109 27 71 46 109 94 110 110 90 92 116 55
split_gain=2.27761 2.65147 2.94392 2.8839 2.64031 2.32285 2.25543 2.15217 2.02012 5.52206 9.33198 5.69911 4.27575 4.08013
threshold=8410.5000000000018 2513.701614508384 8676.5000000000018 62.500000000000007 3.5997233292262725 0.1181455633100698 8910.0000000000018 82770.000000000015 43.750000000000007 61.250000000000007 32083.477272727276 25069.000000000004 0.37567204301075274 0.60136986301369866
decision_type=8 10 10 2 8 2 10 2 10 10 2 2 2 8
left_child=8 3 -3 5 -4 7 -6 -2 12 10 -10 -11 -1 -13
right_child=1 2 4 -5 6 -7 -8 -9 9 11 -12 13 -14 -15
leaf_value=-0.014372939560232867 -0.021837783513272362 -0.010765163765419295 -0.0038892634192305596 0.011507648079592455 0.030386297790677152 0.0072147457949359442 -0.0043164821118088547 0.0067881770724614338 -0.013523129028645239 0.015211698119973204 0.02522766099014899 0.007381697156287342 0.0025972521678482578 -0.011779339826909882
leaf_weight=16.058830614201725 19.258062249748047 5.566900659119713 5.2176715077366653 2.0563438559183842 4.275337200379 2.2455277551198369 1.5711725143482906 1.3847916806116689 6.4435144676826885 18.146891865646467 27.733056981640402 16.660298863891512 128.47374572837725 34.447060432867147
leaf_count=473 761 235 208 68 121 51 99 50 306 747 1044 957 2478 1902
internal_value=0.00172951 -0.00543071 0.00462229 -0.0117859 0.0133054 -0.0155666 0.0233696 -0.0189683 0.00301367 0.00662505 0.0171283 0.000637445 0.000294168 -0.00543192
internal_weight=289.539 41.5758 16.6311 24.9447 11.0642 22.8884 5.84651 20.6429 247.963 103.431 34.1766 69.2543 144.533 51.1074
internal_count=9500 1593 663 930 428 862 220 811 7907 4956 1350 3606 2951 2859
is_linear=0
shrinkage=0.035


Tree=270
num_leaves=15
num_cat=0
split_feature=55 42 65 119 65 118 77 71 73 119 44 76 0 107
split_gain=2.69501 3.29702 3.96157 6.07167 3.23699 4.0634 4.26524 4.06804 3.21778 5.5683 4.6823 4.48844 4.49899 4.37715
threshold=0.88516483516483524 1.0000000180025095e-35 3.4031250000000006 3.6421758810362039 1.5634920634920637 0.83438818565400863 1.5000000000000002 4.6194034817596572 15.500000000000002 2.2738214773431866 0.5131670131670133 1.3590098249693237 70.009832175925951 1869.9045506334135
decision_type=8 10 10 10 8 2 8 10 8 8 2 10 2 10
left_child=8 -2 4 -4 -3 -6 7 -7 9 -1 11 12 -10 -14
right_child=1 2 3 -5 5 6 -8 -9 10 -11 -12 -13 13 -15
leaf_value=-0.0053921916502169959 -0.009064698446096137 -0.0033461096457219979 -0.014026696465513159 0.016102947707298743 0.024003873472664833 0.026533985098967584 -0.0057063914215027337 -0.0051472302116599266 -0.016848798451210623 0.015432673942099188 0.0084713625214262716 0.016892785792492312 -0.010763491683641558 0.010917090951143139
leaf_weight=31.966491100611165 15.667210521292871 14.490942852105944 19.50405920017511 7.5217291202861807 23.138008253648877 9.3624916040571389 18.745395349338651 5.453576272353529 55.446559507807251 22.860139700467698 18.213021441595629 3.2350121496710917 20.246035472839139 15.847085086046716
leaf_count=1231 813 648 306 103 675 186 423 108 2014 633 475 96 923 770
internal_value=-8.24592e-05 0.00397509 0.00639352 -0.00443625 0.0105261 0.0140554 0.00497353 0.0165163 -0.00287137 0.00385491 -0.0061603 -0.00925571 -0.0110069 -0.00107429
internal_weight=281.698 113.883 98.2162 27.0258 71.1904 56.6995 33.5615 14.8161 167.814 54.8266 112.988 94.7747 91.5397 36.0931
internal_count=9404 3262 2449 409 2040 1392 717 294 6142 1864 4278 3803 3707 1693
is_linear=0
shrinkage=0.035


Tree=271
num_leaves=15
num_cat=0
split_feature=11 70 76 55 38 61 109 107 66 107 44 107 63 45
split_gain=2.80419 2.85408 3.96893 3.93863 3.79241 3.34358 3.24962 3.20036 3.241 3.91979 3.48102 3.35941 3.06879 2.84525
threshold=2.5000000000000004 12.019230769230772 0.56738854250657378 0.88516483516483524 16.500000000000004 0.89237451737451756 8204.5000000000018 1429.2432072393142 2.0343637680652829 2020.5548514766788 0.29198717948717956 2682.4693851852958 0.63188142770719913 0.050641025641025648
decision_type=2 10 8 10 2 2 10 10 8 10 2 10 2 2
left_child=-1 2 12 6 5 -5 7 13 10 -10 -9 -12 -2 -3
right_child=1 3 -4 4 -6 -7 -8 8 9 -11 11 -13 -14 -15
leaf_value=-0.0074907424006783307 -0.018625401429715215 0.0075399861263840346 0.0035178238103747224 -0.0066009526824073747 -0.013092834424884637 0.016446388483184752 -0.0097307172159494613 0.015499968137432771 0.028728575113044972 -0.0011042825902076619 -0.014824585930040261 0.014316128652203428 0.0018949920197718787 -0.0096357991731486296
leaf_weight=38.001193106989376 20.378541560145095 14.917426793952471 44.453909833333455 6.1686878496548152 3.2773647981230161 52.197342149331234 23.758718333556317 6.9064900733064887 11.389841827214697 7.5089439932489759 13.445345888438167 2.183958619600161 12.458730957470832 24.93337994418107
leaf_count=2207 624 327 1314 196 61 1032 902 323 255 247 581 74 381 855
internal_value=0.000779661 0.00219239 -0.00322794 0.00472655 0.0113828 0.0136819 0.000480695 0.00385628 0.0101432 0.0191241 0.000506689 -0.0082697 -0.0116182 -0.00308255
internal_weight=281.98 243.979 77.2912 166.688 61.6434 58.366 105.044 81.2854 41.4346 18.8988 22.5358 15.6293 32.8373 39.8508
internal_count=9379 7172 2319 4853 1289 1228 3564 2662 1480 502 978 655 1005 1182
is_linear=0
shrinkage=0.035


Tree=272
num_leaves=15
num_cat=1
split_feature=113 112 69 46 75 99 46 1 119 90 56 71 132 97
split_gain=2.59324 3.74363 3.33143 2.9635 2.92055 3.1629 3.43562 3.96446 4.68884 3.03105 3.15134 3.40087 2.82468 4.3371
threshold=0.074537037037037054 0.045715778474399171 2.7500000000000004 0.10762548262548265 2.0459830866807613 0.36515151515151517 0.065861769809138243 6.5000000000000009 1.000162128780518 58866.136363636375 0.30839160839160845 4.2024443701488163 0 4.3228117075642629
decision_type=2 2 8 2 8 2 2 2 10 2 8 8 1 2
left_child=1 4 3 -2 5 -1 7 8 -7 -9 11 -11 -6 -14
right_child=2 -3 -4 -5 12 6 -8 9 -10 10 -12 -13 13 -15
leaf_value=0.020800845086364334 -0.017884476537172751 0.015315991812530207 0.0043127033798794094 0.0045732417762214478 -0.010782177333212267 0.023949323689284433 0.0090189535868710358 -0.01474100407368298 -0.0033698485326410657 0.023286504738034439 -0.0072067720860161874 -0.0087829270101758214 0.01040238172897635 -0.0085279806400903376
leaf_weight=7.2327561648562542 23.620858013979163 18.840594126028009 19.987774982233532 7.2918131299084044 28.396412761416286 8.1200398462824541 47.339998878305778 27.299294580356218 16.112213570508175 6.4735419020289564 18.330726227490231 3.0127005745889628 26.676455147564411 22.994792218087241
leaf_count=117 1181 579 473 273 1029 208 1394 1042 630 119 774 86 913 544
internal_value=0.000565796 0.00216309 -0.0062234 -0.0126879 0.00066814 0.00375835 0.00203255 -0.00242314 0.00831517 -0.00744324 0.000873466 0.0135856 -0.00454011 0.00140358
internal_weight=281.73 230.83 50.9004 30.9127 211.989 133.921 126.689 79.3485 24.2323 55.1163 27.817 9.48624 78.0677 49.6712
internal_count=9362 7435 1927 1454 6856 4370 4253 2859 838 2021 979 205 2486 1457
cat_boundaries=0 1
cat_threshold=10
is_linear=0
shrinkage=0.035


Tree=273
num_leaves=15
num_cat=0
split_feature=88 106 74 116 44 89 117 82 47 99 56 106 0 69
split_gain=2.20826 2.14979 5.02747 3.67263 4.92459 3.88359 3.78986 3.71245 4.11847 4.27397 3.56978 3.55003 3.34734 3.00884
threshold=1079.5000000000002 1159.3809523809525 14.750000000000002 0.21525096525096529 0.35032467532467537 449.25000000000006 0.70320320320320329 3.5000000000000004 0.031830462681526513 0.70900537634408611 0.36474501108647456 44.083333333333336 144.44697337962967 1.7500000000000002
decision_type=10 10 10 2 2 10 2 8 2 2 8 10 2 8
left_child=1 3 -3 4 -1 12 7 -5 11 -10 -11 -9 -6 -8
right_child=-2 2 -4 6 5 -7 13 8 9 10 -12 -13 -14 -15
leaf_value=-0.0038932297720672003 0.015266700962620804 -0.014449310602131695 0.007315485782362437 0.017111598089537904 0.025844110169762062 -0.0090753639865036595 0.011662832814550146 0.012777870927236789 -0.013933018527469259 0.023977817556486168 -0.0062768375135040539 -0.019504005267646233 -0.0050228049860046205 -0.00056634937580745954
leaf_weight=19.018125462112948 7.0124841583892694 29.421272403560579 16.978021348244511 2.1516093050595364 22.546485592378311 3.1460676958668037 27.432097609620541 1.2600118299014855 7.3195636299205971 7.0661314788740102 5.1296544012147942 33.810862548532896 3.3767628623172632 100.9158994423924
leaf_count=1031 59 1468 646 45 647 279 550 50 376 270 360 1855 133 1673
internal_value=0.000572599 -5.77345e-05 -0.00654841 0.00134421 0.00946369 0.0174911 -0.000958771 -0.00810708 -0.0104536 0.00220632 0.0131275 -0.0168945 0.0216614 0.00238672
internal_weight=286.585 279.573 46.3993 233.173 48.0874 29.0693 185.086 56.7378 54.5862 19.5153 12.1958 35.0709 25.9232 128.348
internal_count=9442 9383 2114 7269 2090 1059 5179 2956 2911 1006 630 1905 780 2223
is_linear=0
shrinkage=0.035


end of trees

feature_importances:
gap_median=156
gap_le_60=140
top_share_item_id=113
items_per_view=106
unique_item_location=101
top_share_item_category=100
pointer_x_std=99
search_page_mean=90
unique_item_category=84
gap_cv=81
top_share_item_location=80
share_favorite_add=79
pointer_y_max=77
cookie_age_days=76
events_per_active_minute=74
gap_le_30=74
pointer_x_max=66
gap_le_300=66
share_photo_swipe=65
gap_mean=65
pointer_y_min=62
share_contact_phone_show=60
search_page_median=57
search_page_std=54
events_per_span_hour=53
query_length_mean=51
fraction_filled_seller_type=50
contact_per_item=50
gap_std=50
count_platform_norm_desktop=49
share_seller_page_view=46
count_browser_other=45
pointer_x_min=45
second_of_day_max=42
photo_per_item=41
gap_min=41
gap_max=41
query_words_std=40
query_length_std=39
share_item_view=38
pointer_y_std=36
second_of_day_min=36
fraction_filled_item_category=33
second_of_day_std=33
count_seller_type_pro=32
query_length_median=32
second_of_day_median=29
queries_per_search=29
gap_le_10=29
top_share_search_query=28
share_contact_message_sent=27
search_page_max=27
unique_item_id=26
fraction_filled_item_id=26
query_words_mean=26
span_seconds=25
n_events=24
count_platform_norm_android=24
query_length_min=24
second_of_day_mean=23
count_event_name_favorite_add=22
gap_le_2=22
gap_le_5=22
count_seller_type_private=20
count_os_windows=19
created_hour=18
count_event_name_photo_swipe=18
count_event_name_item_view=17
count_browser_chrome=17
share_search_results_view=17
fraction_filled_item_location=17
gap_le_1=17
created_weekday=15
query_length_max=15
unique_minute=14
unique_search_page=13
business_hours_share=13
count_browser_firefox=12
pointer_x_median=12
transition_item_view_to_photo_swipe=12
deep_search_share=11
unique_hour=10
count_os_mac=9
share_contact_chat_open=9
pointer_y_median=9
duplicate_event_share=9
share_login=8
pointer_unique_y=8
transition_item_view_to_item_view=7
mode_platform_norm=7
unique_browser=6
count_browser_yandex=6
query_words_min=6
transition_search_results_view_to_item_view=6
fraction_filled_search_query=5
fraction_filled_pointer_x=5
pointer_x_mean=5
late_night_share=5
gap_le_0=5
same_item_in_row=5
unique_event_name=4
count_event_name_search_results_view=4
count_event_name_seller_page_view=4
pointer_y_mean=4
mode_browser=4
count_platform_norm_ios=3
pointer_unique_x=3
unique_user_agent=2
count_event_name_contact_message_sent=2
count_os_android=2
top_share_user_agent=2
query_words_max=2
query_words_median=2
transition_search_results_view_to_search_results_view=2
mode_os=2
unique_search_query=1
count_event_name_contact_chat_open=1
count_event_name_contact_phone_show=1
search_page_min=1
weekend=1
page_step_one=1

parameters:
[boosting: gbdt]
[objective: binary]
[metric: binary_logloss]
[tree_learner: serial]
[device_type: cpu]
[data_sample_strategy: bagging]
[data: ]
[valid: ]
[num_iterations: 274]
[learning_rate: 0.035]
[num_leaves: 15]
[num_threads: 4]
[seed: 2026]
[deterministic: 0]
[force_col_wise: 0]
[force_row_wise: 0]
[histogram_pool_size: -1]
[max_depth: -1]
[min_data_in_leaf: 45]
[min_sum_hessian_in_leaf: 0.001]
[bagging_fraction: 0.85]
[pos_bagging_fraction: 1]
[neg_bagging_fraction: 1]
[bagging_freq: 1]
[bagging_seed: 26038]
[bagging_by_query: 0]
[feature_fraction: 0.85]
[feature_fraction_bynode: 1]
[feature_fraction_seed: 28694]
[extra_trees: 0]
[extra_seed: 4728]
[early_stopping_round: 0]
[early_stopping_min_delta: 0]
[first_metric_only: 0]
[max_delta_step: 0]
[lambda_l1: 0]
[lambda_l2: 5]
[linear_lambda: 0]
[min_gain_to_split: 0]
[drop_rate: 0.1]
[max_drop: 50]
[skip_drop: 0.5]
[xgboost_dart_mode: 0]
[uniform_drop: 0]
[drop_seed: 5409]
[top_rate: 0.2]
[other_rate: 0.1]
[min_data_per_group: 100]
[max_cat_threshold: 32]
[cat_l2: 10]
[cat_smooth: 10]
[max_cat_to_onehot: 4]
[top_k: 20]
[monotone_constraints: ]
[monotone_constraints_method: basic]
[monotone_penalty: 0]
[feature_contri: ]
[forcedsplits_filename: ]
[refit_decay_rate: 0.9]
[cegb_tradeoff: 1]
[cegb_penalty_split: 0]
[cegb_penalty_feature_lazy: ]
[cegb_penalty_feature_coupled: ]
[path_smooth: 0]
[interaction_constraints: ]
[verbosity: -1]
[saved_feature_importance_type: 0]
[use_quantized_grad: 0]
[num_grad_quant_bins: 4]
[quant_train_renew_leaf: 0]
[stochastic_rounding: 1]
[linear_tree: 0]
[max_bin: 255]
[max_bin_by_feature: ]
[min_data_in_bin: 3]
[bin_construct_sample_cnt: 200000]
[data_random_seed: 6654]
[is_enable_sparse: 1]
[enable_bundle: 1]
[use_missing: 1]
[zero_as_missing: 0]
[feature_pre_filter: 1]
[pre_partition: 0]
[two_round: 0]
[header: 0]
[label_column: ]
[weight_column: ]
[group_column: ]
[ignore_column: ]
[categorical_feature: 131,132,133]
[forcedbins_filename: ]
[precise_float_parser: 0]
[parser_config_file: ]
[objective_seed: 199]
[num_class: 1]
[is_unbalance: 0]
[scale_pos_weight: 1]
[sigmoid: 1]
[boost_from_average: 1]
[reg_sqrt: 0]
[alpha: 0.9]
[fair_c: 1]
[poisson_max_delta_step: 0.7]
[tweedie_variance_power: 1.5]
[lambdarank_truncation_level: 30]
[lambdarank_norm: 1]
[label_gain: ]
[lambdarank_position_bias_regularization: 0]
[eval_at: ]
[multi_error_top_k: 1]
[auc_mu_weights: ]
[num_machines: 1]
[local_listen_port: 12400]
[time_out: 120]
[machine_list_filename: ]
[machines: ]
[gpu_platform_id: -1]
[gpu_device_id: -1]
[gpu_device_id_list: ]
[gpu_use_dp: 0]
[num_gpu: 1]

end of parameters

pandas_categorical:[["other", "yandex", "chrome", "firefox", "safari", "headless"], ["android", "windows", "mac", "ios", "linux", "other"], ["android", "desktop", "ios"]]
