tree
version=v4
num_class=1
num_tree_per_iteration=1
label_index=0
max_feature_idx=145
objective=binary sigmoid:1
feature_names=cookie_age_days created_hour created_weekday n_events unique_event_name unique_platform_norm unique_browser unique_os unique_user_agent unique_item_id unique_item_category unique_item_location unique_seller_type unique_search_query unique_search_page unique_hour unique_minute count_event_name_contact_chat_open count_event_name_contact_message_sent count_event_name_contact_phone_show count_event_name_favorite_add count_event_name_item_view count_event_name_login count_event_name_photo_swipe count_event_name_search_results_view count_event_name_seller_page_view count_platform_norm_android count_platform_norm_desktop count_platform_norm_ios count_browser_chrome count_browser_firefox count_browser_headless count_browser_other count_browser_safari count_browser_yandex count_os_android count_os_ios count_os_linux count_os_mac count_os_other count_os_windows count_seller_type_private count_seller_type_pro share_search_results_view share_item_view share_photo_swipe share_seller_page_view share_contact_phone_show share_contact_chat_open share_contact_message_sent share_favorite_add share_login count_event_name_captcha_shown share_captcha_shown top_share_item_id top_share_item_category top_share_item_location top_share_search_query top_share_user_agent fraction_filled_item_id fraction_filled_item_category fraction_filled_item_location fraction_filled_search_query fraction_filled_seller_type fraction_filled_pointer_x search_page_mean search_page_std search_page_min search_page_max search_page_median query_length_mean query_length_std query_length_min query_length_max query_length_median query_words_mean query_words_std query_words_min query_words_max query_words_median pointer_x_mean pointer_x_std pointer_x_min pointer_x_max pointer_x_median pointer_y_mean pointer_y_std pointer_y_min pointer_y_max pointer_y_median second_of_day_mean second_of_day_std second_of_day_min second_of_day_max second_of_day_median span_seconds events_per_active_minute events_per_span_hour items_per_view queries_per_search contact_per_item photo_per_item captcha_per_event late_night_share business_hours_share weekend gap_mean gap_std gap_min gap_max gap_median gap_le_0 gap_le_1 gap_le_2 gap_le_5 gap_le_10 gap_le_30 gap_le_60 gap_le_300 gap_cv duplicate_event_share transition_search_results_view_to_item_view transition_item_view_to_item_view transition_item_view_to_photo_swipe transition_item_view_to_contact_phone_show transition_search_results_view_to_search_results_view same_item_in_row page_step_one deep_search_share pointer_unique_x pointer_unique_y mode_browser mode_os mode_platform_norm ua_headless_share ua_selenium_share ua_playwright_share ua_requests_share ua_python_share ua_curl_share ua_scrapy_share ua_avito_app_share ua_changes query_digit_share query_symbol_share query_length_cv
feature_infos=[0.012361111111111111:449.28487268518518] [0:23] [0:6] [1:169] [1:9] none [1:3] [1:2] [1:3] [0:80] [0:8] [0:31] [0:2] [0:29] [0:23] [1:17] [1:90] [0:8] [0:6] [0:12] [0:13] [0:91] [0:6] [0:24] [0:66] [0:14] [0:126] [0:169] [0:140] [0:142] [0:148] [0:169] [0:140] [0:107] [0:137] [0:126] [0:140] [0:169] [0:142] [0:120] [0:148] [0:55] [0:49] [0:1] [0:1] [0:1] [0:1] [0:1] [0:1] [0:1] [0:1] [0:1] none none [0.026666666666666668:1] [0.19047619047619047:1] [0.090277777777777776:1] [0.058823529411764705:1] [0.33333333333333331:1] [0:1] [0:1] [0:1] [0:1] [0:1] [0:1] [1:13] [0:14.380542409798039] [1:13] [1:63] [1:13] [4:24] [0:14.142135623730951] [4:24] [4:24] [4:24] [1:4] [0:2.1213203435596424] [1:4] [1:4] [1:4] [18:1892] [0:1247.3363620130699] [0:1892] [18:1920] [18:1892] [9:1079] [0:696.50017946874937] [0:1079] [9:1080] [9:1079] [311.15384615384613:86372] [0:28150.064293936139] [3:86372] [475:86399] [165.5:86372] [0:83488] [1:13.5] [0.52531737924996347:81.365712911757626] [0:10] [0:1] [0:5] [0:8] none [0:1] [0:1] [0:1] [0:9005] [0:6356.1828560858758] [0:9005] [0:9760] [0:9005] [0:1] [0:1] [0:1] [0:1] [0:1] [0:1] [0:1] [0:1] [0:8.2930073116259848] [0:0.5] [0:29] [0:57] [0:10] [0:7] [0:39] [0:5] [0:6] [0:1] [0:117] [0:116] -1:2:0:3:1:5:4 -1:0:1:2:3:4:5 -1:1:0:2 [0:1] none none none [0:1] none none [0:1] [0:87] [0:0.40000000000000002] [0:0] [0:1.0825317547305484]
tree_sizes=1680 1730 1736 1726 1732 1744 1728 1741 1734 1750 1748 1747 1739 1750 1741 1739 1744 1736 1753 1744 1746 1751 1757 1752 1739 1745 1752 1751 1749 1749 1753 1758 1757 1756 1756 1745 1747 1751 1753 1753 1764 1754 1764 1741 1752 1741 1757 1747 1744 1746 1749 1755 1752 1748 1735 1758 1764 1742 1759 1748 1756 1757 1751 1751 1745 1753 1754 1749 1757 1746 1755 1744 1751 1745 1753 1743 1754 1755 1742 1761 1760 1757 1769 1752 1748 1756 1746 1756 1763 1753 1753 1762 1753 1754 1761 1755 1754 1758 1754 1757 1761 1763 1755 1763 1761 1744 1751 1755 1762 1760 1763 1752 1756 1744 1766 1746 1759 1757 1763 1761 1751 1765 1770 1753 1756 1763 1760 1766 1766 1750 1761 1749 1757 1763 1753 1771 1764 1776 1755 1757 1765 1768 1758 1765 1772 1760 1762 1762 1753 1754 1768 1757 1763 1766 1762 1763 1767 1757 1767 1754 1747 1764 1765 1760 1760 1758 1762 1757 1771 1764 1758 1752 1767 1765 1763 1750 1756 1757 1771 1762 1754 1761 1759 1752 1757 1757 1757 1769 1760 1766 1756 1763 1769 1755 1767 1756 1754 1756 1773 1758 1750 1766 1757 1759 1752 1762 1766 1756 1770 1746 1766 1761 1765 1767 1763 1759 1754 1757 1758 1761 1765 1763 1753 1756 1759 1759 1766 1749 1753 1760 1788 1765 1774 1751 1756 1769 1764 1754 1783 1775 1758 1759 1764 1767 1754 1760 1766 1753 1756 1756 1762 1763 1765 1766 1766 1775 1766 1753 1763 1771 1766 1773 1766 1759 1772 1762 1776 1763 1768 1764 1764 1767 1770 1762

Tree=0
num_leaves=15
num_cat=0
split_feature=96 81 68 81 117 9 10 108 3 83 88 117 101 21
split_gain=1459.68 448.591 216.842 197.62 129.246 84.9019 91.6331 84.4706 120.611 67.7757 27.3728 32.3676 19.6711 16.5927
threshold=2.759615384615385 357.33930270589445 2.5000000000000004 273.96594751508638 0.83827375762859646 3.5000000000000004 2.5000000000000004 117.50000000000001 4.5000000000000009 1918.5000000000002 1079.5000000000002 0.73105625717566025 0.35147058823529415 2.5000000000000004
decision_type=2 8 10 10 2 2 2 10 2 8 8 2 2 2
left_child=1 2 13 12 7 -6 9 10 -9 -7 -3 -12 -2 -1
right_child=3 4 -4 -5 5 6 -8 8 -10 -11 11 -13 -14 -15
leaf_value=-2.4474777519039312 -2.1421419510290791 -2.4627968356909413 -2.2333202825225902 -2.43497968474869 -2.4513908646781841 -2.4439551884388542 -2.4268611520801202 -2.4399860671908145 -2.2871149551103702 -2.2980367199715355 -2.4500307095282339 -2.4195633802709233 -2.3721196883480657 -2.3862057897697855
leaf_weight=8.9383828639984149 18.919577062129981 197.16582867503166 13.705520391464232 3.351893573999404 19.738928824663162 3.5753531455993679 18.547144442796707 16.982927441596988 4.4691914319992057 15.493196964263914 323.56945967674255 46.405104368925095 3.351893573999404 3.9477857649326316
leaf_count=120 254 2647 184 45 265 48 249 228 60 208 4344 623 45 53
internal_value=-2.42771 -2.4384 -2.30946 -2.19136 -2.44458 -2.39631 -2.36807 -2.44951 -2.38751 -2.32301 -2.45219 -2.44615 -2.16015 -2.42225
internal_weight=698.162 672.539 26.5917 25.6234 645.947 57.3546 37.6157 588.593 21.4521 19.0686 567.14 369.975 22.2715 12.8862
internal_count=9373 9029 357 344 8672 770 505 7902 288 256 7614 4967 299 173
is_linear=0
shrinkage=1


Tree=1
num_leaves=15
num_cat=0
split_feature=96 81 54 117 55 108 16 118 10 83 3 56 83 117
split_gain=1186.03 398.726 186.37 117.858 106.894 79.1161 127.054 72.8772 88.7184 63.5371 46.7454 44.914 27.2797 35.4586
threshold=2.759615384615385 332.60676822318106 0.40833333333333338 0.83409785932721725 0.50247524752475259 94.500000000000014 4.5000000000000009 0.96996753246753264 3.5000000000000004 1914.5000000000002 13.500000000000002 0.62593283582089565 1384.5000000000002 0.65733855185909984
decision_type=2 8 8 2 10 10 2 2 2 8 2 10 10 2
left_child=1 2 -1 5 -2 12 -7 8 9 -5 -6 -11 13 -3
right_child=4 3 -4 7 10 6 -8 -9 -10 11 -12 -13 -14 -15
leaf_value=0.1724055928890012 0.0128132482059958 -0.024230735256826921 -0.0042401046172741664 -0.016907324456302091 0.038272949843109222 -0.015262220000580664 0.12381864745414727 -0.010788209206589735 -0.024057448741775945 0.13755058267403911 0.23486005720428849 0.0030173987731363957 -0.035256506176269756 0.00069081819616116755
leaf_weight=15.817826360464098 4.2041584923863438 282.90577363222837 10.919241808354853 3.9958677962422433 3.8818685486912754 21.785771563649181 6.9718611910939208 28.882644824683666 8.5720599666237813 14.590201549232008 23.187775768339634 3.8680583834648123 180.09815819561481 92.017684862017632
leaf_count=187 51 3869 142 54 46 296 87 387 115 181 252 49 2488 1242
internal_value=0.000163288 -0.0103086 0.110962 -0.0161623 0.195129 -0.0209952 0.0318011 0.0289215 0.0622546 0.0935854 0.217031 0.11601 -0.0239903 -0.0181856
internal_weight=701.699 670.425 26.7371 643.688 31.2738 583.779 28.7576 59.9088 31.0262 22.4541 27.0696 18.4583 555.022 374.923
internal_count=9446 9097 329 8768 349 7982 383 786 399 284 298 230 7599 5111
is_linear=0
shrinkage=0.035


Tree=2
num_leaves=15
num_cat=0
split_feature=116 81 11 9 82 117 108 11 83 10 54 69 45 0
split_gain=995.898 354.34 317.172 143.47 71.0741 79.7555 85.2603 74.8357 62.7162 41.6796 56.7459 16.4109 13.2081 12.7463
threshold=0.75962962962962977 357.33930270589445 3.5000000000000004 3.5000000000000004 1.0000000180025095e-35 0.73401360544217698 94.500000000000014 2.5000000000000004 1321.5000000000002 2.5000000000000004 0.22474747474747478 1.7500000000000002 0.13015245623941277 4.7096238425925927
decision_type=2 8 2 2 10 2 10 2 10 2 8 10 2 2
left_child=1 3 -2 11 5 6 13 -8 -4 10 12 -1 -7 -3
right_child=2 4 8 -5 -6 9 7 -9 -10 -11 -12 -13 -14 -15
leaf_value=-0.023684735716546015 -0.010827862974903287 -0.0072160367462830912 0.20074602836041197 0.15030950645369212 -0.034227972794688144 0.092214931335641986 -0.0079359820366368405 0.11199761829663031 0.021918947507479469 -0.0070787933800599678 0.004612584622350255 0.036620191313109146 0.0095899493646578841 -0.025086822461769243
leaf_weight=8.1747879013419169 12.204204231500624 67.196858517825603 34.397589854896069 17.268156178295612 208.62277037650347 15.209669366478922 12.930551595985891 6.5050384551286689 3.9619255736470214 34.91633976995945 25.622736148536205 4.538226179778575 4.1104557216167441 243.59478675574064
leaf_count=108 161 934 336 180 2954 184 175 77 47 461 336 53 52 3390
internal_value=0.00026987 -0.0118236 0.142522 0.0967482 -0.0178182 -0.00915832 -0.0167385 0.0469086 0.186933 0.0213258 0.0418929 0.00210299 0.0802217 -0.0213984
internal_weight=699.254 648.69 50.5637 29.9812 618.709 410.086 330.227 19.4356 38.3595 79.8592 44.9429 12.713 19.3201 310.792
internal_count=9448 8904 544 341 8563 5609 4576 252 383 1033 572 161 236 4324
is_linear=0
shrinkage=0.035


Tree=3
num_leaves=15
num_cat=0
split_feature=96 83 11 10 83 117 108 11 88 27 11 55 41 55
split_gain=900.017 230.248 194.797 143.216 93.6413 74.7261 89.093 82.2007 44.8851 49.0126 28.3965 22.6753 22.5125 19.9294
threshold=2.4900000000000007 1341.5000000000002 3.5000000000000004 3.5000000000000004 1419.5000000000002 0.73401360544217698 117.50000000000001 2.5000000000000004 1079.5000000000002 13.500000000000002 4.5000000000000009 0.55086206896551737 2.5000000000000004 0.50247524752475259
decision_type=2 8 2 2 10 2 10 2 8 2 2 10 10 10
left_child=1 2 -1 4 10 6 -3 -8 -7 11 -2 -10 -13 -11
right_child=3 5 -4 -5 -6 8 7 -9 9 13 -12 12 -14 -15
leaf_value=-0.0045125595324055296 0.03765997628195774 -0.026550664974882385 0.13933748029557916 -0.020447110053348625 -0.0028631516671400576 -0.024061907504083317 -0.011277178338010509 0.10798835386349197 -0.02292731604038202 0.0021280417184404445 0.17467586688637804 -0.011204732016709969 0.034894990052496334 0.08399695727849818
leaf_weight=23.563669972121716 5.2954287678003302 463.07293304055929 17.030828982591629 5.5818807557225218 4.3372022584080687 33.911876305937767 15.189421124756338 7.0330174788832656 19.055946104228497 4.9531276449561146 38.33306385576725 17.657342791557312 29.599903054535389 12.257581949234007
leaf_count=318 59 6616 171 66 55 481 208 75 254 66 319 234 369 142
internal_value=0.000335122 -0.0115353 0.0644996 0.131754 0.149724 -0.0171449 -0.0231613 0.03937 0.00764831 0.021155 0.163628 0.00563648 0.0182462 0.0662187
internal_weight=696.873 643.326 40.5945 53.5476 47.9657 602.731 485.295 22.2224 117.436 83.5239 43.6285 66.3132 47.2572 17.2107
internal_count=9433 8934 489 499 433 8445 6899 283 1546 1065 378 857 603 208
is_linear=0
shrinkage=0.035


Tree=4
num_leaves=15
num_cat=0
split_feature=116 83 3 9 88 27 118 99 110 45 110 56 29 54
split_gain=733.236 216.59 196.407 162.886 70.4415 82.9716 97.9856 48.1161 42.4211 31.624 29.2713 27.1248 19.4003 18.1422
threshold=0.76230831315577086 1341.5000000000002 9.5000000000000018 3.5000000000000004 1079.5000000000002 1.5000000000000002 0.48333333333333339 0.68496240601503777 36.250000000000007 0.10275263951734541 37.250000000000007 0.61152570480928703 2.5000000000000004 0.30384615384615393
decision_type=2 8 2 2 8 2 2 2 8 2 10 10 2 8
left_child=1 3 -2 -1 -3 8 -7 10 9 12 11 -8 13 -6
right_child=2 4 -4 -5 5 6 7 -9 -10 -11 -12 -13 -14 -15
leaf_value=-0.0066632658065061186 -0.0092904830090598817 -0.033325839403256778 0.14129187385179293 0.12771174086342818 0.068580712552763101 0.11635329176287844 0.08756024597408299 -0.010843255594212 -0.023715970495924173 -0.015120090372349288 0.004958993410092709 -0.0080871982355843752 0.00030220607328074124 -0.0028225178957783149
leaf_weight=19.98588815331459 12.493009760975836 187.02391991019249 48.58105406165123 18.480499170720577 11.829337142407896 6.3925234079360953 11.206601500511168 62.595045685768127 231.11640445142984 35.238899141550064 18.200035817921162 3.6621496975421897 16.300374686717987 5.3663002997636786
leaf_count=272 165 2765 383 166 146 73 129 874 3321 474 259 48 213 73
internal_value=0.0011836 -0.0104163 0.112117 0.0651595 -0.0158596 -0.00742218 0.019211 0.00726279 -0.0166534 0.00709203 0.038458 0.0678956 0.0293887 0.0506815
internal_weight=688.472 627.398 61.0741 38.4664 588.932 401.908 102.056 95.6638 299.851 68.7349 33.0688 14.8688 33.496 17.1956
internal_count=9361 8813 548 438 8375 5610 1383 1310 4227 906 436 177 432 219
is_linear=0
shrinkage=0.035


Tree=5
num_leaves=15
num_cat=0
split_feature=116 81 11 10 11 108 97 117 81 82 87 117 54 57
split_gain=666.301 229.291 178.355 168.362 94.8308 66.9476 72.0038 48.0945 30.7305 23.7411 23.2657 21.5337 18.7904 27.3425
threshold=0.66862745098039222 357.33930270589445 3.5000000000000004 3.5000000000000004 3.5000000000000004 125.50000000000001 1.9536549858406314 0.82380174291939012 233.28818885580543 1.0000000180025095e-35 1.5000000000000002 0.65419580419580436 0.30384615384615393 0.4188596491228071
decision_type=2 8 2 2 2 10 2 2 10 10 10 2 8 8
left_child=1 4 -2 8 -1 7 -7 9 -4 11 12 -3 13 -9
right_child=2 5 3 -5 -6 6 -8 10 -10 -11 -12 -13 -14 -15
leaf_value=-0.00064543032063012391 -0.013688018440854271 -0.022437384772449935 0.13860713096224855 -0.021909879325347222 0.11418938084360668 -0.012913467960582655 0.10004761353030135 0.0069346503194610163 0.020258263773386059 -0.034305810581033443 -0.022520194408480954 -0.0014492289999190537 -0.0054407853005322701 0.082755148463994344
leaf_weight=13.952971681952475 15.651558138430117 256.1800127774477 55.928756944835186 8.6006305590271932 18.639105431735516 13.695764578878881 7.1984118372201911 13.078856982290747 4.7803047299385062 166.49902053177357 11.977157972753046 78.634810470044613 12.610772386193274 7.2234669849276534
leaf_count=175 209 3776 411 104 152 188 75 160 56 2550 177 1076 169 77
internal_value=0.0007579 -0.0124691 0.0896233 0.112304 0.0714805 -0.0178764 0.0378075 -0.0203301 0.131539 -0.0234337 0.0132046 -0.0176019 0.0274604 0.0449336
internal_weight=684.652 599.69 84.9613 69.3097 32.5921 567.098 20.8942 546.204 60.7091 501.314 44.8903 334.815 32.9131 20.3023
internal_count=9355 8575 780 571 327 8248 263 7985 467 7402 583 4852 406 237
is_linear=0
shrinkage=0.035


Tree=6
num_leaves=15
num_cat=0
split_feature=96 81 10 81 11 108 3 117 83 27 32 42 65 65
split_gain=613.717 217.317 146.43 115.592 101.162 61.9679 74.797 49.0382 29.4097 23.5822 23.8729 22.9568 22.6066 19.4812
threshold=2.2052631578947373 385.70564618521638 3.5000000000000004 316.49059762417625 3.5000000000000004 117.50000000000001 4.5000000000000009 0.73401360544217698 1911.5000000000002 13.500000000000002 6.5000000000000009 2.5000000000000004 2.3038461538461541 2.9555335968379448
decision_type=2 8 2 10 2 10 2 2 8 2 2 10 10 10
left_child=1 4 3 11 13 7 -7 -3 -9 10 -10 -2 -12 -1
right_child=2 5 -4 -5 -6 6 -8 8 9 -11 12 -13 -14 -15
leaf_value=-0.019831350392653838 0.026016504986306265 -0.025387703076094732 -0.026103090682169417 -0.021908661350618516 0.10480823055108057 -0.013349969309025597 0.098782937682250493 -0.027940153257337032 -0.012906796710977532 0.043525955154667353 0.067563386994054148 0.12212499672375414 -0.0033352990766231426 0.042662260447818401
leaf_weight=14.927924133837225 6.4794867262244216 440.6059510782361 10.542076483368872 6.7681452557444564 22.011938065290451 15.498362936079504 7.2592811957001677 25.268538288772106 42.637746341526508 16.900467075407505 5.7082764729857471 61.197682090103626 10.434096686542032 3.814327858388423
leaf_count=200 65 6702 134 93 177 216 63 390 560 197 67 414 130 43
internal_value=0.000461225 -0.0121281 0.0857845 0.102274 0.061457 -0.0179354 0.0337693 -0.0203973 0.00155443 0.0125234 0.000896194 0.115346 0.031785 -0.000806937
internal_weight=690.054 605.067 84.9874 74.4453 40.7542 564.313 22.7576 541.555 100.949 75.6806 58.7801 67.6772 16.1424 18.7423
internal_count=9451 8745 706 572 420 8325 279 8046 1344 954 757 479 197 243
is_linear=0
shrinkage=0.035


Tree=7
num_leaves=15
num_cat=0
split_feature=96 81 81 10 11 88 117 66 110 99 54 86 106 10
split_gain=545.408 183.621 124.292 105.067 75.8655 61.4054 59.0495 97.6277 60.5442 30.2566 28.8762 26.6126 18.6179 17.7668
threshold=2.1889880952380958 385.70564618521638 316.49059762417625 3.5000000000000004 2.5000000000000004 1079.5000000000002 0.12916666666666668 0.76526280762996912 37.250000000000007 0.58477011494252884 0.29705882352941182 293.75877528154797 195.56818181818184 2.5000000000000004
decision_type=2 8 10 2 2 8 2 10 10 2 10 10 10 2
left_child=1 4 3 10 -1 -3 7 -7 9 12 -2 -6 -8 -14
right_child=2 5 -4 -5 11 6 8 -9 -10 -11 -12 -13 13 -15
leaf_value=-0.011728737354550879 0.11299118648506884 -0.033761850471924759 -0.025498220170236993 -0.022502620703684993 0.10310396131937435 -0.0049417407681106975 -0.003589026354675679 0.10169989729606314 -0.023079041955769153 -0.002268089222991846 0.022678966101737134 0.016351173381426842 0.076903500979139616 -0.00044590184340740838
leaf_weight=12.787209600210188 64.233560293912888 175.19082462787628 10.204351276159285 7.0003376528620711 19.831930432468656 33.565090879797935 7.6050538718700436 10.036770075559614 238.25663749873638 71.504549637436867 7.7038454040884963 7.8565619289875022 10.248152017593382 4.7021503895521155
leaf_count=172 411 2804 144 87 154 481 102 115 3630 964 80 80 112 63
internal_value=0.000883066 -0.011478 0.0791694 0.0934127 0.0563349 -0.0169202 -0.00873132 0.0275434 -0.0138285 0.00958562 0.105422 0.0847543 0.0407569 0.058561
internal_weight=680.727 591.585 89.1421 78.9377 40.4757 551.109 375.918 43.6019 332.317 94.0599 71.9374 27.6885 22.5554 14.9503
internal_count=9399 8677 722 578 406 8271 5467 596 4871 1241 491 234 277 175
is_linear=0
shrinkage=0.035


Tree=8
num_leaves=15
num_cat=0
split_feature=96 81 81 10 54 88 108 3 0 56 56 45 54 75
split_gain=508.764 173.075 125.703 89.8695 73.0643 52.5305 55.3503 84.8921 32.6706 32.3687 25.7217 16.1736 20.2038 15.3481
threshold=2.1356321839080463 357.33930270589445 316.49059762417625 3.5000000000000004 0.40833333333333338 1079.5000000000002 94.500000000000014 4.5000000000000009 4.0473495370370385 0.66018867924528313 0.20611577964519143 0.10582306830907055 0.28991596638655465 1.5092592592592595
decision_type=2 8 10 2 8 8 10 2 2 10 8 2 8 10
left_child=1 4 3 9 13 -3 8 -8 11 -2 -10 12 -7 -1
right_child=2 5 -4 -5 -6 6 7 -9 10 -11 -12 -13 -14 -15
leaf_value=0.015303455774097585 0.10335528238546755 -0.032687569275823718 -0.026503532550201204 -0.022181118986514963 -0.012350333787779029 0.038599929338840877 -0.016600942675322035 0.10233273750306585 0.016800081930457667 0.017900036458822651 -0.021700947718634903 -0.0094831837235804933 -0.0073963184369922426 0.0979677177580658
leaf_weight=5.4490971937775639 71.962214134633541 173.89010084792972 11.666093967854975 6.8347036987543097 11.822164230048655 23.933948948979378 13.723517030477526 8.3917612284421903 19.558678828179836 8.3726709410548192 251.2404729090631 37.513217911124229 17.323471508920193 19.861957535147667
leaf_count=47 452 2856 171 88 156 331 193 71 283 70 3786 555 255 138
internal_value=0.000713764 -0.0119099 0.0721294 0.0860513 0.056673 -0.0170502 -0.00939753 0.0390771 -0.0129721 0.0960196 -0.018666 0.00654855 0.0205748 0.0856313
internal_weight=681.544 582.708 98.8357 87.1696 37.1332 545.575 371.685 22.1153 349.57 80.3349 270.799 78.7706 41.2574 25.3111
internal_count=9452 8671 781 610 341 8330 5474 264 5210 522 4069 1141 586 185
is_linear=0
shrinkage=0.035


Tree=9
num_leaves=15
num_cat=0
split_feature=96 81 81 66 88 118 110 117 55 112 10 54 46 119
split_gain=447.717 159.919 102.324 59.6822 57.4432 60.9933 121.492 46.9287 41.1765 31.8124 21.7259 29.7573 15.5345 10.1608
threshold=2.1695402298850577 347.40538503541865 316.49059762417625 0.44974030618330174 1079.5000000000002 0.48333333333333339 1098.5000000000002 0.69113355780022456 0.45798022598870064 0.075235849056603785 3.5000000000000004 0.28991596638655465 0.040733366517338644 0.78582996308391106
decision_type=2 8 10 10 8 2 8 2 10 2 2 8 2 8
left_child=1 3 8 -1 -3 6 -6 13 -2 -10 11 12 -9 -7
right_child=2 4 -4 -5 5 7 -8 10 9 -11 -12 -13 -14 -15
leaf_value=-0.0042966617559745028 -0.002121959701018129 -0.033132223263207548 -0.025653461066950427 0.083049509595499643 0.10779080701657971 0.0014228890267506266 -0.023642028613302519 0.0084412905418276962 0.093710978041081527 0.01571932328661851 -0.022903998050768259 -0.010286242541718922 0.050295312908088044 -0.02264309043179186
leaf_weight=13.717296704649923 6.763648033142089 170.65544488281012 10.536042138934134 23.536753959953785 10.76422490924597 23.047262690961361 15.860681749880312 21.438842512667179 71.424368686974049 9.4565260857343656 16.899641148746014 28.344005092978477 23.517026826739311 227.76414155215025
leaf_count=167 77 2877 156 163 110 351 241 268 425 78 236 393 285 3575
internal_value=0.000329375 -0.0116132 0.0675082 0.0541851 -0.0166237 -0.00861878 0.0381361 -0.0127676 0.0794875 0.0860383 0.00853867 0.0167876 0.0331783 -0.0204471
internal_weight=673.726 575.545 98.1806 37.2541 538.291 367.636 26.6249 341.011 87.6445 80.8809 90.1995 73.2999 44.9559 250.811
internal_count=9402 8666 736 330 8336 5459 351 5108 580 503 1182 946 553 3926
is_linear=0
shrinkage=0.035


Tree=10
num_leaves=15
num_cat=0
split_feature=96 88 10 0 110 113 56 110 110 82 86 57 3 86
split_gain=420.856 116.917 86.0602 61.2011 65.2056 52.0515 43.3587 33.2309 27.0497 21.4606 16.6299 16.2962 14.4264 13.5856
threshold=2.2052631578947373 1079.5000000000002 3.5000000000000004 4.7096238425925927 270.75000000000006 0.11922530206112296 0.20864427860696519 1234.0000000000002 37.250000000000007 1.0000000180025095e-35 260.32635475264516 0.43492985002418971 8.5000000000000018 201.58255398729457
decision_type=2 10 2 2 10 2 8 8 8 8 10 10 2 8
left_child=1 3 5 4 8 -2 11 -6 10 -8 12 -5 -1 -11
right_child=2 -3 -4 6 7 -7 9 -9 -10 13 -12 -13 -14 -15
leaf_value=-0.0083727639061889122 0.08393486442296999 0.095759319421524339 -0.024896590655796857 -0.00079973515326855267 0.097665202837691506 -0.0036048890378712153 0.037097673767561623 -0.0065574884832255197 -0.013451724261089114 0.0060239914688670713 -0.018996735692188411 0.04583564703369436 0.041693082231892942 -0.025044735592511417
leaf_weight=7.3297962397336986 80.743166647851467 7.3425706997513762 9.3417449556291086 24.412439234554768 8.3432881645858252 8.7697506919503194 2.9566078707575789 4.3832121789455423 78.934551797807217 16.222653817385435 7.0068513415753833 9.5501140058040601 24.472049977630377 382.35497121885419
leaf_count=104 485 51 127 360 82 86 30 65 1229 219 117 115 270 6067
internal_value=0.000512873 -0.0111408 0.0653812 -0.0133541 0.0074558 0.0756214 -0.0196024 0.0700445 -0.00188694 -0.0228226 0.0204858 0.0165131 0.030584 -0.0237212
internal_weight=672.164 573.309 98.8547 565.967 130.47 89.5129 435.497 12.7265 117.743 401.534 38.8087 33.9626 31.8018 398.578
internal_count=9407 8709 698 8658 1867 571 6791 147 1720 6316 491 475 374 6286
is_linear=0
shrinkage=0.035


Tree=11
num_leaves=15
num_cat=0
split_feature=117 81 9 10 118 97 68 82 0 110 55 45 50 145
split_gain=377.841 149.971 114.092 103.024 49.715 117.25 43.211 28.0103 24.8682 13.7728 14.5625 12.1716 11.3864 10.1661
threshold=0.83827375762859646 347.40538503541865 4.5000000000000009 3.5000000000000004 0.48333333333333339 1.769621509501855 2.5000000000000004 1.0000000180025095e-35 4.7096238425925927 37.250000000000007 0.83130081300813019 0.15047169811320757 0.052177858439201454 0.19907878854713293
decision_type=2 8 2 2 2 2 10 10 2 10 10 2 2 8
left_child=1 6 -2 11 5 -3 -1 8 13 10 -10 12 -4 -6
right_child=2 4 3 -5 7 -7 -8 -9 9 -11 -12 -13 -14 -15
leaf_value=-0.0041156564481719445 -0.010293214547615538 -0.022115116831143165 0.089464615352340085 -0.026091039784607421 0.022398735969618593 0.097631549087366626 0.077286144320238143 -0.033021342300689552 -0.014485321735430606 -0.023906184290141564 0.021340000988843248 0.022034243034288633 0.039929549019543875 -0.0046083656407705023
leaf_weight=10.505225591361521 27.993919499218464 25.104774057865143 72.118818171322346 10.81688069924712 19.510104577988386 10.306133091449736 22.95015361905098 146.16918712109327 40.191634297370911 186.85216388478875 15.176492448896168 9.093027036637066 19.459075726568699 52.253406003117561
leaf_count=123 389 398 423 149 278 92 146 2587 564 3053 199 77 144 769
internal_value=0.00125027 -0.0123445 0.0514548 0.0667357 -0.0173576 0.0205041 0.0545137 -0.0204603 -0.0141868 -0.0194584 -0.00371138 0.0774723 0.0815512 0.00371467
internal_weight=668.501 529.019 139.482 111.488 495.564 35.4109 33.4554 460.153 313.984 242.22 55.3681 100.671 91.5779 71.7635
internal_count=9391 8209 1182 793 7940 490 269 7450 4863 3816 763 644 567 1047
is_linear=0
shrinkage=0.035


Tree=12
num_leaves=15
num_cat=0
split_feature=116 81 11 10 108 130 3 88 56 0 27 86 57 100
split_gain=335.98 156.619 73.8284 69.6993 60.5423 53.2919 48.0628 31.7065 28.8705 23.3907 21.1866 19.53 15.7808 14.5022
threshold=0.66862745098039222 385.70564618521638 3.5000000000000004 3.5000000000000004 117.50000000000001 4.5000000000000009 4.5000000000000009 1079.5000000000002 0.20864427860696519 4.7096238425925927 3.5000000000000004 293.75877528154797 0.30094339622641514 0.11324786324786326
decision_type=2 8 2 2 10 2 2 8 8 2 2 10 8 2
left_child=1 5 -2 -4 7 -1 -6 -3 12 10 -10 -7 -9 -12
right_child=2 4 3 -5 6 11 -8 8 9 -11 13 -13 -14 -15
leaf_value=-0.016463950020391617 -0.012020036421529873 -0.032748429736268778 0.076007268263413419 -0.020891452228680354 -0.0082796851434890854 0.079593367876644366 0.080429262970363694 -0.01035490562787806 -0.010923641130926127 -0.021623732828614899 0.044823922574289229 0.012054119453587019 0.036398931790238336 -0.0076341926925118731
leaf_weight=10.177949186414478 15.480513665825127 148.11176130920649 83.508907504379749 8.0289655625820142 14.437773544341328 26.521825738251209 8.8761736452579481 11.938011806458237 53.938633006066084 234.65998392179608 12.900173261761667 8.7067291475832445 16.669029574841261 8.1080480217933637
leaf_count=138 207 2710 456 109 216 171 59 170 795 3760 179 83 218 111
internal_value=9.53585e-05 -0.0109729 0.055428 0.0668663 -0.0166517 0.0480942 0.0337329 -0.0193857 -0.0131421 -0.0162866 0.000731263 0.0664739 0.0182503 0.0270025
internal_weight=662.064 555.046 107.018 91.5379 509.64 45.4065 23.3139 486.326 338.214 309.607 74.9469 35.2286 28.607 21.0082
internal_count=9382 8610 772 565 8218 392 275 7943 5233 4845 1085 254 388 290
is_linear=0
shrinkage=0.035


Tree=13
num_leaves=15
num_cat=0
split_feature=117 81 11 10 108 3 83 11 82 117 106 10 56 65
split_gain=344.266 133.18 93.2693 86.6019 47.5239 54.3827 45.2117 43.4918 27.1471 26.4058 20.6857 15.8855 11.7986 11.1643
threshold=0.84045454545454557 385.70564618521638 2.5000000000000004 3.5000000000000004 94.500000000000014 4.5000000000000009 1384.5000000000002 3.5000000000000004 1.0000000180025095e-35 0.65419580419580436 621.25739130434795 3.5000000000000004 0.36474501108647456 2.9555335968379448
decision_type=2 8 2 2 10 2 10 2 10 2 10 2 8 10
left_child=1 7 -2 6 8 -6 -4 13 9 12 -11 -12 -3 -1
right_child=2 4 3 -5 5 -7 -8 -9 -10 10 11 -13 -14 -15
leaf_value=-0.017206355142868522 -0.020042804895816169 -0.0087492769779327038 0.072646574630806357 -0.026218096841158476 -0.014593109632035379 0.071194974988745441 -0.0056132080715310135 0.070317609872093859 -0.033561486089948779 -0.012481055190927796 0.030602168932944124 -0.01603431140496181 -0.026668596767087611 0.031519191723730154
leaf_weight=12.262454163283108 19.402947068214417 73.542534101754427 107.59640554338694 11.068174514919518 18.284925408661369 10.652793787419794 9.0842081233859044 24.380808725953102 137.27295486629009 52.888647049665451 29.655727472156286 8.5341539978981 146.57670725136995 3.6505168527364722
leaf_count=162 291 1223 638 158 280 80 117 152 2599 730 393 128 2480 36
internal_value=0.000930241 -0.0125639 0.0472575 0.0578492 -0.0178455 0.0228242 0.0665733 0.0450751 -0.0206924 -0.0145748 0.00125958 0.0195307 -0.021009 -0.00116514
internal_weight=664.854 517.702 147.152 127.749 477.408 28.9377 116.681 40.2938 448.471 311.198 91.0785 38.1899 220.119 15.913
internal_count=9467 8263 1204 913 7913 360 755 350 7553 4954 1251 521 3703 198
is_linear=0
shrinkage=0.035


Tree=14
num_leaves=15
num_cat=0
split_feature=117 87 9 10 108 3 83 86 83 56 9 117 106 27
split_gain=280.577 98.2439 77.233 77.2838 61.3281 73.6594 35.7985 42.1414 27.6319 24.2743 17.2906 16.5226 16.4191 12.6821
threshold=0.84045454545454557 1.0000000180025095e-35 3.5000000000000004 3.5000000000000004 94.500000000000014 4.5000000000000009 1537.5000000000002 265.16463439374121 1354.5000000000002 0.20864427860696519 3.5000000000000004 0.65419580419580436 1038.1875000000002 19.500000000000004
decision_type=2 8 2 2 10 2 10 8 10 8 2 2 10 2
left_child=1 -1 -2 8 6 -6 7 10 -4 -9 -3 -11 13 -13
right_child=2 4 3 -5 5 -7 -8 9 -10 11 -12 12 -14 -15
leaf_value=0.071481281302562968 -0.01258278595291068 -0.0097165292772460714 0.066306847149217349 -0.026112154490560664 -0.014991907763765373 0.078022924361045867 -0.03393806268339021 0.015692341208251893 0.0015250854470866397 -0.022326602812775674 0.055086867274767116 -0.016753745454643768 0.027261765155034225 0.019828472955995314
leaf_weight=11.989978451281784 24.435653001070023 5.4497716762125519 104.58864710479975 11.010714985430239 20.2281061001122 13.992325134575365 119.52205170691013 25.894384533166885 8.9639867320656759 220.32141425088048 10.985181815922259 59.801547300070524 12.302032880485056 9.735626142472027
leaf_count=106 361 86 580 161 312 99 2303 372 107 3755 70 849 169 131
internal_value=0.000756896 -0.0116388 0.0422036 0.0530219 -0.0143294 0.0281389 -0.017728 -0.0116988 0.0614729 -0.0146152 0.0363443 -0.0174256 -0.0037057 -0.0106455
internal_weight=659.221 510.222 148.999 124.563 498.232 34.2204 464.012 344.49 113.553 328.055 16.435 302.161 81.8392 69.5372
internal_count=9461 8252 1209 848 8146 411 7735 5432 687 5276 156 4904 1149 980
is_linear=0
shrinkage=0.035


Tree=15
num_leaves=15
num_cat=0
split_feature=117 81 9 10 108 3 11 87 0 56 54 45 50 96
split_gain=291.531 120.407 84.6587 73.1924 45.9992 44.7971 33.3438 25.0842 23.8135 17.5022 15.4271 19.4809 12.027 11.8038
threshold=0.83827375762859646 385.70564618521638 4.5000000000000009 3.5000000000000004 90.500000000000014 4.5000000000000009 3.5000000000000004 1.0000000180025095e-35 4.7096238425925927 0.20611577964519143 0.34848484848484856 0.10582306830907055 0.013992172211350294 2.8944444444444448
decision_type=2 8 2 2 10 2 2 10 2 8 8 2 2 2
left_child=1 6 -2 13 7 -6 -1 8 10 -10 11 12 -3 -4
right_child=2 4 3 -5 5 -7 -8 -9 9 -11 -12 -13 -14 -15
leaf_value=-0.00076381487739453433 -0.01188525972569319 0.053128592576831689 0.044380139811156932 -0.025518887846611774 -0.013394801536582231 0.061646777258481444 0.061120122880193951 -0.033392441852113548 0.0097821026771205827 -0.022832834275506406 -0.021869518819272207 -0.0080783016991059983 0.007580802513618921 0.076784250145623789
leaf_weight=15.68745658174157 27.173788163810968 10.435370057821276 62.283266760408878 10.288592372089623 18.640909332782034 12.623021356761454 27.528516583144665 125.64196986332536 19.467223845422268 211.74448816478252 18.092339292168617 28.49666428565979 16.855705808848143 53.523921392858028
leaf_count=199 383 136 431 153 294 92 161 2520 279 3604 288 439 246 235
internal_value=0.00088536 -0.0119946 0.0423784 0.0540796 -0.017328 0.021226 0.0409065 -0.0203378 -0.01451 -0.0199378 0.0026639 0.0117647 0.0305268 0.0619148
internal_weight=658.483 505.214 153.27 126.096 461.998 31.2639 43.216 430.734 305.092 231.212 73.8801 55.7877 27.2911 115.807
internal_count=9460 8258 1202 819 7898 386 360 7512 4992 3883 1109 821 382 666
is_linear=0
shrinkage=0.035


Tree=16
num_leaves=15
num_cat=0
split_feature=117 81 81 27 108 100 110 87 65 65 117 65 8 96
split_gain=243.434 105.387 70.9511 76.072 50.4137 32.6774 31.4204 28.6566 27.1958 24.9668 24.7265 20.3626 16.403 11.9446
threshold=0.81892697466467979 357.33930270589445 420.30579107873831 4.5000000000000009 215.50000000000003 0.28801843317972359 1098.5000000000002 1.0000000180025095e-35 1.2071428571428573 2.8377192982456143 0.12916666666666668 2.7029411764705888 1.5000000000000002 2.9821428571428577
decision_type=2 8 10 2 10 2 8 10 10 10 2 10 2 2
left_child=1 8 3 5 7 13 -6 9 -1 -3 -11 -7 -5 -2
right_child=2 4 -4 12 6 11 -8 -9 -10 10 -12 -13 -14 -15
leaf_value=-0.011774051134969484 -0.009897715380422974 -0.018475945609722318 -0.023470535518551921 0.072958213676911035 0.069630416964834949 0.064207119892867842 -0.01880071782172997 -0.032665510450903427 0.05663875397683122 0.056931667626408229 -0.0025628460839971666 -0.0052684697224855987 0.014352092370338949 0.028660962730081896
leaf_weight=7.1613395735621443 39.281859170645475 227.09758018702269 18.193942442536354 69.157543607056141 8.5205136463046038 15.114637292921545 5.0149617716670045 127.97580414637923 27.6547706797719 4.6583068147301665 72.029539030045271 5.9938427098095408 9.3986877277493459 7.6644654534757128
leaf_count=87 428 3807 297 368 63 113 81 2601 173 58 1147 57 59 42
internal_value=0.000632294 -0.0119972 0.0366947 0.0446888 -0.0167142 0.0158548 0.0406329 -0.0189566 0.0428554 -0.012746 0.00431458 0.0472483 0.0672248 -0.00144983
internal_weight=644.918 480.113 164.805 146.611 445.297 68.0548 13.5355 431.761 34.8161 303.785 76.6878 21.1085 78.5562 46.9463
internal_count=9381 8017 1364 1067 7757 640 144 7613 260 5012 1205 170 427 470
is_linear=0
shrinkage=0.035


Tree=17
num_leaves=15
num_cat=0
split_feature=117 81 81 11 117 68 11 10 117 55 54 10 0 107
split_gain=253.563 99.482 67.4968 55.6928 37.3025 65.1761 36.7296 35.8392 19.1272 21.4353 22.4399 16.0614 12.893 10.2638
threshold=0.83409785932721725 385.70564618521638 332.60676822318106 2.5000000000000004 0.12916666666666668 3.5000000000000004 3.5000000000000004 2.5000000000000004 0.65419580419580436 0.78281378178835126 0.20416666666666669 3.5000000000000004 1.2407002314814817 2011.0449298377325
decision_type=2 8 10 2 2 10 2 2 2 10 10 2 2 8
left_child=1 6 3 -2 5 12 -1 -5 -6 -10 -11 -9 -3 -7
right_child=2 4 -4 7 8 13 -8 11 9 10 -12 -13 -14 -15
leaf_value=-0.0065546135593326149 -0.015303667181739438 0.022589536273861066 -0.023743501029509922 0.062341017406074818 -0.025609858111015255 0.087562607018220023 0.057642551944124057 0.028310801172676068 -0.018351094699715263 0.043251257958297401 -0.0070704717819890057 -0.022083419486498342 -0.018850915686282294 0.010739651898913846
leaf_weight=15.02697817981243 14.201864719390867 7.0861082337796679 16.120638277381659 101.55430163443089 273.23419608548284 6.7295815721154186 27.509986959397793 20.505961447954181 78.945745408535004 12.27476968243718 26.176123384386301 6.853414472192525 39.823001254349947 4.5278632752597341
leaf_count=189 211 95 260 526 5190 53 151 134 1284 168 413 95 663 63
internal_value=0.000714707 -0.0117646 0.0384063 0.045972 -0.0167076 0.0088253 0.0366597 0.0530419 -0.020573 -0.00828267 0.0121223 0.0142256 -0.011018 0.0694696
internal_weight=650.571 491.334 159.236 143.116 448.797 58.1666 42.537 128.914 390.631 117.397 38.4509 27.3594 46.9091 11.2574
internal_count=9495 8269 1226 966 7929 874 340 755 7055 1865 581 229 758 116
is_linear=0
shrinkage=0.035


Tree=18
num_leaves=15
num_cat=0
split_feature=117 81 11 81 108 3 65 55 82 117 55 54 86 56
split_gain=226.597 94.5997 65.0912 50.7729 49.427 44.2006 30.4394 22.9372 21.7812 21.6039 21.8934 16.6446 11.3617 11.0576
threshold=0.83827375762859646 385.70564618521638 2.5000000000000004 434.32254476783305 90.500000000000014 4.5000000000000009 1.2071428571428573 0.51492869875222824 1.0000000180025095e-35 0.65733855185909984 0.82247899159663873 0.20416666666666669 302.38191439862624 0.36474501108647456
decision_type=2 8 2 10 10 2 10 10 10 2 10 8 10 8
left_child=1 6 -2 7 8 -6 -1 -4 9 13 -11 -12 -8 -3
right_child=2 4 3 -5 5 -7 12 -9 -10 10 11 -13 -14 -15
leaf_value=-0.01523174720754852 -0.02085258178257212 -0.0079790095912322945 0.0062128222968582461 -0.02122839977463294 -0.014018811327195601 0.058781049029619906 0.060102711529384789 0.05526111244760859 -0.032408825896500015 -0.010876789706636495 0.053468434190687371 0.0011848407676392117 0.0086082434370812737 -0.026121535975822317
leaf_weight=8.9483979158103448 18.629511810839176 67.084695134311914 14.445329934358595 10.671614725142716 17.837228685617447 14.919853094965218 24.812092285603285 115.01083224639297 116.85806811228395 61.396555386483669 8.7607957795262354 16.796866361051798 8.6464878879487497 132.62459945678711
leaf_count=115 294 1188 148 168 289 102 149 612 2531 896 99 240 74 2465
internal_value=0.000614667 -0.0114381 0.0361958 0.0442373 -0.0163825 0.0225324 0.0357922 0.0502226 -0.0197786 -0.0141626 0.000428612 0.0249232 0.0496446 -0.020371
internal_weight=637.443 478.686 158.757 140.128 436.279 32.7571 42.407 129.456 403.522 286.664 86.9542 25.5577 33.4586 199.709
internal_count=9370 8148 1222 928 7810 391 338 760 7419 4888 1235 339 223 3653
is_linear=0
shrinkage=0.035


Tree=19
num_leaves=15
num_cat=0
split_feature=117 81 96 108 97 9 10 21 82 110 55 54 56 98
split_gain=214.405 87.1258 58.9442 51.8382 39.6776 36.9669 48.5392 29.9816 24.1384 17.6945 16.8202 20.9032 15.3727 14.1745
threshold=0.81892697466467979 375.84735085770393 3.3229166666666674 94.500000000000014 1.9536549858406314 3.5000000000000004 3.5000000000000004 2.5000000000000004 1.0000000180025095e-35 37.250000000000007 0.79008567931456553 0.20416666666666669 0.62593283582089565 0.89039039039039047
decision_type=2 8 2 10 2 2 2 2 10 8 10 8 10 2
left_child=1 7 5 8 -5 -2 12 -1 9 10 -3 -12 13 -7
right_child=2 3 -4 4 -6 6 -8 -9 -10 -11 11 -13 -14 -15
leaf_value=-0.0086765388983339655 -0.016678791880816436 -0.010341558183903084 0.066706934448513347 -0.012907864057003733 0.05750538671944723 0.0074614766167988757 -0.027165400484313602 0.054182301220501231 -0.032891046163470924 -0.018320450535689561 0.056253261681829675 -0.004062710253162188 0.0015355724157522109 0.049305379725317545
leaf_weight=11.44120768457651 23.6354945525527 42.494870007038116 44.179640483111143 16.115308701992038 15.249260749667881 13.812099032104014 12.882440458983181 26.451901316642761 115.03904407843947 214.51459997147322 8.0218677818775195 13.973834045231341 13.01092381775379 66.666707329452038
leaf_count=137 363 634 190 239 125 84 205 155 2553 3933 90 200 114 420
internal_value=0.00103758 -0.0114289 0.0335895 -0.016063 0.0245263 0.0202817 0.0288743 0.0364041 -0.0195606 -0.0135819 0.00236387 0.0242793 0.0375834 0.0429805
internal_weight=637.489 463.302 174.187 425.409 31.3646 130.008 106.372 37.8931 394.044 279.005 64.4906 21.9957 93.4897 80.4788
internal_count=9442 8066 1376 7774 364 1186 823 292 7410 4857 924 290 618 504
is_linear=0
shrinkage=0.035


Tree=20
num_leaves=15
num_cat=0
split_feature=96 81 87 0 11 56 45 27 100 96 86 110 118 108
split_gain=187.255 97.8488 63.1765 53.5381 34.5785 33.34 32.0278 26.5761 17.1533 11.4697 10.8504 10.5603 10.2771 10.0655
threshold=2.7182539682539688 385.70564618521638 1.0000000180025095e-35 4.0473495370370385 2.5000000000000004 0.20611577964519143 0.10582306830907055 1.5000000000000002 0.26491228070175443 3.3229166666666674 285.11411873021456 33.750000000000007 0.83034857691077724 90.500000000000014
decision_type=2 8 10 2 2 8 2 2 2 2 10 8 2 10
left_child=1 4 3 6 -1 -5 7 8 -3 -2 -6 -7 -9 -13
right_child=9 2 -4 5 10 11 -8 12 -10 -11 -12 13 -14 -15
leaf_value=-0.014321418541568546 0.026561750464823543 -0.0042762560572546628 -0.03259814237961333 0.022131779841825721 0.057142342526541573 -0.0038029333736175007 -0.007010304803331288 0.081769060746774536 0.04218912291131735 0.063194532069989012 0.012225099343249642 -0.023238159047131252 0.023579800377416284 0.0052131568276343014
leaf_weight=11.670442461967466 28.364804945886135 27.619689330458641 130.22323681041598 26.087311182171106 32.893239121884108 61.940672598779202 39.78207515925169 9.4643287807703036 9.3985173106193525 42.994460690766573 11.917396478354929 167.23854568973184 12.934173446148632 14.905475739389656
leaf_count=163 169 383 2876 321 172 781 596 86 102 185 94 3172 134 196
internal_value=-9.65579e-05 -0.00709403 -0.012116 -0.00455601 0.0346998 -0.0125932 0.0168875 0.0321902 0.0111373 0.051326 0.0476229 -0.0166743 0.0586024 -0.0208328
internal_weight=627.434 556.075 499.594 369.371 56.4811 270.172 99.1988 59.4167 37.0182 71.3593 44.8106 244.085 22.3985 182.144
internal_count=9430 9076 8647 5771 429 4470 1301 705 485 354 266 4149 220 3368
is_linear=0
shrinkage=0.035


Tree=21
num_leaves=15
num_cat=0
split_feature=116 81 88 0 11 65 110 101 110 55 108 3 50 42
split_gain=186.367 103.233 53.8802 47.261 40.0508 34.8526 22.0117 16.7249 14.9971 17.0221 15.6654 19.2276 12.5432 13.9671
threshold=0.77871939736346529 385.70564618521638 1079.5000000000002 4.7096238425925927 3.5000000000000004 1.2071428571428573 310.25000000000006 0.37321428571428578 37.250000000000007 0.64248120300751899 90.500000000000014 4.5000000000000009 0.030457637600494747 1.0000000180025095e-35
decision_type=2 8 8 2 2 10 10 2 8 10 10 2 2 10
left_child=1 5 -3 6 -2 -1 7 12 9 -5 -10 -12 13 -4
right_child=4 2 3 8 -6 -7 -8 -9 10 -11 11 -13 -14 -15
leaf_value=-0.016793921704350609 -0.011397505068396077 -0.031622001920161666 -0.012352741316127167 -0.015777934456182682 0.055636836889262492 0.048151474671119576 0.05490086747459462 -0.012591169769409856 -0.021767440786527405 0.01419997197757499 -0.017609290421271115 0.043368065431646917 -0.00035688787363381716 0.040771094477729392
leaf_weight=9.9666354730725271 10.876495186239479 126.60538842529058 5.0838968865573433 40.580148510634899 74.953521527349949 45.519617512822151 9.8322824090719205 28.34811756759882 162.62850622087717 42.269125010818243 9.6856240332126635 6.5906854644417754 25.478137914091349 26.173166897147894
leaf_count=132 152 2884 80 557 343 277 93 441 3138 477 156 45 357 300
internal_value=0.000578539 -0.00717809 -0.012461 -0.00531641 0.0469824 0.0360618 0.0153123 0.0079441 -0.0129435 -0.000545711 -0.0185138 0.0114711 0.0183934 0.0316187
internal_weight=624.591 538.761 483.275 356.67 85.83 55.4863 94.9156 85.0833 261.754 82.8493 178.905 16.2763 56.7352 31.2571
internal_count=9432 8937 8528 5644 495 409 1271 1178 4373 1034 3339 201 737 380
is_linear=0
shrinkage=0.035


Tree=22
num_leaves=15
num_cat=0
split_feature=116 81 87 108 11 56 54 97 55 117 83 45 50 70
split_gain=181.791 105.036 46.4885 39.3826 39.0212 38.6774 33.0308 27.9178 22.3322 22.2138 18.169 16.5466 13.0923 11.5668
threshold=0.77871939736346529 385.70564618521638 1.5000000000000002 94.500000000000014 2.5000000000000004 0.23466833541927412 0.26969696969696971 1.9536549858406314 0.78281378178835126 0.65733855185909984 1082.0000000000002 0.067231638418079109 0.028991596638655467 13.864468864468867
decision_type=2 8 10 10 2 8 8 2 10 2 10 2 2 8
left_child=1 6 3 5 -2 8 -1 -5 -3 -7 -8 12 -11 -13
right_child=4 2 -4 7 -6 9 10 -9 -10 11 -12 13 -14 -15
leaf_value=0.057753955084015408 -0.018288230160414649 -0.00052679371296867185 -0.032054945912917653 -0.0071460198459849097 0.052395620580606858 -0.022942537787981249 0.029241283341820253 0.058788869623985524 0.045954484259326113 0.029283732524300169 -0.020252093468823288 -0.023682428175089157 -0.0067249927587516266 0.0039213794608112425
leaf_weight=29.767100747674704 8.3102635815739614 32.548281017690897 117.87399688363075 12.091796178370716 79.349368218332529 172.27547582983971 13.04971342533827 13.308667361736296 15.609246801584957 22.390065178275108 13.466794371604918 42.006095498800278 19.754209119826555 28.70336739346385
leaf_count=148 134 469 2772 171 371 3390 111 94 167 261 156 573 242 391
internal_value=-0.00021093 -0.00800985 -0.013435 -0.00695949 0.0450694 -0.0103028 0.0352744 0.0313879 0.0174445 -0.0152091 0.00488016 -0.00293112 0.0134823 -0.0129582
internal_weight=620.504 532.845 476.561 358.687 87.6596 333.287 56.2836 25.4005 48.1575 285.129 26.5165 112.854 42.1443 70.7095
internal_count=9450 8945 8530 5758 505 5493 415 265 636 4857 267 1467 503 964
is_linear=0
shrinkage=0.035


Tree=23
num_leaves=15
num_cat=0
split_feature=96 81 88 110 106 10 11 81 87 68 45 54 50 104
split_gain=166.193 68.2203 55.7214 52.2134 74.7942 49.9088 36.3268 23.5084 21.9803 18.8307 16.1891 17.38 16.2408 10.0777
threshold=1.8722826086956526 347.40538503541865 1079.5000000000002 260.25000000000006 1581.2900000000002 3.5000000000000004 5.5000000000000009 262.32276477727902 1.0000000180025095e-35 2.5000000000000004 0.091326105087572995 0.28991596638655465 0.0093948482709950622 0.043961352657004842
decision_type=2 10 10 10 10 2 2 8 10 10 2 8 2 2
left_child=2 5 3 7 9 6 -2 -1 10 -5 11 12 -9 -14
right_child=1 -3 -4 4 -6 -7 -8 8 -10 -11 -12 -13 13 -15
leaf_value=0.021135367271827375 0.0088445425183674223 -0.028181616580718036 0.063706226773905542 0.013181698075402624 -0.018527421248895105 -0.023210220391415265 0.051323230342396886 0.029397888402576202 -0.031854471327485132 0.084018007173078821 -0.020585193816103877 -0.017630500289182671 0.015916596245222348 -0.01465439723378043
leaf_weight=15.168035559356211 34.140391182154417 19.078353673219681 7.1826279275119296 9.1766638271510619 26.105841044336557 12.67062348872423 113.44660018756986 22.561564613133669 106.02409135177732 12.537357423454521 143.1754749417305 52.464294627308846 15.751514185220001 31.943224083632231
leaf_count=109 336 364 39 126 456 190 564 344 2465 89 2631 961 249 550
internal_value=0.000993132 0.02895 -0.0105446 -0.0124811 0.0205229 0.0363983 0.0421087 -0.016768 -0.0185737 0.0621519 -0.0127879 -0.00324113 0.00796165 -0.00400585
internal_weight=621.427 179.336 442.091 434.908 47.8199 160.258 147.587 387.088 371.92 21.714 265.896 122.721 70.2563 47.6947
internal_count=9473 1454 8019 7980 671 1090 900 7309 7200 215 4735 2104 1143 799
is_linear=0
shrinkage=0.035


Tree=24
num_leaves=15
num_cat=0
split_feature=110 81 88 0 110 56 56 113 97 117 81 55 130 81
split_gain=160.156 55.2931 54.5539 44.4384 39.1398 29.8831 23.0165 19.1931 16.5853 16.1944 14.677 14.4915 10.1491 9.82378
threshold=25.750000000000004 357.33930270589445 1079.5000000000002 4.7096238425925927 182.75000000000003 0.62988330796549985 0.20864427860696519 0.11922530206112296 2.270497725701317 0.60903532608695665 273.96594751508638 0.43875000000000003 4.5000000000000009 382.26517185857193
decision_type=8 10 10 2 10 8 8 2 2 2 8 10 2 10
left_child=1 5 3 4 9 7 -5 11 -6 -2 12 -1 -8 -11
right_child=2 -3 -4 6 8 -7 10 -9 -10 13 -12 -13 -14 -15
leaf_value=-0.0024167833556676785 -0.0161341337245836 -0.024263051345546773 0.06160601225852342 0.009232780495147851 0.0062194794352672458 0.0005658317700628474 -0.015948890053774208 -0.00066344079949199285 0.070604787688199222 0.018938252526142233 -0.02338906403927481 0.050310122220316882 0.033704000001966203 -0.018192997697032719
leaf_weight=6.3025888986885539 50.949475064873695 17.389198925346136 7.658688820898532 29.678717941045761 9.0647694841027278 24.064701806753874 5.1840524785220605 11.017592482268808 9.3068741150200349 35.730733063071966 283.404780279845 105.54950162395835 6.0648350417613983 6.8450288400053969
leaf_count=78 967 343 42 436 127 248 74 113 66 420 5754 570 32 167
internal_value=0.000510161 0.0295117 -0.0104351 -0.0123837 0.00642263 0.0364648 -0.018871 0.0431988 0.0469633 -0.00352015 -0.0218086 0.0473628 0.012955 0.0116839
internal_weight=608.212 164.324 443.888 436.229 111.897 146.934 324.332 122.87 18.3716 93.5252 294.654 111.852 11.2489 42.5758
internal_count=9437 1352 8085 8043 1747 1009 6296 761 193 1554 5860 648 106 587
is_linear=0
shrinkage=0.035


Tree=25
num_leaves=15
num_cat=0
split_feature=117 81 27 108 87 32 110 20 83 65 117 100 86 65
split_gain=151.409 62.165 55.4094 50.7472 44.9115 36.0401 32.56 23.4917 18.3423 19.7111 32.493 17.9246 14.8874 11.717
threshold=0.73401360544217698 420.30579107873831 13.500000000000002 165.50000000000003 1.0000000180025095e-35 7.5000000000000009 1234.0000000000002 1.5000000000000002 1321.5000000000002 2.2426470588235299 0.17028985507246377 0.17752100840336138 301.81566429665872 2.7029411764705888
decision_type=2 10 2 10 8 2 10 2 10 10 2 2 8 10
left_child=3 2 5 4 -1 12 -5 -7 9 -6 -11 13 -2 -4
right_child=1 -3 11 6 8 7 -8 -9 -10 10 -12 -13 -14 -15
leaf_value=0.044990836364762275 0.032166203609905721 -0.026140622112515725 0.0095070467539721745 0.056632605245475753 -0.021732623156572605 0.048717014134344754 -0.021363282031876072 -0.008518351920511924 -0.032380868114671196 0.046440762117194119 -0.0090777726196062791 0.0018000396340861744 -0.0091846420841935027 0.058182088908450245
leaf_weight=9.2631936781108362 7.5745034329593173 24.916360650211573 8.9459374621510488 15.154541045427324 146.65936956182122 32.023199543356895 6.5323781818151465 9.769169691950081 91.845096673816442 9.9276680015027505 90.95742915943265 9.4276342801749689 66.49128358066082 71.431791801005602
leaf_count=77 64 535 56 122 2857 214 111 100 2288 121 1664 82 769 337
internal_value=0.000290836 0.022282 0.0286296 -0.0135157 -0.0168753 0.0117965 0.0335383 0.0358574 -0.0191925 -0.0137551 -0.00167944 0.0485786 -0.00318909 0.0536386
internal_weight=600.92 230.58 205.664 370.34 348.653 115.858 21.6869 41.7924 339.39 247.544 100.885 89.8054 74.0658 80.3777
internal_count=9397 2157 1622 7240 7007 1147 233 314 6930 4642 1785 475 833 393
is_linear=0
shrinkage=0.035


Tree=26
num_leaves=15
num_cat=0
split_feature=117 81 82 110 97 27 32 23 100 66 87 83 69 117
split_gain=137.035 53.9035 43.4853 44.5526 66.9047 43.0796 38.2365 20.6216 19.539 19.4556 14.1481 14.2738 16.0297 10.8221
threshold=0.73401360544217698 420.30579107873831 1.0000000180025095e-35 270.75000000000006 1.9536549858406314 4.5000000000000009 4.5000000000000009 2.5000000000000004 0.17752100840336138 1.5278249227036318 1.0000000180025095e-35 1341.5000000000002 3.2500000000000004 0.65419580419580436
decision_type=2 10 8 10 2 2 2 2 2 8 8 10 10 2
left_child=2 5 -1 10 -5 6 -2 -8 9 -7 -4 12 13 -12
right_child=1 -3 3 4 -6 8 7 -9 -10 -11 11 -13 -14 -15
leaf_value=0.051816628333280962 -0.0099765733252243048 -0.024468239138274971 0.02310897971563524 -0.017736509052022779 0.061260181254233263 0.0028540657831378742 0.045630218161789804 -0.0015045632066442258 0.0034499063839777853 0.053622490387947239 -0.021297727689029128 -0.032575139062559016 0.012945500967091376 1.2796913464917289e-07
leaf_weight=7.7747383192181578 52.89696316421032 23.766078982502222 5.5904120728373519 26.801421750336885 17.987167965620756 10.997366722673176 32.206751190125942 15.926175091415642 14.628221470862625 81.942143753170967 175.04531002789736 81.481608834117651 19.364297680556774 34.890161253511906
leaf_count=48 623 520 56 491 148 85 233 150 125 412 3503 2114 347 566
internal_value=0.000947985 0.0217397 -0.0122627 -0.0143309 0.0169547 0.0274539 0.0102674 0.0313604 0.0424227 0.0480675 -0.0189549 -0.0200654 -0.0150198 -0.0178405
internal_weight=601.299 232.364 368.935 361.16 44.7886 208.598 101.03 48.1329 107.568 92.9395 316.372 310.781 229.3 209.935
internal_count=9421 2148 7273 7225 639 1628 1006 383 622 497 6586 6530 4416 4069
is_linear=0
shrinkage=0.035


Tree=27
num_leaves=15
num_cat=0
split_feature=116 81 88 0 3 130 45 50 42 54 55 116 96 69
split_gain=120.337 79.4565 49.8699 39.3761 23.6505 21.471 19.7024 15.605 15.7474 13.2681 19.9048 13.8663 13.6275 12.0866
threshold=0.76230831315577086 347.40538503541865 1079.5000000000002 4.7096238425925927 8.5000000000000018 4.5000000000000009 0.10582306830907055 0.030457637600494747 1.0000000180025095e-35 0.20416666666666669 0.83527131782945752 0.27681992337164757 1.0513157894736844 3.7500000000000004
decision_type=2 8 8 2 2 2 2 2 10 8 10 2 2 10
left_child=1 5 -3 6 -2 -1 7 8 -4 10 12 -12 -5 -14
right_child=4 2 3 9 -6 -7 -8 -9 -10 -11 11 -13 13 -15
leaf_value=-0.011876690184070431 -0.0080124420887135572 -0.030816066748608349 -0.0067062518805678607 0.034037935601855591 0.042578873725507359 0.042338418116875921 -0.0046790831477543744 0.0031423952455834187 0.050286129636949839 -0.01881929606375244 -0.011774419041331686 0.037915771811373802 -0.01774052408175603 0.022439786634613074
leaf_weight=8.6955865211784822 11.391852378845213 112.20964177697897 5.9486253336071959 3.2156107388436785 80.580909065902233 42.765841018408537 38.048473563045263 22.657059226185083 27.303818084299564 133.72728025540709 7.3142562955617931 16.309096824377775 78.128445256501436 6.0160457156598559
leaf_count=115 161 2928 87 41 369 212 606 318 269 2509 141 182 1389 85
internal_value=0.000502458 -0.00633002 -0.0111239 -0.00424596 0.0362225 0.032937 0.0145162 0.026891 0.0405467 -0.0115962 -0.00245677 0.0231614 -0.0102631 -0.0137703
internal_weight=594.313 502.34 450.878 338.669 91.9728 51.4614 93.958 55.9095 33.2524 244.711 110.983 23.6234 87.3601 84.1445
internal_count=9412 8882 8555 5627 530 327 1280 674 356 4347 1838 323 1515 1474
is_linear=0
shrinkage=0.035


Tree=28
num_leaves=15
num_cat=0
split_feature=96 65 108 81 3 55 54 87 68 114 110 0 0 116
split_gain=124.423 44.1194 41.428 42.8624 35.3296 34.855 17.6917 17.152 15.1989 13.0882 12.1708 9.90478 9.33071 9.24863
threshold=1.8355855855855858 4.3431372549019613 90.500000000000014 385.70564618521638 4.5000000000000009 0.72821969696969713 0.52272727272727282 1.0000000180025095e-35 1.5000000000000002 0.10063291139240509 37.250000000000007 4.7096238425925927 13.060613425925927 0.48181216931216936
decision_type=2 10 10 8 2 10 8 10 10 2 8 2 2 2
left_child=2 5 3 8 12 9 -7 10 -1 -2 13 -12 -4 -5
right_child=1 -3 4 7 -6 6 -8 -9 -10 -11 11 -13 -14 -15
leaf_value=-0.018956177345221408 0.010740627311968891 0.049670148129792605 0.021433603969056487 0.016850416599930244 0.051777631932836014 0.034923868482616451 -0.015761324707932536 -0.03081126283673474 0.029690265444628494 -0.020055908670907639 -0.0024130082685044963 -0.020727845494754399 -0.022444132393628823 -0.010185771989131336
leaf_weight=6.3549535609781733 25.756465755403042 54.523536756634712 4.0174326747655895 23.667311891913414 18.727222763001919 59.051374539732933 6.7938163429498664 84.836963504552841 31.078374478965998 33.710699897259474 49.314064603298903 147.37479264289141 14.528682220727204 28.915232297033072
leaf_count=88 274 277 55 332 117 405 115 2407 196 446 863 3157 258 412
internal_value=0.000810471 0.0246789 -0.00986046 -0.0134485 0.0232655 0.0123166 0.028951 -0.0174571 0.0201712 -0.00691879 -0.0123956 -0.0163096 -0.0104063 0.00238967
internal_weight=588.651 179.836 408.815 371.542 37.2733 125.312 65.8452 334.108 37.4333 59.4672 249.271 196.689 18.5461 52.5825
internal_count=9402 1517 7885 7455 430 1240 520 7171 284 720 4764 4020 313 744
is_linear=0
shrinkage=0.035


Tree=29
num_leaves=15
num_cat=0
split_feature=116 81 82 108 11 97 117 80 10 55 95 56 94 118
split_gain=113.66 57.0912 43.2678 31.8159 26.8376 25.0964 22.844 22.5817 21.8596 17.156 17.8311 11.8109 9.96796 9.9664
threshold=0.67717121588089346 385.70564618521638 1.0000000180025095e-35 94.500000000000014 3.5000000000000004 1.9536549858406314 0.65419580419580436 1147.0454545454547 2.5000000000000004 0.81698564593301448 2206.0000000000005 0.36474501108647456 29966.750000000004 0.60263157894736852
decision_type=2 8 10 10 2 2 2 10 2 10 2 8 2 2
left_child=1 7 3 6 -2 -5 11 -1 -6 -8 -11 13 -12 -3
right_child=4 2 -4 5 8 -7 9 -9 -10 10 12 -13 -14 -15
leaf_value=0.035083136719875757 -0.010982639983748882 0.028110443125856199 -0.030608342392955536 -0.0090364549267115696 0.044763355711132005 0.053720256248569263 -0.0060242684547052068 -0.019838520270027037 0.0051629990431710671 -0.00823006546137868 -0.0018029691772829398 -0.022237348934848088 0.045845526402990402 -0.0083711199051583196
leaf_weight=45.439420770853758 14.252771720290182 5.863610763102769 98.988310970366001 10.927181489765646 83.049500517547131 14.506338916718958 74.574258103966713 7.7934624515473834 22.940463695675135 14.96525578573346 6.3769256323576 113.24037384241819 20.096135444939137 55.293344017118216
leaf_count=289 200 108 2792 166 381 92 1057 97 191 203 65 2483 204 1118
internal_value=0.00129557 -0.00656471 -0.0110075 -0.00448316 0.0309335 0.0297028 -0.00792916 0.0260294 0.036811 0.00401893 0.0207957 -0.0157678 0.0359048 -0.00301317
internal_weight=588.307 468.065 414.832 315.843 120.243 25.4335 290.41 53.2329 105.99 116.013 41.4383 174.397 26.4731 61.157
internal_count=9446 8674 8288 5496 772 258 5238 386 572 1529 472 3709 269 1226
is_linear=0
shrinkage=0.035


Tree=30
num_leaves=15
num_cat=0
split_feature=96 83 88 27 117 130 32 117 23 14 100 59 56 25
split_gain=104.557 65.1666 53.4568 38.7404 40.9185 29.3773 25.5753 37.4157 27.4567 19.8648 21.7936 14.1832 7.81088 7.63036
threshold=2.8944444444444448 1341.5000000000002 1079.5000000000002 1.5000000000000002 0.17028985507246377 4.5000000000000009 4.5000000000000009 0.69113355780022456 2.5000000000000004 4.5000000000000009 0.13188405797101452 0.64248120300751899 0.29459980713596917 1.5000000000000002
decision_type=2 8 8 2 2 2 2 2 2 2 2 2 8 2
left_child=1 5 -3 6 -5 -1 12 -8 11 13 -11 -9 -4 -6
right_child=-2 2 3 4 9 -7 7 8 -10 10 -12 -13 -14 -15
leaf_value=-0.011117129642969207 0.043382343657279741 -0.029199344903840036 -0.0026161721338945473 0.058093211608423893 -0.013462417539743352 0.043559688051188164 -0.013985173250200036 0.0063309760699899473 -0.0083416708031359768 0.041461488292477776 -0.011998815404819863 0.062467395316250063 -0.021660611710011605 0.014067510435684449
leaf_weight=13.790982738137243 60.021057058125734 106.70151509717107 35.318445079028606 17.241285920143127 47.364945262670517 42.458530072122812 51.651365641504526 8.9745087437331694 14.641554582864044 22.694645654410124 11.312639616429804 17.191635590046644 120.26152298599482 11.700907140970228
leaf_count=250 289 2852 563 159 810 242 1097 97 162 182 145 133 2289 179
internal_value=0.00152133 -0.00366475 -0.00805683 -0.00144636 0.015389 0.0303411 -0.00908997 0.00532124 0.0286171 0.0049199 0.0244193 0.0473182 -0.0175534 -0.00733649
internal_weight=581.326 521.304 465.055 358.353 110.314 56.2495 248.039 92.4591 40.8077 93.0731 34.0073 26.1661 155.58 59.0659
internal_count=9449 9160 8668 5816 1475 492 4341 1489 392 1316 327 230 2852 989
is_linear=0
shrinkage=0.035


Tree=31
num_leaves=15
num_cat=0
split_feature=117 81 82 9 110 97 55 69 117 55 118 29 100 54
split_gain=104.2 43.5868 30.9558 30.9379 25.3433 40.9581 21.6501 16.9856 13.8857 21.8295 13.5498 11.2964 12.2014 10.7639
threshold=0.83827375762859646 385.70564618521638 1.0000000180025095e-35 3.5000000000000004 260.25000000000006 1.769621509501855 0.50247524752475259 1.2500000000000002 0.65419580419580436 0.82247899159663873 0.81165540540540559 8.5000000000000018 0.074537037037037054 0.18898809523809526
decision_type=2 8 10 2 10 2 10 10 2 10 2 2 2 10
left_child=1 7 4 -2 8 -6 -5 -1 -3 -10 -11 -8 -13 -12
right_child=3 2 -4 6 5 -7 11 -9 9 10 13 12 -14 -15
leaf_value=-0.012098715845711072 -0.013464191908752234 -0.016885581838823899 -0.030934171574290199 -0.0053840823083280177 -0.01915043261822897 0.052675396173119553 0.042741967523459067 0.032371428059620837 -0.011676416606153362 0.058489810837123922 0.032518532841866461 0.031835404673118288 -0.0032549075592643436 -0.0097843983302642809
leaf_weight=11.332419659942387 20.945025593042374 164.92855067178607 87.790726147592068 17.626725301146507 14.469894140958788 15.927846498787401 77.079075168818235 34.627896495163441 56.631236881017685 4.8279563002288368 6.9114188663661507 23.852263711392879 19.490883097052574 15.141422387212513
leaf_count=138 342 3578 2647 206 270 142 404 202 871 59 71 124 117 212
internal_value=-6.3496e-06 -0.00929032 -0.0133594 0.0236343 -0.00737865 0.0206094 0.0295368 0.0212952 -0.0111421 0.000513755 0.0239989 0.0346592 0.0173511 0.00703328
internal_weight=571.583 412.589 366.629 158.994 278.838 30.3977 138.049 45.9603 248.441 83.512 26.8808 120.422 43.3431 22.0528
internal_count=9383 8190 7850 1193 5203 412 851 340 4791 1213 342 645 241 283
is_linear=0
shrinkage=0.035


Tree=32
num_leaves=15
num_cat=0
split_feature=116 81 27 117 83 47 117 50 95 69 116 65 99 118
split_gain=105.329 54.8821 60.8558 45.6662 31.6446 21.2335 19.9567 19.3627 18.1236 15.9497 14.0082 13.2883 10.8992 9.76665
threshold=0.83558558558558571 452.50265221412877 4.5000000000000009 0.17028985507246377 1618.5000000000002 0.057831661092530663 0.6813346228239846 0.03883861236802414 45.000000000000007 2.7500000000000004 0.3120941558441559 2.6733333333333338 0.58477011494252884 0.89591666666666681
decision_type=2 10 2 2 8 2 2 2 2 10 2 8 2 2
left_child=1 2 5 -4 -5 9 -6 10 -2 -1 -7 -12 -8 -11
right_child=8 -3 3 4 6 7 12 -9 -10 13 11 -13 -14 -15
leaf_value=-0.020115615120644623 -0.0073035372339455701 -0.029712668356855251 0.059943193372465939 0.031410292053448453 -0.020540802390164564 -0.006130948891224057 0.030393809106978385 -0.012296229938926163 0.045041584818494892 0.017713531472638683 0.053908854281134941 -0.00070865180207653055 -0.0017618210589160754 -0.012906535902251163
leaf_weight=159.99010900221765 7.7463412620127192 85.751523673534393 21.185603911057115 43.788849901407957 39.982737788930535 10.984500918537377 16.545052172616124 28.281986571848392 62.977277677506208 22.415762534365058 14.108293225988747 7.458393581211566 30.960850451141596 19.109428403899074
leaf_count=3077 125 2578 156 301 837 220 116 512 282 365 153 93 342 258
internal_value=0.000714015 -0.00505819 0.000331664 0.017589 0.00880534 -0.00983878 -0.00359506 0.00780814 0.0392046 -0.0152261 0.0245872 0.038442 0.011265 0.00374981
internal_weight=571.287 500.563 414.812 152.463 131.277 262.348 87.4886 60.8332 70.7236 201.515 32.5512 21.5667 47.5059 41.5252
internal_count=9415 9008 6430 1752 1596 4678 1295 978 407 3700 466 246 458 623
is_linear=0
shrinkage=0.035


Tree=33
num_leaves=15
num_cat=0
split_feature=116 81 27 117 129 11 47 117 117 0 47 69 99 41
split_gain=100.252 58.7557 51.3924 47.0711 28.757 23.1172 21.8951 21.4218 21.0273 13.3399 12.5425 10.9479 10.8024 9.44282
threshold=0.83558558558558571 452.50265221412877 4.5000000000000009 0.17028985507246377 12.500000000000002 3.5000000000000004 0.099019607843137278 0.69113355780022456 0.5545634920634922 87.100636574074102 0.040956108470785575 2.7500000000000004 0.68990384615384626 11.500000000000002
decision_type=2 10 2 2 2 2 2 2 2 2 2 10 2 8
left_child=1 2 6 -4 7 -2 11 -5 -8 -10 12 -1 -9 -13
right_child=5 -3 3 4 -6 -7 8 10 9 -11 -12 13 -14 -15
leaf_value=-0.017097729571292571 -0.0091329689099577897 -0.031492298885973012 0.057021596544210483 -0.017542300313833619 0.036445790516918992 0.045333002142195426 -0.0160818726425501 0.036340366585945645 0.051678118314086793 -0.0038455215644735302 -0.012099837006024208 0.010161054637635034 0.00089133904162771267 -0.020929787438510001
leaf_weight=181.49960679188371 9.4193568564951402 83.581311605870724 22.928659554570913 50.594758059829473 25.626957539469004 60.225969478487968 12.166139066219332 21.716043259948492 12.600299410521986 6.6511117108166209 14.672920122742651 36.936522951349616 17.806336069479585 11.763025222346185
leaf_count=3469 140 2581 163 968 156 263 263 148 139 97 142 563 188 155
internal_value=-4.42492e-06 -0.00561567 -9.07335e-05 0.015704 0.00660274 0.0378483 -0.00946964 -0.00202295 0.0161648 0.0356575 0.0127233 -0.0132375 0.0222629 0.00140174
internal_weight=568.189 498.544 414.962 153.346 130.417 69.6453 261.617 104.79 31.4176 19.2514 54.1953 230.199 39.5224 48.6995
internal_count=9435 9032 6451 1765 1602 403 4686 1446 499 236 478 4187 336 718
is_linear=0
shrinkage=0.035


Tree=34
num_leaves=15
num_cat=0
split_feature=117 10 11 88 83 65 117 81 45 56 115 46 107 26
split_gain=92.7905 46.6506 38.9592 38.2273 31.1371 35.7422 39.9699 21.6609 14.6178 12.3787 10.5591 9.78679 8.97945 8.82359
threshold=0.73401360544217698 3.5000000000000004 4.5000000000000009 1079.5000000000002 1341.5000000000002 2.5590277777777781 0.21498599439775914 364.27649035890977 0.15235814296241715 0.33558558558558566 0.077350427350427367 0.12276295133437992 2316.1544089155918 27.500000000000004
decision_type=2 2 2 10 10 10 2 10 2 8 2 2 10 2
left_child=3 2 -2 4 5 9 -7 8 13 10 -1 -12 -8 -4
right_child=1 -3 7 -5 -6 6 12 -9 -10 -11 11 -13 -14 -15
leaf_value=0.013967048029222917 -0.0030744248590247971 -0.026511348481848176 0.042899919497274182 0.053364215796421616 -0.031630100797828464 0.055847567562544297 -0.0079924058312862509 -0.014274209789425681 0.0031982388123901594 -0.021095182265091831 -0.023471428525663713 0.021061432415457892 0.018821560112815189 0.013492081348169337
leaf_weight=25.564230937510729 50.709993505850434 21.570694018155336 109.28592628240585 6.3022316470742217 74.533365044742823 14.85817604139447 50.659551188349724 9.1179743651300651 16.730654072016478 121.79196286574006 22.575061064213518 3.5624870359897605 16.10371720418334 20.631055239588022
leaf_count=431 722 402 585 33 2318 147 928 200 128 2625 447 70 311 127
internal_value=0.00118651 0.0181979 0.0233851 -0.0104585 -0.0124577 -0.00635608 0.0122531 0.0318268 0.0350693 -0.0152089 -0.00070537 -0.0149944 -0.000663973 0.038903
internal_weight=563.997 228.046 206.476 335.951 329.649 255.115 81.6214 155.766 146.648 173.494 51.7018 26.1375 66.7633 129.917
internal_count=9474 2164 1762 7310 7277 4959 1386 1040 840 3573 948 517 1239 712
is_linear=0
shrinkage=0.035


Tree=35
num_leaves=15
num_cat=0
split_feature=117 81 96 118 97 46 81 88 99 45 54 21 145 9
split_gain=79.1375 42.4944 29.6831 25.9326 42.8186 23.33 16.1708 15.5398 15.4503 14.4897 25.8164 13.7662 12.5829 10.3103
threshold=0.80131578947368431 385.70564618521638 3.3229166666666674 0.48333333333333339 1.7983802258258772 0.061381475667189961 382.26517185857193 1077.5000000000002 0.46770833333333339 0.07419919919919922 0.25543478260869573 2.5000000000000004 0.20378730556652461 5.5000000000000009
decision_type=2 8 2 2 2 2 8 8 2 2 8 2 10 2
left_child=1 11 5 4 -3 6 -2 -5 -8 10 12 -1 -9 -7
right_child=2 3 -4 7 -6 13 8 9 -10 -11 -12 -13 -14 -15
leaf_value=-0.0063635029240125948 0.026642702663476066 -0.017534414384154082 0.043637432572730013 -0.03002140234893028 0.055506477170467083 -0.0016870391677574123 0.0189336297034218 0.039715920213237124 -0.016463553403810026 -0.017598963978271414 -0.017683476498463132 0.033737428793442187 0.0024328117241024954 0.035465347450952048
leaf_weight=12.909089710563419 16.031131818890572 18.324294729158286 41.800190504640341 70.334232464432716 12.622361011803148 10.873291205614803 15.529063086956738 15.324418410658835 55.789975732564926 147.2804523780942 42.390847750008106 30.44100047275424 25.957846635952592 40.99302370660007
leaf_count=157 102 421 191 2383 82 117 136 262 628 3089 873 163 486 291
internal_value=0.000620695 -0.0085296 0.0193252 -0.0128337 0.0158339 0.0107656 -0.000560943 -0.0159887 -0.00802066 -0.0111696 0.000501648 0.0223727 0.0190682 0.0282132
internal_weight=556.601 375.585 181.017 332.234 30.9467 139.216 87.3502 301.288 71.319 230.954 83.6731 43.3501 41.2823 51.8663
internal_count=9381 7916 1465 7596 503 1274 866 7093 764 4710 1621 320 748 408
is_linear=0
shrinkage=0.035


Tree=36
num_leaves=15
num_cat=0
split_feature=96 81 87 27 117 32 100 99 54 100 23 83 119 101
split_gain=81.4513 59.9715 46.3679 40.2649 34.358 19.67 31.4345 19.2981 14.6323 13.763 10.4782 10.2902 9.40085 9.10681
threshold=3.2583333333333337 332.60676822318106 1.5000000000000002 1.5000000000000002 0.17028985507246377 8.5000000000000018 0.39696969696969703 0.68496240601503777 0.40833333333333338 0.09232954545454547 1.5000000000000002 1862.5000000000002 1.9438494951492116 0.42582417582417587
decision_type=2 8 10 2 2 2 2 2 8 2 2 8 8 2
left_child=1 8 3 5 -5 -3 10 9 -1 12 -7 -9 -6 -8
right_child=-2 2 -4 4 7 6 13 11 -10 -11 -12 -13 -14 -15
leaf_value=0.037059292887890977 0.044108921191253966 -0.01593389238991072 -0.028591725568618307 0.054040212946767779 -0.0051287635778541488 0.0095506158295495715 0.053452701565616476 0.030355005362037512 -0.0054913617501252242 -0.0037707673737120851 -0.018627058397495413 -0.013466788060252392 0.042830888257887112 0.00080994658012859607
leaf_weight=46.25712063908577 44.00320191308856 169.88037315011024 94.602863918989897 17.797175247222185 4.9051501546055105 22.825343161821365 11.795473955571653 2.7223244402557603 10.805405698716639 16.018486991524696 35.636566925793886 48.060971722006798 22.589576376602054 5.49943659082055
leaf_count=211 202 3214 2934 160 78 358 91 47 136 205 612 833 206 92
internal_value=0.00100003 -0.0031164 -0.00746899 -0.00156591 0.0154017 -0.00946168 0.00513984 0.00575528 0.0292086 0.0216772 -0.00773993 -0.00860741 0.0348021 0.0406491
internal_weight=553.399 509.396 452.334 357.731 112.094 245.637 75.7568 94.2965 57.0625 43.5132 58.4619 50.7833 27.4947 17.2949
internal_count=9379 9177 8830 5896 1529 4367 1153 1369 347 489 970 880 284 183
is_linear=0
shrinkage=0.035


Tree=37
num_leaves=15
num_cat=0
split_feature=81 27 0 10 50 42 11 110 32 15 119 109 65 119
split_gain=79.067 82.8279 37.7814 25.6195 24.0676 21.4598 17.2377 15.7488 13.1604 11.0414 8.52928 16.1129 8.3424 8.20185
threshold=431.52197836116596 9.5000000000000018 2.4328125000000003 3.5000000000000004 0.030457637600494747 1.5000000000000002 6.5000000000000009 37.250000000000007 7.5000000000000009 1.5000000000000002 0.77303240518350214 255.50000000000003 3.3257575757575766 2.5651493757991219
decision_type=10 2 2 2 2 10 2 8 2 2 8 10 10 10
left_child=1 2 4 6 5 -1 12 8 -4 -8 11 -9 -3 -10
right_child=-2 3 7 -5 -6 -7 9 10 13 -11 -12 -13 -14 -15
leaf_value=-8.4120831750117769e-05 -0.029548058794232387 -0.0018030319380648878 -0.0085731110010650747 -0.018820034802463866 -0.0070813577409838792 0.044930114551513141 -0.0012834583335845861 -0.017212621364316193 0.037426957036003489 0.041908332094842883 -0.019983616655860733 0.036339094394682692 0.028782274038343957 0.0028356352251038266
leaf_weight=19.514968600124121 79.36262258887291 26.681920962408185 52.66114516928792 10.204604698345063 31.971438460052013 33.594666812568903 7.4904073551297179 13.010802870616319 10.733695313334467 97.035514812916517 131.06624868698418 6.2006664238870135 12.883966622874139 19.950830690562725
leaf_count=295 2662 353 713 184 467 322 47 273 109 660 2965 70 107 190
internal_value=0.00170842 0.00720702 -0.00304788 0.0278197 0.0163208 0.0298057 0.0316431 -0.0102957 0.00187084 0.0388959 -0.0168864 0.00400674 0.0102683 0.0184846
internal_weight=552.364 473.001 318.704 154.296 85.0811 53.1096 144.092 233.623 83.3457 104.526 150.278 19.2115 39.5659 30.6845
internal_count=9417 6755 5404 1351 1084 617 1167 4320 1012 707 3308 343 460 299
is_linear=0
shrinkage=0.035


Tree=38
num_leaves=15
num_cat=0
split_feature=116 81 27 117 87 47 117 65 11 100 60 119 49 69
split_gain=72.7062 49.2474 45.1844 33.2971 27.4176 25.2033 20.8671 18.7202 14.8195 13.4108 11.5522 10.2762 10.2526 9.31752
threshold=0.83558558558558571 452.50265221412877 4.5000000000000009 0.17028985507246377 1.0000000180025095e-35 0.099019607843137278 0.5545634920634922 2.5313725490196082 3.5000000000000004 0.14415584415584418 0.84877072612921689 3.2251103580445473 0.064866760168302964 2.7500000000000004
decision_type=2 10 2 2 8 2 2 10 2 2 2 10 2 10
left_child=1 2 5 -4 -5 12 -7 11 -2 10 -9 -6 13 -1
right_child=8 -3 3 4 7 6 -8 9 -10 -11 -12 -13 -14 -15
leaf_value=-0.017740193241326807 -0.0047055236480788021 -0.029297710382893933 0.050581177736828457 0.047852065893051986 -0.018876349403224451 -0.014982595202723045 0.037298552736937572 -0.016546423338911851 0.039957655082431723 -0.010900164711889433 0.027560986649264572 0.02195737907914147 0.018139088337838564 0.00010298092856420023
leaf_weight=164.2818419598043 9.4803355894982797 72.539517093449831 22.922449667006731 13.350885275751351 46.127927377820015 11.330967677757146 20.41102534160018 5.105197135359048 58.203758057206869 17.383258895948529 45.345037152990699 4.5622658859938374 8.7302968613803369 45.409486547112465
leaf_count=3318 141 2552 154 62 804 258 247 66 266 221 403 53 155 694
internal_value=0.00118429 -0.0037425 0.00113663 0.0157181 0.00803184 -0.00801733 0.0191365 0.00179096 0.0338084 0.0134055 0.0220081 -0.0135598 -0.0123034 -0.0139638
internal_weight=545.184 477.5 404.961 154.797 131.875 250.164 31.742 118.524 67.6841 67.8335 50.4502 50.6902 218.422 209.691
internal_count=9394 8987 6435 1763 1609 4672 505 1547 407 690 469 857 4167 4012
is_linear=0
shrinkage=0.035


Tree=39
num_leaves=15
num_cat=0
split_feature=81 27 69 47 110 32 129 69 100 119 46 55 54 117
split_gain=67.6691 69.3313 30.1072 28.1888 25.5618 20.0421 19.7899 14.8273 10.2875 10.0937 9.32972 7.94361 15.2729 7.45701
threshold=434.32254476783305 4.5000000000000009 2.7500000000000004 0.076018161805173387 191.25000000000003 8.5000000000000018 10.500000000000002 2.7500000000000004 0.16954022988505749 3.1457188272462893 0.052015692640692647 0.83130081300813019 0.16954022988505749 0.82807881773399028
decision_type=10 2 10 2 10 2 2 10 2 10 2 8 8 2
left_child=1 3 4 7 6 -5 9 11 -4 13 -7 -1 -13 -3
right_child=-2 2 8 5 -6 10 -8 -9 -10 -11 -12 12 -14 -15
leaf_value=-0.022820081123821962 -0.028834460940119062 -0.0214505267014579 0.040686299951489785 -0.0043665067877588157 0.042709998137660729 0.00578062008998762 0.026515713188605419 0.0050264779173857799 0.0043747536345233422 0.015472590199058996 0.049740150051774346 0.026276363172702332 -0.013423788277481074 0.007945648699959609
leaf_weight=92.97660443559289 76.447325695306063 44.894995650276542 75.591654064133763 28.706579048186541 16.132170166820288 10.44733487442136 20.259929060935974 50.03922301903367 12.310704899951814 11.886915545910595 15.15662247687578 9.5424880124628526 64.101654434576631 10.591557346284388
leaf_count=1913 2691 821 500 525 121 133 119 691 132 113 116 143 1308 72
internal_value=0.000612951 0.00573517 0.0215691 -0.00565261 0.00815732 0.0159282 -0.000165378 -0.0112996 0.03611 -0.00946624 0.035678 -0.0162062 -0.00693608 -0.0156463
internal_weight=539.086 462.638 191.668 270.971 103.766 54.3105 87.6334 216.66 87.9024 67.3735 25.604 166.621 73.6441 55.4866
internal_count=9398 6707 1878 4829 1246 774 1125 4055 632 1006 249 3364 1451 893
is_linear=0
shrinkage=0.035


Tree=40
num_leaves=15
num_cat=1
split_feature=81 56 133 47 65 117 100 110 29 69 65 90 46 96
split_gain=67.4754 60.5096 45.6608 22.242 20.2977 16.8704 14.6487 13.9795 11.8217 10.8883 10.7827 9.8128 9.36034 10.8957
threshold=452.50265221412877 0.62593283582089565 0 0.076018161805173387 2.5313725490196082 0.50362318840579723 0.15192307692307697 188.25000000000003 10.500000000000002 2.7500000000000004 3.6381818181818186 59787.249153362362 0.12276295133437992 1.3737745098039218
decision_type=10 8 1 2 10 2 2 10 2 8 10 2 2 2
left_child=1 2 4 9 7 -5 -6 11 -7 12 -3 -1 -4 -14
right_child=-2 10 3 5 6 8 -8 -9 -10 -11 -12 -13 13 -15
leaf_value=-0.0131814284966832 -0.02880207035502301 -0.01814685147197213 -0.016921224723526005 -0.01397098749103954 0.040939212845743797 0.043812073831685561 0.0038326285599826395 0.036861534006158804 -0.0044071455647188501 0.0087370097834764578 0.0079076138058029218 0.015377615422875307 -0.01847758605875938 0.031177740229456123
leaf_weight=26.54966170527041 71.817205637693405 105.41221179068089 77.212867733091116 8.9792631864547712 91.455723166465759 23.682631723582748 16.338262835517526 12.183094279840587 6.8639082610607138 39.35680914670229 20.62534381262958 22.659087160602212 5.0781933441758138 7.7952349260449409
leaf_count=404 2618 2168 1501 204 589 209 187 107 100 548 264 316 124 103
internal_value=0.00162313 0.00658712 0.0142549 0.00125404 0.0268303 0.0226623 0.0357342 0.00968276 0.0338812 -0.00588272 -0.0137441 0.000174533 -0.0123933 0.0119007
internal_weight=536.009 464.192 338.155 168.969 169.186 39.5258 107.794 61.3918 30.5465 129.443 126.038 49.2087 90.0863 12.8734
internal_count=9442 6824 4392 2789 1603 513 776 827 309 2276 2432 720 1728 227
cat_boundaries=0 1
cat_threshold=2
is_linear=0
shrinkage=0.035


Tree=41
num_leaves=15
num_cat=0
split_feature=96 81 27 118 32 100 86 99 55 88 9 119 100 56
split_gain=66.6117 48.8041 45.935 32.994 26.4144 31.5021 18.7714 16.6294 16.1683 10.7855 8.97097 8.34997 9.70773 7.95295
threshold=3.3229166666666674 452.50265221412877 3.5000000000000004 0.61721611721611735 8.5000000000000018 0.39696969696969703 282.84572710346691 0.44636015325670503 0.77525466893039063 1079.5000000000002 8.5000000000000018 3.1086914497846494 0.063164893617021281 0.20864427860696519
decision_type=2 10 2 2 2 2 8 2 10 10 2 10 2 8
left_child=1 2 4 -4 13 8 -5 10 -6 11 -8 -9 -13 -1
right_child=-2 -3 3 6 5 -7 7 9 -10 -11 -12 12 -14 -15
leaf_value=0.0077639173162443948 0.04057499132728247 -0.029366645576868289 0.049761014820777508 0.027361420698969553 -0.017811625719150018 0.04365573752144223 -0.0059260910083461333 -0.014803007776708612 0.017427268550936841 0.03119578873463566 0.039140335378061691 0.029610109726696886 -0.011574761009256742 -0.017548243259562134
leaf_weight=13.933233775198458 41.803624648600817 68.814851172268391 23.457987794652581 39.656080048531294 36.586511723697186 17.864951055496931 6.0667455196380642 68.598914226517081 21.078429829329252 3.9436536952853194 12.928290773183106 8.6574611514806765 10.355341970920561 161.69388146884739
leaf_count=192 202 2599 199 244 654 188 74 1150 313 20 83 70 115 3335
internal_value=0.000657584 -0.00309579 0.00145182 0.0150577 -0.00806634 0.00884068 0.00820954 0.000452792 -0.00456791 -0.00604644 0.0265112 -0.00931654 0.00943932 -0.0153808
internal_weight=535.44 493.636 424.821 173.664 251.157 75.5299 150.206 110.55 57.6649 91.5554 18.995 87.6117 19.0128 175.627
internal_count=9438 9236 6637 1955 4682 1155 1756 1512 967 1355 157 1335 185 3527
is_linear=0
shrinkage=0.035


Tree=42
num_leaves=15
num_cat=1
split_feature=96 56 81 133 32 117 117 47 87 55 88 95 47 83
split_gain=68.3953 48.4865 41.2429 28.6997 21.047 17.679 21.1772 14.9582 11.9598 11.6228 11.1982 8.47441 8.49878 8.01739
threshold=3.3229166666666674 0.62593283582089565 452.50265221412877 0 9.5000000000000018 0.17028985507246377 0.69113355780022456 0.060475444096133764 1.0000000180025095e-35 0.77525466893039063 1079.5000000000002 3087.0000000000005 0.052289815447710192 1374.5000000000002
decision_type=2 8 10 1 2 2 2 2 8 10 10 2 2 8
left_child=1 2 3 5 -5 -1 8 9 -7 -6 -3 13 -13 -8
right_child=-2 10 -4 4 7 6 11 -9 -10 -11 -12 12 -14 -15
leaf_value=0.044889585063115398 0.041514282547084454 -0.022161883176775421 -0.026072591767357316 -0.010573428613274895 -0.01675636361211974 0.030649268980001945 0.024566305051012129 0.035663226539980525 -0.013010897135623097 0.0207838792740857 0.023368487165811854 0.03614560269121115 0.0001962141891728513 -0.013766424087038532
leaf_weight=23.498205015435815 40.123943638056517 137.9664389565587 44.455306224524975 106.73523193970323 18.248870860785249 4.4197916388511649 6.2600616589188602 20.277981545776129 39.327814258635044 12.870017021894453 3.0153664723038665 44.944103499874473 9.670400293543933 11.525085788220165
leaf_count=165 196 3258 1714 2002 343 20 46 214 735 182 15 278 88 109
internal_value=0.00028992 -0.00352327 0.00363153 0.00842339 -0.00182728 0.019693 0.0129531 0.0156629 -0.0059087 -0.000502736 -0.020421 0.0239958 0.0303305 0.00215609
internal_weight=523.339 483.215 342.233 297.778 158.132 139.645 116.147 51.3969 43.7476 31.1189 140.982 72.3997 54.6145 17.7851
internal_count=9365 9169 5896 4182 2741 1441 1276 739 755 525 3273 521 366 155
cat_boundaries=0 1
cat_threshold=2
is_linear=0
shrinkage=0.035


Tree=43
num_leaves=15
num_cat=0
split_feature=81 27 32 117 10 23 11 81 110 117 59 66 0 74
split_gain=66.5398 61.3329 27.912 24.4016 21.9683 19.5842 16.0544 12.1128 11.8754 24.1004 9.00745 7.63002 7.54296 7.29306
threshold=420.30579107873831 3.5000000000000004 8.5000000000000018 0.69931506849315073 2.5000000000000004 2.5000000000000004 2.5000000000000004 322.50451561682183 188.25000000000003 0.73401360544217698 0.64248120300751899 1.8274183903950487 0.89696759259259273 17.250000000000004
decision_type=10 2 2 2 2 2 2 8 10 2 2 8 2 10
left_child=1 2 12 13 6 10 -3 -6 9 -8 -5 -11 -1 -4
right_child=-2 4 3 5 7 -7 8 -9 -10 11 -12 -13 -14 -15
leaf_value=0.0050694107033420087 -0.029529246970160593 -0.0070793642758900325 -0.015867804023289994 0.0056215416419767546 0.02512868748525637 -0.0038744644095560408 0.0006211014425731063 -0.011065259519582022 0.056224644133497349 0.0069760708311852491 0.05059089293175844 0.039091113890997835 -0.015741995697631031 0.022234242791517509
leaf_weight=22.261590970680118 70.281977597624063 13.643735961988567 32.086356330662966 8.5026857443153876 10.887770995497702 16.826166957616806 36.587247587740421 34.479884771630168 17.35540759563446 13.158286098390816 22.617345377802849 68.193811610341072 152.50730939395726 2.8555294573307028
leaf_count=347 2732 223 763 71 51 174 594 523 102 77 135 343 3230 64
internal_value=0.00097007 0.00598404 -0.00520287 0.0110904 0.0205767 0.0262253 0.0268852 -0.000746835 0.0304406 0.024514 0.0407832 0.0346014 -0.0130238 -0.0103605
internal_weight=522.245 451.963 257.657 82.8881 194.306 47.9462 148.938 45.3677 135.295 117.939 31.12 81.3521 174.769 34.9419
internal_count=9429 6697 4784 1207 1913 380 1339 574 1116 1014 206 420 3577 827
is_linear=0
shrinkage=0.035


Tree=44
num_leaves=15
num_cat=0
split_feature=81 54 55 45 119 109 29 26 51 117 56 6 112 95
split_gain=57.1917 45.2153 42.7788 22.5132 20.6811 18.9504 16.1716 16.8435 11.2466 8.00244 7.67079 7.2867 7.86444 6.82418
threshold=431.52197836116596 0.26969696969696971 0.50247524752475259 0.11558704453441297 0.77303240518350214 281.50000000000006 10.500000000000002 10.500000000000002 0.016461184121392771 0.76253132832080206 0.2991228070175439 1.5000000000000002 0.036900871459694999 3087.0000000000005
decision_type=10 8 10 2 8 10 2 2 2 2 10 2 2 2
left_child=1 2 -1 6 5 -3 11 -8 10 -6 -5 12 -4 -11
right_child=-2 4 3 8 9 -7 7 -9 -10 13 -12 -13 -14 -15
leaf_value=-0.013000427213357101 -0.028305380790395671 -0.0039418287861483171 0.043022852165829642 0.025542279489852229 -0.019695856660949758 0.046361514657143707 0.026557886373987295 -0.0083084443791930709 -0.017227695353887039 -0.012824934374127199 -0.0010896143984371227 -0.0018400450712195877 0.013594963169250874 0.017316819136673652
leaf_weight=55.938651029020548 67.684141533449292 24.598444052040577 74.38808623701334 20.371317200362682 103.99194232746959 9.0057442598044855 33.469147345051169 27.041198723018169 19.050947237759829 14.849254943430426 26.911208957433701 5.5457494501024476 19.94109008461237 12.182327151298521
leaf_count=1068 2701 414 600 250 2240 84 238 410 346 231 485 39 200 99
internal_value=0.000517161 0.00514335 0.0135485 0.0202381 -0.00926179 0.0137979 0.0271525 0.0115317 0.0027887 -0.0154658 0.0117299 0.0356155 0.0377993 0.00134173
internal_weight=514.969 447.285 282.657 226.719 164.628 33.6042 160.385 60.5103 66.3335 131.024 47.2825 99.8749 94.3292 27.0316
internal_count=9405 6704 3636 2568 3068 498 1487 648 1081 2570 735 839 800 330
is_linear=0
shrinkage=0.035


Tree=45
num_leaves=15
num_cat=0
split_feature=117 10 117 68 87 54 65 13 44 97 70 113 81 46
split_gain=56.9089 29.3925 27.4891 37.5825 25.66 25.0699 10.0233 17.4109 9.07087 8.92226 8.89937 8.11355 7.85385 7.32408
threshold=0.73401360544217698 3.5000000000000004 0.12916666666666668 2.5000000000000004 1.0000000180025095e-35 0.22474747474747478 4.3431372549019613 5.5000000000000009 0.56594202898550738 1.8242775822058901 18.062500000000004 0.025751547303271446 340.86611123870415 0.0621778350515464
decision_type=2 2 2 10 8 8 8 2 2 2 10 2 8 2
left_child=2 5 3 8 -4 6 7 13 -1 -5 -6 -9 -7 -2
right_child=1 -3 4 9 10 12 -8 11 -10 -11 -12 -13 -14 -15
leaf_value=-0.021145541937492872 0.012742373486511289 -0.022573754670746595 0.034018444141624853 -0.0011805737734314466 -0.017573014066200848 0.022084788727093338 0.040118413113299868 0.015412579601678359 0.013108856454833187 0.05186726026771573 0.013525839633594335 -0.012831762994318483 -0.0051070063223513781 0.043639263640191418
leaf_weight=24.027770515531301 22.178591718897223 19.405222935602069 8.5611597802489978 4.4057123493403223 225.1311946567148 11.646024730056523 46.901148952543736 18.956215523183346 10.024996640160678 18.098655562847853 8.3315422385930997 20.976014845073223 54.704678136855364 24.666291741654277
leaf_count=548 162 406 72 70 6054 85 251 141 198 146 212 170 795 170
internal_value=0.00122079 0.0145737 -0.00867095 0.0125105 -0.0137738 0.01864 0.0271062 0.0182708 -0.010674 0.0431553 -0.0162029 0.000799182 0.000878923 0.0316509
internal_weight=518.015 219.434 298.581 56.5571 242.024 200.029 133.678 86.7771 34.0528 22.5044 233.463 39.9322 66.3507 46.8449
internal_count=9480 2180 7300 962 6338 1774 894 643 746 216 6266 311 880 332
is_linear=0
shrinkage=0.035


Tree=46
num_leaves=15
num_cat=0
split_feature=96 87 83 56 10 54 23 27 0 50 119 109 16 116
split_gain=52.1651 41.5024 38.5514 31.9566 23.2611 24.6622 19.5551 18.8422 11.0749 10.5882 9.81406 8.58166 8.32762 8.11517
threshold=3.2583333333333337 1.0000000180025095e-35 1384.5000000000002 0.62593283582089565 3.5000000000000004 0.22474747474747478 1.5000000000000002 2.5000000000000004 15.682447916666669 0.065395580898075567 0.8704386226815618 281.50000000000006 13.500000000000002 0.76967285587975254
decision_type=2 8 10 8 2 8 2 2 2 2 8 10 2 2
left_child=1 -1 3 4 5 6 12 -7 -9 -8 11 -5 13 -3
right_child=-2 2 -4 10 -6 7 9 8 -10 -11 -12 -13 -14 -15
leaf_value=0.043942571378517939 0.037504434253556124 0.051629205570882415 -0.026991716648288915 -0.0079299759219103264 -0.022827794471399532 -0.013189396475768722 0.016043812976460323 0.031668822313120064 -0.00045964683331459015 -0.010328953712887281 -0.019744337024116276 0.033988178691876661 0.0064603436347228111 0.0084038569057945812
leaf_weight=17.590355223044753 38.759933710098267 28.86587555333972 73.569822926074266 13.814071660861375 25.185079408809543 69.081945657730103 57.612588915973902 19.113905787467957 28.579351969063282 22.554262831807137 94.300181211903691 4.0121603310108176 11.304763257503508 8.9353113472461683
leaf_count=124 200 335 2738 275 534 1394 613 186 413 390 2024 49 140 39
internal_value=0.000931064 -0.00241625 -0.00465725 -7.8752e-05 0.0064182 0.00980681 0.0200402 -0.00187946 0.0141996 0.00845326 -0.0153979 0.00688295 0.0364269 0.0435871
internal_weight=513.28 474.52 456.929 383.359 271.233 246.048 129.273 116.775 47.6933 80.1669 112.126 17.8262 49.106 37.8012
internal_count=9454 9254 9130 6392 4044 3510 1517 1993 599 1003 2348 324 514 374
is_linear=0
shrinkage=0.035


Tree=47
num_leaves=15
num_cat=0
split_feature=81 27 32 100 10 11 110 81 117 112 119 15 49 96
split_gain=51.1805 53.3537 21.5003 24.668 18.658 20.306 17.4166 14.0354 9.93972 9.73324 9.36794 7.59145 6.44668 6.36045
threshold=452.50265221412877 4.5000000000000009 8.5000000000000018 0.39696969696969703 3.5000000000000004 6.5000000000000009 191.25000000000003 273.96594751508638 0.71060794044665021 0.018019480519480522 0.37282449471082063 1.5000000000000002 0.067424242424242428 2.9821428571428577
decision_type=10 2 2 2 2 2 10 8 2 2 8 2 2 2
left_child=1 2 10 8 5 6 7 -3 -4 -10 -1 -7 -12 -9
right_child=-2 4 3 -5 -6 11 -8 13 9 -11 12 -13 -14 -15
leaf_value=0.018852888647631585 -0.028441301179413354 0.026233961868743914 -0.015682955268790731 0.038401192933554713 -0.019593369282579477 -0.0018827143336463711 0.035051964671458151 -0.013804261178840966 0.026658289314994112 -0.0089516330240128686 -0.015425375138652525 0.034496745490549492 0.013885426945371718 0.020700237344736083
leaf_weight=7.0598264709115019 60.262419030070305 12.108136057853697 30.338042421266437 19.946128088980913 10.771168788895009 7.043929908424615 16.155216988176107 47.235694903880358 15.274798408150675 13.987698931246994 164.7765143699944 90.234631713479757 5.9728411789983502 2.9954743087291709
leaf_count=108 2576 64 747 200 212 46 126 805 126 126 3494 651 116 13
internal_value=0.000525109 0.00473048 -0.0055835 0.00915798 0.0187339 0.0215596 0.00760264 -0.0015853 -0.00284339 0.0108142 -0.0122485 0.0318993 -0.0140342 -0.0100589
internal_weight=504.163 443.9 257.356 79.5467 186.544 175.773 78.4945 62.3393 59.6005 29.2625 177.809 97.2786 170.749 50.2312
internal_count=9410 6834 4917 1199 1917 1705 1008 882 999 252 3718 697 3610 818
is_linear=0
shrinkage=0.035


Tree=48
num_leaves=15
num_cat=0
split_feature=96 81 56 10 54 45 98 66 56 50 108 129 13 50
split_gain=50.3941 34.4298 31.6968 23.8293 29.0612 16.4331 20.118 10.5545 10.1835 11.816 9.32242 10.7458 8.4228 15.1529
threshold=2.8944444444444448 452.50265221412877 0.62593283582089565 3.5000000000000004 0.26969696969696971 0.10050505050505053 0.87867647058823539 1.9500635676244293 0.30690737833594983 0.062895569620253181 118.50000000000001 9.5000000000000018 7.5000000000000009 0.078501400560224102
decision_type=2 10 8 2 8 2 2 10 10 2 10 2 2 2
left_child=1 2 3 4 5 6 -1 -6 9 -7 11 -4 13 -8
right_child=-2 -3 10 -5 7 8 12 -9 -10 -11 -12 -13 -14 -15
leaf_value=-0.010703956701120277 0.032671933053349242 -0.026312493486340183 -0.019840806341567166 -0.021950306606861762 -0.010472231172647417 0.030627576354081854 0.045899836602892936 0.015325218821304325 -0.0094665469913818509 -0.0079577860533875371 0.014653472714395908 0.019367007832730525 0.0059660916266983839 0.0068023422236486849
leaf_weight=12.102949135005472 52.181920379400253 57.549909142777324 96.5775087159127 25.205078564584255 73.874840850010514 21.124243205413222 58.72254703566432 21.007933996617794 28.726141937077045 12.76908018812537 8.9730928204953653 5.4261483475565901 13.910656217485664 17.404292805120349
leaf_count=99 292 2587 2173 558 1417 260 502 254 517 202 142 50 137 264
internal_value=0.00170349 -0.00217838 0.00161499 0.0077835 0.0110301 0.0197129 0.0280661 -0.0042792 0.00502 0.0169366 -0.0138709 -0.0169476 0.0335665 0.0379314
internal_weight=505.556 453.374 395.825 284.848 259.643 164.76 102.14 94.8828 62.6195 33.8933 110.977 102.004 90.0375 76.1268
internal_count=9454 9162 6575 4210 3652 1981 1002 1671 979 462 2365 2223 903 766
is_linear=0
shrinkage=0.035


Tree=49
num_leaves=15
num_cat=0
split_feature=81 27 47 65 110 117 100 69 65 129 56 72 6 47
split_gain=45.4595 44.4361 25.5613 18.4679 17.3478 15.4637 14.6676 13.654 13.2552 9.98005 9.6319 8.71722 8.39664 7.56077
threshold=420.30579107873831 4.5000000000000009 0.099019607843137278 2.7974358974358977 191.25000000000003 0.5545634920634922 0.16954022988505749 2.7500000000000004 2.3245614035087727 10.500000000000002 0.34330357142857149 11.500000000000002 1.5000000000000002 0.022857889237199586
decision_type=10 2 2 10 10 2 2 10 10 2 8 8 2 2
left_child=1 2 7 4 9 -4 12 10 -7 -3 11 -1 -5 -9
right_child=-2 3 5 6 -6 8 -8 13 -10 -11 -12 -13 -14 -15
leaf_value=-0.0099924174364602845 -0.026009395165526489 -0.010552599325692016 -0.011699071951194368 0.0353266747305487 0.034210688811613023 0.048891887174449429 -0.0037120610546582267 0.013642239995872069 0.00097640813848242009 0.021705891226280142 -0.019925565873302555 0.018301909673409663 0.0018401671731610478 -0.012581423453728591
leaf_weight=40.750544238835573 62.091344596818089 53.15403988212347 10.640122286975382 82.221489146351814 13.260008359327911 16.213865902274851 15.623612239956854 38.050766795873642 10.920759636908768 9.8520028647035343 109.45973083563149 13.868600102141498 10.884901704266666 15.074133947491644
leaf_count=748 2748 845 265 566 100 156 177 566 132 64 2555 242 75 202
internal_value=0.000856503 0.0048976 -0.0045696 0.017723 0.00410242 0.0203334 0.0266765 -0.00926066 0.03276 -0.00428345 -0.0141502 -0.00187569 0.0317051 0.00575911
internal_weight=502.066 439.975 254.979 184.996 76.2661 37.7747 108.73 217.204 27.1346 63.006 164.079 54.6191 93.1064 53.1249
internal_count=9441 6693 4866 1827 1009 553 818 4313 288 909 3545 990 641 768
is_linear=0
shrinkage=0.035


Tree=50
num_leaves=15
num_cat=0
split_feature=81 11 10 50 0 54 118 96 69 56 26 145 68 83
split_gain=45.9629 41.6328 41.0195 33.1751 19.4439 22.5534 15.3067 15.1856 13.6248 10.9639 9.73754 9.29768 7.63659 6.74781
threshold=420.30579107873831 2.5000000000000004 3.5000000000000004 0.071796759941089847 3.2949363425925928 0.17752100840336138 0.63818181818181829 1.6631205673758866 3.2500000000000004 0.64747307373653695 36.500000000000007 0.10006122337686098 7.5000000000000009 1102.5000000000002
decision_type=10 2 2 2 2 8 2 2 10 10 2 8 10 8
left_child=1 -1 3 4 -3 9 -7 13 11 10 -6 -5 -13 -8
right_child=-2 2 -4 8 5 6 7 -9 -10 -11 -12 12 -14 -15
leaf_value=-0.017936141601138503 -0.026079137499456544 0.032816136958101476 -0.02369322594975808 0.016130139393557095 0.035210314413129995 0.029927230137670173 0.01272729405691426 0.010724071808753774 0.024156762799677607 -0.0078322856322758528 -0.0041479367170672412 -0.020018722941914403 0.0098484254615161179 -0.025571782064026563
leaf_weight=71.842938810586929 59.278921626508236 95.594031609594822 34.370776943862438 9.7417995017021877 55.171396538615227 10.991882422938941 3.4674256406724444 27.721135854721069 12.291110970079897 8.5257200151681882 7.6990565359592429 54.264128124341369 9.5580095723271352 35.156639225780964
leaf_count=1683 2701 785 769 166 496 156 20 252 142 149 83 1047 114 803
internal_value=0.00159101 0.00560249 0.0104212 0.0142728 0.020742 0.0121667 -0.00108837 -0.00796417 -0.00426541 0.0256563 0.03044 -0.0102494 -0.0151553 -0.0210689
internal_weight=495.675 436.396 364.553 330.182 244.327 148.733 77.3371 66.3452 85.855 71.3962 62.8705 73.5639 63.8221 38.6241
internal_count=9366 6665 4982 4213 2744 1959 1231 1075 1469 728 579 1327 1161 823
is_linear=0
shrinkage=0.035


Tree=51
num_leaves=15
num_cat=0
split_feature=81 11 10 116 117 110 56 106 54 65 104 55 54 0
split_gain=47.0396 36.8474 39.9223 22.4403 22.0336 19.7651 16.7381 17.0425 12.8904 12.7422 8.15203 8.1471 7.71834 7.4801
threshold=452.50265221412877 2.5000000000000004 3.5000000000000004 0.83558558558558571 0.12916666666666668 61.250000000000007 0.62593283582089565 621.25739130434795 0.25543478260869573 1.5773809523809526 0.084219858156028379 0.73123827392120078 0.20416666666666669 45.283339120370378
decision_type=10 2 2 2 2 10 10 10 10 10 2 10 8 2
left_child=1 -1 3 4 9 6 7 11 -9 -3 -7 13 -13 -6
right_child=-2 2 -4 -5 5 10 -8 8 -10 -11 -12 12 -14 -15
leaf_value=-0.017098331992681858 -0.028209482016239986 -0.0021766644264887541 -0.024406163678503928 0.033382712782457281 0.0086473716276896807 0.0048030522365750351 -0.0120389139880281 0.039851988733277117 0.0025065934730552496 0.048999839338853809 -0.018863053405976014 0.023657337947620722 -0.001217595535498551 -0.017753900382974145
leaf_weight=72.696903862059116 54.554495256394148 7.3721477538347271 33.939704056829214 51.882295954972506 22.083959514275193 25.862866701558232 28.218884518370032 40.285317471250892 16.035536386072636 19.090324707329273 42.42913181334734 35.914507826790214 23.640358958393335 21.106552885845304
leaf_count=1744 2581 102 777 265 222 586 438 494 256 130 1024 240 289 287
internal_value=0.00101654 0.00491155 0.00943211 0.0131807 0.00894774 0.00542973 0.01124 0.0156108 0.0302905 0.0366625 -0.0101842 0.00653177 0.0144537 -0.00475795
internal_weight=495.113 440.558 367.862 333.922 282.04 255.577 187.285 159.066 56.3209 26.4625 68.292 102.745 59.5549 43.1905
internal_count=9435 6854 5110 4333 4068 3836 2226 1788 750 232 1610 1038 529 509
is_linear=0
shrinkage=0.035


Tree=52
num_leaves=15
num_cat=0
split_feature=69 0 83 88 56 27 45 63 100 82 21 21 46 101
split_gain=40.4887 24.3791 18.946 17.4566 16.2581 14.6729 13.667 11.5978 8.64578 8.15725 7.36762 11.0685 6.35798 6.19056
threshold=2.7500000000000004 5.8279629629629639 1614.5000000000002 1079.5000000000002 0.25143678160919547 3.5000000000000004 0.10582306830907055 0.71902412280701766 0.15894736842105264 1.0000000180025095e-35 4.5000000000000009 7.5000000000000009 0.055300713557594298 0.26006441223832533
decision_type=10 2 10 10 8 2 2 2 2 8 2 2 2 2
left_child=1 6 5 4 12 10 7 -1 -7 -6 -2 -12 -3 -14
right_child=2 3 -4 -5 9 8 -8 -9 -10 -11 11 -13 13 -15
leaf_value=0.0073613429221222127 -0.0098818884682751098 -0.0075317074039735329 -0.022209473816430896 0.032193000289474832 0.021028966907345768 0.031733971264092116 -0.0081739311102163644 0.040735449875490125 0.0015030179821996891 -0.019992890789895513 0.03496735122703707 -0.0013367792369471736 0.029115974231533451 -0.0041111071566519034
leaf_weight=47.840590856969357 22.923081509768963 25.390020150691271 11.358901893720029 5.7255736812949172 2.2502289656549683 72.722294650971889 37.476102445274591 14.09153303131461 14.221890138462184 178.91675260290504 12.238125124946235 24.646717173978686 11.674131598323585 9.8223922178149206
leaf_count=668 409 486 459 28 22 533 747 184 167 4916 179 284 156 214
internal_value=0.000513966 -0.00639921 0.0148317 -0.0124953 -0.0142839 0.0183361 0.00784884 0.0174308 0.0271396 -0.0189323 0.00443168 0.013445 0.00377089 0.0160227
internal_weight=491.298 333.187 158.111 233.779 228.054 146.752 99.4082 61.9321 86.9442 181.167 59.8079 36.8848 46.8865 21.4965
internal_count=9452 7421 2031 5822 5794 1572 1599 852 700 4938 872 463 856 370
is_linear=0
shrinkage=0.035


Tree=53
num_leaves=15
num_cat=0
split_feature=81 27 65 47 32 110 100 69 44 87 54 87 65 119
split_gain=42.272 41.1152 20.9974 20.9326 16.3293 14.574 14.0537 11.1895 12.4607 9.66423 9.51912 8.17113 7.27722 5.7046
threshold=452.50265221412877 4.5000000000000009 2.5590277777777781 0.076018161805173387 4.5000000000000009 200.25000000000003 0.15894736842105264 3.2500000000000004 0.35319472616632869 1.0000000180025095e-35 0.26969696969696971 188.50000000000003 2.3405797101449282 0.6913074388294379
decision_type=10 2 10 2 2 10 2 10 2 8 10 10 10 8
left_child=1 3 5 7 -5 9 -4 13 -9 -3 12 -11 -6 -1
right_child=-2 2 6 4 10 -7 -8 8 -10 11 -12 -13 -14 -15
leaf_value=0.0056018519558485597 -0.027401415284550638 0.026607836461731607 0.030602905549812064 -0.0068650981615325478 0.050536892136262661 0.029358821904588175 -0.00042268214068559329 -0.017034510242316576 0.026181706477534632 -0.017344948697214049 -0.0067596184054461751 0.017178871958602005 0.0060981111443090021 -0.015134272769491721
leaf_weight=15.502680864185093 53.20252551138401 4.3506128266453734 96.813675789162517 23.365704398602247 14.39326841384173 12.09125550277531 21.532342106103897 9.0570227336138505 15.980026159435509 45.469306660816073 5.3917188830673686 5.9114700816571704 7.8764902818948022 158.4411540850997
leaf_count=282 2617 22 706 466 124 98 252 143 189 817 93 52 90 3515
internal_value=0.00064148 0.00433379 0.0165677 -0.0049224 0.0141649 0.000860143 0.0251697 -0.0100444 0.0103152 -0.00723088 0.0302605 -0.0122017 0.0388195 -0.0131813
internal_weight=489.379 436.177 186.169 250.008 51.0272 67.8226 118.346 198.981 25.037 55.7314 27.6615 51.3808 22.2698 173.944
internal_count=9466 6849 1947 4902 773 989 958 4129 332 891 307 869 214 3797
is_linear=0
shrinkage=0.035


Tree=54
num_leaves=15
num_cat=0
split_feature=81 27 54 55 65 119 23 110 87 16 19 8 90 95
split_gain=42.7502 37.5163 16.4913 32.7822 14.1393 12.029 11.7306 11.2408 12.9071 9.29917 8.76351 8.16822 7.22801 6.87234
threshold=434.32254476783305 4.5000000000000009 0.22474747474747478 0.88516483516483524 2.5590277777777781 0.59099750612234125 1.5000000000000002 191.25000000000003 1.0000000180025095e-35 13.500000000000002 1.5000000000000002 1.5000000000000002 79911.208791208817 543.50000000000011
decision_type=10 2 8 10 10 8 2 10 8 2 2 2 2 2
left_child=1 2 3 6 7 13 -1 8 -3 -5 11 -6 -10 -4
right_child=-2 4 5 9 10 -7 -8 -9 12 -11 -12 -13 -14 -15
leaf_value=0.011532278424131069 -0.02692281805366345 0.033149788910350149 -0.0044607233744807673 0.05027376343866629 0.030846065144381925 -0.016777076498499886 -0.014052361445466522 0.027279437999881518 -0.015873621861297239 0.009147729391015753 -0.001571552260552169 0.0011323194294470128 0.016967059113225592 0.034188950973525006
leaf_weight=28.484701815992594 54.076508615165949 4.7258157059550276 10.797283820807932 14.835843736305835 88.477991238236427 110.26902538724244 60.783036297187209 13.073482029139994 42.744006074965 14.304635403677819 14.17226451076567 13.340207202360032 5.6464420817792407 4.905811406672
leaf_count=447 2706 24 204 144 677 2594 1226 106 720 187 138 112 88 52
internal_value=0.0010124 0.00482474 -0.00413068 0.00515009 0.0166272 -0.0127178 -0.00570982 0.00334615 -0.00438471 0.0343819 0.0237545 0.0271882 -0.0108115 0.0129547
internal_weight=480.637 426.561 244.38 118.408 182.18 125.972 89.2677 66.1897 53.1163 29.1405 115.99 101.818 48.3904 15.7031
internal_count=9425 6719 4854 2004 1865 2850 1673 938 832 331 927 789 808 256
is_linear=0
shrinkage=0.035


Tree=55
num_leaves=15
num_cat=0
split_feature=96 87 83 10 11 57 119 109 117 106 97 50 91 109
split_gain=40.6386 30.8603 24.7966 22.1967 28.5298 14.8131 12.4841 18.9722 10.1996 16.9266 9.30303 10.364 6.93224 6.83308
threshold=3.3229166666666674 1.0000000180025095e-35 1537.5000000000002 3.5000000000000004 5.5000000000000009 0.42462121212121218 0.78582996308391106 281.50000000000006 0.66018867924528313 560.05000000000007 6.4590887093572382 0.072949002217294903 62.123172248216129 8488.5000000000018
decision_type=2 8 10 2 2 10 8 10 2 10 2 2 10 10
left_child=1 -1 3 4 6 -6 7 12 -8 -10 11 13 -3 -7
right_child=-2 2 -4 -5 5 10 8 -9 9 -11 -12 -13 -14 -15
leaf_value=0.038305014053371049 0.034382977436339425 0.015258126241466299 -0.025803973748276487 -0.02660289417054237 0.0032371265437146457 0.05136035714687593 -0.019489756437948279 0.040417741335752148 -0.01546134147500639 0.022643245552306752 0.0064216810410150692 0.0010539294469887927 -0.017643277976266108 0.0040688179908897329
leaf_weight=16.448925828561187 34.307164393365383 7.1758578382432487 54.06587740406394 33.434589240700006 102.66133305430412 22.084029875695709 91.32202535122633 10.240031970664857 29.991275807842612 19.128066033124924 25.281013945117593 8.9861011523753387 18.981923040002584 5.4005998335778704
leaf_count=121 199 111 2551 807 1353 226 2405 96 495 262 188 158 380 60
internal_value=0.000256398 -0.00272605 -0.00472359 -0.00138203 0.00143749 0.0117528 -0.00821241 0.0091461 -0.0128709 9.84059e-05 0.024607 0.0349187 -0.00761733 0.0441244
internal_weight=479.509 445.202 428.753 374.687 341.252 164.413 176.839 36.3978 140.441 49.1193 61.7517 36.4707 26.1578 27.4846
internal_count=9412 9213 9092 6541 5734 1985 3749 587 3162 757 632 444 491 286
is_linear=0
shrinkage=0.035


Tree=56
num_leaves=15
num_cat=0
split_feature=81 69 56 10 54 26 100 44 119 46 91 55 42 114
split_gain=36.925 32.111 19.5129 17.8675 14.5309 10.6039 11.0675 10.4486 9.68258 7.47307 8.08428 7.28342 8.13013 7.10528
threshold=452.50265221412877 3.2500000000000004 0.64747307373653695 2.5000000000000004 0.26969696969696971 20.500000000000004 0.28801843317972359 0.3393028461784458 0.77303240518350214 0.099180327868852475 3111.3681345863101 0.89039039039039047 1.0000000180025095e-35 0.028778467908902695
decision_type=10 10 8 2 8 2 2 2 8 2 10 8 10 2
left_child=1 2 3 4 5 -1 -7 -3 -6 13 -11 -4 -13 -5
right_child=-2 7 11 9 8 6 -8 -9 -10 10 -12 12 -14 -15
leaf_value=0.024721583172571542 -0.025889266677112714 0.00044607651690575784 -0.021456448246139757 0.0022754921805761296 0.018314582476135505 -0.014311361317254035 0.026639634340813501 0.03146964258561142 -0.0085068398218034642 -0.013616615794256874 0.028379620131604544 -0.01938565035334976 0.0099098917158690833 -0.021567508465077028
leaf_weight=83.153875643387437 48.395096955820918 17.018447371199727 50.366718899458647 21.776938820257783 17.881517458707094 18.935383209958676 7.2098593804985276 58.316171327605844 54.105131002143025 5.8689978159964076 8.0168860461562854 13.8787784576416 25.198560174554586 40.374628005549312
leaf_count=895 2591 240 1158 390 226 246 59 493 1074 101 154 411 544 765
internal_value=0.00157168 0.00498638 0.000361976 0.00526838 0.0111565 0.0189155 -0.000554875 0.0249252 -0.00108762 -0.00859197 0.0117239 -0.013285 -0.00151354 -0.0136659
internal_weight=470.497 422.102 346.767 257.323 181.286 109.299 26.1452 75.3346 71.9866 76.0375 13.8859 89.4441 39.0773 62.1516
internal_count=9347 6756 6023 3910 2500 1200 305 733 1300 1410 255 2113 955 1155
is_linear=0
shrinkage=0.035


Tree=57
num_leaves=15
num_cat=0
split_feature=116 87 83 11 117 55 117 68 97 49 3 70 98 98
split_gain=36.1637 28.5924 25.6848 18.3103 25.3337 17.7862 15.2409 10.9628 9.89342 8.14062 7.95725 7.78936 9.88652 7.60418
threshold=0.83558558558558571 1.0000000180025095e-35 1537.5000000000002 2.5000000000000004 0.11324786324786326 0.65039682539682553 0.65419580419580436 2.5000000000000004 2.9497618896713784 0.088932806324110686 4.5000000000000009 14.343137254901963 1.4558441558441559 1.0571895424836604
decision_type=2 8 10 2 2 10 2 8 2 2 2 8 2 2
left_child=1 -1 3 -3 7 9 11 -5 -8 -6 -2 -7 -13 -10
right_child=10 2 -4 4 5 6 8 -9 13 -11 -12 12 -14 -15
leaf_value=0.036899022542228814 -0.007329512773494363 -0.0175587577526563 -0.026682195077340105 -0.004433485749898422 -0.013050932919459544 -0.014085962050074367 0.04543580349715684 0.046400102589186837 -0.0019709293251350016 0.022625371842731036 0.0302409245287335 -0.0084077931294268375 0.031924122429157195 0.018949132894663781
leaf_weight=16.446012077853084 5.9084235038608304 62.017213305458426 50.6270797457546 5.776921687647703 108.374028313905 41.833152916282415 7.7132459748536339 16.522072104737163 33.73649088665843 3.934370767325162 51.172834232449532 13.633683476597072 8.1031455695629102 48.917182693257928
leaf_count=125 130 1653 2544 82 2135 1015 91 117 266 59 293 315 199 416
internal_value=0.00114106 -0.002535 -0.00458584 -0.00106441 0.00271944 -0.000562486 0.00707779 0.0348308 0.0159696 -0.01089 0.0260749 -0.00580504 0.00978569 0.0107849
internal_weight=474.716 417.635 401.189 350.562 288.544 266.245 153.937 22.299 90.3669 112.308 57.0813 63.57 21.7368 82.6537
internal_count=9440 9017 8892 6348 4695 4496 2302 199 773 2194 423 1529 514 682
is_linear=0
shrinkage=0.035


Tree=58
num_leaves=15
num_cat=0
split_feature=56 81 55 54 119 45 27 0 29 72 50 110 65 119
split_gain=33.6266 27.8053 21.1645 21.6342 13.0012 11.2068 8.24689 10.6683 7.97757 7.57371 7.96517 7.38549 7.03903 7.05628
threshold=0.62593283582089565 452.50265221412877 0.50247524752475259 0.22474747474747478 0.75863057486895624 0.10050505050505053 3.5000000000000004 15.682447916666669 16.500000000000004 6.5000000000000009 0.062895569620253181 21.750000000000004 3.6381818181818186 1.000162128780518
decision_type=8 10 10 8 8 2 2 2 2 8 2 10 10 10
left_child=1 2 11 5 -5 8 -6 -8 -4 -7 -11 -1 13 -2
right_child=12 -3 3 4 6 9 7 -9 -10 10 -12 -13 -14 -15
leaf_value=0.012331309738724672 -0.0036150810641107103 -0.023046584662294204 0.033772407676281119 0.02223980218052014 -0.014197452633711881 -0.013408999726561417 0.025703856423309045 -0.0080570156110250455 0.010402692631631176 0.024154760971907257 -0.0062433220448002858 -0.016414835350733514 0.0035725553177577123 -0.024078520614023134
leaf_weight=10.278040833771227 31.162255952134728 30.942859053611755 75.862725801765919 22.696993786841631 47.913364209234715 12.12423758767545 14.819055637344716 23.178073877468705 30.525964258238673 26.170769955962896 13.369938390329478 41.898788996040821 19.995613891631365 70.475536737591028
leaf_count=115 857 1707 590 257 1051 161 143 329 281 320 234 945 331 2111
internal_value=0.000813738 0.00633193 0.00949489 0.0134588 0.00129512 0.0215212 -0.00515716 0.00656776 0.0278349 0.00721106 0.0143292 -0.0101691 -0.0146784 -0.0182681
internal_weight=471.414 349.781 318.838 266.661 108.607 158.054 85.9105 37.9971 106.389 51.6649 39.5407 52.1768 121.633 101.638
internal_count=9432 6133 4426 3366 1780 1586 1523 472 871 715 554 1060 3299 2968
is_linear=0
shrinkage=0.035


Tree=59
num_leaves=15
num_cat=0
split_feature=81 27 0 100 50 81 42 56 32 10 108 83 63 45
split_gain=33.2229 30.0128 21.5294 15.6777 14.6467 12.2513 10.2797 9.85084 7.5943 7.44111 6.66264 6.64996 6.41727 6.06768
threshold=452.50265221412877 9.5000000000000018 2.4328125000000003 0.067816091954023008 0.030457637600494747 340.86611123870415 1.5000000000000002 0.20611577964519143 4.5000000000000009 2.5000000000000004 128.50000000000003 1065.5000000000002 0.52419984387197516 0.1023024594453166
decision_type=10 2 2 2 2 8 10 8 2 2 10 8 2 2
left_child=1 2 4 -3 6 -5 10 -4 11 13 -1 -9 -7 -10
right_child=-2 3 7 5 -6 12 -8 8 9 -11 -12 -13 -14 -15
leaf_value=-0.0096211254250470977 -0.024893835483690802 0.026589285415542407 0.01348345058094217 0.026419028412882229 -0.0058828939234687313 0.014849093418598519 0.035317812106897432 0.0094660165955349502 0.021391699901575443 -0.013931674047575855 0.027543393952323129 -0.017299315284659583 -0.014172782045170031 -0.005222142138838615
leaf_weight=14.376852199435236 46.744723840616643 86.165662039071321 19.49916884675622 13.42103363573551 28.623131528496742 7.9617347810417405 30.205597488209605 9.4119542427360994 18.518465695902705 21.880479753017426 3.5294947847723952 116.89883070811629 32.469264311715961 16.065158277750015
leaf_count=271 2640 719 261 60 462 108 307 144 295 482 28 2830 482 356
internal_value=0.00160307 0.00481763 -0.00186373 0.0177366 0.0133858 0.00251635 0.0243239 -0.00783216 -0.0104047 0.000302691 0.0021175 -0.0150204 -0.00745248 0.00993074
internal_weight=465.772 419.027 279.009 140.018 76.7351 53.852 48.1119 202.274 182.775 56.4641 17.9063 126.311 40.431 34.5836
internal_count=9445 6805 5436 1369 1068 650 606 4368 4107 1133 299 2974 590 651
is_linear=0
shrinkage=0.035


Tree=60
num_leaves=15
num_cat=0
split_feature=83 0 11 50 10 110 42 20 46 55 114 82 110 117
split_gain=34.9592 28.6651 17.5053 16.9429 16.0737 10.4734 10.4187 9.77014 9.67808 7.01589 6.59104 6.18761 6.15926 5.95962
threshold=1618.5000000000002 3.2949363425925928 5.5000000000000009 0.037855266300453792 3.5000000000000004 37.250000000000007 1.5000000000000002 2.5000000000000004 0.052864462040055897 0.51492869875222824 0.087228260869565227 290.50000000000006 20.750000000000004 0.20294117647058826
decision_type=10 2 2 2 2 8 10 2 2 10 2 8 10 2
left_child=1 3 5 6 7 -3 -1 8 11 -8 -10 -4 -9 -7
right_child=-2 2 4 -5 -6 13 9 12 10 -11 -12 -13 -14 -15
leaf_value=0.0038339551714446415 -0.026329292002217525 0.0032127012697114321 0.026383692918248946 -0.00016823213417662048 -0.020176019081479438 -0.0042526012320645767 -0.0025304110453989266 0.016135732570111711 0.032958422992898653 0.035513565438330494 0.0058087174023392484 -0.0016932376665013988 -0.019021039304020129 -0.023714970219177959
leaf_weight=22.323664624243975 47.134294652380049 40.166648396290839 6.8669962184503666 46.824459339492023 20.099145788699389 30.905781434848905 5.8308280557394019 4.2618376314640072 34.021491888910532 60.07506950199604 18.714468938298523 48.018764331936836 16.118947453796864 60.617986403405666
leaf_count=356 2499 628 50 651 521 732 88 25 407 485 192 632 315 1830
internal_value=0.000710538 0.00405974 -0.0023709 0.0169912 0.00580334 -0.0114398 0.0256185 0.0104878 0.0146256 0.0322066 0.0246612 0.00372913 -0.00993893 -0.0177036
internal_weight=461.98 414.846 279.792 135.054 148.102 131.69 88.2296 128.003 107.622 65.9059 52.736 54.8858 20.3808 91.5238
internal_count=9411 6912 5332 1580 2142 3190 929 1621 1281 573 599 682 340 2562
is_linear=0
shrinkage=0.035


Tree=61
num_leaves=15
num_cat=0
split_feature=65 0 47 110 55 98 88 32 110 119 109 90 66 87
split_gain=32.5234 23.2252 13.0682 12.5217 12.7642 13.5694 9.995 9.74343 13.154 8.5135 11.704 9.3301 8.10301 8.08483
threshold=4.2264957264957275 4.0473495370370385 0.040956108470785575 37.250000000000007 0.73746867167919816 1.0571895424836604 1079.5000000000002 8.5000000000000018 182.75000000000003 0.78582996308391106 255.50000000000003 78226.118589743608 1.031324477059161 1.0000000180025095e-35
decision_type=10 2 2 8 10 2 10 2 10 8 10 2 10 8
left_child=1 7 -2 4 -3 -6 9 8 13 10 -5 -11 -9 -1
right_child=2 3 -4 6 5 -7 -8 12 -10 11 -12 -13 -14 -15
leaf_value=0.028272097872181358 0.029498548405041354 -0.010753233301692462 -0.0078551259556193295 -0.014486434692556931 -0.0077708797019471407 0.025516375714955394 0.023799157390918337 0.042863189772350645 0.028288555898474975 -0.022247745933387138 0.030498521151895851 0.0034156654132866246 0.0046436246810294297 -0.0058820310446656117
leaf_weight=4.5030397530645123 54.350123970769346 54.530305332504213 11.968257628381251 12.482344697229566 22.303285886533558 31.527155688032508 3.7945003397762767 12.062334822490813 16.335266572423279 124.74317441228777 7.0384118836373082 18.61772212292999 13.568212427198885 76.887194785289466
leaf_count=29 512 1079 148 377 304 360 20 124 178 4060 102 592 163 1408
internal_value=0.000899869 -0.00296182 0.0226794 -0.00858065 0.000703302 0.0122364 -0.0144611 0.00941227 0.0038019 -0.0160347 0.00464492 -0.0189121 0.0266913 -0.00246547
internal_weight=464.711 398.393 66.3184 275.037 108.361 53.8304 166.676 123.356 97.7255 162.882 19.5208 143.361 25.6305 81.3902
internal_count=9456 8796 660 6894 1743 664 5151 1902 1615 5131 479 4652 287 1437
is_linear=0
shrinkage=0.035


Tree=62
num_leaves=15
num_cat=0
split_feature=96 88 56 83 86 45 46 54 99 106 69 107 119 118
split_gain=32.762 29.1898 24.9833 19.7296 14.2851 15.6462 15.9458 11.3768 9.40585 7.25227 7.4227 7.27753 7.00399 9.17261
threshold=3.2583333333333337 1079.5000000000002 0.61583184257602874 1614.5000000000002 303.3086600625623 0.07419919919919922 0.064024985360140549 0.26969696969696971 0.43614130434782611 161.55555555555557 3.2500000000000004 1187.0618664435249 0.8704386226815618 0.99411764705882366
decision_type=2 10 8 10 8 2 2 10 2 10 8 8 8 2
left_child=1 2 3 4 8 6 9 -8 -1 -6 11 -11 13 -4
right_child=-2 -3 12 -5 5 -7 7 -9 -10 10 -12 -13 -14 -15
leaf_value=-0.006224741409864047 0.03194065358209993 0.041820438963244763 0.029869839174972858 -0.02388820614622781 -0.019014452500342872 -0.0068404661996834416 0.037027434737738507 -0.0023482743780237816 0.033305937781919835 0.020900733477606303 0.028137171971707217 -0.0089161626851950171 -0.021349089290648535 -0.012071161578471651
leaf_weight=7.921937081962823 31.914951995015144 12.58112385496497 4.2557156160473832 29.243347452022135 13.839914174750445 132.01380226761103 28.849262546747923 11.462791472673414 25.017869271337986 8.6273272139951569 9.0283778645098192 33.059959175996482 96.469378037378192 15.645108566619456
leaf_count=64 207 62 57 1628 235 2492 285 205 211 99 98 489 2930 413
internal_value=0.000292636 -0.00240876 -0.00422963 0.00118639 0.00428916 0.00107249 0.0108918 0.0268073 0.0242315 -0.000259353 0.00610585 -0.00116793 -0.017624 0.00109459
internal_weight=459.931 428.016 415.435 299.065 269.821 236.881 104.868 40.3121 32.9398 64.5556 50.7157 41.6873 116.37 19.9008
internal_count=9475 9268 9206 5806 4178 3903 1411 490 275 921 686 588 3400 470
is_linear=0
shrinkage=0.035


Tree=63
num_leaves=15
num_cat=0
split_feature=81 27 32 100 10 45 54 113 83 129 54 56 117 88
split_gain=28.989 30.0464 17.7603 17.8986 12.9138 9.70531 9.58658 7.96134 7.67275 7.51362 7.43829 6.97941 6.44571 6.71684
threshold=452.50265221412877 3.5000000000000004 4.5000000000000009 0.39696969696969703 2.5000000000000004 0.071796759941089847 0.26969696969696971 0.073350071736011491 1296.5000000000002 11.500000000000002 0.22474747474747478 0.29459980713596917 0.17028985507246377 756.00000000000011
decision_type=10 2 2 2 2 2 8 2 10 2 10 8 2 8
left_child=1 2 11 5 6 7 -3 -4 12 -6 -5 -1 -8 -14
right_child=-2 4 3 10 9 -7 8 -9 -10 -11 -12 -13 13 -15
leaf_value=0.001515824228270626 -0.024675665718657976 0.02536889661222522 0.022232452174937422 0.042874767604260809 -0.0091264891722749892 -0.011607816326485294 0.029509390213230381 -0.015436812377225984 -0.021123369727125196 0.021998010278019675 -0.00017220232752775889 -0.016398437178948524 0.026849723650626125 -0.0064516360490169712
leaf_weight=34.131617432460189 42.853322978131473 95.878414710983634 21.23992341384292 14.617035670205953 36.470417028293014 42.769273713231087 10.925156004726885 5.3460866622626773 6.1704491358250371 7.3625305201858273 6.5089493673294774 104.71726462990046 4.7790305130183723 25.961641632020473
leaf_count=595 2631 781 310 144 575 894 88 95 139 58 106 2637 27 424
internal_value=0.00115554 0.00407187 -0.00440238 0.00741783 0.0142793 -0.00175952 0.0192044 0.0134131 0.00561726 -0.00218148 0.0321172 -0.0120952 0.0114163 0.00175741
internal_weight=459.731 416.878 229.33 90.4813 187.548 69.3553 143.715 26.586 47.8363 43.8329 21.126 138.849 41.6658 30.7407
internal_count=9504 6873 4781 1549 2092 1299 1459 405 678 633 250 3232 539 451
is_linear=0
shrinkage=0.035


Tree=64
num_leaves=15
num_cat=0
split_feature=0 56 88 10 81 110 50 91 119 109 90 8 70 86
split_gain=31.0793 21.4641 21.4323 13.5254 11.7656 10.0969 8.35746 10.0188 7.10131 11.94 8.04176 6.05483 5.94818 5.71518
threshold=5.8279629629629639 0.24217986314760512 1079.5000000000002 3.5000000000000004 434.32254476783305 37.250000000000007 0.057307060755336627 2276.6458458794455 0.77303240518350214 255.50000000000003 73080.339743589764 1.5000000000000002 9.8452380952380967 296.64113681089219
decision_type=2 8 10 2 10 8 2 10 8 8 2 2 8 10
left_child=3 13 5 4 6 -3 11 -8 9 -7 -10 12 -1 -2
right_child=1 2 -4 -5 -6 8 7 -9 10 -11 -12 -13 -14 -15
leaf_value=-0.0019736164202505645 0.016229238149308531 -0.0019259453659006556 0.038057820575144112 -0.021954876616786047 -0.016689481632784109 -0.016702823886654866 -0.017571028128102999 0.016894116419210493 -0.025035947991242785 0.028753557597363151 -0.0035820760383875948 -0.0047812303049074023 0.028823403889750906 -0.014480837967119589
leaf_weight=7.6746513545513144 58.685031014494598 89.718182259239256 6.4981858730316153 7.3909053616225711 8.0348081393167359 12.385541886091234 12.106786545366047 21.43351773545146 90.316697806119919 6.9679862912744275 29.99959051515907 6.6839057430624953 91.693504691123962 4.511752748861908
leaf_count=94 737 1553 31 203 468 376 185 309 3198 93 1032 52 904 163
internal_value=0.00229922 -0.00429812 -0.0091446 0.0147643 0.0172617 -0.0112651 0.0197254 0.00378791 -0.0169903 0.00220644 -0.020043 0.0243684 0.0264642 0.0131358
internal_weight=454.101 299.083 235.886 155.018 147.627 229.388 139.592 33.5403 139.67 19.3535 120.316 106.052 99.3682 63.1968
internal_count=9398 7183 6283 2215 2012 6252 1544 494 4699 469 4230 1050 998 900
is_linear=0
shrinkage=0.035


Tree=65
num_leaves=15
num_cat=0
split_feature=81 116 87 45 16 57 98 29 55 56 50 10 72 81
split_gain=28.5324 24.6022 18.7045 14.8373 14.8844 19.679 11.8434 11.0789 9.26773 8.2248 6.98449 6.90255 8.58191 6.251
threshold=452.50265221412877 0.87577160493827166 1.0000000180025095e-35 0.10050505050505053 4.5000000000000009 0.42462121212121218 1.0571895424836604 1.0000000180025095e-35 0.54606060606060614 0.29459980713596917 0.020513359983168528 2.5000000000000004 6.5000000000000009 243.08262478922265
decision_type=10 2 8 2 2 8 2 2 8 10 2 2 10 8
left_child=1 2 -1 4 -4 6 -6 -7 -8 11 -10 12 -5 -11
right_child=-2 -3 3 9 5 7 8 -9 10 13 -12 -13 -14 -15
leaf_value=0.033917037680457333 -0.025091025673935858 0.027653901504915215 -0.013380301731740683 -0.013965978289136901 -0.018399961629304861 0.034300834225531519 -0.010360751875719717 0.0065511672923785121 0.032076195526375792 0.015182736914670394 0.0037537363239619034 -0.01116145920188581 0.024700841222652141 -0.016225852398091628
leaf_weight=14.728117920458315 41.553162884898484 41.99995075725019 38.485615411773324 6.2477736398577717 28.245550477877259 38.819928085431457 20.75590418279171 34.316009428352118 14.563491551205514 4.5271243657916775 26.874880883842707 18.59002460539341 18.561009833589196 102.49770645424724
leaf_count=74 2641 324 934 82 380 422 402 476 165 39 420 381 249 2453
internal_value=0.00089994 0.00381019 0.000748219 -0.0010927 0.00505831 0.00966468 -0.00137673 0.0225329 0.00714825 -0.00925215 0.0160895 0.00333875 0.0142539 -0.0142789
internal_weight=450.766 409.213 367.213 352.485 202.061 163.576 90.4398 73.1359 62.1943 150.424 41.4384 43.3988 24.8088 107.025
internal_count=9442 6801 6477 6403 3199 2265 1367 898 987 3204 585 712 331 2492
is_linear=0
shrinkage=0.035


Tree=66
num_leaves=15
num_cat=0
split_feature=81 11 10 54 16 110 0 83 46 143 44 50 55 108
split_gain=24.3849 22.8573 23.9502 17.3196 20.2367 17.0501 11.0332 10.4086 8.46961 6.11741 5.86389 5.8346 5.82571 5.68948
threshold=452.50265221412877 2.5000000000000004 3.5000000000000004 0.17752100840336138 12.500000000000002 270.75000000000006 4.7096238425925927 1618.5000000000002 0.031414473684210534 0.066598679098679128 0.95833333333333337 0.056003584229390689 0.82247899159663873 261.50000000000006
decision_type=10 2 2 8 2 10 2 8 2 10 2 2 10 10
left_child=1 10 3 4 9 6 -5 -8 -6 -3 13 -10 -13 -1
right_child=-2 2 -4 5 8 -7 7 -9 11 -11 -12 12 -14 -15
leaf_value=-0.021769818484932178 -0.023901606160307315 0.039832992858610444 -0.02119269242759694 0.0093984858709926494 -0.0085977947492621477 0.029221124782925115 0.013681282507145454 -0.014261787959397046 0.020555267577409331 0.0055060307092162008 0.013592734867457318 -0.013694972601572467 0.017206901054382485 0.010168023363925766
leaf_weight=53.063610257580876 39.745452841743827 43.54208292812109 29.278588503599167 58.987686494365335 24.747047049924731 19.67183418571949 15.985352737829087 80.351301978342235 44.316812630742788 9.3560946360230428 4.2291721384972325 13.245247421786191 7.6771102733910075 4.8071879241615525
leaf_count=1494 2571 367 773 688 330 208 135 1728 436 88 133 261 99 88
internal_value=0.000652439 0.00329673 0.00682806 0.00969714 0.0185202 0.00217877 -0.00205064 -0.00917887 0.0076456 0.0347614 -0.0154823 0.0139806 -0.00122421 -0.0185192
internal_weight=449.005 409.259 347.159 317.881 142.884 174.996 155.324 96.3367 89.9862 52.8982 62.1 65.2392 20.9224 57.8708
internal_count=9399 6828 5113 4340 1581 2759 2551 1863 1126 455 1715 796 360 1582
is_linear=0
shrinkage=0.035


Tree=67
num_leaves=15
num_cat=0
split_feature=81 27 47 117 110 117 88 142 66 94 49 69 118 65
split_gain=26.0086 21.7654 19.2798 15.4154 16.1909 12.8345 9.8726 9.75381 8.46243 8.4443 6.91687 6.88106 7.18716 6.77011
threshold=452.50265221412877 3.5000000000000004 0.099019607843137278 0.17028985507246377 37.250000000000007 0.5545634920634922 1079.5000000000002 3.5000000000000004 2.2514544942018793 78170.500000000015 0.063301282051282062 2.7500000000000004 0.86715686274509818 2.2565789473684217
decision_type=10 2 2 2 10 2 10 2 8 2 2 8 2 8
left_child=1 2 10 -3 7 -4 9 8 -5 -6 11 -1 -13 -7
right_child=-2 3 5 4 6 13 -8 -9 -10 -11 -12 12 -14 -15
leaf_value=-0.01437857308381983 -0.024518045201744092 0.035789514628713173 -0.011730737164526849 0.0045714003005543234 -0.016253768852798885 0.044730922857277942 0.028426563693033147 -0.00864360619574479 0.028281111213738636 0.015774027977998949 0.016564336099901805 0.012473453600107173 -0.0097100437345132573 0.0069880780220308485
leaf_weight=118.5811573471874 39.18968156632036 24.813913725316525 9.2862312439829093 29.871838653460145 48.330224121920764 12.654095562174918 4.2130458354949942 13.625316813588141 54.818857321515679 8.2288916856050474 8.7999383565038425 26.468823300674558 36.466119254007936 11.950210452079771
leaf_count=2866 2602 194 271 266 957 125 22 102 391 154 167 616 575 154
internal_value=0.00101614 0.0037352 -0.0035684 0.0124982 0.0078855 0.0190418 -0.00602457 0.0163592 0.0206393 -0.0106913 -0.0079791 -0.00958112 -0.000148862 0.0306757
internal_weight=447.298 408.109 224.207 183.902 159.088 33.8905 60.7722 98.316 84.6907 56.5591 190.316 181.516 62.9349 24.6043
internal_count=9462 6860 4774 2086 1892 550 1133 759 657 1111 4224 4057 1191 279
is_linear=0
shrinkage=0.035


Tree=68
num_leaves=15
num_cat=0
split_feature=81 69 88 50 11 59 47 119 98 11 118 121 44 116
split_gain=22.8292 21.8176 13.9277 16.7434 13.8789 13.738 11.2884 10.653 8.4848 7.56605 7.53019 6.98953 6.72259 5.83184
threshold=434.32254476783305 3.2500000000000004 1077.5000000000002 0.030457637600494747 4.5000000000000009 0.68927203065134113 0.040956108470785575 0.8704386226815618 0.89039039039039047 13.500000000000002 0.68857758620689669 1.0000000180025095e-35 0.74166666666666681 0.79222641509433978
decision_type=10 10 10 2 2 2 2 8 2 2 2 2 2 2
left_child=1 2 3 4 7 10 11 -1 -7 13 -6 -3 -9 -5
right_child=-2 6 -4 9 5 8 -8 12 -10 -11 -12 -13 -14 -15
leaf_value=0.013187618554241136 -0.022653724409804038 -0.0035190719983862538 0.031892000965643721 -0.016075857252084543 0.028930841851161321 -0.008809074840874221 -0.0070468043472576812 -0.017350236771020416 0.035888787448765481 0.0068218791905127769 -0.0018571760414221048 0.030476130315195842 0.012914659716311144 0.010955765384561144
leaf_weight=22.457093954086304 40.868371498771012 7.4066563323140135 10.52517746016383 114.19311527255923 6.6552995014935723 4.0847788173705331 13.188926437869666 51.65306840557605 29.925480322912335 22.298665219917893 55.989416137337685 51.705576123669744 6.9245027247816315 7.2217647079378358
leaf_count=392 2710 130 56 2563 69 36 163 1342 329 356 626 451 187 50
internal_value=0.000770616 0.00338671 -0.000505719 -0.00203895 0.00509325 0.0137459 0.0201334 -0.0054263 0.0300794 -0.0107321 0.00331038 0.0262743 -0.0130383 -0.0140983
internal_weight=445.098 404.23 331.928 321.403 177.69 96.655 72.3012 81.0347 34.0103 143.714 62.6447 59.1122 58.5776 121.415
internal_count=9460 6750 6006 5950 2981 1060 744 1921 365 2969 695 581 1529 2613
is_linear=0
shrinkage=0.035


Tree=69
num_leaves=15
num_cat=0
split_feature=10 11 110 110 83 119 109 46 100 86 82 91 83 68
split_gain=23.8393 33.9438 12.158 15.5718 11.5747 12.9698 14.8419 9.43198 10.437 9.14426 7.46053 7.24777 7.23097 7.15932
threshold=3.5000000000000004 5.5000000000000009 195.25000000000003 59.750000000000007 1321.5000000000002 0.8704386226815618 281.50000000000006 0.05917366946778712 0.077935222672064791 285.11411873021456 123.50000000000001 1475.3906184799721 1531.5000000000002 5.5000000000000009
decision_type=2 2 10 10 10 8 10 2 2 8 8 10 8 8
left_child=1 4 3 7 5 6 -1 8 11 -7 -9 -3 -5 -12
right_child=-2 2 -4 12 -6 9 -8 10 -10 -11 13 -13 -14 -15
leaf_value=-0.0015506196642113561 -0.024501195691717499 -0.0072836571990300171 0.043855617082442185 0.020396181510865089 -0.025057557525082621 0.018905052077409581 0.03877077930585552 -0.0072862997421161051 -0.0044206068510482741 -0.01148795691785811 0.04191093060397709 0.023358258695085139 -0.01537139671283186 0.015169376161766571
leaf_weight=30.693081052973866 35.371176149696112 9.3195680193603021 10.351126312278209 4.0025996137410393 30.054427290335298 8.9971720306202752 12.272419447079299 6.1069788550958028 46.0810292288661 112.77653056010604 24.787110183387995 42.0728719830513 31.661285894922912 37.089694764465094
leaf_count=559 1245 97 97 26 1563 102 119 157 648 2787 283 423 1051 312
internal_value=0.00118016 0.00368678 0.013252 0.0106513 -0.00676925 -0.00279297 0.0128075 0.0151087 0.0075086 -0.00858533 0.0247446 0.0176485 -0.00934285 0.0282143
internal_weight=441.637 406.266 211.472 201.121 194.794 164.739 42.9655 165.457 97.4735 121.774 67.9838 51.3924 35.6639 61.8768
internal_count=9469 8224 3094 2997 5130 3567 678 1920 1168 2889 752 520 1077 595
is_linear=0
shrinkage=0.035


Tree=70
num_leaves=15
num_cat=0
split_feature=81 10 54 108 110 16 117 87 95 110 57 76 32 27
split_gain=24.4668 19.1985 18.3889 13.7511 13.8267 12.9516 10.0219 11.4551 9.48412 7.80071 7.59004 7.18314 6.80525 7.36604
threshold=452.50265221412877 3.5000000000000004 0.17752100840336138 117.50000000000001 1386.5000000000002 12.500000000000002 0.73401360544217698 1.0000000180025095e-35 26003.000000000004 35.750000000000007 0.48683298683298687 0.75327550707674518 4.5000000000000009 2.5000000000000004
decision_type=10 2 8 10 10 2 2 8 2 10 10 10 2 2
left_child=1 2 5 6 -5 -1 7 -4 10 -10 -7 -11 13 -8
right_child=-2 -3 3 4 -6 8 12 -9 9 11 -12 -13 -14 -15
leaf_value=0.028647466245413734 -0.023933431382972319 -0.021297435684324417 0.029547458046094772 0.035950489043183549 -0.017838420576265467 -0.00821018768197012 -0.013607321640941198 -0.011090026112188789 0.032713905812648901 -0.015943636229013698 0.018361887933020567 0.025727253747485159 0.021362760677573169 0.0097931122244500641
leaf_weight=54.226172112859786 37.220826454460621 28.856052873656154 4.338019434362649 17.427358876913789 4.4934714790433636 46.334643855690956 23.443324878811836 126.41135765146464 19.000551078468565 9.13824833370745 12.738216688856481 2.9072839152067891 21.531925491988659 34.174623074010015
leaf_count=496 2655 805 23 166 102 594 378 3315 131 209 128 64 176 264
internal_value=0.00145657 0.00405327 0.00625181 7.9742e-05 0.0236592 0.0158297 -0.00287596 -0.0087031 0.00701658 0.021172 -0.00149455 -0.00128963 0.00669519 -5.42335e-05
internal_weight=442.242 405.021 376.165 231.82 21.9208 144.345 209.899 130.749 90.1189 31.0461 59.0729 12.0455 79.1499 57.6179
internal_count=9506 6851 6046 4424 268 1622 4156 3338 1126 404 722 273 818 642
is_linear=0
shrinkage=0.035


Tree=71
num_leaves=15
num_cat=0
split_feature=10 54 66 20 81 108 14 110 81 45 44 56 101 46
split_gain=22.6455 24.4299 18.9345 12.8432 11.476 11.1119 10.5457 9.95963 9.82262 9.79464 6.36405 6.58369 6.2198 6.05333
threshold=3.5000000000000004 0.22474747474747478 4.2259120153140755 1.5000000000000002 273.96594751508638 117.50000000000001 3.5000000000000004 1098.5000000000002 476.97046401460818 0.10690476190476192 0.84523809523809534 0.20156250000000003 0.49358974358974367 0.031414473684210534
decision_type=2 8 8 2 8 10 2 10 8 2 2 8 2 2
left_child=1 2 3 6 -3 10 9 -7 -5 -1 11 -6 -4 -8
right_child=-2 4 12 8 5 7 13 -9 -10 -11 -12 -13 -14 -15
leaf_value=0.036531930377399519 -0.024493641326856115 0.017861183800855104 0.037074646054416037 0.022006574660435221 0.015812049735091531 0.027904499225087771 -0.0105499650503783 -0.017790622798441139 -0.012442578317442244 0.0041945130376959379 0.01762036250267868 -0.014215108293294592 -0.0025657113033100065 0.010328301151851337
leaf_weight=27.6214804565534 33.646661473438144 18.587599281221628 33.689230658113956 7.6169588239863506 5.4817112646996966 13.478429500013592 21.174624622799456 4.5314380107447496 51.411211651749909 19.929204194806516 4.7270819721743456 147.72947352938354 4.8336509354412547 44.577946229837835
leaf_count=370 1227 168 317 70 88 161 253 123 1162 516 142 4274 96 481
internal_value=0.00113493 0.00353456 0.0116612 0.00624797 -0.00534526 -0.00822265 0.0129515 0.0150397 -0.00662591 0.0246675 -0.0112554 -0.012675 0.0323774 0.00333436
internal_weight=439.037 405.39 210.854 172.331 194.536 175.948 113.303 18.0099 59.0282 47.5507 157.938 153.211 38.5229 65.7526
internal_count=9448 8221 3265 2852 4956 4788 1620 284 1232 886 4504 4362 413 734
is_linear=0
shrinkage=0.035


Tree=72
num_leaves=15
num_cat=0
split_feature=56 10 54 81 118 110 106 116 98 55 45 119 87 108
split_gain=22.6671 18.8047 21.1979 9.84265 9.03443 16.5591 8.4298 11.4105 8.35688 10.2736 9.93764 8.16441 7.95712 7.65933
threshold=0.62593283582089565 3.5000000000000004 0.26969696969696971 452.50265221412877 0.70659971305595415 59.750000000000007 537.55000000000007 0.90521114106019784 1.0571895424836604 0.73993558776167478 0.03468323977546111 0.59099750612234125 1.5000000000000002 118.50000000000001
decision_type=8 2 8 10 2 10 10 2 2 10 2 8 8 10
left_child=1 2 3 4 -1 6 7 8 -6 10 -10 -4 -2 -14
right_child=12 -3 11 -5 5 -7 -8 -9 9 -11 -12 -13 13 -15
leaf_value=0.037148797243950371 0.023864808426663792 -0.022496236138007969 0.01605469239975002 -0.013734120555388045 -0.012820147955407797 -0.011702924046497455 0.028462009443984696 0.030073138224582033 0.023978465135303779 0.024421177084927189 -0.016076630331893278 -0.0096975944841300663 -0.017675201123172894 0.011748918092307317
leaf_weight=18.131549153476954 2.4974249387159935 23.099114607088268 13.434155867435036 11.065315464511512 23.00861843675375 25.460933327674866 49.194113731384277 21.345359228551388 5.9404196366667774 25.655121700838208 20.389623273164034 85.170221217907965 98.925585315562785 8.6479990677908045
leaf_count=253 41 841 187 770 151 585 551 153 42 184 230 2117 3121 172
internal_value=0.000348824 0.00504767 0.00751223 0.0139414 0.0158727 0.0126254 0.0171289 0.0102231 0.00304667 0.010578 -0.00465512 -0.00558354 -0.0130148 -0.014893
internal_weight=431.966 321.895 298.795 200.191 189.126 170.994 145.533 96.3391 74.9938 51.9852 26.33 98.6044 110.071 107.574
internal_count=9398 6064 5223 2919 2149 1896 1311 760 607 456 272 2304 3334 3293
is_linear=0
shrinkage=0.035


Tree=73
num_leaves=15
num_cat=0
split_feature=96 88 83 50 11 0 93 94 70 44 41 47 54 66
split_gain=20.2084 18.9278 18.3007 18.4414 12.7629 8.77579 9.118 8.10182 7.7535 7.28207 8.27269 6.68591 6.49614 7.84159
threshold=3.3229166666666674 1079.5000000000002 1341.5000000000002 0.020204081632653064 2.5000000000000004 2.9956192129629637 49014.000000000007 44095.750000000007 15.387500000000001 0.26975051975051983 6.5000000000000009 0.022474747474747477 0.16954022988505749 2.8268478796278171
decision_type=2 10 10 2 2 2 2 2 8 2 10 2 8 8
left_child=1 2 3 4 -1 -6 11 8 9 -5 -11 -7 -8 -14
right_child=-2 -3 -4 7 5 6 12 -9 -10 10 -12 -13 13 -15
leaf_value=-0.0085124731525148666 0.02841331214956613 0.035146390175366991 -0.021468847332444644 -0.014633437233330243 0.023769667099678 -0.017633032640291771 0.028333679463307417 -0.013478305822811027 -0.017971845795206196 0.031597371917237375 0.0010020770745325755 0.010149554945557915 -0.0079160100313845731 0.023208716290456316
leaf_weight=39.868407330475748 26.158013466745615 12.187342531979082 48.247653643600643 8.7172925509512407 52.572494873777032 22.383533429354429 19.20208340883255 104.18147013988346 12.643558187410234 15.270950065925716 23.96656321361661 13.171716064214705 22.559028035029769 10.649818502366541
leaf_count=1149 193 61 2850 208 496 354 232 2141 244 268 397 171 475 192
internal_value=0.00124835 -0.000828134 -0.00236958 0.000568389 0.00819228 0.0130608 0.00572648 -0.00777398 0.00231282 0.00885291 0.015135 -0.00735835 0.0144709 0.00379636
internal_weight=431.78 405.622 393.435 345.187 180.407 140.539 87.9662 164.78 60.5984 47.9548 39.2375 35.5552 52.4109 33.2088
internal_count=9431 9238 9177 6327 3069 1920 1424 3258 1117 873 665 525 899 667
is_linear=0
shrinkage=0.035


Tree=74
num_leaves=15
num_cat=0
split_feature=11 83 69 55 27 45 98 45 74 47 108 34 110 71
split_gain=22.6123 18.9572 17.089 17.0238 12.3005 9.69291 9.66933 8.22644 8.01293 7.01824 6.42472 6.2469 7.75802 6.29016
threshold=2.5000000000000004 1618.5000000000002 3.7500000000000004 0.88516483516483524 8.5000000000000018 0.14729990356798459 0.89039039039039047 0.033712121212121214 11.250000000000002 0.036811201445347795 125.50000000000001 10.500000000000002 61.250000000000007 1.1040711977693534
decision_type=2 10 8 10 2 2 2 2 10 2 10 2 10 8
left_child=10 2 3 4 7 9 -5 -2 -8 -4 -1 12 13 -10
right_child=1 -3 5 6 -6 -7 8 -9 11 -11 -12 -13 -14 -15
leaf_value=-0.021096162564210413 0.0064483136692002913 -0.019588371224717446 0.03553436719152319 -0.0045103263540600168 0.0089126627326198051 -0.0038837037884072926 -3.3115279731439629e-05 -0.014979990789858622 -6.7364886214890589e-05 0.001481623651447774 0.0059191711701271328 -0.0063959400267986858 0.0053108480322468093 0.042128559739149987
leaf_weight=55.695163627155125 25.806306462734938 30.347978518344462 39.632189575582743 22.612290761433542 61.995227336883545 11.716517706401644 17.927057378925383 85.449317279271781 4.866018269211053 9.427874109707771 10.817177954129873 4.7324761673808089 14.198369625024496 32.993622733280063
leaf_count=1983 472 2053 356 262 786 209 250 1948 59 104 235 38 318 329
internal_value=0.00142746 0.00492278 0.0074255 0.00346609 -0.00313701 0.0234496 0.0147988 -0.00994602 0.0205589 0.0297327 -0.0165959 0.0265359 0.0298277 0.03733
internal_weight=428.218 361.705 331.357 270.581 173.251 60.7766 97.3298 111.256 74.7175 49.0601 66.5123 56.7905 52.058 37.8596
internal_count=9402 7184 5131 4462 3206 669 1256 2420 994 460 2218 744 706 388
is_linear=0
shrinkage=0.035


Tree=75
num_leaves=15
num_cat=0
split_feature=81 96 88 50 11 118 43 110 98 101 93 43 11 106
split_gain=21.2046 19.3425 16.5434 14.3538 12.8846 12.477 10.1976 9.9922 12.059 11.4655 8.6853 7.58963 7.72672 9.35165
threshold=434.32254476783305 2.9309523809523812 1077.5000000000002 0.01739261947973382 2.5000000000000004 0.67156862745098056 0.44948979591836741 60.250000000000007 1.320714285714286 0.55086206896551737 50173.000000000007 0.44948979591836741 13.500000000000002 651.93750000000011
decision_type=10 2 10 2 2 2 2 10 2 2 2 2 2 10
left_child=1 2 3 4 -1 -6 7 8 10 -10 -7 12 -5 -14
right_child=-2 -3 -4 11 5 6 -8 -9 9 -11 -12 -13 13 -15
leaf_value=-0.010347623706348539 -0.022762410062232889 0.026107233001428202 0.034860340613326615 -0.01430901010230377 0.031340091417394723 -0.014553551591340128 -0.013026311497602062 -0.010278468386431391 0.041202786477356396 -0.0062635088673263697 0.014701628350893982 0.011912409868796088 -0.0097602491209795566 0.026546431653911379
leaf_weight=40.759716579690576 35.980797840282321 37.137335177510977 11.858910292387007 119.84929710160941 24.86547349113971 15.6801012866199 23.808100583031774 18.201022569090128 23.800958288833503 6.4270489774644366 26.564248634502292 16.62285372801125 16.845017012208704 9.7202013619244081
leaf_count=1189 2691 260 64 2598 350 165 342 445 231 122 268 291 234 164
internal_value=0.001225 0.00368483 0.00100917 -0.000644567 0.00608801 0.0110874 0.0055611 0.0108673 0.0164986 0.031654 0.00345178 -0.00804186 -0.0106259 0.00562505
internal_weight=428.121 392.14 355.003 343.144 180.107 139.347 114.481 90.6734 72.4724 30.228 42.2443 163.037 146.415 26.5652
internal_count=9414 6723 6463 6399 3112 1923 1573 1231 786 353 433 3287 2996 398
is_linear=0
shrinkage=0.035


Tree=76
num_leaves=15
num_cat=0
split_feature=87 83 56 10 69 50 47 21 76 119 32 145 66 54
split_gain=20.5089 23.5733 16.4485 14.0132 11.1019 9.41094 8.61699 8.4308 13.1629 8.39432 8.75198 7.36929 6.9753 7.98076
threshold=1.5000000000000002 1384.5000000000002 0.65030120481927722 3.5000000000000004 3.2500000000000004 0.071796759941089847 0.036811201445347795 2.5000000000000004 0.37850674739933959 1.000162128780518 3.5000000000000004 0.16171444558377937 1.031324477059161 0.17752100840336138
decision_type=8 10 8 2 10 2 2 2 8 10 2 10 10 10
left_child=-1 2 3 4 5 7 -6 -2 -9 10 -4 -7 13 -10
right_child=1 -3 9 -5 6 11 -8 8 12 -11 -12 -13 -14 -15
leaf_value=0.034642505101258547 -0.0076811735762594762 -0.023457095313360054 -0.005920790983961751 -0.019145630283560609 0.028999031933187907 0.0072912137422556774 -0.0049203590085569468 -0.0052518863307698064 0.050975779865480096 -0.017995299299517743 0.033523369098202076 -0.016939380464730727 0.010607521570756447 0.01424812025114148
leaf_weight=16.32881538849324 26.773321220651269 43.65055378805846 22.263209753669802 19.490640591830015 41.141510922461748 22.472658147104084 9.8147252313792688 34.654019698500633 11.192752683535216 56.415964692831039 4.3364561460912219 32.082353764213622 62.041796615347266 23.938937048427761
leaf_count=164 579 2745 633 566 375 461 101 398 125 1507 79 665 658 382
internal_value=0.00117953 -0.000553376 0.00245252 0.00646227 0.00867266 0.00489903 0.0226099 0.00914785 0.0127215 -0.0108348 0.00479656 -0.007184 0.0190745 0.0308426
internal_weight=426.598 410.269 366.618 283.603 264.112 213.156 50.9562 158.601 131.828 83.0156 26.5997 54.555 97.1735 35.1317
internal_count=9438 9274 6529 4310 3744 3268 476 2142 1563 2219 712 1126 1165 507
is_linear=0
shrinkage=0.035


Tree=77
num_leaves=15
num_cat=0
split_feature=11 10 81 69 117 116 98 55 107 109 107 57 44 8
split_gain=22.5732 22.7808 14.9081 13.2933 10.1575 14.3153 14.8649 10.1747 7.41014 8.12084 6.79168 6.42133 5.99001 5.84517
threshold=2.5000000000000004 3.5000000000000004 452.50265221412877 3.2500000000000004 0.12916666666666668 0.37567204301075274 1.0571895424836604 0.82247899159663873 1441.5748728058809 8204.5000000000018 2050.7401413805169 0.41042780748663105 0.95833333333333337 1.5000000000000002
decision_type=2 2 10 8 2 2 2 10 10 10 10 10 2 2
left_child=12 2 3 4 10 -6 11 8 -8 -10 -2 -7 -1 -5
right_child=1 -3 -4 13 5 6 7 -9 9 -11 -12 -13 -14 -15
leaf_value=-0.019100258519271874 0.038151351329509364 -0.020913376694261375 -0.017034992118330268 0.026134632817543375 -0.0069282892723820473 -0.020362128461496685 -0.0057771451550609173 0.031413034197928187 0.030412631262152681 -0.0040360437238914594 -0.0026658182431971368 0.0054715268694962354 0.013369301697274256 -0.0070186620257925636
leaf_weight=59.413727533072233 13.65748902782798 30.822600937448442 21.513289387337863 65.528559169732034 87.03199306037277 16.544705994427204 25.387741090729833 37.3059624414891 17.910950801335279 11.558671232312916 5.9732904564589253 22.473912039771676 4.2740926826372734 5.1273106448352328
leaf_count=2075 102 1210 1701 681 2100 151 283 320 240 146 76 211 144 40
internal_value=0.0023396 0.00577101 0.00853821 0.0105648 0.00634115 0.00384097 0.0109778 0.0183542 0.00759132 0.0182755 0.0277115 -0.00655113 -0.0161067 0.0234239
internal_weight=424.524 360.836 330.014 308.501 237.845 218.214 131.182 92.1633 54.8574 29.4696 19.6308 39.0186 63.6878 70.6559
internal_count=9480 7261 6051 4350 3629 3451 1351 989 669 386 178 362 2219 721
is_linear=0
shrinkage=0.035


Tree=78
num_leaves=15
num_cat=0
split_feature=10 54 16 0 11 110 83 63 13 83 118 66 34 13
split_gain=17.6562 20.5387 17.419 12.8742 12.2082 9.32975 9.24445 7.50004 6.44752 6.42837 6.28009 6.08994 5.64075 5.60135
threshold=3.5000000000000004 0.22474747474747478 12.500000000000002 2.9956192129629637 14.500000000000002 182.75000000000003 1040.0000000000002 0.53139076576576583 8.5000000000000018 1636.5000000000002 0.91077943615257062 1.3420501978246824 6.5000000000000009 6.5000000000000009
decision_type=2 8 2 2 2 10 8 2 2 10 2 10 2 2
left_child=1 2 9 5 10 -3 -5 -6 -9 12 11 -4 -1 -8
right_child=-2 3 4 6 7 -7 13 8 -10 -11 -12 -13 -14 -15
leaf_value=0.026650781480857054 -0.021727010602230316 1.3267163968001201e-05 -0.014625909915468048 0.01568400168079518 -0.010113846548050486 0.029366554023483486 -0.015230898900382907 0.036030183570428365 0.0013065356086293411 -0.010151546438751508 -0.019445250364865184 0.0086547694027323038 -0.0026159992824213931 0.017505445286584952
leaf_weight=83.203661500476301 30.532818607985973 45.874423527158797 15.624892201274632 10.531778953969477 6.5166659289970985 13.66270240023732 110.3188068382442 16.72106426302344 9.9349016612395626 4.5504513327032319 23.078989632427692 36.457296822220087 7.9459150806069365 2.7327141240239134
leaf_count=932 1237 885 525 153 62 153 3687 174 132 295 324 732 72 55
internal_value=0.00193036 0.00404932 0.0115611 -0.00440521 0.00173639 0.00850261 -0.0107125 0.0179618 0.0253389 0.0220445 -0.00609843 0.00100111 0.0240961 -0.0137317
internal_weight=417.687 387.154 204.034 183.12 108.334 59.5371 123.583 33.1726 26.656 95.7 75.1612 52.0822 91.1496 113.052
internal_count=9418 8181 3248 4933 1949 1038 3895 368 306 1299 1581 1257 1004 3742
is_linear=0
shrinkage=0.035


Tree=79
num_leaves=15
num_cat=0
split_feature=88 50 45 56 63 87 55 98 69 118 97 61 66 48
split_gain=16.6945 16.8894 13.6487 12.9887 11.6349 9.51623 8.74147 7.51582 14.1661 7.37607 8.42192 6.11973 5.8617 7.83971
threshold=1079.5000000000002 0.079595736122284808 0.07634032634032635 0.20864427860696519 0.39642857142857152 14.500000000000002 0.66441441441441451 1.1558704453441297 3.7500000000000004 0.78896761133603255 6.9907760929905587 0.96638418079096056 2.3096060835134931 0.060120481927710849
decision_type=10 2 2 8 2 10 10 2 8 2 2 2 10 2
left_child=1 2 4 -4 -1 7 -5 8 9 -6 -11 -9 13 -8
right_child=-2 -3 3 6 5 -7 12 11 -10 10 -12 -13 -14 -15
leaf_value=-0.012741499874253477 0.035504653739611654 -0.012717193288544464 0.018248027391914542 -0.017901443636207305 0.019697627308196713 -0.0049870976529980751 -0.010811393166059668 0.010443860192203907 0.03103062419280897 -0.020629850296395233 0.010177435095241123 0.040065531221229314 0.013581958433387631 0.021349646597983576
leaf_weight=18.264021657407284 11.487418401986359 97.959279079921544 23.316014190204442 54.968345009721816 10.246267640963195 23.128656212240458 52.588539644144475 18.649774400517344 20.699589362367988 22.080969895236194 14.198472860269247 24.207363465800881 21.606751219369471 6.2974850200116625
leaf_count=487 60 2999 313 1630 169 598 1466 251 284 356 131 279 284 125
internal_value=0.000975242 -0.000414305 0.00361031 -0.00352218 0.0109603 0.0145533 -0.00778552 0.0186971 0.0101696 -0.00122211 -0.00880063 0.0296132 -0.000234444 -0.00597024
internal_weight=419.699 408.212 310.252 158.777 151.475 133.211 135.461 110.082 67.2253 46.5257 36.2794 42.8571 80.4928 58.886
internal_count=9432 9372 6373 3818 2555 2068 3505 1470 940 656 487 530 1875 1591
is_linear=0
shrinkage=0.035


Tree=80
num_leaves=15
num_cat=0
split_feature=87 83 96 49 108 21 110 106 88 84 110 38 61 44
split_gain=20.3006 22.1046 14.3201 12.0031 13.6301 11.0575 9.19909 13.4341 7.15052 6.39557 6.77347 6.39027 6.34327 5.3681
threshold=1.0000000180025095e-35 1384.5000000000002 3.3229166666666674 0.059411764705882358 94.500000000000014 1.5000000000000002 37.250000000000007 627.62500000000011 1079.5000000000002 680.50000000000011 34.750000000000007 1.5000000000000002 0.94943101905127236 0.44562647754137119
decision_type=8 10 2 2 10 2 8 10 10 8 10 2 2 2
left_child=-1 2 3 4 6 -6 7 9 -3 -2 12 -9 -11 -8
right_child=1 8 -4 -5 5 -7 13 11 -10 10 -12 -13 -14 -15
leaf_value=0.03519877253268025 0.020818477182365947 -0.026004834345218726 0.026970137823442274 0.024473821656661607 -0.0072157031903591603 0.034961167303366888 -0.013809211466626288 0.024256649601420457 0.017401676504428937 -0.021531940084589616 0.018227563758472436 -0.010471025520502282 -0.0025249330047338679 0.00051292891641472509
leaf_weight=15.570697212591766 6.8523517148569217 41.688826257362962 22.149796839803457 18.886083128862083 9.5187385100871342 16.508720055222511 102.11126099713147 33.538047285750508 1.731984645128249 28.979471015743911 7.6573487017303696 4.8662540297955266 62.94904840644449 45.25417057517916
leaf_count=129 60 2817 177 283 197 131 2924 448 9 312 122 47 653 1159
internal_value=0.00128407 -0.000442893 0.00251577 0.000538374 -0.00123871 0.0208592 -0.00352481 0.0027078 -0.0226553 -0.0038205 -0.0064301 0.019157 -0.00931832 -0.00953855
internal_weight=418.263 402.692 359.271 337.121 318.235 26.0275 292.208 144.843 43.4208 106.438 99.5859 38.4043 91.9285 147.365
internal_count=9468 9339 6513 6336 6053 328 5725 1642 2826 1147 1087 495 965 4083
is_linear=0
shrinkage=0.035


Tree=81
num_leaves=15
num_cat=0
split_feature=96 87 83 117 97 116 55 9 46 118 119 109 103 117
split_gain=17.3388 16.5735 15.7669 14.1152 19.4805 16.3214 10.9053 11.082 8.31122 8.17001 7.69296 7.101 5.419 6.96493
threshold=3.3229166666666674 1.5000000000000002 1384.5000000000002 0.12916666666666668 1.9644910455513627 0.37567204301075274 0.88516483516483524 2.5000000000000004 0.090326340326340335 0.88273491214667688 1.000162128780518 1942.5000000000002 0.6310068649885584 0.45080645161290328
decision_type=2 8 10 2 2 2 10 2 2 2 10 10 2 2
left_child=1 -1 3 4 -3 12 8 -8 10 -9 -7 -10 -5 -14
right_child=-2 2 -4 5 -6 6 7 9 11 -11 -12 -13 13 -15
leaf_value=0.029321021968071976 0.026740285560621423 -0.0084725801951574479 -0.022643380875469694 -0.015812955733149722 0.036113099764783566 0.013496403436102406 -0.017562869737663665 0.034475313399184304 -0.013459800644474164 0.0079099395789242778 -0.013585410480726215 0.02169148747285812 0.022718333910225083 -0.013697767706920641
leaf_weight=15.218056698329745 23.364334091544151 18.382976881228387 40.083204545080662 104.40351788885891 22.771784326061606 11.388638479635118 8.0475939624011499 20.89978098589927 6.0600059460848597 40.631721371784806 68.066830446943641 18.993657739832997 7.5317924637347486 8.5132370302453619
leaf_count=163 191 510 2740 2878 244 147 217 221 91 313 1082 251 196 208
internal_value=0.000309278 -0.00158784 -0.00320816 -0.000589243 0.0174372 -0.00335705 0.00348896 0.0137397 -0.00365141 0.0188459 -0.00913446 0.0123643 -0.0129965 0.00473272
internal_weight=414.357 390.993 375.775 335.692 41.1548 294.537 174.088 69.5791 104.509 61.5315 79.4555 25.0537 120.449 16.045
internal_count=9452 9261 9098 6358 754 5604 2322 751 1571 534 1229 342 3282 404
is_linear=0
shrinkage=0.035


Tree=82
num_leaves=15
num_cat=0
split_feature=87 83 116 110 97 49 110 107 119 145 114 143 88 76
split_gain=16.3352 17.7649 13.8752 10.9598 20.099 12.659 8.25165 15.1255 10.2411 9.52844 6.11745 6.95931 5.75192 5.74381
threshold=1.0000000180025095e-35 1384.5000000000002 0.90521114106019784 295.50000000000006 1.769621509501855 0.057983193277310933 61.250000000000007 1325.9930076868252 1.7419755976785425 0.19558506981826165 0.081356867071152791 0.015449256625727216 1079.5000000000002 1.0000000180025095e-35
decision_type=8 10 2 10 2 2 8 8 8 10 2 10 10 8
left_child=-1 2 3 5 -5 6 7 10 9 -9 11 13 -3 -2
right_child=1 12 -4 4 -6 -7 -8 8 -10 -11 -12 -13 -14 -15
leaf_value=0.031370512287225573 -0.014107837783205134 -0.023760934655068604 0.025108303827828214 -0.011947328878493769 0.039912480687780909 0.023004707738857599 -0.012812155705498929 0.058194317024356727 0.0047863153765590255 -0.0076355790701525383 -0.020641810593253138 -0.015847880825733299 0.01604873120927388 0.015855449428330771
leaf_weight=16.166671775281429 6.4922078773379353 39.328503416851163 25.263315837830305 12.671585495583715 16.726605080999434 18.450563665479422 81.236349858343601 3.6833671750500789 109.19173519406468 2.4038304574787617 36.121074819937348 20.678626699373126 1.4964267387986172 23.212164355441928
leaf_count=126 95 2780 269 312 138 281 2454 68 1699 59 528 283 8 358
internal_value=0.00141166 -0.000183512 0.00242367 0.000343597 0.0190718 -0.00176406 -0.00375011 0.000119782 0.00827533 0.0404782 -0.0106069 -0.00219861 -0.0207098 0.00821759
internal_weight=413.123 396.956 356.131 330.868 29.3982 301.47 283.019 201.783 115.279 6.0872 86.5041 50.383 40.8249 29.7044
internal_count=9458 9332 6544 6275 450 5825 5544 3090 1826 127 1264 736 2788 453
is_linear=0
shrinkage=0.035


Tree=83
num_leaves=15
num_cat=0
split_feature=10 54 93 45 83 65 121 59 11 70 104 117 55 47
split_gain=17.6874 16.6492 9.21846 9.01132 9.97356 8.36271 10.9674 8.29689 7.19229 7.1031 6.84887 7.05367 5.52873 5.1209
threshold=3.5000000000000004 0.26969696969696971 19971.500000000004 0.07634032634032635 1678.5000000000002 4.3887362637362655 3.5000000000000004 0.68377192982456159 4.5000000000000009 13.837719298245617 0.4777667984189724 0.46076923076923088 0.65571120689655182 0.099019607843137278
decision_type=2 8 2 2 8 8 2 2 2 8 2 2 10 2
left_child=1 3 -3 5 -5 6 7 -1 13 -10 -11 -12 -13 -6
right_child=-2 2 -4 4 8 -7 -8 -9 9 10 11 12 -14 -15
leaf_value=0.0036845661823448912 -0.022566513428193481 0.014886115427198256 -0.0092019038747980699 0.022819489846491327 -0.026372153428587473 0.032569069750746839 -0.0053620342643717102 0.03159301393100037 -0.0052742305661082544 -0.00098202432423304229 -0.0077341060554990621 0.0041556272110355244 0.050918880124180062 0.011099828712212932
leaf_weight=25.228566372767091 30.108616568148136 18.1920694289729 127.77357893995941 19.400885005481541 15.092513898387553 24.679433190263808 33.270900077186525 25.805914402008057 56.141148709692061 19.627149289473891 3.6773851867765179 5.5027357656508666 6.8151156064122915 2.7166387010365716
leaf_count=449 1257 448 3742 194 525 216 359 365 1145 376 136 114 106 67
internal_value=0.0012441 0.00337752 -0.00580615 0.00901442 0.00256823 0.0161956 0.00984735 0.0193565 -0.00185682 0.00239232 0.0136369 0.027537 0.0372597 -0.0194759
internal_weight=414.033 383.924 145.966 237.958 128.974 108.985 84.3054 51.0345 109.573 91.7635 35.6224 15.9952 12.3179 17.8092
internal_count=9499 8242 4190 4052 2663 1389 1173 814 2469 1877 732 356 220 592
is_linear=0
shrinkage=0.035


Tree=84
num_leaves=15
num_cat=0
split_feature=0 56 88 81 10 45 9 46 65 49 6 50 42 97
split_gain=16.8929 13.5685 14.2103 8.20422 7.86967 7.86373 7.72414 7.23161 9.00394 6.9888 6.85369 7.30835 7.40176 7.28457
threshold=4.7096238425925927 0.20611577964519143 1079.5000000000002 273.96594751508638 3.5000000000000004 0.067231638418079109 5.5000000000000009 0.065395580898075567 3.9023809523809527 0.060915275200989494 1.5000000000000002 0.15301003344481609 1.5000000000000002 5.1669450475756156
decision_type=2 8 10 8 2 2 2 2 8 2 2 2 10 2
left_child=4 -2 3 -3 10 6 -5 8 -8 -7 11 12 -1 -14
right_child=1 2 -4 5 -6 9 7 -9 -10 -11 -12 -13 13 -15
leaf_value=-0.00028619242973703941 0.013305930906996543 0.012886878255194682 0.030461675614951046 -0.011675385461318624 -0.019442621440417807 -0.018373721342182209 -0.017121549583107382 0.02374539026692048 0.023482122363178239 0.011874909970330329 -0.012372159806710085 -0.011696649509125195 0.031308969356010609 0.010671512801344429
leaf_weight=24.395880768075585 41.440880725160241 14.858205756172536 6.7831722497940055 43.264014855958521 5.7257570605725041 120.31923372950405 15.686773333698513 15.624518936499951 5.0077886572107664 6.7802962288260451 8.8442786969244462 8.5131047982722503 43.034656390547752 51.492873238399625
leaf_count=474 564 145 36 1511 203 4094 413 324 63 181 132 199 627 535
internal_value=0.00105006 -0.0040866 -0.00746085 -0.00926866 0.0106151 -0.0111282 -0.00228118 0.00896805 -0.00463855 -0.0163717 0.0125213 0.0146509 0.0169328 0.0211678
internal_weight=411.771 269.765 228.324 221.541 142.007 206.683 79.5831 36.3191 20.6946 127.1 136.281 127.437 118.923 94.5275
internal_count=9501 7331 6767 6731 2170 6586 2311 800 476 4275 1967 1835 1636 1162
is_linear=0
shrinkage=0.035


Tree=85
num_leaves=15
num_cat=0
split_feature=0 110 90 50 55 55 68 115 69 98 65 70 107 109
split_gain=16.8842 11.0819 9.76317 8.93833 9.31965 8.56571 8.75035 9.67766 7.62645 6.33819 7.04488 5.34821 4.66588 4.53391
threshold=3.2949363425925928 37.250000000000007 72249.47968936681 0.020204081632653064 0.56736587333602262 0.83130081300813019 14.500000000000002 0.072077922077922088 2.7500000000000004 1.0571895424836604 2.8786764705882359 18.828571428571433 1453.1789876381886 8559.5000000000018
decision_type=2 8 2 2 8 10 8 2 10 2 8 10 10 10
left_child=3 5 8 4 -1 6 7 -2 11 10 -7 -3 -5 -14
right_child=1 2 -4 12 -6 9 -8 -9 -10 -11 -12 -13 13 -15
leaf_value=-0.0090167629427893355 0.018306424480474211 -0.021804713173723952 0.004395259901140534 -0.010328190253434427 0.022655248942072635 -0.020596976946299968 0.020711188558407829 -0.015419002314873333 0.0017861451347206264 0.023881586649255715 0.012109668451656791 0.012173266805207346 0.015600799529036733 -0.010351333556489839
leaf_weight=10.707617201842366 8.3651975058019143 84.402312045916915 38.362039699219167 24.74782934691757 67.520483884960413 7.6341975564137128 9.3307535024359805 51.338404177688062 23.885702735744417 27.348743128590286 17.322793098166585 2.9803350856527677 22.670048816129569 7.7194576030597082
leaf_count=194 153 3302 1382 391 857 160 112 1079 624 300 169 84 461 150
internal_value=0.000829326 -0.00418391 -0.0104123 0.0107983 0.0180388 0.00360478 -0.00441965 -0.00964418 -0.015487 0.0136572 0.000336995 -0.0200497 -0.00012022 0.00847742
internal_weight=404.336 270.97 149.63 133.365 78.2281 121.34 69.0344 59.7036 111.268 52.3057 24.957 87.3826 55.1373 30.3895
internal_count=9418 7365 5392 2053 1051 1973 1344 1232 4010 629 329 3386 1002 611
is_linear=0
shrinkage=0.035


Tree=86
num_leaves=15
num_cat=0
split_feature=88 83 117 110 65 10 54 94 107 106 93 44 63 19
split_gain=14.1361 17.1099 11.4596 20.7384 15.9404 8.54692 9.05711 8.11998 7.94511 6.58924 6.35696 6.32453 6.01255 5.24503
threshold=1079.5000000000002 1537.5000000000002 0.12916666666666668 37.250000000000007 1.5773809523809526 3.5000000000000004 0.13840996168582378 80486.250000000015 2845.2871531764381 651.93750000000011 14956.000000000002 0.7947368421052633 0.73746867167919816 1.0000000180025095e-35
decision_type=10 10 2 10 10 2 8 2 8 10 2 2 2 2
left_child=1 2 4 5 11 6 9 10 -6 -4 -5 -1 -8 -9
right_child=-2 -3 3 7 8 -7 12 13 -10 -11 -12 -13 -14 -15
leaf_value=-0.014149082143639411 0.033191707807773259 -0.021358761996536683 0.01282420491817347 0.014198595580561366 0.045099764788593545 -0.014915535784784302 -0.00047646051006112566 0.024180233488185297 -0.0019222729976046207 0.041348562312936321 -0.013988114891728567 0.020942363535912181 0.018658276563304637 -0.012499531441703937
leaf_weight=15.566995669156315 12.075998101383446 34.085305617190897 46.176446856930852 6.6739374473690978 17.64053141139448 13.073483493179081 81.149946392513812 9.4286999423056823 4.97166943270713 11.579947512596844 120.1691397856921 4.1767845023423424 21.643692809157073 3.418908621184527
leaf_count=444 64 2620 361 193 142 360 877 267 110 96 3416 106 258 90
internal_value=0.00202037 0.000646393 0.0030221 0.000587115 0.0190703 0.0085563 0.0108604 -0.00927129 0.0362852 0.021382 -0.0120228 -0.00399375 0.00423103 0.0136521
internal_weight=401.831 389.755 355.67 313.314 42.356 173.624 160.55 139.691 22.6122 57.7564 126.843 19.7438 102.794 12.8476
internal_count=9404 9340 6720 5918 802 1952 1592 3966 252 457 3609 550 1135 357
is_linear=0
shrinkage=0.035


Tree=87
num_leaves=15
num_cat=0
split_feature=0 110 92 68 88 55 107 142 34 51 114 49 69 27
split_gain=17.4627 11.1217 9.95714 8.6737 8.11759 7.39056 6.17706 6.09021 5.85206 5.7894 5.72714 5.65417 6.0728 5.33727
threshold=3.2949363425925928 37.250000000000007 37041.500000000007 12.500000000000002 1079.5000000000002 0.50247524752475259 1441.5748728058809 1.0000000180025095e-35 5.5000000000000009 0.033994607087827429 0.088562091503267992 0.069366479550922219 3.2500000000000004 1.5000000000000002
decision_type=2 10 2 8 10 8 10 2 2 2 2 2 10 2
left_child=2 3 7 6 11 -4 10 9 -8 -1 -2 12 -3 -7
right_child=1 4 5 -5 -6 13 8 -9 -10 -11 -12 -13 -14 -15
leaf_value=0.029045448326836629 0.0018371220054451186 -0.017010248841718676 -0.019381937579810812 0.019658336727294425 0.021524270944031556 -0.0034164036260001299 0.011773359062103701 -0.011559655067588548 -0.018048355108491308 -0.0037885690909206528 -0.01989733120677151 0.012592228601121387 0.0057449085939742768 0.01493111547476313
leaf_weight=43.013493730686605 27.008279502391815 118.92881018854678 10.829999191686509 24.514531117863953 4.4914540648460379 32.09757143817842 41.359651261940598 3.3861832804977885 5.1329017942771307 6.3812122056260696 26.024134332314134 6.3824097188189617 13.810404720716177 38.848531388677657
leaf_count=560 441 4687 259 368 24 496 720 59 118 127 468 190 351 557
internal_value=0.000510632 -0.00464962 0.0105739 0.00298078 -0.0111186 0.00254853 -0.00187101 0.0217116 0.00704814 0.0248453 -0.00962383 -0.0128826 -0.0145202 0.00695187
internal_weight=402.21 267.653 134.557 124.039 143.613 81.7761 99.525 52.7809 46.4926 49.3947 53.0324 139.122 132.739 70.9461
internal_count=9425 7367 2058 2115 5252 1312 1747 746 838 687 909 5228 5038 1053
is_linear=0
shrinkage=0.035


Tree=88
num_leaves=15
num_cat=0
split_feature=96 87 83 117 68 63 11 50 66 106 110 106 70 94
split_gain=16.2102 14.3022 13.7317 14.3908 16.4825 13.5517 8.7818 11.3238 11.2345 8.42884 8.36256 10.5179 8.63364 9.22485
threshold=3.3229166666666674 1.0000000180025095e-35 1341.5000000000002 0.12916666666666668 3.5000000000000004 0.72456896551724148 2.5000000000000004 0.073879142300194947 1.777950693967558 444.20108695652181 61.250000000000007 621.25739130434795 14.509259259259261 34302.750000000007
decision_type=2 8 10 2 10 2 2 2 10 10 10 10 10 2
left_child=1 -1 3 4 -3 10 -7 8 9 -8 11 -5 -13 -14
right_child=-2 2 -4 5 -6 6 7 -9 -10 -11 -12 12 13 -15
leaf_value=0.028541990877791232 0.02684777522266114 -0.00017954852010239688 -0.020625427456661231 -0.0088434066706491645 0.042029940113844887 -0.013258578879835925 0.0079196418136267422 -0.0045579815043633636 -0.010485461185795009 0.050877980930219655 -0.018422361890931216 -0.00026448297193489749 -0.01314673132145891 0.037208701748462726
leaf_weight=14.252852419391273 22.674275495111942 25.843346648849547 39.564633569680154 116.29527360294014 15.125312397256492 10.307181362062691 10.729101507924502 17.078404258005321 5.1920272279530755 15.094153995625673 51.327799184247851 43.665161529555917 3.0906724082306054 13.285606746561823
leaf_count=120 197 636 2825 1606 119 325 150 393 77 208 1696 775 64 209
internal_value=0.000981405 -0.000886516 -0.0023993 8.30826e-05 0.0182805 -0.0027923 0.011616 0.0176936 0.028878 0.0372095 -0.00665855 -0.00282081 0.00862753 0.026853
internal_weight=403.526 380.852 366.599 327.034 40.9687 286.065 58.4009 48.0937 31.0153 25.8233 227.665 176.337 60.0414 16.3763
internal_count=9400 9203 9083 6258 755 5503 1153 828 435 358 4350 2654 1048 273
is_linear=0
shrinkage=0.035


Tree=89
num_leaves=15
num_cat=0
split_feature=11 10 116 118 47 87 65 0 93 94 117 78 98 44
split_gain=15.0187 13.77 11.3709 12.0674 13.4856 10.8814 8.7542 7.81351 6.48482 5.99195 8.74326 8.27582 6.03666 16.3105
threshold=2.5000000000000004 3.5000000000000004 0.83558558558558571 0.67156862745098056 0.099019607843137278 1.5000000000000002 1.939338235294118 91.184843750000013 77199.500000000015 59934.250000000007 0.65419580419580436 2.5000000000000004 1.5694980694980696 0.26975051975051983
decision_type=2 2 2 2 2 8 8 2 2 2 2 10 2 2
left_child=-1 2 3 6 5 -5 -2 8 -6 12 -11 -12 -7 -14
right_child=1 -3 -4 4 7 9 -8 -9 -10 10 11 -13 13 -15
leaf_value=-0.014203925731122136 -0.0028609771468605231 -0.017914020425873055 0.023394221031629692 0.024503695499535703 0.039131877123897138 -0.014581656508565371 0.030691763750245744 -0.0074718538741083028 -0.0011903116977672334 -0.011574661907993552 0.021777686398349885 -0.0043747563936153882 -0.022089889174692515 0.023623784388308873
leaf_weight=60.729246361646801 12.661028200760482 27.042928139213473 36.266650572419167 11.642728434875606 15.723917047493165 84.256664960645139 25.682563276961446 6.9509206302463999 6.0156470173969856 31.007341888733208 28.416444133967161 24.102766616269946 12.509242807514967 16.178043892607093
leaf_count=2253 381 1212 285 104 240 1659 459 160 97 1109 354 282 405 412
internal_value=0.00114049 0.00406044 0.0062216 0.00358098 0.000463299 -0.00279913 0.0205607 0.0210314 0.0298379 -0.00498504 0.00207443 0.0104385 -0.0100724 0.00337006
internal_weight=399.186 338.457 311.414 275.147 236.804 208.113 38.3436 28.6905 21.7396 196.471 83.5266 52.5192 112.944 28.6873
internal_count=9412 7159 5947 5662 4822 4325 840 497 337 4221 1745 636 2476 817
is_linear=0
shrinkage=0.035


Tree=90
num_leaves=15
num_cat=0
split_feature=81 54 117 97 10 110 118 81 3 11 26 93 65 108
split_gain=14.3949 12.7236 12.7078 12.81 10.9989 8.44662 10.9113 9.74052 7.29321 7.58478 6.85316 6.52848 6.48781 6.39585
threshold=452.50265221412877 0.17752100840336138 0.17028985507246377 2.9784571001579669 3.5000000000000004 61.250000000000007 0.78896761133603255 369.83317148884413 16.500000000000004 14.500000000000002 34.500000000000007 53260.500000000007 1.3541666666666667 261.50000000000006
decision_type=10 8 2 2 2 10 2 8 2 2 2 2 10 10
left_child=1 4 3 13 8 6 11 -8 -1 10 -10 -4 -9 -3
right_child=-2 2 5 -5 -6 -7 7 12 9 -11 -12 -13 -14 -15
leaf_value=0.031244272192068344 -0.021459418227326377 -0.009203959051038102 -0.006097053718713422 0.03611097524333428 -0.013118219276888759 -0.018330683669426393 0.015244040966171959 0.0064667453179148631 0.0071695145954205073 0.021860454488210043 -0.019081923586528639 0.032273984611391381 -0.015490258797813839 0.020132608264190961
leaf_weight=20.451823111623526 27.624937010928988 24.750722743570805 6.0647680377587703 13.505140002816914 17.316080998629332 50.289688275195658 16.848692785948515 18.043236466124654 67.638524376787245 35.377740658819675 9.7206074399873597 11.385281582362948 70.542043130844831 8.1183243710547668
leaf_count=267 2625 632 133 141 605 1709 142 401 858 312 152 219 1140 114
internal_value=0.000852332 0.00278182 -0.00259058 0.0128181 0.0104501 -0.00696079 -0.00177296 -0.00623077 0.013878 0.00953449 0.00291268 0.0205503 -0.0109114 -0.00025663
internal_weight=397.678 370.053 219.548 46.3742 150.505 173.174 122.884 105.434 133.189 112.737 77.3591 17.45 88.5853 32.869
internal_count=9450 6825 4631 887 2194 3744 2035 1683 1589 1322 1010 352 1541 746
is_linear=0
shrinkage=0.035


Tree=91
num_leaves=15
num_cat=0
split_feature=81 27 47 47 66 66 129 119 91 70 116 117 110 118
split_gain=13.3788 10.6599 14.2303 9.96852 7.65926 7.1312 6.78353 6.52771 7.2154 8.27878 6.38266 5.89405 5.77341 6.52599
threshold=434.32254476783305 3.5000000000000004 0.099019607843137278 0.040956108470785575 1.4010953360514657 1.9411204519281271 9.5000000000000018 0.61061243460626269 3873.295274851906 14.509259259259261 0.27005577005577014 0.5545634920634922 90.250000000000014 0.89512961508248245
decision_type=10 2 2 2 10 8 2 8 10 8 2 2 10 2
left_child=1 2 7 5 11 10 -5 -1 -9 -10 -3 -4 13 -11
right_child=-2 3 4 6 -6 -7 -8 8 9 12 -12 -13 -14 -15
leaf_value=0.012752932928543258 -0.020003820880895036 0.016803055728469504 -0.0014927282973744222 -0.014262019627270231 -0.0057145070784346431 0.019999232357029578 0.017485963992953966 -0.015077783048443226 -0.0074952010812539202 0.036223590929813129 -0.0066318975125916517 0.036668647680265565 -0.0092176736306013012 -0.0071520033477556581
leaf_weight=15.334345845505593 28.978541953489184 18.787902532145381 6.048345757648355 27.247307320125401 10.185252360999582 79.629074017517269 6.4371060794219366 86.336433615535498 53.035421709530056 10.728664334863426 30.912234208546579 15.402816688641904 5.1579133383929721 3.8537228917703024
leaf_count=246 2693 319 194 421 182 805 47 2220 1279 255 395 171 165 58
internal_value=0.00104023 0.00293772 -0.00234574 0.00948814 0.017602 0.0138024 -0.00671906 -0.00635299 -0.00852675 -0.000285341 0.00295325 0.0276605 0.0166851 0.0258613
internal_weight=398.075 369.097 206.083 163.014 31.6364 129.329 33.6844 174.447 159.112 72.7757 49.7001 21.4512 19.7403 14.5824
internal_count=9450 6757 4770 1987 547 1519 468 4223 3977 1757 714 365 478 313
is_linear=0
shrinkage=0.035


Tree=92
num_leaves=15
num_cat=0
split_feature=81 56 10 54 113 46 118 68 117 65 66 32 47 0
split_gain=13.6447 11.6807 9.99684 11.3876 7.19476 6.31165 5.88802 7.92331 5.62208 6.28922 7.15235 7.92576 7.73135 5.44575
threshold=434.32254476783305 0.64747307373653695 3.5000000000000004 0.17752100840336138 0.015504807692307694 0.052864462040055897 0.60263157894736852 2.5000000000000004 0.66018867924528313 1.7071428571428573 1.9411204519281271 8.5000000000000018 0.035401002506265669 0.56244212962962969
decision_type=10 8 2 8 2 2 2 8 2 10 8 2 2 2
left_child=1 2 3 4 5 -1 7 -5 13 -10 11 -11 -12 -8
right_child=-2 -3 -4 6 -6 -7 8 -9 9 10 12 -13 -14 -15
leaf_value=0.010611923733668583 -0.019530402931461553 -0.007413130493212493 -0.01583744742822631 -0.0086718895905034572 0.0084797210628207772 0.038040252925812833 0.016019947419234248 0.029170450304174741 0.020387254514188928 -0.02527589129048154 0.019073829985883674 0.012864737095433397 -0.013734471919642093 -0.012274704498364599
leaf_weight=23.749888766556978 27.996714456938207 80.973384527489543 16.778409476391971 7.4231367856264141 63.769995599985123 24.994219290092587 5.3851525429636231 15.03234503418207 19.637751149013638 16.154269840568308 22.643138920888308 6.0896016731858245 8.6880816891789419 50.348506780341268
leaf_count=268 2662 2302 570 163 676 255 97 187 273 179 211 51 74 1377
internal_value=0.00206676 0.00398212 0.00734158 0.00908225 0.017268 0.0269068 0.00264148 0.0173598 -0.000473974 0.00574752 -0.000900831 -0.0143896 0.00933803 -0.008447
internal_weight=389.665 361.668 280.694 263.916 112.514 48.7441 151.402 22.4555 128.947 73.2128 53.5751 22.2439 31.3312 55.7337
internal_count=9345 6683 4381 3811 1199 523 2612 350 2262 788 515 230 285 1474
is_linear=0
shrinkage=0.035


Tree=93
num_leaves=15
num_cat=0
split_feature=83 56 55 98 42 69 117 119 27 47 65 117 119 88
split_gain=11.4115 10.6764 8.21031 7.47073 11.3269 10.5037 10.254 5.77687 5.46515 7.68709 7.97989 6.4535 5.3333 5.21252
threshold=1618.5000000000002 0.6198686371100165 0.56736587333602262 1.589572192513369 4.5000000000000009 3.2500000000000004 0.17028985507246377 0.8704386226815618 19.500000000000004 0.055250305250305255 1.939338235294118 0.70320320320320329 0.84709884720672768 1079.5000000000002
decision_type=10 8 10 2 10 10 2 8 2 2 8 2 8 10
left_child=1 2 -1 5 12 6 -4 -3 9 -8 -11 -10 -5 -2
right_child=13 7 3 4 -6 -7 8 -9 11 10 -12 -13 -14 -15
leaf_value=-0.0056557362927700866 -0.022943824875144295 0.0083845554947136781 0.023266418271860701 0.024469510205837448 0.037643878721279847 0.020779345427812616 -0.014366361070739898 -0.012241683585703461 -0.015644244569044178 0.02880698290551206 -0.0082860049557329906 0.016478905964122447 -0.0021380664645686441 0.016283469334405512
leaf_weight=58.678774880245328 27.391365059185777 17.3681699805893 14.423390887677668 8.1352637857198697 19.638499958440661 32.592884577810764 63.159617666620761 72.361433995887637 6.2304530693218139 7.6233045272529152 12.503987620584665 22.091685134917498 28.711231144610792 1.1748674288392056
leaf_count=1299 2445 380 165 121 245 312 1109 2158 94 99 168 131 625 7
internal_value=0.000397314 0.00217194 0.00559523 0.00872307 0.01914 0.00454216 -0.000289565 -0.00801742 -0.00420083 -0.00861514 0.00869975 0.00812521 0.00595836 -0.0191452
internal_weight=392.085 363.519 273.789 215.11 56.485 158.625 126.032 89.7296 111.609 83.2869 20.1273 28.3221 36.8465 28.5662
internal_count=9358 6906 4368 3069 991 2078 1766 2538 1601 1376 267 225 746 2452
is_linear=0
shrinkage=0.035


Tree=94
num_leaves=15
num_cat=0
split_feature=96 88 86 117 106 117 106 74 109 74 82 143 98 11
split_gain=14.0666 14.5125 11.6368 10.5836 11.9992 11.1423 16.9397 12.6073 8.705 8.12572 7.23877 6.98554 5.40005 5.39345
threshold=3.3229166666666674 1079.5000000000002 303.99371850685986 0.12916666666666668 1306.788888888889 0.65419580419580436 621.25739130434795 17.250000000000004 255.50000000000003 12.750000000000002 3.5000000000000004 1.0000000180025095e-35 0.89039039039039047 9.5000000000000018
decision_type=2 10 10 2 8 2 10 10 10 8 8 8 2 2
left_child=1 2 3 4 8 7 11 10 -1 -8 -5 -7 -11 -12
right_child=-2 -3 -4 5 -6 6 9 -9 -10 12 13 -13 -14 -15
leaf_value=-0.0061083592335697354 0.026025216685119652 0.031768667331818393 -0.022995066480434569 0.023221924137471754 -0.0073533293975082074 0.0047945540136381292 -0.0009701295936352612 0.02038372670855134 0.03781316402125709 -0.0047708266800848441 -0.019667801613300385 -0.011216998625983545 0.033061315446289624 4.0435830517804541e-05
leaf_weight=5.5396422711201039 20.596693016588688 11.069924850016831 25.28558786213398 1.7936127432622004 15.642464210279284 57.478955288417637 16.268238800577819 9.9873166508041304 19.229303013067693 4.0170386573299757 86.435758139472455 68.052485055755824 28.432524934411049 20.872651530895382
leaf_count=178 193 60 1685 32 463 718 235 319 204 46 3311 927 422 626
internal_value=0.000930096 -0.000794759 -0.00222132 -0.000331275 0.015415 -0.00272253 0.00291103 -0.0107506 0.0286139 0.0193916 -0.014369 -0.00398273 0.0283663 -0.0160032
internal_weight=390.702 370.106 359.036 333.75 40.4114 293.339 174.249 119.089 24.7689 48.7178 109.102 125.531 32.4496 107.308
internal_count=9419 9226 9166 7481 845 6636 2348 4288 382 703 3969 1645 468 3937
is_linear=0
shrinkage=0.035


Tree=95
num_leaves=15
num_cat=0
split_feature=88 96 117 68 110 106 46 70 44 74 98 56 63 93
split_gain=13.4761 12.9338 10.7187 14.4323 13.5401 14.0338 9.57583 10.5262 7.60069 6.71469 6.40724 6.28602 5.85423 5.83712
threshold=1079.5000000000002 3.5131578947368425 0.12916666666666668 3.5000000000000004 61.250000000000007 621.25739130434795 0.048583792289535806 15.292857142857146 0.53774928774928787 10.250000000000002 0.98684210526315808 0.70396452790818997 0.45889639639639646 14956.000000000002
decision_type=10 2 2 10 10 10 2 8 2 10 2 10 2 2
left_child=1 2 3 8 5 -4 7 -7 -1 -8 -11 12 -12 -6
right_child=-2 -3 4 -5 13 6 9 -9 -10 10 11 -13 -14 -15
leaf_value=-0.013871945351557642 0.030843177558244762 0.026245693489940328 -0.0063660224252257936 0.036557116833960512 0.012651420691259936 -0.010388079377099955 -0.0065060550479002768 0.026362381350836361 0.018157814109192653 -0.010198330597313071 -0.0055496596154524245 -0.0047838095433736924 0.040800920480917297 -0.018994054645261407
leaf_weight=19.279724850784991 12.308025203645228 15.624664947390555 156.47744566109031 14.394841659814118 4.4325995566323391 32.889378262683749 6.690781799145042 7.7726528965868047 9.543441463261841 2.7671594168059519 2.4993171752430525 3.9801027327775946 25.953943619504571 74.795969062950462
leaf_count=604 68 158 2885 127 150 819 139 200 207 38 54 156 508 3302
internal_value=0.0006424 -0.000734007 -0.00224236 0.0131961 -0.00451051 -0.000253045 0.0110358 -0.00124568 -0.0021503 0.0218185 0.0273419 0.0314792 0.0365086 -0.0165777
internal_weight=389.41 377.102 361.477 43.218 318.259 239.031 82.5533 40.662 28.8232 41.8913 35.2005 32.4334 28.4533 79.2286
internal_count=9415 9347 9189 938 8251 4799 1914 1019 811 895 756 718 562 3452
is_linear=0
shrinkage=0.035


Tree=96
num_leaves=15
num_cat=0
split_feature=88 81 0 50 82 54 69 56 0 45 63 107 72 55
split_gain=13.1228 12.6884 10.3983 10.4258 10.2997 7.34933 8.08424 7.81826 8.56176 6.20859 6.4087 5.90681 5.18281 5.05763
threshold=1079.5000000000002 273.96594751508638 5.8279629629629639 0.037855266300453792 3.5000000000000004 0.44949494949494956 2.7500000000000004 0.25143678160919547 125.93443865740743 0.092807924203273051 0.63188142770719913 2513.701614508384 9.5000000000000018 0.93186339522546435
decision_type=10 10 2 2 10 8 8 10 2 2 2 10 10 10
left_child=1 2 3 9 -3 6 7 8 -4 10 -1 -8 -5 -9
right_child=-2 4 5 12 -6 -7 11 13 -10 -11 -12 -13 -14 -15
leaf_value=0.012391635455646376 0.032592222760671724 0.024224274323603651 0.018144416909038338 -0.011886877770540868 -0.021553409046549402 -0.015299272278168479 0.0052877352189663884 -0.016262847452027419 -0.016459939673115258 0.0030014601264262471 0.038745893538569644 0.032631097088988426 0.0098930359733437924 0.0028269824651572322
leaf_weight=35.74723444133997 11.339065149426458 2.7373883402906349 24.796376504004002 26.212371324189007 39.9092385196127 35.543106446973979 61.522573026828468 52.636697933077812 7.9678030982613555 26.325655829161406 19.097975131124258 7.2246144935488692 18.654416773468256 22.242756170220673
leaf_count=360 63 108 392 404 2859 1211 821 1573 136 383 181 156 279 505
internal_value=0.00187652 0.000550726 0.00289495 0.0106507 -0.0163813 -0.00185659 0.00119919 -0.00473292 0.00866399 0.0177861 0.0240391 0.0101788 -0.00274739 -0.0107703
internal_weight=391.957 380.618 337.972 126.038 42.6466 211.934 176.391 107.644 32.7642 81.1709 54.8452 68.7472 44.8668 74.8795
internal_count=9431 9368 6401 1607 2967 4794 3583 2606 528 924 541 977 683 2078
is_linear=0
shrinkage=0.035


Tree=97
num_leaves=15
num_cat=0
split_feature=10 11 118 116 66 101 49 68 88 71 113 55 76 74
split_gain=12.4032 11.6655 10.7491 13.9176 8.31352 6.12031 5.7412 5.31167 5.26778 5.05085 5.02447 9.53732 6.37487 6.27615
threshold=3.5000000000000004 2.5000000000000004 0.61721611721611735 0.37567204301075274 4.0922271842640443 0.1012820512820513 0.062019230769230778 2.5000000000000004 1079.5000000000002 4.470605026911568 0.029198635976129584 0.88516483516483524 0.50072992856063969 11.750000000000002
decision_type=2 2 2 2 8 2 2 8 10 10 2 10 10 10
left_child=1 -1 7 5 6 9 10 -3 -7 -4 12 -12 -5 -13
right_child=-2 2 3 4 -6 8 -8 -9 -10 -11 11 13 -14 -15
leaf_value=-0.011137251831341224 -0.020463903412162223 0.00026404380905960473 0.013013245009300881 -0.0024217385803991993 0.022463120729373905 -0.014143072429913434 0.026637301819918656 0.032529921369752697 0.018800014270300452 -0.015560841605645472 -0.014674410835829604 -0.012159387129252007 0.018296537693470741 0.021026956530736406
leaf_weight=57.450952530838549 25.628137176856399 8.4773348472081143 23.486337503883991 32.396778448484838 38.466218251269311 71.332383568398654 8.2049639746546728 19.701036040205508 2.191877841949462 5.6829560091719022 38.725091922096908 6.3366488297469941 33.677705112844706 17.075789059512317
leaf_count=2245 1233 224 569 393 440 2514 88 276 11 187 615 71 414 204
internal_value=0.000951693 0.00272016 0.00546125 0.0031497 0.00906107 -0.00687045 0.00462142 0.0243255 -0.0120264 0.00598385 0.00226558 -0.00469633 0.00868248 0.0114858
internal_weight=388.834 363.206 305.755 277.577 174.883 102.694 136.417 28.1784 73.5243 29.1693 128.212 62.1375 66.0745 23.4124
internal_count=9484 8251 6006 5506 2225 3281 1785 500 2525 756 1697 890 807 275
is_linear=0
shrinkage=0.035


Tree=98
num_leaves=15
num_cat=0
split_feature=81 54 16 0 11 93 82 30 54 119 63 27 43 65
split_gain=11.5191 9.66758 17.1915 10.1724 9.5141 8.27165 7.57594 5.94611 5.47417 5.08915 4.96355 5.18179 4.98604 4.8743
threshold=452.50265221412877 0.16954022988505749 12.500000000000002 2.4328125000000003 14.500000000000002 21043.500000000004 1.0000000180025095e-35 12.500000000000002 0.12158167036215818 3.1864935816503563 0.78319623971797891 1.5000000000000002 0.37406716417910452 3.757352941176471
decision_type=10 8 2 2 2 2 8 2 10 10 2 2 2 10
left_child=1 2 7 5 9 -3 -5 -1 -6 -4 11 -7 -13 -8
right_child=-2 3 4 6 8 10 13 -9 -10 -11 -12 12 -14 -15
leaf_value=0.028578637044075057 -0.020049965517991833 0.030361647511181457 -0.00071935654482133604 0.024359888654391926 0.019397752253585022 -0.012996975516060324 -0.011533398141480623 -0.0065202938726331306 -0.012297148896833894 -0.021543833626089835 0.019254578740859958 -0.007653041637434032 0.019969093983798099 0.0055769825951026142
leaf_weight=45.691068286076188 24.650617575738579 11.612841156311331 41.798932326026261 4.149537354707717 29.040672641247511 24.988914273679256 121.88258780166507 4.8235563719645134 4.6799483066424719 17.206729032099247 10.879990290850399 11.037572775036098 12.441100984811781 21.18136631231755
leaf_count=524 2609 120 915 21 401 431 3368 50 45 237 156 132 127 301
internal_value=0.000948111 0.00263436 0.00953733 -0.00200989 0.000298728 0.0085036 -0.00719051 0.0249417 0.013979 -0.00800059 0.00219968 -0.00307136 0.00791985 -0.00889733
internal_weight=386.065 361.415 143.241 218.174 92.7263 70.9604 147.213 50.5146 33.7206 59.0057 59.3476 48.4676 23.4787 143.064
internal_count=9437 6828 2172 4656 1598 966 3690 574 446 1152 846 690 259 3669
is_linear=0
shrinkage=0.035


Tree=99
num_leaves=15
num_cat=0
split_feature=88 50 86 45 59 70 11 55 98 27 55 110 107 56
split_gain=12.7132 12.3206 10.6408 7.80585 9.71341 8.31763 6.85344 7.41281 9.58898 8.2982 5.28765 5.66987 5.15561 5.06324
threshold=1079.5000000000002 0.10050505050505053 303.99371850685986 0.15047169811320757 0.79193722943722955 12.019230769230772 2.5000000000000004 0.88516483516483524 1.0421099290780145 2.5000000000000004 0.90061728395061735 14.250000000000002 1441.5748728058809 0.20156250000000003
decision_type=10 2 10 2 2 10 2 10 2 2 8 8 10 8
left_child=1 2 3 4 5 10 -7 9 -9 -8 -1 -12 -11 -5
right_child=-2 -3 -4 13 -6 6 7 8 -10 12 11 -13 -14 -15
leaf_value=0.0020038383535141945 0.031546267342655435 -0.014345567544744236 -0.021295657568420289 0.012917632689868641 0.023118883977259464 -0.014874781042310804 -0.0074789927811400557 0.0050489533477710022 0.035550913276758772 -0.00027270122555994315 0.0097126101942512609 -0.025764902819637975 0.024788008300819175 -0.010267558403972209
leaf_weight=30.74529670830816 10.094396777451037 66.142329363152385 17.797421309165657 9.577146749943493 32.134371852036566 10.307040182407944 40.211564239114523 28.135679547674954 21.226575376465917 17.148911528289318 4.2852418236434486 19.007789756171405 18.949863965157419 59.681481720879674
leaf_count=616 59 2269 1264 122 578 398 771 337 236 240 42 366 373 1813
internal_value=4.49011e-05 -0.00120584 0.00178842 0.00353368 0.00670581 0.00340859 0.00795493 0.0103248 0.0202287 0.0030684 -0.00773644 -0.0186751 0.014298 -0.00640759
internal_weight=385.445 375.351 309.208 291.411 222.152 190.018 135.98 125.673 49.3623 76.3103 54.0383 23.293 36.0988 69.2586
internal_count=9484 9425 7156 5892 3957 3379 2355 1957 573 1384 1024 408 613 1935
is_linear=0
shrinkage=0.035


Tree=100
num_leaves=15
num_cat=0
split_feature=116 87 87 51 55 11 70 117 97 65 91 56 106 27
split_gain=11.1392 10.1161 9.4953 8.49456 7.74695 8.08175 8.14768 6.41854 7.71185 6.16776 7.34733 6.93165 6.10184 5.81618
threshold=0.83558558558558571 1.5000000000000002 158.50000000000003 0.015038444142921758 0.92450142450142458 3.5000000000000004 12.256578947368423 0.17028985507246377 3.1034482989257457 1.7071428571428573 2597.7835363952322 0.55086206896551737 938.54563492063505 13.500000000000002
decision_type=2 8 8 2 8 2 10 2 2 10 10 10 10 2
left_child=1 -1 -3 4 7 -6 12 8 -4 10 -9 -12 -7 -11
right_child=-2 2 3 -5 5 6 -8 9 -10 13 11 -13 -14 -15
leaf_value=0.022622924341543869 0.016904965686173144 -0.019896183639398043 -0.0050802253254985559 -0.012039668933116667 -0.0029526566855461907 -0.014660630265283657 0.026175197413712378 -0.0098157799552874934 0.033498226443151237 -0.015606068140445838 0.030501633899111848 -0.0096000517057857563 0.021436193402132462 0.003104611964302219
leaf_weight=14.293749711476265 37.541292422451079 33.182349014095962 10.987727983389052 64.665367103181779 35.228094120975584 11.719681200571356 36.248013015836477 15.044940238818524 7.1170314950868478 67.067692135926336 12.432726188562812 4.7819661702960721 3.7878873706795266 26.323115069419146
leaf_count=157 401 2272 233 1579 1195 155 436 457 81 1565 293 177 63 335
internal_value=-8.94598e-07 -0.00206825 -0.00346532 -0.00131923 0.00187685 0.00982949 0.0180235 -0.0031038 0.0140524 -0.006019 0.0064698 0.0197085 -0.00276689 -0.0104425
internal_weight=380.422 342.88 328.587 295.404 230.739 86.9837 51.7556 143.755 18.1048 125.65 32.2596 17.2147 15.5076 93.3908
internal_count=9399 8998 8841 6569 4990 1849 654 3141 314 2827 927 470 218 1900
is_linear=0
shrinkage=0.035


Tree=101
num_leaves=15
num_cat=0
split_feature=96 87 117 66 110 106 93 109 93 46 35 98 44 54
split_gain=11.7233 10.3909 10.477 13.7686 8.27802 10.7959 8.20083 5.72931 9.28524 6.43176 6.56689 5.41837 6.85784 4.60107
threshold=3.3229166666666674 1.5000000000000002 0.12916666666666668 0.76526280762996912 61.250000000000007 621.25739130434795 14956.000000000002 6445.5000000000009 46191.500000000007 0.055300713557594298 7.5000000000000009 1.4472222222222224 0.33166666666666672 0.15894736842105264
decision_type=2 8 2 10 10 10 2 10 2 2 2 2 2 8
left_child=1 -1 3 -3 5 -4 -6 8 -7 -9 13 -8 -13 -11
right_child=-2 2 4 -5 6 7 11 9 -10 10 -12 12 -14 -15
leaf_value=0.024585694204709907 0.024302665322562943 -0.0024137537255191251 -0.0064522690683482282 0.035455289127867315 0.019386978939768817 -0.007708030558685893 -0.025750345042591834 -0.0070628229744965085 0.037668191619035375 0.013329129948596559 0.027141666429076096 -0.016811279576991068 0.011260762691702625 -0.016269063217341242
leaf_weight=13.92773038195446 19.526044873520732 27.157225364819169 149.88405192922801 14.987592531368135 4.2321147047914556 6.0371879306621876 36.629460209049284 32.651110370643437 11.902337338309733 7.5467431964352736 14.913068939931689 21.370912325568497 13.456518950872121 8.3142196736298501
leaf_count=163 200 794 2811 145 148 148 1603 824 293 180 248 1051 605 204
internal_value=0.000880928 -0.000691983 -0.00203345 0.0133853 -0.00433117 -0.000942101 -0.0139856 0.00899423 0.0240461 0.00329087 0.0137279 -0.0171007 -0.00591287 -0.00236675
internal_weight=382.536 363.01 349.083 42.1448 306.938 231.249 75.689 81.3647 17.9395 63.4251 30.774 71.4569 34.8274 15.861
internal_count=9417 9217 9054 939 8115 4708 3407 1897 441 1456 632 3259 1656 384
is_linear=0
shrinkage=0.035


Tree=102
num_leaves=15
num_cat=0
split_feature=11 101 98 55 75 69 98 57 50 54 0 76 110 96
split_gain=10.4183 11.5057 7.85216 9.70426 9.04207 6.76738 6.53118 12.2369 6.25333 6.21838 5.01642 4.84148 4.70593 4.68771
threshold=2.5000000000000004 0.21583850931677021 1.5577777777777781 0.7633053221288516 1.7231800766283527 3.7500000000000004 1.0571895424836604 0.41042780748663105 0.071796759941089847 0.10102040816326532 4.0473495370370385 1.2661077643465999 61.250000000000007 1.8429276315789476
decision_type=2 2 2 10 10 8 2 10 2 10 2 10 10 2
left_child=-1 5 4 10 13 6 7 -2 9 -8 -4 -12 -5 -3
right_child=1 2 3 12 -6 -7 8 -9 -10 -11 11 -13 -14 -15
leaf_value=-0.012565686405943641 -0.020340316240273298 -0.0056308414492345785 0.011175001856332223 0.030950632772867293 -0.017536158218833333 0.022644668772832895 -0.0046397912187328425 0.010231814971959175 -0.0023943164121736516 0.024157906816131319 -0.013564406403463642 0.02079064461175089 0.0012993461643894559 0.023210249750380621
leaf_weight=53.91198566602543 23.396023730747402 11.813115734606983 14.314053456764666 13.986775643657895 57.635643404908478 34.24962554499507 9.7139343102462572 32.1321214386262 23.686434421222657 40.343311438336968 38.464335167780519 1.2051695082336653 10.711769927758722 7.7046615420840672
leaf_count=2215 438 399 330 235 1499 412 148 508 658 611 1467 29 333 78
internal_value=0.000989976 0.00343679 -0.00332537 0.00434195 -0.010933 0.00978858 0.00566605 -0.00326551 0.0121717 0.0186557 -0.00414902 -0.0103104 0.0204747 0.00816576
internal_weight=373.269 319.357 155.836 78.6821 77.1534 163.521 129.272 55.5281 73.7437 50.0572 53.9836 39.6695 24.6985 19.5178
internal_count=9360 7145 4370 2394 1976 2775 2363 946 1417 759 1826 1496 568 477
is_linear=0
shrinkage=0.035


Tree=103
num_leaves=15
num_cat=0
split_feature=88 83 45 86 11 117 110 43 65 49 95 4 63 114
split_gain=11.8445 12.5944 9.25745 8.39222 7.87862 6.81102 10.2809 8.17433 6.41299 6.3192 6.42783 10.3017 8.27966 5.85972
threshold=1079.5000000000002 1354.5000000000002 0.069366479550922219 271.69162411992949 2.5000000000000004 0.21498599439775914 81.250000000000014 0.27543626146110622 4.3887362637362655 0.098387096774193564 10202.500000000002 5.5000000000000009 0.64906659236556152 0.091608391608391626
decision_type=10 10 2 8 2 2 10 2 10 2 2 2 2 2
left_child=1 2 4 -4 -1 -6 7 -7 13 10 -5 12 -12 -9
right_child=-2 -3 3 9 5 6 -8 8 -10 -11 11 -13 -14 -15
leaf_value=-0.0080457848418072995 0.029502905094642387 -0.019097060179208286 0.020445221245889784 -0.013513355480710556 0.031201696012991855 0.025103758750933122 -0.020543069867985431 0.0065695320725544324 0.020225835924753546 0.023815195744475652 0.02515627954751384 -0.0097671217974872899 -0.008006229020599635 -0.014866125048931826
leaf_weight=27.446539306081831 11.876791305840014 34.807130086701363 11.473397327587007 85.413385356776416 14.095246890559791 30.428046502172947 9.4543495532125217 35.224535696208477 17.052386227995157 3.6907651405781499 21.21674479264766 48.78597647510469 11.231165482662616 20.641194774769247
leaf_count=931 69 2899 100 1936 151 349 277 444 155 66 458 1113 298 250
internal_value=0.000825651 -0.000472645 0.00170745 -0.00360675 0.00788419 0.0115041 0.00782288 0.0112461 0.00422365 -0.00576364 -0.00709337 4.9066e-05 0.0141414 -0.00192109
internal_weight=382.838 370.961 336.154 181.811 154.342 126.896 112.801 103.346 72.9181 170.338 166.647 81.2339 32.4479 55.8657
internal_count=9496 9427 6528 3971 2557 1626 1475 1198 849 3871 3805 1869 756 694
is_linear=0
shrinkage=0.035


Tree=104
num_leaves=15
num_cat=0
split_feature=87 83 50 29 54 0 145 110 116 98 101 94 54 23
split_gain=10.3558 10.281 9.90679 8.40243 7.65361 7.41787 6.89444 7.53292 7.12198 7.11877 5.80859 5.49203 7.79166 6.28531
threshold=1.5000000000000002 1384.5000000000002 0.018350168350168353 1.0000000180025095e-35 0.17752100840336138 2.9956192129629637 0.11468207879296514 82.250000000000014 0.77871939736346529 1.0923295454545456 0.076197387518142243 47534.750000000007 0.13100686498855837 3.5000000000000004
decision_type=8 10 2 2 8 2 10 8 2 2 2 2 10 2
left_child=-1 2 4 6 11 10 7 9 -8 -4 -6 12 -2 -13
right_child=1 -3 3 -5 5 -7 8 -9 -10 -11 -12 13 -14 -15
leaf_value=0.026756693201237424 0.018953629512936155 -0.016703586153969153 -0.0078962440807542212 -0.011522048284206039 0.024026053638307832 -0.0033544620966218641 -0.0076070611004359547 -0.0086042714016525777 0.01935725821128511 0.042738815455200724 0.00063409172479103159 0.037330340287883429 -0.014454366911632282 0.00062070628562210838
leaf_weight=14.931091144680975 15.321136711165311 31.971546357031912 2.6480929544195559 77.232865932863206 23.877181517891586 78.540518077090383 49.120580497197807 5.3995982334017745 10.449757408350704 9.5127486484125239 24.163708083331585 19.366555198095742 10.11370221711695 7.6872860286384812
leaf_count=166 152 2758 51 1784 290 2016 1055 176 81 182 342 199 101 109
internal_value=0.00218574 0.000834098 0.00273765 -0.00370059 0.00823736 0.00328362 0.00435588 0.02085 -0.00174436 0.0326247 0.0134292 0.0188591 0.00547729 0.0286233
internal_weight=380.336 365.405 333.434 154.364 179.07 126.581 77.1308 17.5604 59.5703 12.1608 48.0409 52.4887 25.4348 27.0538
internal_count=9462 9296 6538 3329 3209 2648 1545 409 1136 233 632 561 253 308
is_linear=0
shrinkage=0.035


Tree=105
num_leaves=15
num_cat=0
split_feature=10 54 66 98 113 93 42 20 21 95 101 2 45 81
split_gain=10.1462 10.9383 8.02107 8.14545 9.61729 7.2429 7.00473 6.27403 6.21507 6.58711 6.1955 5.78848 5.09499 5.03413
threshold=3.5000000000000004 0.26969696969696971 4.2259120153140755 1.6228448275862071 0.073350071736011491 14956.000000000002 5.5000000000000009 2.5000000000000004 7.5000000000000009 2336.5000000000005 0.24283374283374287 3.5000000000000004 0.17521929824561405 136.71661839852047
decision_type=2 8 8 2 2 2 10 2 2 2 2 2 2 8
left_child=1 2 3 8 6 -3 11 -8 -1 -10 -11 -5 -4 -7
right_child=-2 5 12 4 -6 13 7 -9 9 10 -12 -13 -14 -15
leaf_value=0.010068535767945272 -0.019623163597968275 0.015990235967573076 0.026029046406355113 -0.0081982564649779929 -0.010410006597060978 0.017334351691876592 0.046994576944989701 0.00040749957628054083 -0.029940631534106608 0.0040215286219794227 -0.01459594470970443 0.021662520954082904 -0.0045106581896471 -0.010343307887469873
leaf_weight=36.67929481016472 24.104754352942109 11.826448148116468 29.689788972493261 12.267890975344928 11.403708501718937 4.1784551832824937 11.631785677280279 4.611065288539975 7.4110803469084194 59.047503291629255 28.468079702928662 10.569363211281596 6.6418652273714534 115.0700342846103
leaf_count=778 1240 291 378 329 280 53 187 143 74 785 642 264 177 3838
internal_value=0.000245983 0.0018738 0.00661538 0.00335447 0.0146072 -0.00598023 0.02226 0.0369781 -0.00133871 -0.00602967 -0.00249611 0.00703033 0.0205757 -0.00871495
internal_weight=373.601 349.496 218.421 182.09 50.4838 131.075 39.0801 16.2429 131.606 94.9267 87.5156 22.8373 36.3317 119.248
internal_count=9459 8219 4037 3482 1203 4182 923 330 2279 1501 1427 593 555 3891
is_linear=0
shrinkage=0.035


Tree=106
num_leaves=15
num_cat=0
split_feature=87 55 11 101 98 44 14 54 63 66 34 75 75 66
split_gain=10.5234 8.43878 9.13682 8.02501 12.102 11.6011 6.10854 6.62883 6.2266 5.88614 5.85626 4.99908 4.99007 4.8765
threshold=1.5000000000000002 0.56736587333602262 2.5000000000000004 0.12250000000000001 1.589572192513369 0.26975051975051983 3.5000000000000004 0.25543478260869573 0.60749299719887961 4.1849595141819345 5.5000000000000009 1.7231800766283527 2.2412698412698417 2.0343637680652829
decision_type=8 8 2 2 2 2 2 8 2 10 2 10 10 10
left_child=-1 -2 -3 6 9 -6 7 -4 12 11 -7 -5 13 -8
right_child=1 2 3 4 5 10 8 -9 -10 -11 -12 -13 -14 -15
leaf_value=0.025485547876460592 -0.010030646551988289 -0.011112624319974574 0.033377748079931359 0.0040085053198932819 -0.0026257056919983231 0.034798273926313482 -0.0068150051238247212 0.0071029003573928528 -0.016938147058011808 0.014931840321564201 -0.0079293666413454752 -0.014239958756567096 -0.011271426843768901 0.027026780667402744
leaf_weight=15.175660725682972 81.672143331728876 45.465718032792211 22.241159977391362 22.265610567759722 26.241629225201905 20.441320081707094 4.8528683446347776 26.852916338481009 9.791306240949778 9.1071787532418949 2.7179580866359165 66.344788281712681 5.7350487248040727 13.862252664286641
leaf_count=177 2774 1887 300 478 707 476 76 584 106 108 77 1428 65 155
internal_value=0.000891236 -0.000489552 0.00246287 0.00532026 0.000302907 0.013641 0.0136593 0.0209911 0.00181191 -0.00677592 0.0292662 -0.00968538 0.0109215 0.0186648
internal_weight=372.768 357.592 275.92 230.454 147.118 49.4009 83.3356 49.0941 34.2415 97.7176 23.1593 88.6104 24.4502 18.7151
internal_count=9398 9221 6447 4560 3274 1260 1286 884 402 2014 553 1906 296 231
is_linear=0
shrinkage=0.035


Tree=107
num_leaves=15
num_cat=0
split_feature=55 50 0 54 45 94 69 145 93 43 93 101 26 116
split_gain=10.0729 8.46759 8.69552 8.08131 6.90855 5.99568 5.94313 6.01296 5.01836 4.97352 4.88414 4.62239 4.76959 4.42803
threshold=0.50247524752475259 0.045804195804195813 2.9956192129629637 0.16954022988505749 0.092807924203273051 17428.000000000004 2.7500000000000004 0.25529966493361106 44274.000000000007 0.30053763440860221 78120.500000000015 0.45643939393939398 25.500000000000004 0.5131670131670133
decision_type=8 2 2 8 2 2 10 10 2 2 2 2 2 2
left_child=5 2 4 8 -2 -1 7 13 9 -4 -10 12 -8 -3
right_child=1 6 3 -5 -6 -7 11 -9 10 -11 -12 -13 -14 -15
leaf_value=0.013698255633786327 0.023544312390528798 -0.0069770476770984182 0.015316239945446303 -0.0054452064517422141 0.0015584519338726268 -0.016255715471406838 0.017937453473322061 -0.02028279025724776 0.028269677782468684 -0.01726974457891111 0.00071538914526837001 -0.012717708128623901 -0.01349533845573404 0.015726199714299813
leaf_weight=5.6569848549552253 47.510164478328079 35.271856453735381 5.1119178798981002 78.920820075552911 27.389779428951442 52.535376666579396 24.989966229535643 32.634473925922066 19.257154925260696 8.6372318882495147 12.065380592364816 7.481536795385181 3.4912273176014414 9.2677530576474947
leaf_count=183 562 1306 66 2456 448 2007 405 1046 264 99 195 183 46 144
internal_value=0.000273247 0.00281307 0.00709758 0.00124309 0.0161051 -0.0124904 -0.00470064 -0.009978 0.0123286 -0.00430073 0.0192154 0.0064599 0.0126445 -0.00114254
internal_weight=370.222 312.029 198.892 123.993 74.8999 58.1924 113.137 77.1741 45.0717 13.7491 31.3225 35.9627 28.4812 44.5396
internal_count=9410 7220 4090 3080 1010 2190 3130 2496 624 165 459 634 451 1450
is_linear=0
shrinkage=0.035


Tree=108
num_leaves=15
num_cat=0
split_feature=10 54 56 119 98 42 69 47 94 145 117 63 26 60
split_gain=9.07007 9.23757 8.02894 8.00588 7.425 11.3023 9.60973 8.19802 7.78919 6.60137 6.51617 6.37187 5.80206 6.86473
threshold=3.5000000000000004 0.44949494949494956 0.66811594202898561 0.70784234098129406 1.5972972972972974 6.5000000000000009 3.2500000000000004 0.040956108470785575 71263.000000000015 0.28748712076900379 0.12916666666666668 0.70341435185185197 12.500000000000002 0.90754985754985762
decision_type=2 8 10 10 2 10 8 2 2 10 2 2 2 2
left_child=1 2 4 -3 6 9 8 11 10 -6 -1 -8 13 -10
right_child=-2 3 -4 -5 5 -7 7 -9 12 -11 -12 -13 -14 -15
leaf_value=0.021146176131209934 -0.017913087729648083 0.0045148370432349753 -0.0080390039149263754 -0.019438934750235268 0.014895896770192806 0.03791276675620163 0.031469917385905419 -0.011205846399048586 -0.0056657671486923826 -0.0087434249212040727 -0.0087915039573349934 -0.0026250388350247933 -0.0092893701944214615 0.029677687431966464
leaf_weight=5.0620036385953417 23.291739832609892 27.71470804233104 42.518402258865535 33.891051513142884 40.070847642607987 17.424395695328712 25.275584901683033 6.9671467817388466 7.6221345043741193 17.374422166030854 91.855302735697478 7.6929671214893451 8.2932493081316334 17.384527841117233
leaf_count=53 1221 897 1433 1309 891 301 272 97 154 470 1772 146 130 291
internal_value=0.00117836 0.00268689 0.00533208 -0.00913283 0.0077667 0.016601 0.00351658 0.0174772 -0.00125287 0.00761854 -0.00626715 0.0242161 0.0122538 0.0197558
internal_weight=372.438 349.147 287.541 61.6058 245.023 74.8697 170.153 39.9357 130.217 57.4453 96.9173 32.9686 33.2999 25.0067
internal_count=9437 8216 6010 2206 4577 1662 2915 515 2400 1361 1825 418 575 445
is_linear=0
shrinkage=0.035


Tree=109
num_leaves=15
num_cat=0
split_feature=88 83 55 98 63 118 96 110 107 56 68 65 110 86
split_gain=10.6579 9.81677 7.99813 6.55424 12.0919 9.8354 9.8853 8.62672 7.54582 6.78349 6.45076 6.37039 6.47508 5.33102
threshold=1079.5000000000002 1537.5000000000002 0.51492869875222824 1.5303308823529413 0.53378995433789966 0.67156862745098056 3.2583333333333337 1098.5000000000002 1817.8094299498894 0.36474501108647456 10.500000000000002 2.3405797101449282 96.250000000000014 209.44753394541917
decision_type=10 10 8 2 2 2 2 8 10 10 10 8 10 8
left_child=1 2 10 5 -5 7 13 8 -4 -6 -1 12 -11 -7
right_child=-2 -3 3 4 9 6 -8 -9 -10 11 -12 -13 -14 -15
leaf_value=-0.014443067866836237 0.029565745187183398 -0.018667617992708344 0.041220574784010575 -0.0081216296349762782 0.032624475478081547 0.011459159841256533 0.022030847421680218 -0.0091381176584627664 0.0028232664315301984 0.030392426817827278 0.016955657800530308 -0.0068688978893476638 -0.0095769352498305243 -0.0075190230664201121
leaf_weight=46.686661317944527 10.837971620261667 25.889106007758528 12.371648579835893 22.516640566289425 25.122631114907563 16.174355356488377 13.075446791946886 8.5949743315577489 11.042098807636647 12.648462898563595 5.1601294577121726 16.212359408847988 4.1819385206326833 141.98168764961883
leaf_count=1386 62 2584 147 508 396 118 150 352 261 294 118 354 147 2525
internal_value=0.00146283 0.000228968 0.00193849 0.00427389 0.0123946 0.000829941 -0.00263461 0.0172156 0.0267955 0.0203509 -0.0101016 0.00795787 0.0205422 -0.00528646
internal_weight=372.496 361.658 335.769 283.922 80.682 203.24 171.231 32.0087 23.4137 58.1654 51.8468 33.0428 16.8304 158.156
internal_count=9402 9340 6756 5252 1699 3553 2793 760 408 1191 1504 795 441 2643
is_linear=0
shrinkage=0.035


Tree=110
num_leaves=15
num_cat=0
split_feature=10 54 14 100 66 119 109 109 87 101 98 40 43 71
split_gain=9.49896 9.88223 9.61814 9.52101 8.72776 7.17332 7.49308 6.30046 5.24414 5.11742 5.33432 4.83729 5.06374 4.78201
threshold=3.5000000000000004 0.22474747474747478 3.5000000000000004 0.067816091954023008 2.0343637680652829 0.77303240518350214 281.50000000000006 1160.5000000000002 163.50000000000003 0.44636015325670503 0.90238095238095251 9.5000000000000018 0.40946348733233989 3.874156622093976
decision_type=2 8 2 2 10 10 10 8 10 2 2 2 2 8
left_child=1 2 9 4 -4 6 -3 -8 -6 10 -1 -7 -13 -11
right_child=-2 5 3 -5 8 11 7 -9 -10 13 -12 12 -14 -15
leaf_value=-0.0099808684403038025 -0.018778501931695678 -0.0019613437152851011 -0.011099776412662733 -0.0080828129627146771 0.024395300801578413 -0.011575482399790095 0.036815309098890303 -0.0071311656800150469 -0.0075067126068882528 0.013756589884823868 0.024466369278253415 -0.0067373756367748797 0.024240244736993571 -0.014963408981260033
leaf_weight=3.4041719287633887 22.711105887312442 35.287463490851223 11.836529757361857 59.385823818854988 32.051258605439216 94.825985296163708 8.9832800403237307 3.6214371044188747 5.1975501240231088 10.495557964313777 54.403773108031601 11.754208677448334 6.0595482783392063 8.1197105315513891
leaf_count=56 1218 1095 233 986 356 3088 95 88 39 296 1009 374 138 263
internal_value=0.000964767 0.00251226 0.00793278 0.00105777 0.0118414 -0.00378191 0.00707667 0.0257498 0.0195822 0.0170266 0.0218048 -0.00850331 0.00680321 0.00071354
internal_weight=368.137 345.426 184.894 108.471 49.0853 160.532 47.8922 12.6047 37.2488 76.4232 57.8079 112.64 17.8138 18.6153
internal_count=9334 8116 3238 1614 628 4878 1278 183 395 1624 1065 3600 512 559
is_linear=0
shrinkage=0.035


Tree=111
num_leaves=15
num_cat=0
split_feature=81 10 50 118 98 65 110 66 43 110 65 55 40 65
split_gain=9.56187 7.76719 7.55806 6.80575 10.0717 12.5526 10.0486 9.13429 8.33345 7.89837 6.71761 6.6342 6.23018 6.22681
threshold=420.30579107873831 3.5000000000000004 0.074350469872857941 0.67156862745098056 1.0571895424836604 5.2111111111111121 1234.0000000000002 1.3667383171330054 0.47114317425083246 88.250000000000014 1.720779220779221 0.73746867167919816 26.500000000000004 2.5590277777777781
decision_type=10 2 2 2 2 8 8 8 2 10 8 8 2 10
left_child=1 2 3 6 5 12 10 8 9 -6 -1 -9 -5 -4
right_child=-2 -3 13 4 7 -7 -8 11 -10 -11 -12 -13 -14 -15
leaf_value=0.00078137903892796167 -0.017848354289664841 -0.01610723870336488 -0.01261501332276343 -0.015999963256853978 0.033913904152696107 0.019108440773272967 -0.0074253984647544699 -0.0055074187553591008 -0.012462021874605095 -0.010040773849416906 0.038042737276352073 0.013218771285603673 0.011349612694917726 0.0060519888391321313
leaf_weight=7.9868250275030759 24.538981802761555 19.701921969652176 46.259293080307543 56.070443667471409 31.666151044890285 16.082273951731622 10.15362844802439 43.994585918262601 4.1531286565586916 3.5269562788307658 20.631888015195727 39.615334713831544 8.5303620062768442 34.166036034934223
leaf_count=192 2729 810 1346 1010 478 254 389 652 103 123 302 464 57 530
internal_value=0.00129288 0.00290118 0.00428918 0.00733901 0.00451988 -0.00491008 0.019938 0.0106578 0.0235377 0.0288078 0.0293067 0.0036105 -0.0118326 -0.00479488
internal_weight=367.078 342.539 322.837 242.412 203.639 80.6831 38.7723 122.956 39.3462 35.1931 28.6187 83.6099 64.6008 80.4253
internal_count=9439 6710 5900 4024 3141 1321 883 1820 704 601 494 1116 1067 1876
is_linear=0
shrinkage=0.035


Tree=112
num_leaves=15
num_cat=0
split_feature=83 69 47 50 59 109 117 110 99 32 87 145 65 94
split_gain=8.37004 6.72419 9.7226 8.72246 8.65639 7.4352 6.95388 8.08742 7.61062 6.68164 5.57366 5.39644 6.49643 4.78645
threshold=1618.5000000000002 2.7500000000000004 0.040956108470785575 0.073350071736011491 0.6906926406926408 161.50000000000003 0.81892697466467979 200.25000000000003 0.96875000000000011 4.5000000000000009 383.50000000000006 0.28748712076900379 2.5590277777777781 44407.000000000007
decision_type=10 10 2 2 2 10 2 10 2 2 8 10 10 2
left_child=1 3 5 4 6 -3 7 -1 -9 13 -4 12 -5 -6
right_child=-2 2 10 11 9 -7 -8 8 -10 -11 -12 -13 -14 -15
leaf_value=-0.015779026812288547 -0.01752822098931002 -0.0072156784593959368 0.018876186570192428 -0.010319365446922125 -0.0093090562344192058 0.018533471004602453 0.010174003615383766 0.029059985455772826 -0.012220684229334963 0.025707856535700714 -0.0139123717081352 -0.024981090674618331 0.019523614660351997 0.010955339364415196
leaf_weight=54.157107082661241 24.012608358170837 13.830674823373554 3.4088004510849741 34.287456794641912 18.127587343100458 73.862284526694566 24.846466656774282 6.928538232110439 6.2074813540093601 21.485323939006776 25.734133785590529 20.410805571358651 6.6925785671919575 33.338875050656497
leaf_count=1552 2488 193 31 1102 384 939 282 72 178 327 376 626 115 760
internal_value=0.000542219 0.00203958 0.00867443 -0.00149659 0.00273675 0.0143022 -0.00432474 -0.0100115 0.0115615 0.0113609 -0.0078745 -0.0122295 -0.00385255 0.0036255
internal_weight=367.331 343.318 116.836 226.482 165.091 87.693 92.1396 67.2931 13.136 72.9518 29.1429 61.3908 40.98 51.4665
internal_count=9425 6937 1539 5398 3555 1132 2084 1802 250 1471 407 1843 1217 1144
is_linear=0
shrinkage=0.035


Tree=113
num_leaves=15
num_cat=0
split_feature=87 55 32 11 98 63 81 76 94 100 95 60 101 44
split_gain=8.39641 8.23969 9.43484 10.0663 9.63387 9.71068 7.07201 5.91217 5.82876 5.73962 6.69753 5.85733 5.64571 5.24443
threshold=1.5000000000000002 0.56736587333602262 1.5000000000000002 5.5000000000000009 1.3021739130434786 0.53798076923076932 168.07894622118144 0.44782039932319934 27420.750000000004 0.077935222672064791 1824.5000000000002 0.84877072612921689 0.13188405797101452 0.74166666666666681
decision_type=8 8 2 2 2 2 8 8 2 2 2 2 2 2
left_child=8 -2 3 6 12 -6 -3 -7 -1 10 -5 -12 -4 -8
right_child=1 2 4 9 5 7 13 -9 -10 -11 11 -13 -14 -15
leaf_value=-0.0077624721304002933 -0.009389570827264453 0.019564615620097679 0.011545028097781837 -0.013833986121578266 -0.0053394437499566074 0.00451031496625659 -0.013624258644447952 0.041608068864278973 0.032947111007875937 -0.0024636656704637365 -0.01199847914645385 0.02106021061693546 -0.014238505796371901 0.011398529307420593
leaf_weight=3.6404270986095062 78.680259743705392 5.6209242083132258 17.056686143390838 5.9226877079345277 8.8345917547121626 8.2900951663032192 86.078059105668217 20.667320583481342 11.324852561578153 46.025955017190427 4.2314017233438781 48.178335879929364 14.702284269966183 7.762495760805904
leaf_count=39 2765 63 319 91 209 144 3058 375 136 896 90 741 287 223
internal_value=0.00149989 0.000244221 0.00313582 -0.000743388 0.0137913 0.0246317 -0.00849694 0.0332154 0.0235802 0.00669696 0.0135488 0.0175786 -0.00070421 -0.0110825
internal_weight=367.016 352.051 273.371 203.82 69.551 37.792 99.4615 28.9574 14.9653 104.358 58.3324 52.4097 31.759 93.8406
internal_count=9436 9261 6496 5162 1334 728 3344 519 175 1818 922 831 606 3281
is_linear=0
shrinkage=0.035


Tree=114
num_leaves=15
num_cat=0
split_feature=11 117 110 97 116 92 44 14 98 55 98 46 125 72
split_gain=8.61759 9.6145 8.59298 8.59124 9.52894 7.76494 6.84941 6.2935 6.31319 5.68209 8.31307 5.51054 6.59425 5.11553
threshold=2.5000000000000004 0.11324786324786326 77.250000000000014 5.004931959903737 0.90521114106019784 19125.500000000004 0.41561309977151567 1.5000000000000002 0.84731934731934744 0.73123827392120078 0.89039039039039047 0.048583792289535806 1.0000000180025095e-35 8.5000000000000018
decision_type=2 2 10 2 2 2 2 2 2 10 2 2 2 10
left_child=-1 -2 3 7 9 6 -4 -3 -9 -5 -11 -10 -13 -12
right_child=1 2 5 4 -6 -7 -8 8 11 10 13 12 -14 -15
leaf_value=-0.011604070091950976 0.023715736114315118 0.026113489756600536 -0.011708620579881536 -0.012508853251348076 0.02004115587826618 -0.019345682198035338 0.031387606898718348 -0.018798728206936038 -0.00071547277972674106 -0.018506356330858294 -0.0026151797341591137 -0.0067297591070158546 0.023701863199446168 0.018655017713035356
leaf_weight=51.690188185777515 20.769242839422077 21.843724586535245 5.0880794217810017 61.004687113221735 16.116950986906886 34.168138885870576 4.1525127203203738 6.5205790246836832 37.750793559011072 13.181752628646789 23.957432636525482 8.9010700145736319 32.776347366627306 24.663975340779871
leaf_count=2246 254 507 220 1422 181 1501 115 134 1027 167 303 209 759 338
internal_value=0.000976933 0.00321924 0.00137503 0.0039504 -0.00181525 -0.0121585 0.0118786 0.0111323 0.00609859 -0.00535544 0.0021133 0.00913477 0.0171779 0.00890788
internal_weight=362.585 310.895 290.126 246.717 138.925 43.4087 9.24059 107.793 85.9488 122.808 61.8032 79.4282 41.6774 48.6214
internal_count=9383 7137 6883 5047 2411 1836 335 2636 2129 2230 808 1995 968 641
is_linear=0
shrinkage=0.035


Tree=115
num_leaves=15
num_cat=0
split_feature=88 83 0 56 63 117 29 41 9 73 40 28 0 76
split_gain=8.77835 11.3465 7.593 7.57563 6.35307 6.325 6.17784 6.03222 10.6817 5.98422 6.15807 5.41892 5.08923 4.82532
threshold=1079.5000000000002 1341.5000000000002 4.7096238425925927 0.20864427860696519 0.47646733111849399 0.17028985507246377 1.0000000180025095e-35 6.5000000000000009 8.5000000000000018 20.500000000000004 13.500000000000002 2.5000000000000004 132.59153356481485 0.3896352499341208
decision_type=10 10 2 8 2 2 2 8 2 10 2 2 2 8
left_child=1 2 5 4 -4 -1 11 8 -5 10 -8 -7 -9 -10
right_child=-2 -3 3 7 -6 6 9 12 13 -11 -12 -13 -14 -15
leaf_value=0.026027134298624299 0.026680621969764111 -0.018469558074324662 -0.016071278209649889 -0.0051343771062341307 0.017605718760089841 0.016381382595330684 -0.015477472140580166 -0.018925973688741399 -0.0075033784278829571 0.016866821377308314 0.013657333129754621 -0.012211222964855403 0.004286166744419821 0.030578304995307795
leaf_weight=16.596588287502527 10.572976909577845 32.235388733912259 4.4163785902783266 91.605081631802022 29.53992217592895 48.467016692273319 34.561672450043261 46.00400435552001 3.1399296103045318 8.7755423476919514 7.2726138532161704 5.8312410078942767 12.875196293927727 12.113098232075572
leaf_count=208 62 2914 45 2660 351 584 546 1142 78 114 63 93 325 238
internal_value=0.000963148 -0.000167642 0.00192408 -0.00227517 0.0117251 0.00864272 0.00483356 -0.00540291 -0.000302118 -0.00381864 -0.00949526 0.01254 -0.013912 0.0228219
internal_weight=364.007 353.434 321.198 199.694 33.9563 121.505 104.908 165.737 106.858 50.6098 41.8343 54.2983 58.8792 15.253
internal_count=9423 9361 6447 4839 396 1608 1400 4443 2976 723 609 677 1467 316
is_linear=0
shrinkage=0.035


Tree=116
num_leaves=15
num_cat=0
split_feature=96 117 24 100 90 0 86 93 49 107 110 119 74 114
split_gain=7.01188 7.59537 10.6337 7.21659 6.79424 5.95662 5.91443 6.4632 6.41473 5.22836 8.24882 8.7504 6.01434 6.77914
threshold=3.3229166666666674 0.12916666666666668 2.5000000000000004 0.58578431372549034 64070.27659574469 86.324594907407416 296.64113681089219 55169.500000000007 0.059411764705882358 1441.5748728058809 95.250000000000014 2.0112947703490582 12.750000000000002 0.13015245623941277
decision_type=2 2 2 2 2 2 8 2 2 8 10 10 10 2
left_child=1 2 -1 6 5 -5 7 -3 9 -8 11 12 -11 -14
right_child=-2 3 -4 4 -6 -7 8 -9 -10 10 -12 -13 13 -15
leaf_value=-0.0019097885737153976 0.019624692371920664 -0.0079701913979023861 0.031915754775771417 0.036302005464713155 -0.0080279666740396098 -0.0060772023577094171 -0.014517453258466826 0.017981381650685507 0.012515153565376575 -0.0036298526733078507 -0.022011367513611737 -0.0046014661975645535 0.039050596805257277 -0.010543217954730587
leaf_weight=27.007516948506236 15.537825416773556 16.913087397348136 14.045448163058607 9.9609697987325507 8.556513059884308 3.8333645607344797 96.231082830112427 21.965342223178595 14.901596513111143 8.6589614851400274 19.809187984094024 91.318774142768234 10.34465687908232 2.0256612459197632
leaf_count=799 187 483 152 207 242 106 2373 682 314 307 911 2213 338 79
internal_value=-0.000255878 -0.00141691 0.0118716 -0.0033712 0.0139155 0.0260414 -0.00495894 0.00707005 -0.00698487 -0.00849804 -0.00374553 0.000275738 0.0182704 0.0302323
internal_weight=361.11 345.572 41.053 304.519 22.3508 13.7943 282.168 38.8784 243.29 228.388 132.157 112.348 21.0293 12.3703
internal_count=9393 9206 951 8255 555 313 7700 1165 6535 6221 3848 2937 724 417
is_linear=0
shrinkage=0.035


Tree=117
num_leaves=15
num_cat=0
split_feature=88 50 118 110 110 100 106 71 116 94 100 109 66 69
split_gain=9.19179 8.11733 8.37741 10.4402 9.4895 8.69761 9.29701 8.89256 9.63119 8.53375 7.4061 8.3194 9.432 6.77115
threshold=1079.5000000000002 0.10050505050505053 0.67156862745098056 59.750000000000007 1098.5000000000002 0.61250000000000016 687.16666666666674 2.411193067343794 0.3120941558441559 66134.000000000015 0.054093567251461992 6445.5000000000009 3.0569091440543077 1.7500000000000002
decision_type=10 2 2 10 8 2 10 8 2 2 2 10 10 8
left_child=1 2 4 5 13 6 10 -8 -9 -7 11 12 -4 -1
right_child=-2 -3 3 -5 -6 9 7 8 -10 -11 -12 -13 -14 -15
leaf_value=0.0011441787061903866 0.026913782332092139 -0.011346517123828035 -0.011543745996443762 -0.014059310696146474 -0.0088929910463679263 0.040223715678603111 -0.010948191617440253 -0.012102644763840421 0.027867761814243951 -0.0080304565092854194 -0.011209228539018259 0.021489202946918758 0.019089859311669344 0.034489205109827809
leaf_weight=11.037379850167783 11.036236319690941 60.387940237298608 39.419234097469598 48.591545000206679 11.487968772184102 8.9138196143321675 10.927502947393803 6.1832394292578092 32.12792081059888 4.5156285059638313 71.109016980510205 18.799311192240566 12.135171327739952 20.533623578958213
leaf_count=361 67 2252 889 2158 480 128 230 176 631 96 1258 225 130 413
internal_value=0.0009925 -0.000172168 0.00225993 -0.000281749 0.0156549 0.0032556 0.00100968 0.0133659 0.0207643 0.0262217 -0.00360058 0.00432324 -0.00328279 0.0245819
internal_weight=367.206 356.169 295.781 252.722 43.059 204.131 190.701 49.2387 38.3112 13.4294 141.463 70.3537 51.5544 31.571
internal_count=9494 9427 7175 5921 1254 3763 3539 1037 807 224 2502 1244 1019 774
is_linear=0
shrinkage=0.035


Tree=118
num_leaves=15
num_cat=0
split_feature=96 117 97 110 107 100 126 9 66 60 94 85 115 99
split_gain=7.22735 6.74286 13.7156 8.97354 8.99606 8.60896 6.66316 8.01891 12.2754 7.57876 5.92613 5.68699 5.68096 5.52588
threshold=3.60952380952381 0.17028985507246377 2.9784571001579669 86.250000000000014 1780.7868310646534 0.63961038961038974 1.0000000180025095e-35 3.5000000000000004 0.83841403847544094 0.92214439655172431 75101.000000000015 588.92857142857156 0.21483516483516488 0.25462962962962971
decision_type=2 2 2 10 8 2 2 2 10 2 2 10 2 2
left_child=1 2 -1 4 5 11 7 -6 9 -9 -8 13 -10 -3
right_child=-2 3 -4 -5 6 -7 10 8 12 -11 -12 -13 -14 -15
leaf_value=-0.0038936863592477465 0.022550365191694573 0.012049579561626243 0.032487592517509357 -0.01832959609699842 -0.012067654698695831 0.018263838601936113 -0.0099602697059389626 0.0041231589210247183 -0.0021234746953103026 0.055424349549898055 0.018855640570622823 0.011586928854860404 0.024306580025543058 -0.012297768660886577
leaf_weight=30.420511037111282 11.241622142493723 8.5410371515899879 15.714641234837471 36.878750330302864 8.9805765673518163 11.733246582560239 34.026714774779975 5.8703866009600452 29.382454289123416 8.9765147431753558 6.398722675163298 11.847385377157478 9.5522234821692091 129.8464866685681
leaf_count=903 147 163 209 1869 317 221 938 171 785 199 148 346 184 2830
internal_value=-0.000282574 -0.00132862 0.0104635 -0.0032709 -0.000876011 -0.00595517 0.00700325 0.0137459 0.0187161 0.041289 -0.00382575 -0.008374 0.00638913 -0.0104273
internal_weight=359.411 348.17 46.1352 302.034 265.156 161.968 103.188 62.7622 53.7816 14.8469 40.4254 150.235 38.9347 138.388
internal_count=9430 9283 1112 8171 6302 3560 2742 1656 1339 370 1086 3339 969 2993
is_linear=0
shrinkage=0.035


Tree=119
num_leaves=15
num_cat=0
split_feature=87 101 11 117 106 32 98 92 91 74 29 98 101 20
split_gain=8.69688 8.04345 6.21913 7.11903 9.02108 7.658 7.71651 6.03413 5.90917 4.9689 5.47123 4.69544 9.28319 8.13763
threshold=1.5000000000000002 0.21583850931677021 9.5000000000000018 0.21498599439775914 1424.1176470588236 4.5000000000000009 1.3021739130434786 57284.500000000007 217.3360422711238 12.250000000000002 24.500000000000004 1.4472222222222224 0.54692082111436957 2.5000000000000004
decision_type=8 2 2 2 8 2 2 2 10 10 2 2 2 2
left_child=-1 2 3 4 8 7 -7 -5 -2 -4 -11 -3 13 -13
right_child=1 11 9 5 -6 6 -8 -9 -10 10 -12 12 -14 -15
leaf_value=0.024132314870696652 -0.0066038592973264093 -0.013178461385540024 -0.0027936483249000723 -0.018050515554712668 -0.008617516815176321 -0.0058959361609744144 0.027781088763293327 0.00098114941315856417 0.035516436060454765 0.028176378369636556 0.00027245253210572977 0.015518342212250564 -0.011566462840897887 -0.013712116042042581
leaf_weight=13.481976983603088 3.4369793487712803 62.539546858053654 14.247995246201752 40.316441451665014 10.600986907258628 14.188758162781598 11.265034307260064 36.236408977303654 13.784666537772862 25.296736451797187 12.161379151977597 41.440311282873154 49.181990238372236 11.301943433936684
leaf_count=164 132 1845 187 1218 406 271 176 930 203 329 164 1128 1850 445
internal_value=0.00073846 -0.000503871 0.00451797 0.000283356 0.0145328 -0.00410069 0.0111226 -0.00953401 0.0275159 0.0141882 0.0202159 -0.00601674 -0.00121162 0.00860968
internal_weight=359.481 345.999 181.535 129.829 27.8226 102.007 25.4538 76.5529 17.2216 51.7061 37.4581 164.464 101.924 52.7423
internal_count=9448 9284 4016 3336 741 2595 447 2148 335 680 493 5268 3423 1573
is_linear=0
shrinkage=0.035


Tree=120
num_leaves=15
num_cat=0
split_feature=83 27 66 50 42 92 118 110 45 1 76 119 3 65
split_gain=9.43257 6.73661 7.63418 9.23706 11.0145 7.34341 7.20998 6.81168 4.74653 6.93511 5.70911 5.05995 4.88234 4.73248
threshold=1537.5000000000002 1.5000000000000002 1.3792679969468657 0.073350071736011491 2.5000000000000004 45436.500000000007 0.61721611721611735 1098.5000000000002 0.067231638418079109 18.500000000000004 0.9093766034416223 1.6591502861767906 4.5000000000000009 2.5313725490196082
decision_type=10 2 8 2 10 2 2 10 2 2 10 10 2 10
left_child=1 2 3 4 -1 -6 7 -3 9 10 -4 -10 -11 -8
right_child=-2 6 8 -5 5 -7 13 -9 11 12 -12 -13 -14 -15
leaf_value=-0.0074734616431948418 -0.016978767723995425 0.033775100032271604 -0.011072266815703655 -0.010468255281976294 0.040391923049978705 0.0055404252524468393 -0.003251771558136103 -0.0093850901862298965 0.0018547995189292425 -0.0090825911279913893 0.022161377913652715 -0.018517760366750881 0.029779488336616911 0.010067624785424806
leaf_weight=14.201132626272736 25.701871815603226 16.42499661445618 33.963203278370202 19.227387546561658 15.763660137541594 14.363215859048067 49.271439237054437 3.3293815795332184 20.12248900718987 2.8645265949890009 2.7836375115439287 44.787532371468842 8.9321942469105107 81.795588415581733
leaf_count=447 2620 170 763 681 293 294 1117 105 561 98 45 1135 135 905
internal_value=0.0016165 0.00330753 -0.00132939 0.00800589 0.016268 0.0269299 0.0086176 0.0260746 -0.0066761 0.00157906 -0.00620202 -0.0125212 0.0204482 0.00512503
internal_weight=353.532 327.83 177.009 63.5554 44.328 30.1269 150.821 19.7544 113.454 48.5436 36.7468 64.91 11.7967 131.067
internal_count=9369 6749 4452 1715 1034 587 2297 275 2737 1041 808 1696 233 2022
is_linear=0
shrinkage=0.035


Tree=121
num_leaves=15
num_cat=0
split_feature=69 98 55 110 143 45 19 91 99 117 113 26 0 108
split_gain=7.33862 5.49927 11.9085 5.7526 6.76423 5.40698 5.71999 5.4002 5.27583 5.23707 5.39958 5.07504 4.71239 4.63876
threshold=2.7500000000000004 1.0571895424836604 0.82247899159663873 85.250000000000014 0.018220668220668226 0.16024691358024692 1.5000000000000002 154.2306146578008 0.59687500000000016 0.80131578947368431 0.029198635976129584 3.5000000000000004 74.426556712962977 46.500000000000007
decision_type=8 2 10 10 10 2 2 8 2 2 2 2 2 10
left_child=1 13 9 4 -4 6 7 -2 -6 12 -11 -7 -3 -1
right_child=5 2 3 -5 8 11 -8 -9 -10 10 -12 -13 -14 -15
leaf_value=-0.016875118194391477 -0.0054335155507832774 -0.0036976840120681318 0.028831402860369993 -0.0065691083162458504 -0.018817693088865755 0.0047059682282929978 -0.0079302804631561953 0.016107742865457922 0.013663127077304625 0.018522656893796133 -0.010300290016461953 -0.021372739390358907 -0.020907290369949694 0.00696455819871081
leaf_weight=48.204860924277455 14.513701996300368 48.016942786052823 23.460633288137615 11.805876706261186 5.6267636478878549 18.763471723068509 16.044917432591319 81.571141314692795 9.4640694065019471 13.095696629025044 9.9162906617857498 10.570868655107914 31.262624226510525 9.3824422475881857
leaf_count=1515 280 1765 497 462 80 575 280 1348 224 176 201 270 1442 280
internal_value=0.000106732 -0.00400728 -0.000411302 0.0127863 0.0187873 0.00614884 0.00957524 0.0127461 -0.000116807 -0.00720145 0.00648073 -0.0064356 -0.0113218 -0.0127449
internal_weight=351.7 210.236 152.649 50.3573 38.5515 141.464 112.13 96.0848 15.0908 102.292 23.012 29.3343 79.2796 57.5873
internal_count=9395 6642 4847 1263 801 2753 1908 1628 304 3584 377 845 3207 1795
is_linear=0
shrinkage=0.035


Tree=122
num_leaves=15
num_cat=0
split_feature=88 86 110 110 110 107 98 119 96 100 64 128 50 3
split_gain=7.55877 10.1791 6.38671 12.3868 8.20198 7.45724 6.74035 6.7262 6.26479 6.13279 5.84325 5.8205 7.83253 6.46442
threshold=1079.5000000000002 287.39754870672448 1234.0000000000002 310.25000000000006 82.250000000000014 1441.5748728058809 0.84731934731934744 0.78582996308391106 3.8166666666666669 0.63961038961038974 0.79285714285714304 0.093073593073593086 0.10050505050505053 13.500000000000002
decision_type=10 10 8 10 10 10 2 10 2 2 2 2 2 2
left_child=1 2 3 4 5 8 -7 -6 9 -1 -3 12 -8 -13
right_child=-2 10 -4 -5 7 6 11 -9 -10 -11 -12 13 -14 -15
leaf_value=-0.0078295491442545839 0.024167960907868054 0.017024164666484942 -0.020016292238241192 0.027601071241809296 0.0083250233060114479 -0.013606214045708678 0.027051384772152881 -0.019435132188062615 0.020584356521815748 0.016318734904923547 -0.024053078924346487 -0.018275336205231939 -0.0041360630483402942 0.0087154916786285376
leaf_weight=107.89363156119362 10.894437734037636 1.3260925258509839 11.38709576660767 17.224499486852437 11.442517254035918 10.39432355808094 37.522361265029758 34.318298988975585 7.7828954420983782 9.8305418272502703 24.924958060961217 8.4208364412188512 11.275806269142775 55.264013670850545
leaf_count=2081 66 65 495 204 309 172 804 1432 112 175 2019 185 382 965
internal_value=0.000561504 -0.000506322 0.00132064 0.00240496 0.000492864 0.00305745 0.00902015 -0.0123574 -0.00290224 -0.00523035 -0.0195863 0.0116011 0.0201303 0.00407601
internal_weight=359.902 349.008 322.757 311.37 294.145 248.384 122.877 45.7608 125.507 117.724 26.2511 112.483 48.7982 63.6849
internal_count=9466 9400 7316 6821 6617 4876 2508 1741 2368 2256 2084 2336 1186 1150
is_linear=0
shrinkage=0.035


Tree=123
num_leaves=15
num_cat=0
split_feature=88 83 45 56 98 54 57 114 96 98 55 90 109 109
split_gain=8.82826 8.76652 6.36294 7.64656 6.13102 7.38781 7.11418 6.94457 6.26966 5.6009 5.89937 5.31297 5.03018 7.093
threshold=1079.5000000000002 1341.5000000000002 0.069366479550922219 0.30690737833594983 1.0571895424836604 0.31009615384615391 0.43095238095238103 0.091608391608391626 3.3229166666666674 1.5577777777777781 0.53640862495581498 20148.772727272732 281.50000000000006 2640.0000000000005
decision_type=10 10 2 8 2 10 8 2 2 2 10 2 8 8
left_child=1 2 4 9 6 7 8 11 -1 -4 -11 -6 -8 -14
right_child=-2 -3 3 -5 5 -7 12 -9 -10 10 -12 -13 13 -15
leaf_value=-0.020803362233697734 0.028027054048343256 -0.016768110631992315 -0.0024788212208520974 -0.0084907535475408826 -0.0031301000365419988 -0.0073296715099188678 -0.0082833961207439098 0.0001405872066387199 0.015965812596450666 -0.0059050858127167819 0.025999760822574179 0.031528173036100324 0.035035054319431519 0.0032165657184705359
leaf_weight=21.104484491050247 9.1380202509462816 30.182046446017921 37.726336503401399 106.5699295476079 5.328274060972034 13.034717607311903 14.3700137976557 16.457569002173841 3.2990191392600527 7.8396257674321559 18.910848866216838 32.923869858495891 8.1671427562832815 28.066483276896179
leaf_count=334 58 2876 541 2867 65 346 375 241 48 234 275 442 119 565
internal_value=0.000920858 -0.000190472 0.001642 -0.002882 0.00697679 0.0142165 -4.17198e-05 0.0195338 -0.013963 0.00633228 0.0171921 0.0268967 0.00732367 0.0137672
internal_weight=353.118 343.98 313.798 171.047 142.752 67.7444 75.0071 54.7097 24.4035 64.4768 26.7505 38.2521 50.6036 36.2336
internal_count=9386 9328 6452 3917 2535 1094 1441 748 382 1050 509 507 1059 684
is_linear=0
shrinkage=0.035


Tree=124
num_leaves=15
num_cat=0
split_feature=50 63 65 118 98 65 43 46 55 83 106 117 56 145
split_gain=8.64549 6.51043 6.30177 5.81285 7.67299 7.572 6.82984 6.75906 6.20161 7.4676 5.76503 5.06649 4.89416 4.79152
threshold=0.079595736122284808 0.39642857142857152 2.5590277777777781 0.67156862745098056 1.4472222222222224 4.3431372549019613 0.30583900226757377 0.10762548262548265 0.59761904761904772 1166.5000000000002 1306.788888888889 0.73746867167919816 0.43705985915492962 0.45411330559719959
decision_type=2 2 10 2 2 8 2 2 10 10 10 2 10 10
left_child=1 -1 -2 10 5 7 -7 -5 13 -10 -3 -9 -12 -6
right_child=2 3 -4 4 8 6 -8 11 9 -11 12 -13 -14 -15
leaf_value=-0.012430452407927802 -0.016425286946306454 0.029263709300136904 0.0022734880250766202 -0.0094954206809737141 -0.0068940976934758662 -0.0044957559012679029 0.024268115740309119 -0.007138202718189067 0.025601354341086811 -0.013627882957667387 0.017295700187720711 0.025985357928336422 -0.012638223159104447 0.02486494490492035
leaf_weight=23.045323930215091 48.833359146956354 17.775418658740819 35.588231272064149 95.298930689692497 24.314489435404543 15.771769649814813 17.819799281191081 6.8582321284338823 34.8204759452492 3.7692928137257686 7.6392353498376933 8.2987839514389616 9.2794569721445423 2.2637869678437701
leaf_count=723 2129 390 873 2051 895 291 211 224 596 281 166 86 382 70
internal_value=0.000593435 0.00368972 -0.00885638 0.00543191 0.0030223 -0.00155014 0.0119303 -0.00598889 0.0125195 0.0206459 0.0177515 0.0129447 0.00173995 -0.000680319
internal_weight=351.377 266.955 84.4216 243.91 209.216 144.048 33.5916 110.456 65.168 38.5898 34.6941 15.157 16.9187 26.5783
internal_count=9368 6366 3002 5643 4705 2863 502 2361 1842 877 938 310 548 965
is_linear=0
shrinkage=0.035


Tree=125
num_leaves=15
num_cat=0
split_feature=82 50 88 46 65 110 106 11 24 101 114 114 119 145
split_gain=7.15981 7.54551 7.4017 6.91514 11.1844 5.61381 5.78411 5.26793 6.45544 4.96924 4.60505 4.50403 4.49051 4.36023
threshold=3.5000000000000004 0.081799933087989302 1076.5000000000002 0.06472559698366151 5.1756548536209559 195.25000000000003 1332.4807692307695 4.5000000000000009 3.5000000000000004 0.56904761904761914 0.090097402597402607 0.025807525807525811 0.92237762824939029 0.19060760764434614
decision_type=8 2 10 2 8 10 10 2 2 2 2 2 10 8
left_child=-1 3 13 4 5 -2 -7 12 -9 -6 11 -10 -5 -3
right_child=1 2 -4 7 9 6 -8 8 10 -11 -12 -13 -14 -15
leaf_value=0.023931610009838514 -0.00818610636863688 0.0017242035928213817 0.023638140514014406 0.013821210974766794 0.022876455509302767 0.025452720108354785 -0.0090306265987447707 0.032069704307366102 -0.00043467588896557437 -0.010918370922049414 -0.0056024858215947895 0.023771944712946882 -0.01197342852976265 -0.016639445671848139
leaf_weight=10.717442069668321 125.10405539302155 20.120289443526417 3.1962427645921698 8.093843914568426 22.865915893111382 8.7561636334285122 7.0260592047125092 15.112696614116429 15.0725154816173 3.4363890206441274 18.390814330428839 19.330783583689481 17.862366792280227 56.782090465538204
leaf_count=164 3250 691 52 200 476 119 236 239 291 136 328 342 653 2220
internal_value=0.000834718 -0.000226086 -0.00929467 0.00267882 -0.00161541 -0.00564492 0.0116219 0.0100225 0.0148632 0.0174224 0.00758932 0.0144573 -0.00299675 -0.0120229
internal_weight=351.868 341.15 80.0986 261.052 167.189 140.886 15.7822 93.863 67.9068 26.3023 52.7941 34.4033 25.9562 76.9024
internal_count=9397 9233 2963 6270 4217 3605 355 2053 1200 612 961 633 853 2911
is_linear=0
shrinkage=0.035


Tree=126
num_leaves=15
num_cat=0
split_feature=96 119 54 109 32 41 116 97 74 54 113 44 113 60
split_gain=7.49601 6.17832 6.93209 6.77407 8.39899 5.84338 11.1246 7.08275 6.00992 5.43449 6.73355 5.43194 5.14718 4.66654
threshold=3.60952380952381 0.78582996308391106 0.44949494949494956 255.50000000000003 4.5000000000000009 7.5000000000000009 0.36435786435786438 3.7216920820473907 14.750000000000002 0.1126984126984127 0.015504807692307694 0.44353369763205835 0.073350071736011491 0.92120047309284459
decision_type=2 8 8 10 2 10 2 2 10 10 2 2 2 2
left_child=1 3 5 4 -1 6 8 -8 -3 10 -7 12 -9 -12
right_child=-2 2 -4 -5 -6 9 7 11 -10 -11 13 -13 -14 -15
leaf_value=-0.0088978284740618297 0.02457125689136205 -0.012018008901397507 -0.014571319180102519 0.028073031586594639 0.024632526735106127 0.01904015177993883 0.026436535210469115 0.019487584781684074 0.0083658548277488892 -0.013129103811539849 0.007445136086505974 -0.0091546172058684962 -0.0073619247901736606 -0.015721514033438605
leaf_weight=25.118676998186857 10.940644180402158 47.364404434803873 40.100161334965378 13.619043061975388 8.1631273818202299 14.579897095449267 26.726656664628536 25.678367875516415 22.519277181476355 53.809791007544845 14.727447083685545 17.988830815069377 9.1678096498362702 19.663162256125361
leaf_count=642 149 1759 1749 160 118 328 566 408 774 1282 431 258 227 479
internal_value=0.001115 1.25798e-05 -0.0019326 0.0111548 0.00146937 0.000320947 0.00467959 0.0132665 -0.00532951 -0.00593972 0.00244458 0.0048948 0.0123863 -0.00611488
internal_weight=350.167 339.227 292.326 46.9008 33.2818 252.226 149.445 79.5617 69.8837 102.78 48.9705 52.835 34.8462 34.3906
internal_count=9330 9181 8261 920 760 6512 3992 1459 2533 2520 1238 893 635 910
is_linear=0
shrinkage=0.035


Tree=127
num_leaves=15
num_cat=0
split_feature=87 83 10 69 110 110 98 65 55 20 110 70 112 60
split_gain=9.21433 7.63534 6.93634 5.52693 5.25493 9.47943 7.01578 6.90509 5.75198 8.86292 7.16913 6.78086 5.48373 6.16658
threshold=1.5000000000000002 1384.5000000000002 2.5000000000000004 3.2500000000000004 1234.0000000000002 260.25000000000006 1.0571895424836604 5.2111111111111121 0.83130081300813019 1.5000000000000002 86.250000000000014 12.205263157894739 0.029198635976129584 0.92214439655172431
decision_type=8 10 2 10 10 10 2 8 10 2 10 8 2 2
left_child=-1 2 4 -4 5 6 7 -2 12 10 11 -10 13 -8
right_child=1 -3 3 -5 -6 -7 8 -9 9 -11 -12 -13 -14 -15
leaf_value=0.026354460315624398 -0.0089349265922017626 -0.015529657558772189 -0.0096250349814168829 0.013503293884679716 -0.017262694670973262 0.027611792662966442 -0.0076821221667201728 0.013472917901233649 0.0028789420557098549 -0.0054556006922547515 -0.006031611781972035 0.036136563666584312 -0.013864197883834951 0.016947988847836791
leaf_weight=13.457346756942568 64.169156215153635 26.432899148669094 70.545062475837767 10.662800254300235 7.0486062024720004 19.027920823544264 16.726096136495471 17.488309605512768 10.793588974513112 15.348801041021941 6.9481526296585789 29.300192639697343 15.773051518946884 26.687189419288188
leaf_count=168 1283 2742 1901 168 245 219 346 421 171 301 233 395 309 503
internal_value=0.0022709 0.000937752 0.00256342 -0.00598118 0.00565245 0.00674297 0.00417304 -0.00363544 0.00935405 0.0163506 0.0233061 0.0284953 0.00127955 0.00764525
internal_weight=350.409 336.952 310.519 81.2079 229.311 222.262 203.235 81.6575 121.577 62.3907 47.0419 40.0938 59.1863 43.4133
internal_count=9405 9237 6495 2069 4426 4181 3962 1704 2258 1100 799 566 1158 849
is_linear=0
shrinkage=0.035


Tree=128
num_leaves=15
num_cat=0
split_feature=96 98 55 70 83 45 29 76 119 70 110 110 114 114
split_gain=7.59397 6.97859 8.94284 8.37401 5.90101 5.91224 5.65473 5.55884 5.46564 6.77137 4.66285 6.60472 4.22773 5.39956
threshold=3.3229166666666674 0.84731934731934744 0.82247899159663873 14.627314814814817 839.50000000000011 0.067231638418079109 1.5000000000000002 0.95132145669942547 1.9671171154098113 11.410526315789475 87.250000000000014 28.250000000000004 0.10063291139240509 0.062019230769230778
decision_type=2 2 8 10 8 2 2 8 8 8 10 10 2 2
left_child=1 7 4 6 -3 12 8 -1 -4 -10 11 -5 13 -6
right_child=-2 2 3 10 5 -7 -8 -9 9 -11 -12 -13 -14 -15
leaf_value=-0.023656141447587483 0.021519742318662022 0.021575457802558644 -0.0053758349627777103 0.0022031564870225629 0.00060001011270741046 -0.010262201695684635 -0.0068483800564670752 0.0032875450598519049 -0.0058799810964377348 0.028215757851914734 -0.0017628508527206678 0.038794178142435763 -0.011219267470721252 0.024798505112475576
leaf_weight=22.332157725468278 14.400490889325736 5.6224637674167743 15.234973199199883 9.3489811294712144 40.093645106535405 108.90735999168828 41.715073100291193 12.609897715970872 8.0447152326814848 18.877278174739331 7.5037059918977311 16.130486002191901 15.220479056704788 10.869682646822183
leaf_count=501 184 45 473 113 954 3854 1012 367 157 468 250 386 409 212
internal_value=0.000228526 -0.000998702 0.000831571 0.00818694 -0.00401701 -0.00541503 0.00189385 -0.0147384 0.0103534 0.0187022 0.0218336 0.027932 0.00272172 0.00751565
internal_weight=346.911 332.511 297.569 116.855 180.714 175.091 83.872 34.9421 42.157 26.922 32.9832 25.4795 66.1838 50.9633
internal_count=9385 9201 8333 2859 5474 5429 2110 868 1098 625 749 499 1575 1166
is_linear=0
shrinkage=0.035


Tree=129
num_leaves=15
num_cat=0
split_feature=88 86 0 110 119 90 57 16 106 113 118 97 2 65
split_gain=7.76122 6.75473 5.72257 5.85696 8.55452 10.2076 6.281 5.89704 5.4868 5.38194 4.68715 4.57411 5.79125 4.84055
threshold=1079.5000000000002 303.99371850685986 4.7096238425925927 37.250000000000007 0.78582996308391106 73351.807142857157 0.36939571150097467 4.5000000000000009 1028.8888888888891 0.023904761904761908 0.90260840108401097 5.004931959903737 4.5000000000000009 1.780193236714976
decision_type=10 10 2 10 8 2 10 2 10 2 2 2 2 8
left_child=1 2 11 8 7 -6 -7 -5 9 -4 -11 -1 13 -13
right_child=-2 -3 3 4 5 6 -8 -9 -10 10 -12 12 -14 -15
leaf_value=0.013087307529311584 0.02496702472852878 -0.017727012509416967 0.0083742907109298787 -0.010510221917417139 -0.018357487245894772 -0.011701383812069033 0.021036851586239913 0.025334930916836008 0.02576665886198309 0.0051315399448930337 -0.0162726315702439 0.014253602240965703 0.015328286128652032 -0.01229507514432737
leaf_weight=63.734033474698663 10.67389517277479 20.059287570882589 47.42436740314588 5.4856604002416125 68.79891962511465 8.1629041563719529 12.09594642696902 9.9424779587425274 7.0831841588951638 18.041102939750999 25.548260255716741 6.2001757444813839 15.152173811104147 34.829043174162507
leaf_count=1111 67 1698 815 186 2923 372 472 226 134 339 409 99 192 424
internal_value=0.000882674 -0.000216162 0.00112702 -0.00245341 -0.00804471 -0.0122174 0.00814054 0.0131368 0.00360337 0.0006265 -0.00779727 0.00703183 -0.000345856 -0.00717062
internal_weight=353.231 342.558 322.498 202.583 104.486 89.0578 20.2589 15.4281 98.0969 91.0137 43.5894 119.915 56.1814 41.0292
internal_count=9467 9400 7702 5876 4179 3767 844 412 1697 1563 748 1826 715 523
is_linear=0
shrinkage=0.035


Tree=130
num_leaves=15
num_cat=0
split_feature=10 49 50 113 118 0 65 72 92 109 115 143 98 100
split_gain=8.80381 8.67222 6.65278 6.70855 6.22176 5.21418 6.85714 5.72746 6.52677 5.94004 4.97623 5.9682 5.30681 6.36699
threshold=3.5000000000000004 0.062019230769230778 0.20416666666666669 0.074537037037037054 0.69337606837606847 45.283339120370378 1.8603896103896107 9.5000000000000018 39433.500000000007 8333.5000000000018 0.083920187793427234 0.071469271469271484 0.89039039039039047 0.36181818181818187
decision_type=2 2 2 2 2 2 8 8 2 8 2 8 2 2
left_child=1 2 3 5 -5 7 -7 8 -1 -9 11 12 -8 -14
right_child=-2 -3 -4 4 -6 6 10 9 -10 -11 -12 -13 13 -15
leaf_value=0.013733062226773242 -0.01816394168652069 0.023767121702846002 -0.018851977553457792 0.015873194717952666 -0.012447284412945696 -0.014329363536378601 -0.011426257264627546 0.020843602549583895 -0.0071147127295594394 -0.0067448837300964097 -0.0037529170895009268 -0.0067822756621723577 0.029253277671639152 -0.0082815258826237186
leaf_weight=28.4208172140643 19.866048843599856 18.915141934528947 13.036757720634339 7.1507804291322818 46.740721268579364 25.800098968204111 3.230201370548456 57.714373535942286 36.219768188893795 8.8255521152168495 42.519590434618294 12.356139125768093 26.076306670904163 4.4375673150643697
leaf_count=490 1224 364 554 215 1224 1168 113 1122 681 228 838 449 653 105
internal_value=0.0019777 0.00343695 0.00185163 0.00304762 -0.00766086 0.00550332 -4.27941e-06 0.010131 0.00237941 0.0169687 0.00470878 0.0121168 0.0190193 0.0233972
internal_weight=351.31 331.444 312.529 299.492 53.8915 245.6 114.42 131.181 64.6406 66.5399 88.6198 46.1002 33.7441 30.5139
internal_count=9428 8204 7840 7286 1439 5847 3326 2521 1171 1350 2158 1320 871 758
is_linear=0
shrinkage=0.035


Tree=131
num_leaves=15
num_cat=0
split_feature=88 86 10 69 47 0 29 36 97 110 75 97 90 66
split_gain=8.38498 8.83719 6.46733 6.39942 5.82784 5.75551 6.22969 6.25244 6.12247 5.74619 6.59066 7.77381 5.64958 5.26088
threshold=1079.5000000000002 287.39754870672448 3.5000000000000004 3.2500000000000004 0.036811201445347795 15.682447916666669 2.5000000000000004 1.0000000180025095e-35 9.6720057168017686 29.750000000000004 1.7165178571428574 3.3023610398535825 73080.339743589764 1.5189263736608203
decision_type=10 10 2 10 2 2 2 2 2 8 8 2 2 8
left_child=1 2 3 5 13 6 7 8 -1 -7 11 -11 -12 -5
right_child=-2 -3 -4 4 -6 9 -8 -9 -10 10 12 -13 -14 -15
leaf_value=0.023155022869816792 0.026617422747172069 -0.0191930592891533 -0.016942069973685605 -0.010752992121192245 -0.0076163992682583854 0.0052684198031936096 -0.0032168667301007382 -0.013888499578979328 -0.0084432626740430471 -0.013886015025141547 -0.018204533275350158 0.021989795048896425 0.0027560039426029219 0.022240250560243705
leaf_weight=38.992676640395075 9.2156707011163217 24.318498799344525 18.161987094208598 3.8377427570521823 10.676553502678869 47.155939441174269 43.346895283088088 4.9042851878330103 6.3779419800266615 8.5805623293854314 61.608284208923578 12.117454138118772 19.063680331222713 37.471256012562662
leaf_count=593 59 2046 895 72 148 576 713 96 61 366 2191 372 735 478
internal_value=0.00028293 -0.000817076 0.000893765 0.00225986 0.0128127 -0.000219063 0.006383 0.0142023 0.0183159 -0.00445296 -0.00901028 0.0073091 -0.0133796 0.018345
internal_weight=345.829 336.614 312.295 294.133 51.9856 242.148 93.6218 50.2749 45.3706 148.526 101.37 20.698 80.672 41.309
internal_count=9401 9342 7296 6401 698 5703 1463 750 654 4240 3664 738 2926 550
is_linear=0
shrinkage=0.035


Tree=132
num_leaves=15
num_cat=0
split_feature=10 11 119 21 107 116 118 51 109 32 116 94 82 0
split_gain=7.29707 5.69833 7.30185 6.97198 6.04649 11.7878 6.99263 7.42238 5.98891 7.78643 5.9265 5.53984 5.46813 5.94491
threshold=3.5000000000000004 9.5000000000000018 0.77303240518350214 11.500000000000002 1170.5166819553183 0.45738498789346255 0.89512961508248245 0.021352583586626141 255.50000000000003 4.5000000000000009 0.74536878216123503 77535.750000000015 3.5000000000000004 22.074739583333336
decision_type=2 2 8 2 8 2 2 2 10 2 2 2 8 2
left_child=1 2 8 -3 -4 11 7 -7 9 10 -1 12 -6 -14
right_child=-2 3 4 -5 5 6 -8 -9 -10 -11 -12 -13 13 -15
leaf_value=-0.017280327318042292 -0.016995317669405648 0.02234358901284619 -0.01256420176175087 0.0021105799573828484 0.019331210286139267 0.031669545661321283 -0.0018693015831394253 -0.0076611323449436242 0.027950309498437773 0.024507421610062325 0.015410375250671631 0.010580625716188034 0.00010255742050708608 -0.019036288190459771
leaf_weight=17.811862522736199 20.155849155504256 29.919588468503207 53.968405234161764 54.784462115261704 3.0043671904131761 22.454653589054946 19.621892130002379 5.3327537588775149 13.105077014304696 7.8619985408149651 5.2548445779830208 15.805867383256553 31.553166391793638 48.503376821056008
leaf_count=549 1249 499 1627 764 41 361 268 90 146 112 47 552 839 2272
internal_value=0.00120711 0.00256006 -0.000206168 0.0101044 -0.0031011 0.000690171 0.0142015 0.0241042 0.0119324 0.00220016 -0.00841443 -0.00616062 -0.00976623 -0.0119304
internal_weight=349.138 328.982 244.278 84.7041 200.244 146.276 47.4093 27.7874 44.0338 30.9287 23.0667 98.8668 83.0609 80.0565
internal_count=9416 8167 6904 1263 6050 4423 719 451 854 708 596 3704 3152 3111
is_linear=0
shrinkage=0.035


Tree=133
num_leaves=15
num_cat=0
split_feature=11 57 117 117 76 0 60 54 0 97 41 63 50 66
split_gain=5.82708 6.84523 7.46651 7.22776 6.87868 5.09927 6.83336 7.22603 4.76124 4.55981 8.96276 6.23481 4.49404 4.48004
threshold=2.5000000000000004 0.42462121212121218 0.12916666666666668 0.37617924528301894 0.37850674739933959 45.283339120370378 0.91507392715470626 0.20416666666666669 55.560393518518524 3.9203641166466823 3.5000000000000004 0.5656275635767023 0.095564253098499682 2.3096060835134931
decision_type=2 8 2 2 10 2 2 10 2 2 10 2 2 8
left_child=-1 2 -2 -4 12 6 7 -3 -7 10 -6 -12 -5 -10
right_child=1 5 3 4 9 8 -8 -9 13 -11 11 -13 -14 -15
leaf_value=-0.0085237890967365514 0.025307192535477443 0.017766179796762691 -0.023715881696054198 -0.019937426326873599 -0.013901067466885032 -0.019114734546296176 0.022680438160099538 -0.013160027860984838 -0.0038523856504407809 -0.00067385358539355229 0.041036212402460095 0.0055631505892228322 0.010241270050325553 0.014205410798351286
leaf_weight=48.183129930868745 7.4001045953482381 11.940216122195126 13.104574204655362 23.49938199296594 6.9043253110721734 6.2275876323692492 48.600818132981658 15.422863882966338 29.369358869735152 83.902750602923334 8.5957128303125518 14.335781761910765 4.3349630129523566 29.760263741016388
leaf_count=2219 80 168 746 491 212 185 760 333 871 1897 227 478 137 636
internal_value=0.00222465 0.00404215 -0.000886189 -0.00289254 -0.000221789 0.00953147 0.0154129 0.000994883 0.00208603 0.00370641 0.0143531 0.0238256 -0.0143935 0.00563515
internal_weight=351.582 303.399 162.078 154.677 141.573 141.321 75.9639 27.3631 65.3572 113.739 29.8358 22.9315 27.8343 59.1296
internal_count=9440 7221 4268 4188 3442 2953 1261 501 1692 2814 917 705 628 1507
is_linear=0
shrinkage=0.035


Tree=134
num_leaves=15
num_cat=0
split_feature=87 86 45 83 54 109 95 109 65 59 122 97 75 91
split_gain=7.89143 8.6988 6.11844 7.82136 6.17104 5.79527 9.22064 5.20418 4.97606 8.80861 4.7138 4.47251 4.26141 4.1585
threshold=1.5000000000000002 303.99371850685986 0.067231638418079109 1537.5000000000002 0.28991596638655465 2640.0000000000005 748.50000000000011 7364.5000000000009 4.3887362637362655 0.68377192982456159 6.5000000000000009 12.053316776934869 2.2899159663865549 3765.4381051164778
decision_type=8 10 2 8 8 10 2 8 8 2 2 2 10 10
left_child=7 2 4 -4 8 6 -6 -1 9 11 -11 12 -2 -5
right_child=1 -3 3 13 5 -7 -8 -9 -10 10 -12 -13 -14 -15
leaf_value=0.034575922752964956 0.0072254878161178088 -0.020700851255963902 0.017817901717363419 -0.010873090962657933 -0.0054181002754138258 -0.015991976331118398 0.030196035416238134 -0.0050897132803381998 0.026068088082210956 0.026557377831750398 -0.0040013004717272373 -0.02584949838270896 -0.017634869849988102 0.00026388838786785794
leaf_weight=8.5516852112486923 30.551986018195748 18.471059497678652 14.986176347825674 78.853239509277046 24.928707197774202 19.041395231150091 7.9361221119761458 4.146397559903563 19.075499600730836 22.089632249902937 6.4739745566621414 4.0422299006022504 6.1051869508810332 80.04681376949884
leaf_count=105 512 1600 194 2215 838 604 172 60 201 358 87 35 105 2318
internal_value=0.00107156 -0.000138154 0.00137633 -0.00298061 0.00669504 -0.00274147 0.00603364 0.0238449 0.0120896 0.00674392 0.0200669 -0.00377894 0.00146534 -0.00542587
internal_weight=345.3 332.602 314.131 173.886 140.245 51.9062 32.8648 12.6981 88.3385 69.263 28.5636 40.6994 36.6572 158.9
internal_count=9404 9239 7639 4727 2912 1614 1010 165 1298 1097 445 652 617 4533
is_linear=0
shrinkage=0.035


Tree=135
num_leaves=15
num_cat=0
split_feature=87 83 142 55 42 119 95 93 145 108 126 115 59 107
split_gain=6.35216 9.15588 5.41713 5.53577 8.89437 6.47112 6.02707 6.17386 5.81021 6.42415 5.72307 5.52672 5.20826 5.45474
threshold=1.5000000000000002 1321.5000000000002 3.5000000000000004 0.88516483516483524 1.0000000180025095e-35 1.000162128780518 26003.000000000004 79912.000000000015 0.25096616418861334 4.5000000000000009 1.0000000180025095e-35 0.060915275200989494 0.69604037267080754 1325.9930076868252
decision_type=8 10 2 8 10 10 2 2 10 10 2 2 2 10
left_child=-1 2 3 5 -5 10 12 11 -6 -10 -2 -8 -7 -14
right_child=1 -3 -4 4 8 6 7 -9 9 -11 -12 -13 13 -15
leaf_value=0.021146285744175475 0.020073174648184634 -0.017915273751792915 -0.015356540970121546 -0.01224647585888781 0.019018985231486197 -0.013471846597026918 -0.011186789492667793 -0.0098794354853047779 0.01190864310551001 -0.014420072575041066 -0.010101212499287804 0.031247969884220086 -0.014576367220025739 0.0075810542451669712
leaf_weight=13.136699139140545 22.898949761874977 27.09212011937052 16.296436464414001 16.849428419023752 60.685921405442059 66.772108756005764 2.1287092743441489 7.6286594970151773 23.340552512556314 13.979877253063021 7.1216683117672792 10.935292357578872 14.650898921303449 39.348271375987679
leaf_count=167 476 2809 203 614 1113 1542 68 229 319 247 125 251 345 902
internal_value=0.000980059 -0.000127253 0.00173043 0.00294976 0.00872305 -0.00105462 -0.00425839 0.0114209 0.0127476 0.0015077 0.0124948 0.0231509 -0.00729209 0.000843536
internal_weight=342.866 329.729 302.637 286.34 114.856 171.485 141.464 20.6927 98.0064 37.3204 30.0206 13.064 120.771 53.9992
internal_count=9410 9243 6434 6231 2293 3938 3337 548 1679 566 601 319 2789 1247
is_linear=0
shrinkage=0.035


Tree=136
num_leaves=15
num_cat=0
split_feature=11 117 116 118 54 20 98 117 65 113 55 54 108 121
split_gain=5.19685 5.88211 6.26608 5.29063 5.72987 6.80446 9.65721 6.73472 5.74096 5.23579 5.00303 4.94185 4.92937 4.92161
threshold=2.5000000000000004 0.11324786324786326 0.37965517241379315 0.70135135135135152 0.096006144393241177 1.5000000000000002 1.0571895424836604 0.8099343185550083 5.2111111111111121 0.051503094606542892 0.83130081300813019 0.36931818181818188 125.50000000000001 3.5000000000000004
decision_type=2 2 2 2 8 2 2 2 10 2 10 10 8 2
left_child=12 -2 13 -4 9 6 8 10 11 -5 -8 -6 -1 -3
right_child=1 2 3 4 5 -7 7 -9 -10 -11 -12 -13 -14 -15
leaf_value=-0.015175119299603733 0.01914036177142078 -0.0013595103417087927 0.029439432650863313 0.023985732187616335 -0.019546522794572623 -0.013384920037958579 -0.0096055833806005918 0.021296059055355965 0.017445262512065966 -0.004598989209506861 0.015815229793486197 0.0079057771409128171 0.0077069140475806023 -0.01973155428830449
leaf_weight=35.434339966624975 19.981788964476436 86.565526213264093 5.658465565647929 22.014480704907331 28.007090594153851 28.592140098800883 20.581093627959493 37.386810095980763 4.5059949830174437 9.0743807484395784 10.072397366166113 7.5671501429751507 12.56105157220736 17.796906085684896
leaf_count=1794 258 3370 118 408 290 606 537 339 50 265 164 153 448 645
internal_value=0.00110698 0.00286185 0.00137337 0.00539462 0.00375543 0.000463683 0.00455565 0.0122579 -0.00842911 0.0161611 -0.000206092 -0.0134524 -0.00902445 -0.00525137
internal_weight=345.8 297.804 277.822 173.46 167.802 136.713 108.121 68.0403 40.0802 31.0889 30.6535 35.5742 47.9954 104.362
internal_count=9445 7203 6945 2930 2812 2139 1533 1040 493 673 701 443 2242 4015
is_linear=0
shrinkage=0.035


Tree=137
num_leaves=15
num_cat=1
split_feature=87 49 86 133 47 117 47 77 110 75 113 7 115 83
split_gain=7.60088 6.71446 6.44512 6.08266 9.10041 8.21127 6.79652 6.90832 5.89231 4.89114 4.25669 4.6892 4.07297 4.77115
threshold=1.5000000000000002 0.062019230769230778 303.99371850685986 0 0.099019607843137278 0.21498599439775914 0.052289815447710192 1.5000000000000002 1520.5000000000002 1.8768939393939397 0.076629477392836196 1.5000000000000002 0.14208074534161494 1916.5000000000002
decision_type=8 2 10 1 2 2 2 8 8 8 2 2 2 8
left_child=-1 2 3 5 -5 8 7 10 -2 -6 11 12 13 -7
right_child=1 -3 -4 4 9 6 -8 -9 -10 -11 -12 -13 -14 -15
leaf_value=0.023147270266606249 0.029081693811489277 0.018308866118627712 -0.019284016432552412 -0.0079901816031700806 0.028872309884929559 -0.016116035323237455 -0.014559702177647947 -0.0043279170188240132 -0.010050140754098467 0.00037266355670368447 -0.0061698861475278513 -0.0091514378327394504 0.030878829971560377 0.015615003802858686
leaf_weight=13.678105392493306 19.31233354378492 18.374729396542534 17.272682921495289 135.05747915385291 8.5858291396871227 3.897788995876911 21.221769151743501 44.657309494912624 3.208673706278204 16.431882528588176 8.3353913275059295 4.1565107172355047 20.497301882598549 13.119280925020574
leaf_count=170 330 405 1510 3695 145 204 585 1068 169 348 203 68 296 212
internal_value=0.00141891 0.000201267 -0.00112145 0.000229989 -0.00435464 0.00549934 0.00135745 0.00547719 0.0226934 0.0133335 0.013831 0.0180641 0.0218012 0.00633761
internal_weight=347.807 334.129 315.754 298.482 160.075 138.406 115.885 94.6636 22.521 25.0177 50.0063 41.6709 37.5144 17.0171
internal_count=9408 9238 8833 7323 4188 3135 2636 2051 499 493 983 780 712 416
cat_boundaries=0 1
cat_threshold=2
is_linear=0
shrinkage=0.035


Tree=138
num_leaves=15
num_cat=0
split_feature=96 97 50 145 107 76 110 106 66 94 108 110 45 110
split_gain=5.89892 6.60601 6.14332 6.29057 5.47089 4.78553 7.2151 7.63298 10.2486 6.31789 5.63546 5.27494 5.10143 5.03454
threshold=3.3229166666666674 11.420216075618333 0.10050505050505053 0.2097123840105117 1992.4481020958231 0.35270958293388627 61.250000000000007 621.25739130434795 0.89657211263641667 29966.750000000004 128.50000000000003 141.25000000000003 0.15751879699248122 1234.0000000000002
decision_type=2 2 2 8 10 8 8 10 10 2 10 10 2 10
left_child=1 2 5 4 -4 11 7 -7 12 -10 -8 -1 -9 -12
right_child=-2 -3 3 -5 -6 6 10 8 9 -11 13 -13 -14 -15
leaf_value=-0.0095274702767039546 0.0198161808615573 -0.016610579260306981 0.019712693291080188 -0.01602769046482402 -0.012682145003485386 0.0037891621693400754 -0.0081815892844919816 0.049464549303165135 -0.014433256408670445 0.015340942899362156 0.025876280443309887 0.014963098492564515 0.001513773579940752 -0.012495516196844688
leaf_weight=48.12152840080671 14.689045529812573 21.729010943556204 10.731457072775813 37.547726400895044 6.3835647033993146 84.029279018053785 52.212714447174221 11.419463915517552 7.3209455884061745 29.635425448184833 8.1262232847511751 8.7996948529034835 3.6444940962828687 2.5985552263446143
leaf_count=1154 197 328 319 1590 263 1678 2302 200 165 683 112 217 122 101
internal_value=0.001202 9.76251e-05 0.00151127 -0.00865197 0.00749452 0.00380637 0.00633737 0.0107489 0.0206729 0.00842563 -0.00328804 -0.00483885 0.0411318 0.0155621
internal_weight=346.989 332.3 310.571 54.6627 17.115 255.908 198.987 136.05 52.0203 36.9564 62.9375 56.9212 15.064 10.7248
internal_count=9431 9234 8906 2172 582 6734 5363 2848 1170 848 2515 1371 322 213
is_linear=0
shrinkage=0.035


Tree=139
num_leaves=15
num_cat=0
split_feature=119 54 100 59 92 43 97 3 11 75 75 122 54 93
split_gain=5.74294 9.22365 6.51048 9.29387 7.22253 5.75595 5.01109 5.28012 4.71857 4.37877 4.27939 4.1506 6.51763 5.92303
threshold=0.77303240518350214 0.26969696969696971 0.063164893617021281 0.84698996655518399 56545.500000000007 0.30816714150047492 9.9306191456318977 4.5000000000000009 3.5000000000000004 2.3021739130434784 2.3206854345165246 7.5000000000000009 0.15894736842105264 81870.500000000015
decision_type=8 8 2 2 2 2 2 2 2 8 10 2 10 2
left_child=6 2 4 11 5 -2 7 -1 -6 -3 -9 12 13 -4
right_child=1 9 3 -5 8 -7 -8 10 -10 -11 -12 -13 -14 -15
leaf_value=-0.0019207751005768322 -0.010453886656459532 -0.014704791993961446 0.012872082767579724 0.025596077254164257 -0.0056791666915228679 0.010530930145167627 -0.005870651247635192 0.031635751213212333 0.026618645501069241 0.00088202109667488281 -0.0020783532337580791 -0.019279397061635461 -0.011931368623362033 -0.011272530079761301
leaf_weight=10.941824025940148 21.958778966683894 59.061917072627693 37.768690460827202 8.4994471226818842 4.7446775999851516 34.746648682979867 11.833222870249299 19.831783050205562 29.432467167032883 32.865124917356297 4.939644160680472 15.853549220133571 38.216435472713783 13.159843499306588
leaf_count=305 613 2392 1035 174 146 631 163 388 562 1165 91 355 996 407
internal_value=0.00142889 -0.000454677 0.00368526 -0.00190997 0.010408 0.0022161 0.0120935 0.0180357 0.0219823 -0.00937426 0.0256929 -0.0051988 -0.00180378 0.00618315
internal_weight=343.854 296.308 204.381 113.498 90.8826 56.7054 47.5465 35.7133 34.1771 91.927 24.7714 104.999 89.145 50.9285
internal_count=9423 8476 4919 2967 1952 1244 947 784 708 3557 479 2793 2438 1442
is_linear=0
shrinkage=0.035


Tree=140
num_leaves=15
num_cat=0
split_feature=96 88 56 70 66 45 119 117 95 54 121 91 10 108
split_gain=5.70577 5.75593 5.24043 4.74082 5.57292 5.53778 6.74995 5.23939 4.72681 4.54138 6.70518 6.53087 5.22513 4.46968
threshold=3.3229166666666674 1079.5000000000002 0.66811594202898561 12.019230769230772 0.71679496922166341 0.17089216944801031 3.9590509373665319 0.21498599439775914 31993.500000000004 0.28991596638655465 3.5000000000000004 6464.6134949423204 3.5000000000000004 37.500000000000007
decision_type=2 10 8 8 10 2 8 2 2 8 2 10 2 10
left_child=1 2 3 4 -1 6 9 -6 -9 10 11 12 -5 -4
right_child=-2 -3 13 5 7 -7 -8 8 -10 -11 -12 -13 -14 -15
leaf_value=0.0056378025632322212 0.018704377309139521 0.021098957010328774 -0.015544559075881923 0.025595842038642902 0.012242005399548974 -0.0086897292223380319 -0.014970875231565824 -0.020999218281593113 0.010832808204996802 -0.002482848929726709 -0.00025516555868533271 -0.0028005246137737024 -0.010453528494906042 0.0073491722126508251
leaf_weight=24.54987914650701 13.833438796922563 8.747373126447199 46.38562270347029 51.305548552889377 4.8575754938647142 34.839867243543267 12.477320726029573 39.489024973940104 3.4424630890134713 34.374656607629731 37.318483269074932 13.774775055237113 2.7438528465572736 9.9176840833388251
leaf_count=777 192 57 2269 883 76 1213 196 939 100 1055 715 377 166 387
internal_value=-3.2261e-05 -0.00110361 -0.00203881 0.000135304 -0.00718275 0.00308208 0.00597121 -0.013679 -0.017583 0.00829727 0.0117744 0.0179564 0.0230356 -0.0112414
internal_weight=338.058 324.224 315.477 259.173 72.3389 186.835 151.995 47.7891 42.9315 139.517 105.143 67.8242 54.0494 56.3033
internal_count=9402 9210 9153 6497 1892 4605 3392 1115 1039 3196 2141 1426 1049 2656
is_linear=0
shrinkage=0.035


Tree=141
num_leaves=15
num_cat=0
split_feature=88 81 82 50 118 47 95 110 56 65 65 126 69 45
split_gain=8.26228 8.16943 7.78407 6.10434 6.82441 7.32327 7.75075 6.80984 6.34894 6.26622 5.67251 5.02872 5.10909 4.50345
threshold=1079.5000000000002 262.32276477727902 3.5000000000000004 0.030457637600494747 0.68857758620689669 0.099019607843137278 11954.500000000002 1098.5000000000002 0.18237250554323728 2.3245614035087727 1.720779220779221 1.0000000180025095e-35 3.2500000000000004 0.21103238866396765
decision_type=10 10 10 2 2 2 2 8 10 10 8 2 8 2
left_child=1 3 -3 4 7 6 -6 10 -5 -7 -1 12 -10 -12
right_child=-2 2 -4 8 5 9 -8 -9 11 -11 13 -13 -14 -15
leaf_value=-0.00037694667135162394 0.026334891871198685 0.020012551597878927 -0.021169529218019081 0.015055923295599833 -0.0078585167055573377 0.029466882441133879 0.010922033652246785 -0.005141730947301631 -0.0055119454491235464 -0.0050167410218536551 0.043100102189883464 -0.014861233377344952 0.016057547483125247 0.0020342427008004293
leaf_weight=7.0615793913602856 9.6116390451788885 2.6044945756439111 30.74774040048942 13.494381896220146 79.186980202794075 13.8611848782748 34.681338639929891 9.323271304368971 51.758470837958157 7.8731356598436824 13.228569060564043 50.16526231309399 12.634336004499344 4.6132905036211005
leaf_count=171 63 113 2906 178 1587 194 482 386 1450 121 175 1241 240 91
internal_value=0.000575952 -0.000552013 -0.0157638 0.00138329 0.00566284 0.00187063 -0.00191964 0.0185337 -0.00429199 0.0183734 0.0267749 -0.00710541 -0.000427788 0.0352515
internal_weight=340.846 331.234 33.3522 297.882 169.829 135.603 113.868 34.2267 128.052 21.7343 24.9034 114.558 64.3928 17.8419
internal_count=9398 9335 3019 6316 3207 2384 2069 823 3109 315 437 2931 1690 266
is_linear=0
shrinkage=0.035


Tree=142
num_leaves=15
num_cat=0
split_feature=11 10 54 42 45 126 48 98 8 54 76 50 65 56
split_gain=5.70063 4.88762 5.59216 6.9097 5.07593 5.0413 4.36754 4.47048 4.21868 3.89974 10.7907 6.8467 4.26359 3.97739
threshold=2.5000000000000004 3.5000000000000004 0.093386627906976757 8.5000000000000018 0.035929432013769365 1.0000000180025095e-35 0.01574900793650794 1.8268365817091456 2.5000000000000004 0.17519181585677754 0.52730577763239717 0.096464019851116647 4.7207792207792219 0.20611577964519143
decision_type=2 2 8 8 2 2 2 2 2 10 8 2 8 10
left_child=-1 2 6 4 8 -5 -2 -8 -4 10 -6 -12 13 -11
right_child=1 -3 3 5 9 -7 7 -9 -10 12 11 -13 -14 -15
leaf_value=-0.0099196289098517441 0.026766904894506637 -0.01278719105563854 0.014641202921863423 0.0043970483393747789 -0.0066572226992838478 -0.020129168194701438 -0.011078174709034456 0.020958641732183491 -0.011094490288277288 0.01168874406305972 0.031107325102561402 -0.0098897952109851198 0.011981639501927575 -0.0096328021487431231
leaf_weight=47.535327389603481 16.458697648020465 18.60134764178656 61.670986077049747 14.063614465994759 26.757217447273433 22.157337642507628 9.6349961867090297 3.4028610736131659 5.1673493706621221 8.1613171813078207 18.626863721758131 3.7738797992933533 13.148584305308757 70.357175432844087
leaf_count=2275 271 1199 1157 271 491 364 172 53 94 137 333 123 245 2281
internal_value=0.0007202 0.00259023 0.00384742 0.00193938 0.00444605 -0.0112281 0.0170558 0.000775231 0.0120178 0.000563484 0.00806496 0.0236562 -0.00366838 -0.00684952
internal_weight=339.518 291.982 273.381 243.884 207.663 36.221 29.4966 13.0379 66.8383 140.825 49.158 22.4007 91.6671 78.5185
internal_count=9466 7191 5992 5496 4861 635 496 225 1251 3610 947 456 2663 2418
is_linear=0
shrinkage=0.035


Tree=143
num_leaves=15
num_cat=0
split_feature=54 10 76 30 119 101 54 97 66 13 110 110 95 56
split_gain=5.46648 6.13308 5.87019 9.63404 5.64459 5.14308 5.60502 9.12344 6.17888 5.23753 4.85361 4.97615 5.17046 4.82757
threshold=0.44949494949494956 3.5000000000000004 0.51998804968410772 1.0000000180025095e-35 0.8144879441188323 0.52661064425770321 0.16954022988505749 6.0068863739008629 1.8723123015304985 3.5000000000000004 195.25000000000003 22.750000000000004 16358.500000000002 0.45584415584415588
decision_type=8 2 8 2 10 2 10 2 8 2 10 10 2 10
left_child=1 2 10 5 -2 6 7 -4 9 -8 11 12 -1 -10
right_child=4 -3 3 -5 -6 -7 8 -9 13 -11 -12 -13 -14 -15
leaf_value=-0.0019765305111931063 0.0022662395050922581 -0.014309570145648889 0.036684513814927114 -0.012251362051621646 -0.01903776531915892 -0.0022984140714248273 0.0064774129543228873 0.0037211239158879386 0.0021930910615207545 -0.023127446455320451 0.019582664029284585 -0.0077181130629814451 0.023679041105410119 0.026824144451176164
leaf_weight=25.673617251217365 27.873469939222559 18.67433693469502 25.147073985543102 18.249567012535408 26.256767304614186 21.856742376228794 13.820597781101243 17.494596292730421 19.068161892704666 7.508065777597948 7.6334210988134137 84.015129674458876 9.7671252987347525 17.265976519789547
leaf_count=242 1018 1225 473 490 1218 747 377 239 335 232 130 2241 84 403
internal_value=0.00091464 0.00287247 0.00431251 0.00911726 -0.00880362 0.0126657 0.0158808 0.0249705 0.00770279 -0.00635698 -0.00114005 -0.0031978 0.00714735 0.0157267
internal_weight=340.305 286.174 267.5 140.411 54.1302 122.161 100.304 42.6417 57.6628 21.3287 127.089 119.456 35.4407 36.3341
internal_count=9454 7218 5993 3296 2236 2806 2059 712 1347 609 2697 2567 326 738
is_linear=0
shrinkage=0.035


Tree=144
num_leaves=15
num_cat=0
split_feature=10 54 41 32 117 117 65 107 84 107 127 119 109 74
split_gain=4.89399 5.62363 6.06472 4.38748 7.51988 4.87736 10.0598 5.52872 5.45473 7.03006 5.54726 9.02451 5.60085 4.81292
threshold=3.5000000000000004 0.093386627906976757 9.5000000000000018 1.5000000000000002 0.66018867924528313 0.21498599439775914 1.7290209790209794 2347.098724362249 250.25000000000003 809.41617585727329 1.0000000180025095e-35 2.0020850452973211 6486.5000000000009 17.250000000000004
decision_type=2 8 8 2 2 2 10 10 10 10 2 10 10 8
left_child=1 -1 3 5 13 6 -3 -8 9 -7 11 12 -11 -5
right_child=-2 2 -4 4 -6 8 7 -9 -10 10 -12 -13 -14 -15
leaf_value=0.015955759968622446 -0.013892883174656324 -0.0082343764483997026 -0.0095359957948733635 -0.0093523632435673233 0.021528212472473197 -0.018506337241165075 0.035794877365483924 -0.0019693046704372928 0.0080127679205131055 0.02912463885339555 0.015486152081549897 -0.013647967510760497 -0.0058118752843123048 0.017766363319884099
leaf_weight=30.230451950337738 18.258736866759136 15.302651130827142 48.899526353226975 23.157973614754159 32.34785501845181 33.489816510118544 12.882849392248319 5.7857740721665314 40.331432420294732 7.6784203252755088 16.101946189068258 40.475699408911169 7.6057944586500525 6.2475085593760005
leaf_count=499 1227 576 1086 810 385 817 189 143 1916 241 286 811 250 178
internal_value=0.00165876 0.0027444 0.00112181 0.00343034 0.0110933 0.000567261 0.0115904 0.0261474 -0.00230249 -0.00643558 2.76885e-05 -0.00534332 0.0145922 -0.00184611
internal_weight=338.796 320.538 290.307 241.408 61.7533 179.654 33.9713 18.6686 145.683 105.352 71.8619 55.7599 15.2842 29.4055
internal_count=9414 8187 7688 6602 1373 5229 908 332 4321 2405 1588 1302 491 988
is_linear=0
shrinkage=0.035


Tree=145
num_leaves=15
num_cat=0
split_feature=10 11 44 116 97 108 80 126 110 111 66 90 54 66
split_gain=6.48242 6.90607 6.66503 5.31547 5.18321 4.34488 4.50835 3.7852 6.13827 5.12182 5.95102 4.91298 4.84324 5.31801
threshold=3.5000000000000004 2.5000000000000004 0.95833333333333337 0.90521114106019784 15.178355765055761 56.500000000000007 517.62500000000011 1.0000000180025095e-35 29.750000000000004 0.044949494949494954 1.141859587446435 14675.741666666669 0.12660256410256412 0.95430841948384015
decision_type=2 2 2 2 2 10 8 2 10 2 10 2 8 10
left_child=1 2 5 4 7 6 -1 12 -9 11 -11 -10 -3 -14
right_child=-2 3 -4 -5 -6 -7 -8 8 9 10 -12 -13 13 -15
leaf_value=0.012029322793880311 -0.016298504088322365 0.019066631383176911 0.0203733928078445 0.023353288435161067 -0.0178312084030386 0.0026138601610783854 -0.023991216494584529 0.0093009577774706802 0.013210721494069331 -0.013767864133573102 0.020125665893027361 -0.017320421729441152 0.01261241502800166 -0.0018171437609254982
leaf_weight=1.8355107773095394 18.434188287239522 32.378581080585718 3.7388819232583037 13.057283918373285 8.4087506611831468 12.983186216559259 27.206332856556401 39.740234356373549 3.8069352309685192 6.2275295115541693 10.642019083723424 39.27815629215911 49.29673662642017 71.313383309869096
leaf_count=48 1247 576 141 187 85 444 1583 384 95 271 269 1221 1384 1519
internal_value=0.00151413 0.00277555 -0.00916786 0.00489777 0.00355333 -0.0136829 -0.0202822 0.00459714 -0.000708883 -0.00754901 0.00732649 -0.0135296 0.00796781 0.0043479
internal_weight=338.348 319.914 45.7639 274.15 261.092 42.025 29.0418 252.684 99.6949 59.9546 16.8695 43.0851 152.989 120.61
internal_count=9454 8207 2216 5991 5804 2075 1631 5719 2240 1856 540 1316 3479 2903
is_linear=0
shrinkage=0.035


Tree=146
num_leaves=15
num_cat=0
split_feature=87 86 63 20 11 143 11 116 119 11 57 91 110 98
split_gain=8.37832 6.46189 5.03575 5.52029 5.71628 4.73345 5.64427 5.2752 4.68679 4.42308 4.41069 7.81147 6.94949 6.55571
threshold=1.5000000000000002 303.99371850685986 0.39642857142857152 1.5000000000000002 14.500000000000002 0.017763916861510447 2.5000000000000004 0.10147058823529413 0.8144879441188323 12.500000000000002 0.27888888888888896 3626.2504369875401 86.250000000000014 0.79361054766734285
decision_type=8 10 2 2 2 8 2 2 10 2 10 10 10 2
left_child=-1 2 -2 5 -5 6 8 -7 -4 -9 -8 -12 13 -13
right_child=1 -3 3 4 -6 7 10 9 -10 -11 11 12 -14 -15
leaf_value=0.025828422661356067 -0.012303750525672832 -0.017194600222937659 0.010765201627508365 -0.010445477545010176 0.010807544248404997 0.014419350030053154 -0.0028990761466513391 -0.0072837453357542988 -0.020249932031992615 0.012588218190806615 0.0071433380212030818 -0.0050343040140024579 -0.0014221121215897857 0.04061367380056212
leaf_weight=12.549203025642781 21.920454688835889 17.411319360835478 6.4612635420635334 51.988468116847798 16.764929842902347 20.554424128960818 15.748828173149375 68.062498020008206 8.5266657306347025 12.143884475808589 56.560560680227354 3.2585816853679743 7.3859893339686087 24.244276789482683
leaf_count=169 743 1611 223 1603 378 604 346 1549 459 147 1025 49 226 380
internal_value=0.00225588 0.000991242 0.00225485 0.0035378 -0.00488176 0.00618438 0.010674 0.000492815 -0.00753111 -0.00371284 0.0134416 0.0162601 0.0282918 0.0352628
internal_weight=343.581 331.032 313.621 291.7 68.7534 222.947 122.186 100.761 14.9879 80.2064 107.198 91.4494 34.8888 27.5029
internal_count=9512 9343 7732 6989 1981 5008 2708 2300 682 1696 2026 1680 655 429
is_linear=0
shrinkage=0.035


Tree=147
num_leaves=15
num_cat=0
split_feature=88 83 93 44 29 55 93 110 118 98 20 92 100 29
split_gain=5.51144 4.68881 4.84008 5.35674 5.32423 4.84895 8.59072 11.4457 15.1277 8.03527 4.59821 5.24912 5.63594 5.122
threshold=1079.5000000000002 1367.0000000000002 15685.000000000002 0.17712418300653598 9.5000000000000018 0.81698564593301448 46191.500000000007 59.750000000000007 0.83438818565400863 1.7090053763440862 1.0000000180025095e-35 36674.000000000007 0.063164893617021281 14.500000000000002
decision_type=10 10 2 2 2 8 2 10 2 2 2 2 2 2
left_child=1 2 4 -4 -1 10 9 8 -8 -7 13 -12 -13 -5
right_child=-2 -3 3 5 -6 6 7 -9 -10 -11 11 12 -14 -15
leaf_value=0.022897693072940858 0.021996342744562868 -0.013331260863969194 -0.015440968643830206 -0.0011377829342553276 -0.010367234422256602 -0.01469196314949666 0.048611618517265032 -0.0082220147362349668 0.0086941111373191535 0.02145472669368096 0.0037873924080297056 -0.0005874202110593878 -0.022908532834467359 0.021225960289160427
leaf_weight=17.603692205622796 9.4674658812582475 24.801568524679169 20.609572207089514 54.08913413528353 4.6960842180997124 29.003160062246025 12.188046013005076 20.557995633687824 45.593690454028547 4.9798717657104126 27.67657828098163 23.174323106650263 30.491929453331977 11.159529555588959
leaf_count=304 62 2867 758 1108 79 523 202 684 536 90 685 560 790 193
internal_value=0.000856878 -7.82708e-05 0.00121026 -0.000160672 0.0152767 0.00132513 0.00664671 0.0127822 0.0203149 -0.00732262 -0.00283715 -0.00817508 -0.0141413 0.00392564
internal_weight=336.093 326.625 301.824 279.524 22.2998 258.914 112.323 78.3397 57.7817 33.983 146.591 81.3428 53.6663 65.2487
internal_count=9441 9379 6512 6129 383 5371 2035 1422 738 613 3336 2035 1350 1301
is_linear=0
shrinkage=0.035


Tree=148
num_leaves=15
num_cat=0
split_feature=10 54 112 21 11 41 119 107 106 55 15 110 95 100
split_gain=5.12179 6.13772 7.09515 5.71267 7.15639 5.27209 4.86403 4.1123 7.03924 4.07764 5.18385 4.96797 4.00135 3.89368
threshold=3.5000000000000004 0.44949494949494956 0.087434304825609196 7.5000000000000009 9.5000000000000018 7.5000000000000009 2.2738214773431866 1495.9574745382063 157.31547619047623 0.93186339522546435 2.5000000000000004 110.25000000000001 6071.0000000000009 0.072751322751322761
decision_type=2 8 2 2 2 10 10 10 10 10 2 10 2 2
left_child=1 2 3 5 -5 9 -6 8 -3 -1 12 -12 -11 -8
right_child=-2 7 -4 4 6 -7 13 -9 -10 10 11 -13 -14 -15
leaf_value=0.0076971376905892739 -0.01501134956292133 -0.012196718309329667 -0.011891017077857917 -0.010138938796186896 -0.011777518153109921 -0.010626627640052393 0.019676583708541678 -0.020928410607390376 0.015443058159927687 0.015981449753162895 0.044129633765879132 0.0010414502450875978 -0.010352409134668759 0.0019132248931061527
leaf_weight=78.105701507767662 17.821413021534681 22.97929264116101 24.92017646250315 42.891669020988047 9.5660604415461403 8.8589010532014054 27.121424690354615 15.355888450518249 13.94231993332505 18.330613929079849 11.254928599810226 4.4144426528364411 6.1383893350139251 30.819960105698556
leaf_count=2113 1227 1102 735 921 214 296 315 683 407 371 241 138 132 455
internal_value=0.00102933 0.00215828 0.00435546 0.00627016 0.000376509 0.0111813 0.00729607 -0.0082885 -0.00116236 0.01318 0.0218146 0.035179 0.00873962 0.0111305
internal_weight=332.521 314.7 262.422 237.502 110.399 127.103 67.5074 52.2775 36.9216 118.244 40.1384 15.6694 24.469 57.9414
internal_count=9350 8123 5931 5196 1905 3291 984 2192 1509 2995 882 379 503 770
is_linear=0
shrinkage=0.035


Tree=149
num_leaves=15
num_cat=0
split_feature=88 83 96 97 86 99 48 9 94 12 46 44 108 72
split_gain=5.91838 6.92356 5.24324 5.09342 5.89442 8.18381 4.78763 6.3415 4.64344 4.33124 4.12171 6.33346 7.05243 6.26553
threshold=1079.5000000000002 1537.5000000000002 3.3229166666666674 15.178355765055761 303.3086600625623 0.43614130434782611 0.1023024594453166 4.5000000000000009 71494.250000000015 1.5000000000000002 0.057831661092530663 0.35653753026634388 1.5000000000000002 11.500000000000002
decision_type=10 10 2 2 8 2 2 2 2 2 2 2 10 8
left_child=1 2 3 4 5 -1 10 -8 -3 -7 -6 12 -12 -13
right_child=-2 8 -4 -5 6 9 7 -9 -10 -11 11 13 -14 -15
leaf_value=-0.010491534468685837 0.024434936098821986 -0.025852421658792691 0.020571403672620274 -0.020754990625529511 -0.0049274732072278407 -0.0026827116707289276 -0.0084432967672236816 0.031928863159885135 0.0060577305355548833 0.031623708319376595 -0.02268669635010644 0.018118341508523761 0.0044712761629044379 -0.0060693211071876484
leaf_weight=8.0207648854702729 8.2811274826526624 13.942575674736874 12.564483683556317 7.8103041015565386 146.03494890476577 4.7424516766332117 5.0204692599363607 7.2797462297603488 5.6292359770741305 16.991435588803142 13.492093907203524 40.421160493046045 28.501520804129541 15.56209697620943
leaf_count=101 55 1931 185 72 3809 114 142 111 650 175 390 636 684 307
internal_value=0.00152975 0.000587628 0.00199021 0.000864935 0.0018016 0.0153276 -3.18392e-05 0.0177728 -0.0173094 0.0250362 -0.00126818 0.00416043 -0.00573972 0.0114484
internal_weight=334.294 326.013 306.441 293.877 286.067 29.7547 256.312 12.3002 19.5718 21.7339 244.012 97.9769 41.9936 55.9833
internal_count=9362 9307 6726 6541 6469 390 6079 253 2581 289 5826 2017 1074 943
is_linear=0
shrinkage=0.035


Tree=150
num_leaves=15
num_cat=0
split_feature=87 83 118 65 110 47 116 50 114 114 45 1 47 101
split_gain=5.79902 6.5467 6.35841 7.89283 6.77002 6.29331 5.38806 4.72907 4.11707 10.3281 6.65326 6.27498 3.93834 3.78308
threshold=1.5000000000000002 1537.5000000000002 0.70659971305595415 1.8603896103896107 1098.5000000000002 0.15590277777777781 0.90521114106019784 0.11647286821705428 0.087228260869565227 0.066987179487179499 0.069971440228478191 22.500000000000004 0.094044811320754734 0.82085561497326209
decision_type=8 10 2 8 10 2 2 2 2 2 2 2 2 2
left_child=-1 2 3 -2 7 6 8 13 9 -4 -11 12 -10 -5
right_child=1 -3 5 4 -6 -7 -8 -9 11 10 -12 -13 -14 -15
leaf_value=0.020325875918500633 -0.007876670774940581 -0.018464530139001158 -0.0047697946837251095 0.034608709111083123 -0.011310976600419383 0.019451145130561072 0.014785385520144563 -0.0027348075841699074 -0.01598558429692655 0.035401593221933945 -0.0007493083643323094 0.018649097055045954 0.0057616680815334052 -0.00041936248008065763
leaf_weight=11.905405334196983 15.843614463927223 18.582941859494895 126.97339082392864 22.51359119638801 4.720576897263526 11.252911916002629 14.407545849680899 5.6246596816927186 67.339317178819329 9.2915963130071777 10.704844922292976 4.0166565207764497 9.2805109685286862 4.2403676505200556
leaf_count=166 524 2512 2912 436 175 206 252 160 1392 106 281 82 156 112
internal_value=0.000336974 -0.000692781 0.000665063 0.0111343 0.0192243 -0.00169661 -0.00305373 0.0245937 -0.0044765 -0.000890364 0.0197699 -0.0105791 -0.0131599 0.0298651
internal_weight=336.698 324.793 306.21 52.9428 37.0992 253.267 242.014 32.3786 227.606 146.97 19.9964 80.6365 76.6198 26.754
internal_count=9472 9306 6794 1407 883 5387 5181 708 4929 3299 387 1630 1548 548
is_linear=0
shrinkage=0.035


Tree=151
num_leaves=15
num_cat=0
split_feature=10 88 86 20 42 11 32 98 63 119 110 122 106 106
split_gain=7.15924 4.64299 5.56456 3.66262 5.72295 4.65353 6.79093 8.51813 8.56338 6.10397 5.65504 5.53 5.39694 8.28045
threshold=3.5000000000000004 1079.5000000000002 296.64113681089219 2.5000000000000004 13.500000000000002 9.5000000000000018 1.5000000000000002 1.3397435897435901 0.52326839826839844 2.0326734437057845 110.25000000000001 5.5000000000000009 161.55555555555557 1226.5500000000002
decision_type=2 10 10 2 8 2 2 2 2 10 10 2 8 8
left_child=1 2 3 5 -5 6 9 -8 -9 12 -10 -7 -1 -14
right_child=-2 -3 -4 4 -6 11 7 8 10 -11 -12 -13 13 -15
leaf_value=-0.0066974520350335746 -0.018002344421002132 0.021894293357847379 -0.015521924960350124 -0.019242353638888165 0.010992076805334013 0.021355187574806398 -0.0027565231218894099 -0.0069721554549579184 0.038209278223966692 -0.010873305644115731 -0.002525789546642441 0.00074354263997578496 0.023896291974555034 -0.0027806477456933736
leaf_weight=35.721323292003945 17.719432427082211 9.2306869998574239 17.218247432261705 16.394944281550128 7.9406704730354241 30.534405565354973 29.346336902119219 7.4447682648897198 18.558013205416504 60.638984010322019 4.3530085429083547 29.602653867565095 22.295054673682898 27.900273983366787
leaf_count=1029 1245 63 1540 485 123 401 666 191 326 1328 133 319 545 1034
internal_value=0.00100682 0.00233169 0.00140486 0.00265282 -0.00918488 0.00388351 0.00127518 0.0107426 0.0223371 -0.00280871 0.0314038 0.0120449 0.00316815 0.0101597
internal_weight=334.899 317.179 307.949 290.73 24.3356 266.395 206.258 59.7021 30.3558 146.556 22.911 60.1371 85.9167 50.1953
internal_count=9428 8183 8120 6580 608 5972 5252 1316 650 3936 459 720 2608 1579
is_linear=0
shrinkage=0.035


Tree=152
num_leaves=15
num_cat=0
split_feature=87 87 55 98 70 54 110 123 116 56 65 117 110 95
split_gain=5.25376 5.48376 5.58309 7.66864 8.13371 7.93626 6.96912 5.59108 5.55444 4.98798 5.151 9.1539 6.91678 6.83452
threshold=1.5000000000000002 115.50000000000001 0.82247899159663873 0.89039039039039047 11.392307692307694 0.34848484848484856 16.250000000000004 1.5000000000000002 0.66397849462365599 0.65030120481927722 1.5634920634920637 0.21498599439775914 88.250000000000014 26003.000000000004
decision_type=8 8 8 2 8 10 8 2 2 10 10 2 10 2
left_child=-1 8 9 6 -5 7 -4 -6 -2 10 12 -12 -3 -13
right_child=1 2 3 4 5 -7 -8 -9 -10 -11 11 13 -14 -15
leaf_value=0.019111782103502156 -0.02298574711849025 0.021954474993167796 0.017768915959724792 -0.0076122584484983524 0.026203630579182121 -0.0014386673953461289 -0.015860666730499125 -0.0019267079000981537 0.011471749799868061 -0.014705715925121925 0.021493296623729757 -0.011558598617849365 -0.010074722436353241 0.011460909316407385
leaf_weight=12.940124840475617 17.785452822921801 19.504097191616896 5.5184981841594007 20.682362434687093 49.235644005704671 24.108436899725348 25.328703231876716 9.5192580625880492 4.2493880267720661 31.648042934481055 10.510515892645342 79.840082396520302 8.883001584094016 15.182795333210377
leaf_count=170 1911 495 88 464 730 920 571 163 143 1241 138 1717 332 345
internal_value=0.000677024 -0.000344721 0.000999836 0.00618171 0.0106482 0.0153798 -0.00820514 0.0218524 -0.015448 -0.00326423 -0.000128418 -0.00376309 0.011924 -0.00749148
internal_weight=334.936 321.996 299.961 134.393 103.546 82.8633 30.8472 58.7549 22.0348 165.569 133.92 105.533 28.3871 95.0229
internal_count=9428 9258 7204 2936 2277 1813 659 893 2054 4268 3027 2200 827 2062
is_linear=0
shrinkage=0.035


Tree=153
num_leaves=15
num_cat=0
split_feature=82 101 96 110 98 68 50 107 65 68 107 59 115 145
split_gain=4.69647 5.36343 4.89093 9.09451 7.23893 8.1239 12.4014 6.75454 5.7728 5.72641 5.79886 5.67464 5.52011 4.43617
threshold=3.5000000000000004 0.54692082111436957 1.1017241379310347 82.250000000000014 1.320714285714286 5.5000000000000009 0.079595736122284808 2246.2959125524089 1.2613636363636365 17.500000000000004 1285.2665368190994 0.52730883813306861 0.14208074534161494 0.11468207879296514
decision_type=8 2 2 10 2 10 2 10 8 8 10 2 2 8
left_child=-1 2 8 4 9 6 11 -8 -2 10 -4 -6 -7 -3
right_child=1 13 3 -5 5 12 7 -9 -10 -11 -12 -13 -14 -15
leaf_value=0.020119725759222461 -0.010220339684241452 0.0097711854129734904 -0.015098213329266181 -0.019170237229073191 -0.0093788694815234164 -0.016624466616376565 -0.01735717325849542 0.01937508782247227 0.018587465889334884 0.016211056127729776 0.0009335050876051105 0.033078017825855899 0.0085019015564668614 -0.013607938848263149
leaf_weight=9.8178549562580866 7.5308348217513403 8.5026904626283777 42.572493080981076 21.929537223186344 2.1723122389521441 14.538978278171269 12.353416939498858 4.6778050442226222 32.373667743755504 11.713377717416732 64.670915638562292 31.041193493409082 19.043086583493277 46.611757185077295
leaf_count=163 329 272 888 1180 76 409 491 171 938 214 1246 605 460 1968
internal_value=0.000856726 -3.54556e-05 0.00207286 -3.36665e-05 0.00244732 0.0100284 0.0183041 -0.00516076 0.0126182 -0.00308398 -0.00581969 0.0294373 -0.00312096 -0.00948844
internal_weight=329.55 319.732 264.618 224.713 202.784 83.8268 50.2447 17.0312 39.9045 118.957 107.243 33.2135 33.5821 55.1144
internal_count=9410 9247 7007 5740 4560 2212 1343 662 1267 2348 2134 681 869 2240
is_linear=0
shrinkage=0.035


Tree=154
num_leaves=15
num_cat=0
split_feature=88 50 97 116 49 43 115 45 128 47 110 98 93 119
split_gain=4.45728 4.58466 4.18984 4.6137 4.12281 4.10322 4.74841 3.83327 5.93328 7.83123 7.22345 9.12601 5.01357 4.41185
threshold=1079.5000000000002 0.10050505050505053 7.4612907470765828 0.90521114106019784 0.054804804804804812 0.38529014844804327 0.14854215918045707 0.17089216944801031 0.093073593073593086 0.040270270270270282 82.250000000000014 1.320714285714286 46501.000000000007 0.8704386226815618
decision_type=10 2 2 2 2 2 2 2 2 2 10 2 2 10
left_child=1 2 7 4 5 -4 -7 8 10 12 11 -1 -10 -12
right_child=-2 -3 3 -5 -6 6 -8 -9 9 -11 13 -13 -14 -15
leaf_value=0.0050456895727273698 0.01950339296359024 -0.0094068060269567478 -0.019247836089284612 0.01328015536784102 0.013582845933018383 0.014887799832332637 -0.014888462151996849 -0.0050459009509781598 -0.007894029722860095 -0.016464164570966319 0.012471632022209038 0.032822746260058412 0.012917747689698321 -0.012171999381907078
leaf_weight=31.946251782122999 9.2013657949864847 53.527972349431366 33.655222965637222 8.109384495764969 4.0788504469674072 9.1187065127305704 7.281428556656464 43.006677187280729 17.193604937521741 21.877441850258037 10.19858750398271 25.304004401434213 37.670432649087161 16.698551655746996
leaf_count=1021 62 2257 644 139 59 143 102 1720 282 608 234 613 707 789
internal_value=0.000314238 -0.000529961 0.00139596 -0.00623514 -0.0100343 -0.0130175 0.00127779 0.00381901 0.00626932 -0.00081361 0.0124122 0.0189731 0.00628105 -0.00233763
internal_weight=328.868 319.667 266.139 62.2436 54.1342 50.0554 16.4001 203.896 160.889 76.7415 84.1474 57.2503 54.864 26.8971
internal_count=9380 9318 7061 1087 948 889 245 5974 4254 1597 2657 1634 989 1023
is_linear=0
shrinkage=0.035


Tree=155
num_leaves=15
num_cat=0
split_feature=11 20 63 143 54 55 0 110 110 85 66 123 75 98
split_gain=4.40411 6.80532 5.48446 4.1169 6.10679 8.53014 5.40488 5.63176 5.94064 4.63632 4.23446 4.08121 4.00656 4.54759
threshold=14.500000000000002 1.5000000000000002 0.53139076576576583 0.0037179345422379481 0.22474747474747478 0.66441441441441451 127.09497685185187 205.25000000000003 20.250000000000004 590.68888888888898 1.5189263736608203 1.0000000180025095e-35 2.1403940886699511 1.652586206896552
decision_type=2 2 2 10 8 10 2 10 8 10 8 2 10 2
left_child=1 3 -2 4 5 -1 7 8 10 -10 -5 -6 -3 -14
right_child=2 12 -4 6 11 -7 -8 -9 9 -11 -12 -13 13 -15
leaf_value=-0.0032113018033344582 -0.011042810645303564 -0.017227026338647023 0.018051265381072917 -0.013530026681615062 0.0037253950747048944 0.023953862570727576 0.013874940848421473 0.01396595104200684 -0.018843261559259691 0.010836740969556844 0.014921867597096026 -0.011865808972256904 -0.011227516839337865 0.017619320268335306
leaf_weight=21.040869798511267 6.8525824462994924 38.857002549571916 26.609928308287635 5.3341874673496958 72.93557818303816 32.502996853552759 12.679282516008241 8.8106569033116084 52.173346681287512 4.0213795194867989 12.978986379457636 22.94600665057078 9.9168248416390288 7.2207612667698404
leaf_count=539 111 1468 591 65 2416 467 419 175 1522 178 130 819 312 240
internal_value=0.000272307 -0.00113297 0.0114323 0.00143965 0.0050086 0.0139163 -0.00408854 -0.00745294 -0.0107047 -0.0160074 0.00551011 -0.000409006 -0.0116024 0.00216115
internal_weight=334.88 301.418 33.4625 245.423 149.425 53.5439 95.9978 83.3186 74.5079 56.1947 18.3132 95.8816 55.9946 17.1376
internal_count=9452 8750 702 6730 4241 1006 2489 2070 1895 1700 195 3235 2020 552
is_linear=0
shrinkage=0.035


Tree=156
num_leaves=15
num_cat=0
split_feature=96 98 55 70 110 66 93 92 71 106 121 101 59 14
split_gain=4.81185 4.08345 6.34045 10.5679 4.60183 5.48118 5.53733 4.5505 4.87711 3.82305 3.76134 4.67111 5.93668 4.54008
threshold=4.0303030303030312 0.89039039039039047 0.92450142450142458 13.105555555555556 82.250000000000014 2.5511430116345828 48723.500000000007 7336.5000000000009 2.7095204363523719 1518.5096153846155 3.5000000000000004 0.53589743589743599 0.6906926406926408 9.5000000000000018
decision_type=2 2 8 10 10 10 2 2 10 10 2 2 2 2
left_child=1 -1 7 -4 5 6 -5 -3 9 -9 11 12 -10 -12
right_child=-2 2 3 4 -6 -7 -8 8 10 -11 13 -13 -14 -15
leaf_value=-0.011492514895833961 0.021570799286093074 0.012285731584482837 -0.0043967768387575285 0.0052508274563309986 -0.0018750158084001412 6.8351708701662307e-05 0.040638209564634056 -0.015151959549524072 -0.00076995196156840189 0.0059179188174956253 -0.01402549764834897 -0.010601884791493871 0.021010715744258349 0.017345932918622211
leaf_weight=39.836700846673921 6.2894622571766368 15.038104793522505 46.640408528037369 9.4567601482849586 10.136646476108579 9.3238221690990013 16.59215042879805 62.122202795930207 35.242055147187784 9.7548221899196488 29.507914647692818 16.197789864148945 21.679177575744689 2.3637662567198268
leaf_count=1000 119 396 1313 217 391 116 333 1836 1046 375 857 733 636 26
internal_value=-0.000918323 -0.00167632 -0.000124687 0.00719428 0.0183327 0.0236386 0.0307056 -0.00373257 -0.00539484 -0.0120935 -0.0004676 0.00390209 0.00855222 -0.00966214
internal_weight=330.182 323.892 284.056 92.1498 45.5094 35.3727 26.0489 191.906 176.868 71.877 104.991 73.119 56.9212 31.8717
internal_count=9394 9275 8275 2370 1057 666 550 5905 5509 2211 3298 2415 1682 883
is_linear=0
shrinkage=0.035


Tree=157
num_leaves=15
num_cat=0
split_feature=119 54 55 70 98 27 47 107 72 98 25 46 103 42
split_gain=6.56802 7.0758 7.36479 6.6738 7.48121 5.633 8.81584 7.02005 4.98662 5.05122 4.8624 4.79575 5.40869 4.43327
threshold=0.77303240518350214 0.44949494949494956 0.88516483516483524 11.860389610389612 0.89039039039039047 12.500000000000002 0.025158227848101272 2738.4801702330142 11.500000000000002 1.0571895424836604 2.5000000000000004 0.060120481927710849 0.05771365149833519 3.5000000000000004
decision_type=10 8 10 10 2 2 2 10 8 2 2 2 2 10
left_child=-1 2 5 -4 -5 7 8 11 9 -7 -11 -2 -13 -14
right_child=1 -3 3 4 -6 6 -8 -9 -10 10 -12 12 13 -15
leaf_value=0.011979333451552342 -0.018330457787794009 -0.016581659279217582 -0.0056787385401696564 -0.0070856456170105154 0.020746286788742602 -0.0018957272076756614 -0.009985610860936139 0.011124183512572432 -0.010367135495287241 0.037009614414749079 5.3260412389847431e-05 -0.009025924344909968 -0.010699526798554083 0.02746310018153245
leaf_weight=57.146249582758173 49.514051879290491 25.338868282036856 23.547565169632435 12.413884105626492 49.377539159264416 8.0128360523376632 22.566688342019916 16.047247196780518 4.3246771942358455 14.814463235903533 5.6105468645691863 30.081470066215843 2.3491900649387372 6.2992593357339501
leaf_count=1453 1611 1224 505 260 956 141 939 539 117 462 145 832 74 113
internal_value=0.00171823 -0.000629335 0.00131947 0.00932742 0.015043 -0.00311514 0.00559068 -0.00777827 0.0162212 0.0212102 0.0288649 -0.0116279 -0.0019429 0.0169748
internal_weight=327.445 270.298 244.959 85.339 61.7914 159.62 55.3292 104.291 32.7625 28.4378 20.425 88.244 38.7299 8.64845
internal_count=9371 7918 6694 1721 1216 4973 1804 3169 865 748 607 2630 1019 187
is_linear=0
shrinkage=0.035


Tree=158
num_leaves=15
num_cat=0
split_feature=11 116 118 98 141 70 83 45 75 98 57 82 145 70
split_gain=4.94802 5.24876 6.00656 4.91282 5.81349 5.12938 5.18842 4.88283 6.08495 5.48878 5.26113 4.95017 4.61894 4.22574
threshold=2.5000000000000004 0.90521114106019784 0.61721611721611735 1.5694980694980696 1.0000000180025095e-35 14.310096153846155 1829.5000000000002 0.075235849056603785 1.7231800766283527 1.0571895424836604 0.41042780748663105 153.50000000000003 0.15013295528425469 12.377155172413795
decision_type=2 2 2 2 2 10 8 2 10 2 10 8 10 10
left_child=-1 2 -2 7 5 6 -5 9 13 10 -4 -11 -7 -9
right_child=1 -3 3 4 -6 12 -8 8 -10 11 -12 -13 -14 -15
leaf_value=-0.0091356692445529099 0.01705225861299707 0.021029248357773058 -0.01793625725044503 0.013719434832067742 0.019192363692989059 -0.0083908694119260822 -0.012903868893459311 -0.0046923455731586947 -0.014983197524837059 -0.016060419588228833 0.0043391117874890346 0.013983135488204745 0.022629348251291388 0.02356167785494083
leaf_weight=44.539875001646578 22.689722414826974 13.246284413151441 19.49693217384629 7.3900146470405152 24.756812613923103 5.6214422495104399 31.789049926446751 14.27865245495923 58.695510427234694 3.5949122761376193 24.390185243217275 40.908032509731129 12.756498386850579 5.2231587325222781
leaf_count=2241 499 196 401 332 541 193 1156 413 1679 204 412 634 418 131
internal_value=0.00110789 0.00283964 0.00158837 -0.000129358 0.00663196 0.000127208 -0.00689777 -0.00356614 -0.00966317 0.00205637 -0.0063791 0.0101792 0.0133756 0.00613884
internal_weight=329.377 284.837 271.591 248.901 82.3138 57.557 39.1791 166.587 78.1973 88.3901 43.8871 44.5029 18.3779 19.5018
internal_count=9450 7209 7013 6514 2640 2099 1488 3874 2223 1651 813 838 611 544
is_linear=0
shrinkage=0.035


Tree=159
num_leaves=15
num_cat=0
split_feature=87 83 54 41 55 107 69 114 60 110 118 98 65 43
split_gain=4.99926 5.15461 5.09432 5.35322 4.98371 4.59404 4.48711 6.10209 4.33017 4.30238 4.81666 6.32609 6.21134 4.64738
threshold=1.5000000000000002 1537.5000000000002 0.096006144393241177 7.5000000000000009 0.5656275635767023 2002.8688046465827 2.7500000000000004 0.066987179487179499 0.92214439655172431 904.75000000000011 0.71240601503759404 1.2390476190476194 1.8603896103896107 0.47114317425083246
decision_type=8 10 8 8 8 8 8 2 2 10 2 2 10 2
left_child=-1 2 -2 4 5 -4 -5 -8 -7 10 12 -12 -6 -13
right_child=1 -3 3 6 9 8 7 -9 -10 -11 11 13 -14 -15
leaf_value=0.021640805505128795 0.014822389896301864 -0.01412086282571617 -0.015894269601705754 -0.013841398064678483 0.0010110063557418932 -0.011354044735175376 -0.011391971350467848 0.016839499792951431 0.017788287816911223 -0.013800305385215133 -0.0039296619310143135 0.015240884925654848 0.030635249287678773 -0.0074928764925489737
leaf_weight=11.474805991165338 33.983351594768465 18.251828216714785 21.542387510184199 39.83202597964555 14.555845918366684 6.3781896934378919 13.441413788124921 14.36917492887005 9.8261197288520616 7.3038317563477895 56.198688209289685 56.6032269585412 17.806436446495354 10.225326190702615
leaf_count=165 698 2553 602 984 426 200 204 171 283 246 1181 1217 304 219
internal_value=0.00281243 0.0018157 0.00299289 0.00124939 0.00411625 -0.00672167 -0.00694434 0.00353798 0.00634507 0.00675621 0.00812253 0.004564 0.0192293 0.011483
internal_weight=331.793 320.318 302.066 268.083 200.44 37.7467 67.6426 27.8106 16.2043 162.693 155.39 123.027 32.3623 66.8286
internal_count=9453 9288 6735 6037 4678 1085 1359 375 483 3593 3347 2617 730 1436
is_linear=0
shrinkage=0.035


Tree=160
num_leaves=15
num_cat=0
split_feature=83 4 66 100 72 123 14 9 55 32 92 106 91 107
split_gain=4.8943 4.43521 7.69755 10.3283 7.65394 7.1077 6.6067 7.024 8.01736 5.16036 5.15114 5.90889 5.12151 5.11071
threshold=1537.5000000000002 6.5000000000000009 1.9500635676244293 0.18634259259259262 9.5000000000000018 1.0000000180025095e-35 3.5000000000000004 3.5000000000000004 0.76523582405935353 22.500000000000004 74741.000000000015 73.562500000000014 3378.5583993497871 2528.0874742446567
decision_type=10 2 10 2 10 2 2 2 10 2 2 8 10 10
left_child=1 2 5 9 13 6 7 10 12 -4 11 -1 -9 -3
right_child=-2 4 3 -5 -6 -7 -8 8 -10 -11 -12 -13 -14 -15
leaf_value=0.01109235533598729 -0.014126633815637363 -0.019883395699108967 0.01981736266902457 -0.011803482307566714 0.010265111134226937 -0.010078704510016511 -0.016041344261733474 -0.010305904925121973 0.027428077799133865 -0.0083276202642263222 0.014326064220001251 -0.017319827467546699 0.01505740557504115 0.014804267006311309
leaf_weight=8.8374879797920567 20.098850254435092 31.684864626266062 67.819391583325341 15.005233782343565 16.929288519080728 58.039795757737011 12.044756179675458 15.950055034132676 26.944852701853961 6.2066577002406111 10.934306977316735 24.802710901945829 13.319692077115176 2.3641707762144497
leaf_count=292 2608 757 904 257 289 1528 190 367 474 81 414 932 294 54
internal_value=0.000764058 0.00193512 0.00379972 0.0118432 -0.00706152 -0.000608779 0.00448336 0.0075784 0.0152925 0.01708 -0.0027113 -0.00938627 0.001749 -0.0158877
internal_weight=330.982 310.883 259.905 89.0313 50.9783 170.874 112.834 100.789 56.2146 74.026 44.5745 33.6402 29.2697 34.049
internal_count=9441 6833 5733 1242 1100 4491 2963 2773 1135 985 1638 1224 661 811
is_linear=0
shrinkage=0.035


Tree=161
num_leaves=15
num_cat=0
split_feature=87 54 118 110 49 49 117 118 72 69 63 34 26 56
split_gain=5.9312 4.77222 4.46476 6.62567 4.88986 4.30434 3.92987 6.19423 5.8554 5.56505 5.6816 4.73894 3.93183 4.26168
threshold=1.5000000000000002 0.093386627906976757 0.31666666666666671 1234.0000000000002 0.06030303030303031 0.020204081632653064 0.65419580419580436 0.77032967032967048 14.500000000000002 2.7500000000000004 0.6039701257861636 1.5000000000000002 2.5000000000000004 0.18237250554323728
decision_type=8 8 2 8 2 2 2 2 10 10 2 2 2 10
left_child=-1 -2 3 -3 5 6 9 -8 11 -4 -11 12 13 -9
right_child=1 2 4 -5 -6 -7 7 8 -10 10 -12 -13 -14 -15
leaf_value=0.020988069589375276 0.011736741634041481 0.028622592730365156 -0.011826140283351296 -0.0089086606980248399 0.013064208465687555 -0.017859239459952967 0.023338025681458041 -0.010285075026426433 -0.023319637568879139 0.018535390456360063 -0.0082040094986709916 -0.01443247425569572 -0.0028351404819484971 0.014852072762381053
leaf_weight=12.295420012436805 32.273445285623893 8.8456587502732837 79.374815546907485 6.6937880711629996 17.419481962453574 20.038055518642068 9.4701895916368795 6.2815234176814547 7.8037891713902345 13.826244017574938 15.857544614234937 13.966998708434401 43.653541124425828 43.146398274693638
leaf_count=171 916 79 4095 320 389 474 193 73 198 402 441 237 651 825
internal_value=0.0010264 -5.61728e-05 -0.00156377 0.0142225 -0.0027109 -0.00402704 -0.00248973 0.00175134 -0.000927956 -0.00718922 0.00512736 0.00167215 0.00470122 0.0110062
internal_weight=330.947 318.651 286.378 15.5394 270.839 253.419 233.381 124.322 114.852 109.059 29.6838 107.048 93.0815 49.4279
internal_count=9464 9293 8377 399 7978 7589 7115 2177 1984 4938 843 1786 1549 898
is_linear=0
shrinkage=0.035


Tree=162
num_leaves=15
num_cat=0
split_feature=87 32 118 97 119 27 126 76 47 54 117 94 126 76
split_gain=5.38039 4.46108 7.50042 7.30791 5.80724 6.40627 5.52833 4.46775 4.46224 4.31097 4.0741 3.92095 5.37287 3.77306
threshold=1.5000000000000002 2.5000000000000004 0.67156862745098056 2.1077430455129713 3.0699765066114293 13.500000000000002 1.0000000180025095e-35 0.69924955276658463 0.15590277777777781 0.40833333333333338 0.45080645161290328 61273.500000000007 1.5000000000000002 0.48331115570061961
decision_type=8 2 2 2 10 2 2 8 2 8 2 2 2 10
left_child=-1 2 3 10 8 -6 7 -3 13 -9 -2 -7 -13 -4
right_child=1 6 4 -5 5 11 -8 9 -10 -11 -12 12 -14 -15
leaf_value=0.019243148124392876 -0.011108255841428334 0.0026577501136780483 -0.016685482754310317 0.024369503914750582 -0.012583491506425145 0.00072076137817480104 -0.0048447710559385241 0.028738726202550021 0.012439339915576076 -0.0062350859099941534 0.015518982704907494 0.030576439840467706 -0.0091928084795328095 -0.0045439926711754669
leaf_weight=12.345912388525901 17.756562913302336 28.473353053443134 69.570055251009762 16.752849737647921 16.029155073221773 21.694736008299515 32.428837828570977 18.278684772085402 6.4002877445891491 3.3770844780374309 5.3282154491171232 12.032123185694216 2.9669978201854965 62.866166318068281
leaf_count=168 799 659 2493 408 333 365 728 370 189 124 188 225 43 2365
internal_value=0.000263041 -0.000773289 -0.00326164 0.00975975 -0.00614901 0.00350229 0.00598915 0.0128014 -0.00980842 0.0231383 -0.00329368 0.0111955 0.0223781 -0.011297
internal_weight=326.301 313.955 231.397 39.8376 191.56 52.723 82.558 50.1291 138.837 21.6558 23.0848 36.6939 14.9991 132.436
internal_count=9457 9289 7408 1395 6013 966 1881 1153 5047 494 987 633 268 4858
is_linear=0
shrinkage=0.035


Tree=163
num_leaves=15
num_cat=0
split_feature=92 119 25 110 92 95 110 110 107 94 123 38 106 114
split_gain=4.24918 7.14098 5.4628 5.40079 6.37711 7.32956 5.43011 5.21882 4.69535 4.58531 4.18342 3.94126 5.42334 4.81001
threshold=57284.500000000007 0.8704386226815618 1.5000000000000002 61.250000000000007 70087.500000000015 14688.500000000002 13.250000000000002 41.250000000000007 2779.8203294096825 53223.750000000007 1.0000000180025095e-35 18.500000000000004 422.30952380952385 0.20662287903667217
decision_type=2 8 2 10 2 2 10 8 8 2 2 2 10 2
left_child=1 10 -3 4 5 6 -2 -6 -5 11 -1 12 -4 -14
right_child=3 2 9 8 7 -7 -8 -9 -10 -11 -12 -13 13 -15
leaf_value=0.017925914679196828 -0.006968857129337939 -0.010111658596693994 -0.0051295314017174749 -0.012221019121863026 -0.0054450658097579046 -0.002582931879604258 0.032902739822603111 0.017840227021579211 0.012060815020572893 -0.010595155054885105 -0.0081247554013450535 -0.014144563174321258 0.023662594793944197 -0.012612693901297711
leaf_weight=24.077940827701244 3.0571885963436243 104.86821496300399 13.694534993497653 27.045172115787864 37.188293979037553 12.238111175363882 24.961656401865184 11.386587610002605 9.4574558478780073 18.009069711901248 6.9137078020721665 4.1455128481611601 26.108525087824095 2.0348595648538312
leaf_count=489 77 3563 259 1164 710 301 501 479 396 530 173 113 663 39
internal_value=0.000673429 -0.00248059 -0.00536411 0.00560491 0.0101007 0.0195582 0.0281558 0.00116888 -0.00523475 0.00258494 0.0117931 0.00827968 0.0117743 0.0195327
internal_weight=325.187 199.852 168.861 125.334 88.8318 40.257 28.0188 48.5749 36.5026 63.9925 30.9916 45.9834 41.8379 28.1434
internal_count=9457 5829 5167 3628 2068 879 578 1189 1560 1604 662 1074 961 702
is_linear=0
shrinkage=0.035


Tree=164
num_leaves=15
num_cat=0
split_feature=54 48 81 123 98 71 94 108 69 59 47 82 26 47
split_gain=4.09862 5.8953 4.55065 3.99495 4.59196 4.8175 3.88307 4.26694 4.82024 5.67598 5.03218 5.20741 4.9883 4.82542
threshold=0.22474747474747478 0.1023024594453166 168.07894622118144 1.0000000180025095e-35 1.7912885662431945 1.4160719276834464 81709.250000000015 23.500000000000004 2.7500000000000004 0.72821969696969713 0.040956108470785575 474.50000000000006 31.500000000000004 0.072949002217294903
decision_type=8 2 8 2 2 8 2 10 10 2 2 10 2 2
left_child=1 6 -2 4 -4 -6 7 8 9 13 11 12 -10 -1
right_child=2 -3 3 -5 5 -7 -8 -9 10 -11 -12 -13 -14 -15
leaf_value=-0.014230297702522123 0.017387532101521844 0.029314403353115224 0.0032992656413398198 -0.014251804896156382 0.01144310537436073 -0.018870360333571888 0.019650723469824011 0.020949680977886121 0.021288509880781924 0.0070960620253423734 -0.0076202780603949645 -0.014694649403579799 -0.0087101179787469635 0.0086636545304701728
leaf_weight=56.83324137981981 7.4229669496417037 6.2317843066994092 76.958759396336973 34.580508136888966 4.7708040417637703 21.648698932724074 10.674662875710053 7.6075710493605575 35.054017481161281 29.156980575295165 16.70230141771026 3.5589705407619467 5.3184724478051058 10.257244675653054
leaf_count=1720 89 110 2573 1345 145 911 228 160 510 904 340 30 72 296
internal_value=0.00120253 0.00465527 -0.00311705 -0.00478986 -0.00111331 -0.0124465 0.00298877 0.00135967 -0.000208025 -0.00499116 0.00718634 0.0130191 0.0168123 -0.010372
internal_weight=326.777 181.395 145.382 137.959 103.378 26.4195 175.163 164.489 156.881 96.2475 60.6338 43.9315 40.3725 67.0905
internal_count=9433 4370 5063 4974 3629 1056 4260 4032 3872 2920 952 612 582 2016
is_linear=0
shrinkage=0.035


Tree=165
num_leaves=15
num_cat=0
split_feature=76 20 54 121 101 81 27 34 2 82 93 74 55 54
split_gain=3.66032 4.75748 7.12182 8.22076 6.16187 5.6331 4.9237 4.71317 4.37213 3.85955 5.74539 5.72915 4.83781 4.67875
threshold=0.3896352499341208 2.5000000000000004 0.17519181585677754 3.5000000000000004 0.54195804195804198 254.34767271043299 28.500000000000004 5.5000000000000009 5.5000000000000009 1.0000000180025095e-35 81146.000000000015 12.250000000000002 0.76043478260869579 0.43650793650793657
decision_type=8 2 8 2 2 8 2 2 2 10 2 10 10 8
left_child=-1 2 3 4 6 -4 7 8 -2 11 -11 -7 -13 -14
right_child=1 -3 5 -5 -6 9 -8 -9 -10 10 -12 12 13 -15
leaf_value=-0.0051641420491461984 0.039329597456865741 -0.0097379879151511112 0.018444411709734258 -5.7505340043387117e-05 -0.0043414353243730859 0.0082789519174396222 -0.0076814988615342113 -0.0038761177548664715 -0.0011434341772182943 -0.024464699774546426 0.011733541838375522 -0.016853307897716836 0.0092066578293337389 -0.015912614121189252
leaf_weight=81.463757168501616 26.106041447725151 26.205479309661314 13.358039449900387 33.420015662442893 7.2855671506840727 54.003984746988863 2.4741831412538877 3.1940165460109702 3.3436182702425858 13.6451603025198 4.0893861546646795 25.832297545392066 25.956939677707851 7.9145067660138002
leaf_count=2136 482 1023 148 624 274 1433 69 76 85 1271 326 712 453 309
internal_value=0.00106877 0.00318758 0.00490465 0.0132279 0.0226004 0.00025018 0.0280342 0.031402 0.0352354 -0.00220699 -0.015373 0.000407483 -0.00680208 0.00204537
internal_weight=328.293 246.829 220.624 75.8234 42.4034 144.8 35.1179 32.6437 29.4497 131.442 17.7345 113.708 59.7037 33.8714
internal_count=9421 7285 6262 1610 986 4652 712 643 567 4504 1597 2907 1474 762
is_linear=0
shrinkage=0.035


Tree=166
num_leaves=15
num_cat=0
split_feature=82 10 117 74 0 119 44 11 104 90 94 107 106 70
split_gain=6.10538 5.35068 5.73446 5.27127 5.43788 5.03186 6.08436 6.554 4.53565 4.51534 5.18998 4.50314 4.46612 5.23704
threshold=3.5000000000000004 3.5000000000000004 0.69592735277930673 17.750000000000004 0.56244212962962969 0.93947638167683001 0.84523809523809534 4.5000000000000009 0.8119103773584907 76106.519480519506 53484.250000000007 81.391134454052704 627.62500000000011 14.127717391304349
decision_type=8 2 2 10 2 8 2 2 2 2 2 10 10 10
left_child=-1 2 3 4 -2 11 7 -7 -5 10 -9 -6 13 -4
right_child=1 -3 12 8 5 6 -8 9 -10 -11 -12 -13 -14 -15
leaf_value=0.023889140459499084 0.01248157110663802 -0.016387922053068344 0.0075331302536862472 -0.0025295617536362047 -0.0082535485167913227 -0.023142831802524157 0.018123242639356479 0.0010287651104916829 0.029306480166333214 0.01366394843013735 -0.02064672795368943 0.018662315121082008 0.016095723300757758 -0.0081344135270457543
leaf_weight=9.1421538861468417 13.813460861798374 16.781433434225619 75.77060860930942 9.6938876195345056 10.494948674691843 40.110864206915721 3.9743182444944969 28.408839526586235 5.7751992715056977 8.7429654919542354 20.084918333683163 10.921163210412486 37.250355976866558 33.913426934275776
leaf_count=164 350 1242 1033 294 468 2308 128 1071 181 255 786 235 472 473
internal_value=0.00138965 0.000375918 0.00157103 -0.00314892 -0.00546133 -0.00789021 -0.0110713 -0.0130903 0.0136115 -0.00475231 -0.0090394 0.0064066 0.00639729 0.00254541
internal_weight=324.879 315.736 298.955 152.021 136.551 122.738 101.322 97.3476 15.4691 57.2367 48.4938 21.4161 146.934 109.684
internal_count=9460 9296 8054 6076 5601 5251 4548 4420 475 2112 1857 703 1978 1506
is_linear=0
shrinkage=0.035


Tree=167
num_leaves=15
num_cat=0
split_feature=88 83 64 54 48 81 49 98 100 108 110 97 65 51
split_gain=4.71468 4.97049 3.8956 3.64371 5.90359 5.76668 4.69005 6.33659 3.87192 3.85491 4.01039 3.79929 4.96542 3.99739
threshold=1079.5000000000002 1537.5000000000002 0.79285714285714304 0.22474747474747478 0.1023024594453166 168.07894622118144 0.020942982456140354 1.8786764705882355 0.36602870813397131 118.50000000000001 1098.5000000000002 11.144792048938212 5.1464285714285731 0.03478523895946764
decision_type=10 10 2 8 2 8 2 2 2 8 10 2 10 2
left_child=1 3 -3 4 6 -5 11 8 -8 -7 -11 13 -13 -1
right_child=-2 2 -4 5 -6 9 7 -9 -10 10 -12 12 -14 -15
leaf_value=0.010168655610394397 0.020043623796651484 0.015496523543056464 -0.02110722910655289 0.019765246463933191 0.028093002508222949 -0.0083841784167969138 -0.021312806004552421 0.014866980455219433 0.0085522253257840405 0.016214427325658913 -0.014269672403475337 -0.017820062928579537 0.015375051255332055 -0.0061223320990454492
leaf_weight=92.6298289289698 8.6721878312528116 0.53685823176056402 16.991980394814163 6.7109547946602097 6.3153590145520857 108.80091149918735 22.526059247087691 6.3396544069983056 3.7109383465722194 12.816712667699901 3.1297665666788808 13.223249705974014 3.5336749982088795 19.203242724295706
leaf_count=1624 60 69 2526 68 83 3230 381 159 43 326 116 155 75 509
internal_value=-8.71349e-05 -0.000941947 -0.0167957 0.000248669 0.00362565 -0.00402891 0.00185041 -0.00914326 -0.0163959 -0.0060213 0.00825335 0.00487349 -0.00889527 0.00722898
internal_weight=325.141 316.469 17.5288 298.94 167.482 131.458 161.167 32.5767 26.237 124.747 15.9465 128.59 16.7569 111.833
internal_count=9424 9364 2595 6769 3029 3740 2946 583 424 3672 442 2363 230 2133
is_linear=0
shrinkage=0.035


Tree=168
num_leaves=15
num_cat=0
split_feature=92 92 87 86 10 98 108 110 65 120 115 112 75 75
split_gain=3.18455 3.59677 4.0766 4.12475 3.56608 4.68908 6.08372 5.07725 4.62013 4.49338 4.52373 4.30008 4.13723 4.89761
threshold=7336.5000000000009 9918.0000000000018 1.5000000000000002 280.30398663008413 2.5000000000000004 1.0571895424836604 48.500000000000007 60.250000000000007 3.6381818181818186 0.025751547303271446 0.26272648835202767 0.020725945017182133 1.341666666666667 2.0571895424836604
decision_type=2 2 8 10 2 2 10 10 10 2 2 2 8 10
left_child=-1 -2 -3 4 5 6 9 8 11 10 -4 12 -7 -14
right_child=1 2 3 -5 -6 7 -8 -9 -10 -11 -12 -13 13 -15
leaf_value=0.011323912871707842 -0.017731073808538587 0.018611008947706224 -0.017554551086519921 -0.014414957864946855 -0.0058767381353877829 -0.0076339179780362957 0.015656313749192848 -0.0035174072873631742 -0.0029739738211328102 0.0076465547571741392 0.0058493209257195573 0.001135809129546927 0.031043303763525508 0.0034447023505174931
leaf_weight=25.700577293056995 9.1624090138357115 9.2241110582835955 39.451798308873549 19.197207904420793 68.939329322427511 3.2442198344506314 11.849353134399278 33.936337953666225 17.979381910990924 14.09050971874967 10.40702772606164 17.767115563387051 29.791820611571893 11.945018833735956
leaf_count=628 220 141 1120 1921 2083 45 332 1306 175 251 209 339 481 177
internal_value=0.000590668 -0.000510279 0.000331319 -0.000591353 0.000684922 0.00314954 -0.00347079 0.00748807 0.0120499 -0.00789325 -0.0125816 0.0162565 0.0215179 0.0243582
internal_weight=322.686 296.986 287.823 278.599 259.402 190.463 75.7987 114.664 80.7276 63.9493 49.8588 62.7482 44.9811 41.7368
internal_count=9428 8800 8580 8439 6518 4435 1912 2523 1217 1580 1329 1042 703 658
is_linear=0
shrinkage=0.035


Tree=169
num_leaves=15
num_cat=0
split_feature=56 82 69 112 110 120 106 68 71 97 97 59 44 73
split_gain=3.83089 5.68947 6.21475 7.72097 7.72925 6.25644 5.58094 5.43007 5.1536 5.01583 4.51832 5.487 4.83603 3.92347
threshold=0.20611577964519143 8.5000000000000018 2.7500000000000004 0.024243314722303854 82.250000000000014 0.034190531852717719 316.3653846153847 9.5000000000000018 5.4343131663354685 3.465009029033955 2.8197402743579807 0.67700320512820522 0.54653679653679665 13.500000000000002
decision_type=8 8 8 2 8 2 10 10 10 2 2 2 2 10
left_child=7 -2 3 4 10 -4 -7 -1 -5 -6 -3 13 -13 -12
right_child=1 2 5 8 9 6 -8 -9 -10 -11 11 12 -14 -15
leaf_value=0.016392841217346528 0.021240225748486382 0.019589704395071364 -3.9892022498979009e-05 -0.022060665418130222 -0.021393662630042467 -0.0052234050647510964 0.031053041649809737 -0.0061852139910023324 0.0078188286522647803 0.0050604408537789367 0.014275572545501278 0.016557178007323214 -0.012062738609979348 -0.013520138898251974
leaf_weight=32.85532574634999 8.2080855092499387 14.375766136683522 89.088954694801942 40.273104570806026 24.602407350204885 5.6990166343748596 11.692202382488174 16.631963193649426 5.78147412627004 10.155898427590726 3.3383923226501784 24.170414273161445 5.6237757736816993 28.989479258889332
leaf_count=554 255 520 2164 1674 1211 117 204 195 216 483 115 667 127 911
internal_value=0.000455845 -0.00121997 -0.00230095 -0.00663652 -0.00139969 0.00411468 0.0206536 0.00893342 -0.0179113 -0.0139998 0.00483309 0.000213354 0.0101979 -0.00912206
internal_weight=321.486 271.999 263.791 157.311 111.256 106.48 17.3912 49.4873 46.0546 34.7583 76.4978 62.1221 29.7942 32.3279
internal_count=9413 8664 8409 5924 4034 2485 321 749 1890 1694 2340 1820 794 1026
is_linear=0
shrinkage=0.035


Tree=170
num_leaves=15
num_cat=0
split_feature=29 70 66 44 10 99 98 59 85 110 89 71 27 91
split_gain=3.41492 6.65493 7.0333 6.35295 4.39688 4.95578 4.55671 4.38977 4.24093 3.44048 3.29744 3.27577 3.92204 3.79604
threshold=2.5000000000000004 14.509259259259261 1.141859587446435 0.5270467836257311 2.5000000000000004 0.63245614035087727 0.72804314329738073 0.75582655826558276 588.92857142857156 20.750000000000004 645.25000000000011 5.7749457069056236 14.500000000000002 5739.4166816976986
decision_type=2 10 10 2 2 2 2 2 10 10 10 10 2 10
left_child=4 3 -3 8 6 -6 -1 9 11 -4 -8 12 -2 -14
right_child=1 2 7 -5 5 -7 10 -9 -10 -11 -12 -13 13 -15
leaf_value=-0.011046812061386824 -0.020479191841198556 -0.0084213949769566011 -0.0031539578520913213 0.0092128373959823751 -0.022382536636495622 0.0017084518132966309 0.010745588002240698 -0.010225105941206453 0.010365665822324951 0.027988075440011088 -0.01037721538437128 0.0059943291917082643 0.0072307237248158372 -0.017108735199864819
leaf_weight=10.965919867390765 53.817471847403795 16.582377694314346 4.1589361042715671 18.518629502737895 9.4717519341502321 35.521446829196066 110.16473279497586 2.9653536253608754 6.410963423550128 18.935837568482384 5.9278393296990535 6.9587832365650675 15.06471718545072 8.0436004316434246
leaf_count=344 1772 661 46 475 230 1301 2585 96 282 463 298 211 317 310
internal_value=0.00059333 -0.00318389 0.00793054 -0.0076965 0.00391442 -0.0050944 0.00717667 0.0180162 -0.0114658 0.0228167 0.00928308 -0.0136236 -0.0156558 -0.00277772
internal_weight=323.508 151.457 42.6425 108.814 172.052 44.9932 127.058 26.0601 90.2955 23.0948 116.093 83.8846 76.9258 23.1083
internal_count=9391 4633 1266 3367 4758 1531 3227 605 2892 509 2883 2610 2399 627
is_linear=0
shrinkage=0.035


Tree=171
num_leaves=15
num_cat=0
split_feature=93 110 93 32 97 60 68 4 101 88 98 92 118 97
split_gain=3.61069 4.65658 7.66431 6.65127 6.23837 6.80713 6.22451 5.24421 5.31047 5.1741 5.05125 5.04143 4.40845 5.84464
threshold=15685.000000000002 61.250000000000007 51745.000000000007 9.5000000000000018 3.0823383982598798 0.97937925170068041 6.5000000000000009 7.5000000000000009 0.54692082111436957 669.50000000000011 0.85960591133004927 5139.0000000000009 0.48333333333333339 1.7983802258258772
decision_type=2 8 2 2 2 2 10 2 2 10 2 2 2 2
left_child=-1 2 3 11 9 7 -5 8 10 -4 -6 -2 13 -3
right_child=1 12 4 6 5 -7 -8 -9 -10 -11 -12 -13 -14 -15
leaf_value=0.012953536341318232 0.014743468715506301 -0.0098501034619830029 0.026714805497508404 0.024194691403503665 -0.0070880985208384029 -0.011318516713942316 -0.012524176099460341 -0.0096744076356820204 -0.0098708339861080952 -0.0063348843499339159 0.018923001247223466 -0.014991496659340938 -0.010388592271469483 0.022987583204303497
leaf_weight=22.92766984179616 3.9324768867809317 9.0313031100668031 23.320048756431792 9.9503713084850443 8.1442266132216883 25.322630487382412 5.1831055311486116 13.302151198731734 8.6689988800790143 5.2017118800431481 53.690726305125281 51.81532264011912 72.048818062758073 8.4128799024037999
leaf_count=522 85 402 481 156 134 574 73 441 307 263 1006 1212 3698 93
internal_value=0.000919667 -0.000204585 0.0026615 -0.00640298 0.00738996 0.00317399 0.0116316 0.00794371 0.0116883 0.0206415 0.0152231 -0.0118531 -0.00667043 0.00757969
internal_weight=320.952 298.025 208.532 70.8813 137.65 109.129 15.1335 83.8061 70.504 28.5218 61.835 55.7478 89.493 17.4442
internal_count=9447 8925 4732 1526 3206 2462 229 1888 1447 744 1140 1297 4193 495
is_linear=0
shrinkage=0.035


Tree=172
num_leaves=15
num_cat=0
split_feature=50 118 65 75 60 100 43 116 98 143 94 114 95 56
split_gain=4.62941 4.68932 8.04036 5.32204 5.99477 5.62262 6.58345 5.50603 5.43499 7.69954 4.95827 4.84532 4.7793 4.5594
threshold=0.081799933087989302 0.67156862745098056 2.1464285714285718 1.7165178571428574 0.94884877027734182 0.61250000000000016 0.38956639566395673 0.55362277170787821 0.9104278074866311 0.0054210495386965993 64673.500000000007 0.068404634581105184 3422.0000000000005 0.17684288905435594
decision_type=2 2 8 8 2 2 2 2 2 10 2 2 2 8
left_child=1 2 -1 4 8 6 11 -8 -3 -10 -7 13 -9 -5
right_child=-2 3 -4 5 -6 10 7 12 9 -11 -12 -13 -14 -15
leaf_value=-0.005993153253025043 -0.0070412847441677145 -0.0069959047485734366 0.024409569851476465 0.0076038595995193527 -0.0037299381893999154 0.028760095247475446 -0.0043845423188365188 -0.0047802911679911218 0.036791695801789925 -0.0062408802559927841 -0.0080072798384799339 -0.00082041044331086321 0.026728012279343835 -0.019000824679201972
leaf_weight=14.490441938396541 71.08888528123498 5.1040500632952925 23.190621904330328 6.4529792026150963 19.362030462361872 7.5195251926779729 26.222879220731556 6.5890230718068805 15.609879329334946 5.0467678152490398 4.2545672352425754 49.958394822431728 14.194994951365514 49.953978404868394
leaf_count=612 2925 99 537 86 460 144 855 112 338 167 118 1266 156 1488
internal_value=0.000537274 0.00280633 0.0133856 0.00064361 0.0106542 -0.00232427 -0.00430268 0.0061674 0.0203144 0.0271108 0.0170476 -0.00899896 0.0177492 -0.0155859
internal_weight=319.039 247.95 37.6811 210.269 45.1227 165.146 153.372 47.0069 25.7607 20.6566 11.7741 106.365 20.784 56.407
internal_count=9363 6438 1149 5289 1064 4225 3963 1123 604 505 262 2840 268 1574
is_linear=0
shrinkage=0.035


Tree=173
num_leaves=15
num_cat=0
split_feature=49 87 50 49 87 85 51 15 119 95 45 56 72 46
split_gain=4.70298 4.66585 4.39977 4.59847 4.29832 4.98617 4.3465 5.21181 4.9693 5.26944 4.25306 4.52692 5.17208 4.20995
threshold=0.059411764705882358 1.0000000180025095e-35 0.20416666666666669 0.016807909604519777 118.50000000000001 603.91666666666686 0.033473389355742303 1.5000000000000002 1.000162128780518 248.50000000000003 0.13667496886674971 0.23466833541927412 8.5000000000000018 0.090326340326340335
decision_type=2 8 2 2 8 10 2 2 8 2 2 10 8 2
left_child=1 -1 3 4 5 -3 7 8 9 -6 -9 12 -12 -5
right_child=-2 2 -4 13 6 -7 -8 10 -10 -11 11 -13 -14 -15
leaf_value=0.01779148501773542 0.014986202977855552 -0.021337742381239252 -0.020108307714235017 -0.018716855159423309 0.016447740008911554 0.015153346812678225 -0.0087522388514619433 0.0107763715586622 -0.018075695644818507 -0.0083832904612616711 -0.0099400266464403017 -0.008338350516423185 0.029388887714952724 0.0081505490848738059
leaf_weight=10.403273268602787 19.295956291723996 14.477514477446677 10.544115376425905 24.031837159069259 13.893452267860992 2.1075761229731134 33.789394290652126 108.32906674896367 17.431826589396223 18.795644383179024 3.65495125763118 32.008859120542184 5.0382217271253475 6.3004056497011325
leaf_count=111 424 1475 565 649 269 229 1092 2029 692 441 72 1157 71 124
internal_value=0.000167244 -0.00101284 -0.00197622 -0.0009521 0.000707456 -0.0142646 0.00205079 0.00405317 -0.00533739 0.00295228 0.00728207 -0.00217958 0.0152617 -0.0127725
internal_weight=320.102 300.806 290.403 279.859 249.527 16.5851 232.941 199.152 50.1209 32.6891 149.031 40.702 8.69317 30.3322
internal_count=9400 8976 8865 8300 7527 1704 5823 4731 1402 710 3329 1300 143 773
is_linear=0
shrinkage=0.035


Tree=174
num_leaves=15
num_cat=0
split_feature=11 26 63 76 118 54 101 123 81 30 93 113 15 32
split_gain=3.3343 7.23152 5.87213 3.17529 5.59404 5.12146 6.04039 4.73723 5.05113 4.69798 4.07309 3.93194 4.34657 4.71153
threshold=14.500000000000002 34.500000000000007 0.53139076576576583 0.55520956322572046 0.61721611721611735 0.16954022988505749 0.45643939393939398 1.0000000180025095e-35 254.34767271043299 3.5000000000000004 22274.500000000004 0.039344685242518065 2.5000000000000004 4.5000000000000009
decision_type=2 2 2 8 2 8 2 2 8 2 2 2 2 2
left_child=1 3 -2 4 -1 6 9 11 -9 -5 -10 12 13 -7
right_child=2 -3 -4 5 -6 7 -8 8 10 -11 -12 -13 -14 -15
leaf_value=0.015865166292907917 -0.012655293956675017 -0.025302617997409176 0.017365478373370498 0.025864593603018397 -0.0063400798364936116 -0.0012592233719724698 -0.00975130785913772 0.016456036168140769 0.0074759463181678885 -0.0061567303735845774 -0.021345517049178628 0.016251299305099862 -0.015743917561891071 0.022169515081549875
leaf_weight=10.902593047823755 6.8305811162572381 9.4169144560582918 24.885253466200083 24.566027859458703 115.29394476953894 42.910130293807015 7.314606647938489 2.9429080579429892 4.9158732267096665 4.858799652196466 23.166479045525193 18.701904766727239 12.286765468772499 8.7273770100437087
leaf_count=276 112 241 599 554 3312 1615 284 28 134 125 959 553 442 165
internal_value=0.00011979 -0.00113604 0.010057 0.000121427 -0.00389016 0.00350451 0.0139899 -0.000331759 -0.0110031 0.0204508 -0.0159329 0.00407441 -0.000408589 0.00430809
internal_weight=317.72 286.004 31.7158 276.587 126.197 150.391 36.7394 113.651 31.0253 29.4248 28.0824 82.6262 63.9243 51.6375
internal_count=9399 8688 711 8447 3588 4859 963 3896 1121 679 1093 2775 2222 1780
is_linear=0
shrinkage=0.035


Tree=175
num_leaves=15
num_cat=0
split_feature=76 71 0 0 92 2 119 123 57 70 117 70 116 30
split_gain=4.45345 4.89429 4.759 5.24873 7.40242 5.80603 5.45271 5.07791 4.40213 4.26 3.99248 3.85203 3.74299 3.72965
threshold=0.52730577763239717 3.7328679409976391 1.0201388888888892 55.560393518518524 64735.500000000007 4.5000000000000009 0.90344561067911544 1.5000000000000002 0.44590643274853808 10.605555555555556 0.85565476190476197 10.676190476190477 0.70659971305595415 1.0000000180025095e-35
decision_type=8 8 2 2 2 2 8 2 8 10 2 8 2 2
left_child=9 -2 -3 5 10 -4 -6 12 -7 -1 11 -5 13 -8
right_child=1 2 3 4 6 8 7 -9 -10 -11 -12 -13 -14 -15
leaf_value=-0.017646203536879963 0.013969957968601638 0.013672242782237543 -0.017013950722226719 0.01064036384140901 -0.009822986202012985 -0.010930851198364193 0.042184930886443761 -0.010149721188249467 0.019546249812214193 -0.00078025651969192795 0.011187119613490379 -0.015994096814490138 -0.005446496672037361 -0.0018382736901013301
leaf_weight=16.667360612424091 47.093867667717859 24.921740803867579 34.905877138953656 4.8209235151298371 3.7962945655453977 6.0678581858519438 11.841583193512635 1.8066901066340495 8.2101576998829842 123.15092908428051 10.043613740708677 24.210319076664746 1.6486727783922095 2.2701214961707583
leaf_count=419 1368 471 1123 200 135 168 481 49 246 3312 154 1176 40 89
internal_value=0.0012981 0.00485492 0.00127818 -0.00201301 0.00475247 -0.00999797 0.0191703 0.026224 0.00711836 -0.00333064 -0.00441067 -0.0106577 0.0318339 0.0364748
internal_weight=321.456 181.638 134.544 109.622 60.4382 49.1839 21.3634 17.5671 14.278 139.818 39.0749 29.0312 15.7604 14.1117
internal_count=9431 5700 4332 3861 2324 1537 794 659 414 3731 1530 1376 610 570
is_linear=0
shrinkage=0.035


Tree=176
num_leaves=15
num_cat=0
split_feature=10 69 90 94 26 110 117 119 98 42 93 143 117 45
split_gain=3.66711 3.85597 5.76225 5.36356 5.45968 4.9424 5.47262 4.58699 5.0323 7.245 7.4548 5.66574 5.31214 3.86659
threshold=3.5000000000000004 3.2500000000000004 79558.700000000012 80302.000000000015 7.5000000000000009 34.250000000000007 0.39339826839826847 0.59099750612234125 1.5303308823529413 6.5000000000000009 78865.500000000015 0.036334498834498845 0.83192090395480245 0.051836094939543227
decision_type=2 10 2 2 2 8 2 8 2 10 2 8 2 2
left_child=1 3 -3 7 5 -5 -7 -1 13 12 11 -11 -10 -9
right_child=-2 2 -4 4 -6 6 -8 8 9 10 -12 -13 -14 -15
leaf_value=0.01304298626371563 -0.013393293989094987 0.014409876456498619 -0.01359783327125161 -0.0023382674531236243 -0.0096842660995680192 0.0019384527420313509 0.046053218915556353 -0.00033958407757848989 -0.0082541556611967545 0.040729964018098176 -0.010306588473427847 -0.0054420477136978345 0.016362603578485773 -0.011843537141302474
leaf_weight=17.873465569457039 16.110228145727888 45.445532492827624 6.8134896697010836 6.4385922416113379 5.968335783109068 5.6086631028447282 6.3267508749850094 61.260007197037339 41.934019396314397 9.7908820037264377 4.4601738625206044 2.7992039583623418 9.025975954718886 82.121231286553666
leaf_count=364 1226 746 113 123 145 242 219 1610 1725 187 124 72 123 2387
internal_value=0.000738195 0.00168596 0.00988973 -0.000163058 0.0139468 0.0220523 0.0320156 -0.00192687 -0.00346473 0.00417184 0.0209742 0.0318355 -0.00282164 -0.00710551
internal_weight=321.977 305.866 52.259 253.607 24.3423 18.374 11.9354 229.265 211.391 68.0103 17.0503 12.5901 50.96 143.381
internal_count=9406 8180 859 7321 729 584 461 6592 6228 2231 383 259 1848 3997
is_linear=0
shrinkage=0.035


Tree=177
num_leaves=15
num_cat=0
split_feature=110 117 110 106 70 43 55 66 93 20 143 51 0 70
split_gain=4.38421 6.02128 5.27289 6.32972 6.06944 6.55366 4.95636 7.87433 4.46958 4.1056 3.63157 3.5752 3.63153 3.54245
threshold=1098.5000000000002 0.12916666666666668 86.250000000000014 711.03942652329761 12.019230769230772 0.23861283643892342 0.88516483516483524 2.516793406529676 50173.000000000007 1.0000000180025095e-35 0.055525030525030529 0.028991596638655467 105.42923032407408 11.754310344827589
decision_type=8 2 10 10 8 2 10 10 2 2 10 2 2 10
left_child=1 -1 3 4 5 9 13 11 10 -3 -4 12 -8 -5
right_child=-2 2 8 6 -6 -7 7 -9 -10 -11 -12 -13 -14 -15
leaf_value=0.016731686490172867 -0.016139961973222504 -0.010368221222239158 -0.00717690959957854 0.015660240622856505 0.0030335610178277555 -0.01784955647191724 0.039788593251822227 -0.010962831970264838 -0.020757609539995205 0.021192487949940927 0.022288025299231174 -0.0011746873211603696 -0.0019549712063748471 -0.0022955237057576765
leaf_weight=27.880482201697305 11.192371197044848 4.7765554536599648 10.299617709359156 14.948640438728033 119.6154392613098 36.482374062761664 15.115067237289631 4.6746961500030002 18.51211919891648 6.8858860931359231 2.8357126875780514 3.5831830785609773 2.4048758908174923 38.243318959139287
leaf_count=545 581 101 536 446 2872 899 300 83 1154 205 135 109 83 1306
internal_value=0.00166401 0.00256349 0.000874309 0.00266546 -0.00122648 -0.0111002 0.0105141 0.0217601 -0.0115483 0.00903385 0.00357526 0.0297202 0.0348968 0.00366261
internal_weight=317.45 306.258 278.377 246.73 167.76 48.1448 78.9698 25.7778 31.6474 11.6624 13.1353 21.1031 17.5199 53.192
internal_count=9355 8774 8229 6404 4077 1205 2327 575 1825 306 671 492 383 1752
is_linear=0
shrinkage=0.035


Tree=178
num_leaves=15
num_cat=0
split_feature=49 49 100 101 82 54 76 143 125 125 113 108 110 61
split_gain=3.97316 4.94041 5.87498 4.9204 4.11636 3.93982 6.94536 5.27 5.5672 4.32366 5.51724 3.67693 3.94647 3.61327
threshold=0.062019230769230778 0.022474747474747477 0.28801843317972359 0.54692082111436957 1.0000000180025095e-35 0.22474747474747478 0.40458561829460077 0.075254745254745278 2.5000000000000004 3.5000000000000004 0.052911534154535277 31.500000000000004 1234.0000000000002 0.91596045197740128
decision_type=2 2 2 2 8 8 8 10 2 2 2 10 10 2
left_child=1 3 -3 5 -5 6 -1 8 -8 -10 -11 13 -13 -7
right_child=-2 2 -4 4 -6 11 7 -9 9 10 -12 12 -14 -15
leaf_value=-0.0068549774730090416 0.013816675464424819 -0.023923848805093975 0.0075726960982030423 0.018284704440706762 -0.012467279775620118 0.0061631514043455149 0.022264129578762157 -0.0070955130725800187 -0.012227067296641744 0.018104765657959085 -0.011479891494687946 0.013638076937484268 -0.013679899408544201 -0.010539509029688154
leaf_weight=33.187004890060052 17.688730521127582 17.858548524323854 7.7652808108832678 1.5555466581135977 44.510468094609678 17.402621248736978 42.513001737883314 13.91622371249832 10.115098403301088 22.078790907748047 6.8896660786122075 21.485714681912217 4.1817456407006821 59.093177357688546
leaf_count=642 407 488 182 12 2023 688 985 327 236 435 174 643 183 1990
internal_value=-0.000323285 -0.00136116 -0.0147009 0.000111973 -0.00974023 0.00224267 0.00621388 0.0108699 0.0141667 0.00383249 0.0104145 -0.00281655 0.0076827 -0.00659469
internal_weight=320.242 302.553 25.6238 276.929 46.066 230.863 128.7 95.5128 81.5966 39.0836 28.9685 102.163 25.6675 76.4958
internal_count=9415 9008 670 8338 2035 6303 2799 2157 1830 845 609 3504 826 2678
is_linear=0
shrinkage=0.035


Tree=179
num_leaves=15
num_cat=0
split_feature=54 21 9 13 66 119 112 69 113 66 87 32 76 117
split_gain=5.40497 5.11771 4.67357 5.14067 4.81473 4.43595 4.00519 4.56862 4.48535 5.30462 6.56599 4.3557 4.55649 4.34994
threshold=0.44949494949494956 7.5000000000000009 18.500000000000004 6.5000000000000009 3.5386325357480497 0.70784234098129406 0.07362240289069559 2.2500000000000004 0.047247023809523815 0.89657211263641667 118.50000000000001 2.5000000000000004 0.54790290739547565 0.39339826839826847
decision_type=8 2 2 2 10 10 2 8 2 8 10 2 8 2
left_child=1 6 -3 -4 -5 -2 8 -8 9 -1 11 -11 -13 -14
right_child=5 2 3 4 -6 -7 7 -9 -10 10 -12 12 13 -15
leaf_value=0.018991216411207143 0.0025858972232607998 -0.0063826277924967471 0.022730725871154385 -0.009288643918393541 0.016339523470533815 -0.017391932216136198 -0.014478214671778403 0.011041506642197342 0.024316524684434217 -0.0081213696913229171 0.02371748235890557 -0.0077945762008197975 -0.0065611099846244799 0.029592150917532929
leaf_weight=26.913461237680167 22.94848455558531 79.91931529622525 12.054666934069244 22.535125160822648 8.3421492150519025 24.855537944706157 15.108359871665018 10.331935694208367 19.567404757719487 47.220070628449321 9.0370409223251027 8.5129503302741814 3.5948401819914571 8.757940818788482
leaf_count=853 903 1715 232 793 140 1337 606 229 564 1384 294 172 105 164
internal_value=0.00183795 0.00376949 -0.00150255 0.00730005 -0.00105247 -0.00846476 0.00802275 -0.00400277 0.0105573 0.00697298 0.00187807 -0.00244495 0.00948775 0.0202121
internal_weight=319.699 271.895 122.851 42.9319 30.8773 47.804 149.044 25.4403 123.604 104.036 77.1228 68.0858 20.8657 12.3528
internal_count=9491 7251 2880 1165 933 2240 4371 835 3536 2972 2119 1825 441 269
is_linear=0
shrinkage=0.035


Tree=180
num_leaves=15
num_cat=0
split_feature=92 117 96 98 92 114 63 41 91 106 107 65 125 0
split_gain=5.57687 4.80943 5.72448 4.99044 6.05635 4.68723 4.78267 4.5939 3.97546 3.88366 3.76691 5.84264 5.82074 4.34122
threshold=57284.500000000007 0.17028985507246377 2.8944444444444448 1.491935483870968 43578.500000000007 0.20204081632653065 0.51754926108374399 16.500000000000004 6525.2344754630913 1306.788888888889 2528.0874742446567 1.780193236714976 1.5000000000000002 32.700914351851857
decision_type=2 2 2 2 2 2 2 10 10 8 10 8 2 2
left_child=1 9 3 10 5 6 -5 -8 -2 -1 11 13 -12 -3
right_child=8 2 -4 4 -6 -7 7 -9 -10 -11 12 -13 -14 -15
leaf_value=0.018898095323810652 0.0079257940812942924 0.017846759607259951 0.013443209135997267 -0.0083958625771207527 -0.015571251345970261 -0.018151733233081623 0.021324239505591844 -0.010374586730222728 -0.012921563880575795 -0.0061771931373073713 -0.013880371689904176 -0.019068446397411582 0.020832989111358897 -0.011681590532522499
leaf_weight=15.135205926140772 116.59133400139399 7.4310664003714901 13.444718467537312 8.8519960166886431 15.139618890825657 3.2913662833161643 28.328945111017678 3.6078662686049929 7.8548770856577894 8.998775640036909 7.3467253574635816 66.24195713060908 6.5246268780902028 7.2586250095628202
leaf_count=294 3365 170 186 345 731 132 935 196 272 310 324 1513 161 416
internal_value=0.000527987 -0.00319476 -0.00534673 -0.00735803 0.000638591 0.0072251 0.0110313 0.0168236 0.00616165 0.0100928 -0.0121349 -0.0148935 0.00364125 0.00399468
internal_weight=316.048 191.601 167.468 154.023 59.2198 44.0802 40.7888 31.9368 124.446 24.134 94.803 80.9316 13.8714 14.6897
internal_count=9350 5713 5109 4923 2339 1608 1476 1131 3637 604 2584 2099 485 586
is_linear=0
shrinkage=0.035


Tree=181
num_leaves=15
num_cat=0
split_feature=23 98 110 11 55 70 118 57 92 72 0 0 117 117
split_gain=5.22467 4.00225 5.16132 4.77368 5.90282 7.89847 4.73311 4.29866 4.19797 7.5297 8.04278 6.03912 4.38763 4.14824
threshold=4.5000000000000009 0.87867647058823539 17.250000000000004 6.5000000000000009 0.94935897435897443 12.780193236714977 0.80795574288724981 0.54772727272727284 57284.500000000007 11.500000000000002 117.36208333333335 1.0201388888888892 0.80810147299509005 0.24500000000000002
decision_type=2 2 8 2 10 10 2 8 2 10 2 2 2 2
left_child=1 2 -1 8 7 -6 -4 -5 11 -10 13 -3 -13 -11
right_child=-2 3 6 4 5 -7 -8 -9 9 10 -12 12 -14 -15
leaf_value=0.013428942298684077 -0.011569873479522883 0.011031820526969317 0.0044797913359123694 0.006755369539410922 -0.0029810636453010205 0.033236087394495809 -0.022128752852116077 -0.015853051101679821 -0.0026943508622983086 -0.0037200512447691262 -0.014976842100123946 -0.015199514721535906 0.0056956274071146154 0.033987674060994878
leaf_weight=6.8047947979066512 33.037247357424349 16.265311413677409 9.9975189133547264 68.728302176110446 9.7649321244098264 17.825375102693215 20.07223137980327 7.1533747094217679 44.957951671909541 3.1983749647624853 3.344083053758367 48.084140162216499 13.127362837316467 16.034779560053721
leaf_count=113 1191 318 400 1691 122 202 482 127 1497 98 165 2311 231 466
internal_value=0.000639014 0.00222739 -0.00785932 0.00384973 0.00940339 0.0219271 -0.0139046 0.00377581 -0.000294368 0.00585719 0.0202869 -0.00568658 -0.0106266 0.0282433
internal_weight=318.396 285.359 36.8745 248.484 103.472 27.5903 30.0698 75.8817 145.012 67.5352 22.5772 77.4768 61.2115 19.2332
internal_count=9414 8223 995 7228 2142 324 882 1818 5086 2226 729 2860 2542 564
is_linear=0
shrinkage=0.035


Tree=182
num_leaves=15
num_cat=0
split_feature=96 97 50 114 94 110 110 110 119 74 59 90 97 71
split_gain=3.37943 3.68338 3.30339 4.2004 4.78923 3.8365 5.34481 5.15456 6.87497 5.39623 5.31055 4.42033 5.00067 4.41609
threshold=3.8166666666666669 15.178355765055761 0.18634259259259262 0.25121359223300976 80843.000000000015 1098.5000000000002 260.25000000000006 61.250000000000007 2.6468839837495177 10.750000000000002 0.79008567931456553 18144.124197689347 1.9120967008228373 4.2441510613537536
decision_type=2 2 2 2 2 10 10 8 10 10 2 2 2 8
left_child=1 2 3 5 -5 6 7 8 9 -1 -10 13 -13 -9
right_child=-2 -3 -4 4 -6 -7 -8 11 10 -11 -12 12 -14 -15
leaf_value=-0.0037930929591650994 0.019870979554486613 -0.017758869148286994 -0.011306416331616767 -0.024419505267675633 0.012960390250296831 -0.016959236998979912 0.021302456778819943 0.02474840216154189 -0.0044124007455308397 0.015889631250913701 0.017563579698561108 0.0093769879712259085 -0.014230317890903949 -0.011887920662236595
leaf_weight=19.520784807158634 6.4669012930244199 7.9853726674336931 18.791796561796218 8.9855290604755265 2.3562379791401318 6.2590781443286678 15.354630852350963 5.7970985965803239 85.474115912104025 75.405342127894983 10.846138401422648 10.304451362928374 45.22016564081423 2.6919371548574427
leaf_count=517 130 110 863 301 61 293 241 175 1596 1877 166 502 2492 144
internal_value=0.00120404 0.000516299 0.00126862 0.00226733 -0.0150645 0.00323193 0.00399813 0.00256797 0.00542027 0.0118548 -0.00119318 -0.00572886 -0.00943648 0.0130306
internal_weight=321.46 314.993 307.007 288.216 11.3418 276.874 270.615 255.26 191.246 94.9261 96.3203 64.0137 55.5246 8.48904
internal_count=9468 9338 9228 8365 362 8003 7710 7469 4156 2394 1762 3313 2994 319
is_linear=0
shrinkage=0.035


Tree=183
num_leaves=15
num_cat=0
split_feature=96 97 41 54 91 27 116 117 81 93 63 82 119 29
split_gain=4.99496 4.75734 4.26111 5.84292 6.5193 5.60734 5.19209 4.58656 4.3005 3.77415 3.28455 3.15968 3.21683 4.09056
threshold=3.60952380952381 6.7305284695727616 16.500000000000004 0.11483516483516486 6401.6746088137779 23.500000000000004 0.58397435897435912 0.43534002229654406 254.34767271043299 81758.500000000015 0.52985739750445637 245.50000000000003 2.5936777278593222 11.500000000000002
decision_type=2 2 8 10 10 2 2 2 8 2 2 10 10 2
left_child=1 2 3 5 8 7 -6 -1 -5 10 -9 12 13 -10
right_child=-2 -3 -4 4 6 -7 -8 9 11 -11 -12 -13 -14 -15
leaf_value=-0.0081013222487396983 0.021113075839266349 -0.0083054346538785039 -0.014674533867461557 0.019358604033420938 -0.018632505262632115 -0.0051774590396227449 0.011802608445790796 -0.0003094901922152004 0.002936384171581932 -0.0016014740914913369 0.046360834963016087 -0.014164151028389617 -0.0053523551776739273 0.021889349485467485
leaf_weight=1.9207890713587428 7.7428702749311915 80.371342133497819 13.864350799471138 13.498668960295616 26.757225039997142 7.4625434207264325 5.0765824555419377 2.0637179506011298 90.528931372333318 2.7612884759437284 8.4980364283546788 9.6215940031688643 37.604730637744069 12.011297207092865
leaf_count=95 148 1574 628 159 1045 263 41 39 3188 86 172 674 921 403
internal_value=-0.000379324 -0.00123719 0.0013386 0.00266435 0.000515042 0.0177061 -0.0128357 0.0274206 0.00342225 0.033355 0.0400722 0.00140688 0.00292701 0.00607099
internal_weight=319.784 312.041 231.67 217.805 195.099 22.7064 31.8338 15.2438 163.265 13.323 10.5618 149.767 140.145 102.54
internal_count=9436 9288 7714 7086 6431 655 1086 392 5345 297 211 5186 4512 3591
is_linear=0
shrinkage=0.035


Tree=184
num_leaves=15
num_cat=0
split_feature=108 110 110 106 71 30 74 54 40 59 46 93 92 71
split_gain=3.85904 5.89031 5.19205 5.56129 5.54935 5.8592 5.33756 4.5958 4.33372 3.87898 3.71034 3.60525 4.80524 3.77193
threshold=34.500000000000007 1234.0000000000002 82.250000000000014 687.16666666666674 2.2204832299813675 1.0000000180025095e-35 11.750000000000002 0.44949494949494956 6.5000000000000009 0.75782013685239502 0.13245614035087722 48723.500000000007 11535.500000000002 4.1646962804546641
decision_type=10 10 10 10 8 2 8 8 2 2 2 2 2 8
left_child=2 -2 3 6 10 7 9 11 -4 -1 -5 12 -6 -13
right_child=1 -3 8 4 5 -7 -8 -9 -10 -11 -12 13 -14 -15
leaf_value=-0.018752797074691543 0.015646125690973574 -0.015070580631595382 -0.019345061814367296 -0.015095028594888323 0.019369430531912913 -0.010649286528326137 0.00073127344878541438 -0.012848422017826249 0.0051131315726459922 0.0052629854231686351 0.013956816234288348 0.007918628740641389 -0.012653312698605401 0.032323768079125043
leaf_weight=30.115897567709908 32.66975646908395 5.3653188166208556 25.82220762479119 14.181015816982837 5.4673881265334767 7.9504392789676777 121.11853149835952 2.6618783776648334 9.9832356242695806 8.3337926494423282 3.0889650338795027 16.692150455899537 7.8045920026488602 22.291041992371902
leaf_count=794 904 237 1443 410 141 271 2952 127 556 186 63 477 231 586
internal_value=0.000310975 0.0100656 -0.00119109 0.000758184 0.00800647 0.0126466 -0.00301467 0.0166264 -0.0127347 -0.0135409 -0.00793183 0.0191188 0.00222892 0.0239619
internal_weight=313.546 38.0351 275.511 239.706 80.1375 62.8675 159.568 54.9171 35.8054 38.4497 17.27 52.2552 13.272 38.9832
internal_count=9378 1141 8237 6238 2306 1833 3932 1562 1999 980 473 1435 372 1063
is_linear=0
shrinkage=0.035


Tree=185
num_leaves=15
num_cat=0
split_feature=11 41 100 46 83 93 59 98 123 2 63 11 2 98
split_gain=5.76731 5.6025 4.08488 5.92435 4.97984 4.10951 4.52891 4.12901 3.86801 3.89873 6.93247 5.39129 5.81834 3.54865
threshold=6.5000000000000009 8.5000000000000018 0.063164893617021281 0.068071491615180946 1228.5000000000002 81870.500000000015 0.64051282051282066 1.2320512820512823 1.0000000180025095e-35 4.5000000000000009 0.69139194139194149 2.5000000000000004 5.5000000000000009 0.85960591133004927
decision_type=2 8 2 2 8 2 2 2 2 2 2 2 2 2
left_child=1 8 4 -4 -2 6 -5 -8 9 10 -1 -11 -13 -6
right_child=2 -3 3 5 13 -7 7 -9 -10 11 -12 12 -14 -15
leaf_value=-0.0090724409204365648 -0.008857553083500622 -0.021109899492582237 -0.0055068751257712212 -0.0063868800732270392 -0.0041793585450400142 -0.0087850424788397871 -0.003388284525816894 0.032504626329107493 -0.0094630740384791696 -0.0087902592627648844 0.010956448398691455 0.030442311301263632 -0.00053315577693446555 0.01948680211308872
leaf_weight=52.621465902542695 8.1684741061180812 13.663495331071315 55.36757127288729 4.8551210481673541 7.2431629449129096 5.4148423031438133 3.8523259249050197 13.796664146473629 40.584034614730626 8.8138314187526685 28.559102247469127 14.330970793031156 11.789603059412912 48.242361426586285
leaf_count=1951 72 628 1515 103 130 191 57 298 1582 465 826 326 329 988
internal_value=0.00136982 -0.00297856 0.00634343 0.00106595 0.0126681 0.0129575 0.018835 0.0256517 -0.000793716 0.00250194 -0.00179946 0.0114713 0.018622 0.0163073
internal_weight=317.303 170.363 146.941 83.2865 63.654 27.919 22.5041 17.649 156.699 116.115 81.1806 34.9344 26.1206 55.4855
internal_count=9461 6107 3354 2164 1190 649 458 355 5479 3897 2777 1120 655 1118
is_linear=0
shrinkage=0.035


Tree=186
num_leaves=15
num_cat=0
split_feature=14 41 97 54 76 101 24 54 101 93 28 123 44 116
split_gain=3.48311 3.66113 3.2141 3.4546 5.79346 5.2397 6.16514 5.22923 5.5404 5.15749 3.79723 3.48972 5.25982 7.3372
threshold=9.5000000000000018 16.500000000000004 14.373687214145104 0.16954022988505749 0.48331115570061961 0.45643939393939398 15.500000000000002 0.096006144393241177 0.18808962264150947 18270.500000000004 15.500000000000002 1.0000000180025095e-35 0.407785336356765 0.37965517241379315
decision_type=2 8 2 10 8 2 2 10 2 2 2 2 2 2
left_child=1 2 3 4 7 6 10 -1 -9 -5 -6 -11 13 -13
right_child=-2 -3 -4 9 5 -7 -8 8 -10 11 -12 12 -14 -15
leaf_value=0.017621652652190144 0.018712930782473169 -0.012201858378882128 -0.014939766827473128 0.013608271537810085 0.025395633146362145 -0.0052871078054069817 -0.011054765973956217 0.005304863546205141 -0.022105355912985795 0.0003674157133701402 -0.0078556241488298081 -0.01517148708077873 -0.021811291406569878 0.015775049217429511
leaf_weight=6.1137315358500919 7.7052564811892799 22.465449368581176 9.4948860590811801 21.301412519766018 38.833454967476428 11.943703511497004 4.6192629721481344 13.617189008509742 14.977844300912691 114.32279364624992 2.4013030901551238 13.979399148607628 20.808081051334739 13.566242157248778
leaf_count=137 131 823 139 537 905 437 81 194 430 3763 56 734 714 335
internal_value=0.000753424 1.34295e-05 0.0011662 0.00197485 0.00730312 0.0136807 0.0186553 -0.00370229 -0.0102055 -0.000826615 0.0228191 -0.00306619 -0.0104579 0.000151715
internal_weight=316.15 308.445 285.979 276.484 92.5065 57.7977 45.854 34.7088 28.595 183.978 41.2348 162.677 48.3537 27.5456
internal_count=9416 9285 8462 8323 2240 1479 1042 761 624 6083 961 5546 1783 1069
is_linear=0
shrinkage=0.035


Tree=187
num_leaves=15
num_cat=0
split_feature=88 41 46 11 81 11 63 123 59 110 68 45 109 106
split_gain=4.03127 3.51775 5.2278 4.77121 4.86746 4.67606 4.28831 3.83653 6.92987 4.14539 4.32983 3.57385 4.19911 3.63468
threshold=1079.5000000000002 6.5000000000000009 0.028174603174603175 6.5000000000000009 177.27980201333841 14.500000000000002 0.53139076576576583 1.0000000180025095e-35 0.6906926406926408 188.25000000000003 4.5000000000000009 0.050641025641025648 6005.5000000000009 495.23611111111114
decision_type=10 8 2 2 10 2 2 2 2 10 10 2 10 10
left_child=1 3 -3 4 7 11 -7 8 -1 10 -10 -4 13 -13
right_child=-2 2 5 -5 -6 6 -8 -9 9 -11 -12 12 -14 -15
leaf_value=-0.0034436962439339321 0.018972107800425072 -0.016468482947806742 0.0063197344543011978 0.011156890337496799 -0.014939131444003596 -0.011430848749740832 0.017202460842940529 -0.0085705472262390687 0.024334971117074122 -0.0055304478999480136 -0.0065251786532994679 -0.0068585050219227535 -0.017431559597815262 0.022192350140752437
leaf_weight=50.3020189399831 8.147572495043276 31.844753886456601 17.379044271539897 47.45694811292924 20.943731101462618 4.7083133417181697 20.333021396305412 28.387177956290543 28.857303941156715 7.5524333124048999 4.4776765005663028 10.243041317677124 29.710327939363196 3.2683823595289132
leaf_count=1407 58 1040 338 945 1736 75 472 884 759 166 71 274 1038 103
internal_value=-1.08499e-05 -0.000814568 -0.00544251 0.00214399 -0.00117863 -0.00066039 0.0108123 0.00173438 0.00522104 0.0150946 0.0198793 -0.00586388 -0.0109101 0.00426495
internal_weight=313.612 305.464 117.487 187.977 140.52 85.6421 25.0413 119.577 91.1894 40.8874 33.335 60.6008 43.2218 13.5114
internal_count=9366 9308 3340 5968 5023 2300 547 3287 2403 996 830 1753 1415 377
is_linear=0
shrinkage=0.035


Tree=188
num_leaves=15
num_cat=0
split_feature=54 119 68 0 1 117 126 116 100 91 68 26 110 119
split_gain=3.57181 5.71058 4.64812 5.60066 7.68474 5.49886 5.15573 4.33234 4.16985 6.12843 6.25622 4.78921 5.3104 4.08011
threshold=0.44949494949494956 0.6913074388294379 3.5000000000000004 45.283339120370378 15.500000000000002 0.11324786324786326 1.5000000000000002 0.49683544303797472 0.063164893617021281 3736.6899829017552 6.5000000000000009 19.500000000000004 92.250000000000014 2.6468839837495177
decision_type=8 10 10 2 2 2 2 2 2 10 10 2 10 10
left_child=2 -2 3 4 6 -4 -1 -5 9 10 -7 12 -11 -10
right_child=1 -3 5 7 -6 8 -8 -9 13 11 -12 -13 -14 -15
leaf_value=0.02732548957528206 0.0037628748732453348 -0.018591577777010683 0.021386250410996611 -0.0089497319297527651 -0.0055943905630375101 -0.019190641986248702 -0.0097255037733019432 0.011977863037376501 0.00043594094938600628 0.020383732791988157 0.0061526628433916913 -0.010148576526589603 -0.013937883984176577 -0.014178851087466039
leaf_weight=31.09080340503715 23.682493793778121 24.895422963425517 6.8720900202170005 28.341769063845277 13.332131780916823 19.228181985206902 2.7440550918690851 14.091326704015954 39.242205904331058 32.11606549913995 19.90540013811551 7.08859491162002 2.8915589598473153 51.922365305479616
leaf_count=719 896 1320 67 1500 410 490 68 305 1288 591 292 166 148 1205
internal_value=-9.61744e-05 -0.00835931 0.00152214 0.00780761 0.015495 -0.00174604 0.0234553 -0.00147 -0.00324495 0.00246052 -0.0070631 0.0111238 0.0161612 -0.00819228
internal_weight=317.444 48.5779 268.867 89.6001 47.167 179.266 33.8349 42.4331 172.394 81.2298 39.1336 42.0962 35.0076 91.1646
internal_count=9465 2216 7249 3002 1197 4247 787 1805 4180 1687 782 905 739 2493
is_linear=0
shrinkage=0.035


Tree=189
num_leaves=15
num_cat=0
split_feature=87 96 49 106 32 88 109 145 44 111 55 104 128 71
split_gain=3.85002 3.59218 3.32472 4.54059 5.87356 5.12703 4.22245 6.46349 4.41569 5.19428 5.11008 4.64423 5.57121 4.26246
threshold=1.5000000000000002 3.8166666666666669 0.064866760168302964 161.55555555555557 4.5000000000000009 986.50000000000011 5177.5000000000009 0.20206636595036528 0.49614266215654862 0.045663052543786498 0.64365079365079381 0.084219858156028379 0.24025974025974028 0.56983591315257953
decision_type=8 2 2 8 2 10 8 8 2 2 10 2 2 10
left_child=-1 2 3 4 5 -2 7 13 9 -8 -11 -10 -13 -5
right_child=1 -3 -4 6 -6 -7 8 -9 11 10 -12 12 -14 -15
leaf_value=0.015587608896325147 -0.021094885122406839 0.01798915144368066 0.010839652479533193 -0.007094375354999659 0.0065999083267736939 0.01031037098757631 -0.010269844015004654 -0.00159568440144923 0.017709935814545601 -0.01063606401233055 0.019360903725147899 -0.017041103580307526 0.014355588679028097 0.026286314942310225
leaf_weight=11.821300592739133 40.198231400572695 6.1103211985900989 17.149080398026854 3.6438295058906105 13.896529839839785 4.3478371538221827 101.64965478773229 45.037566143320873 16.197105666389689 7.631330527598041 11.992108971113337 12.216786649543794 6.8879906011279664 17.1959320937749
leaf_count=170 1298 129 384 104 271 276 3371 1417 366 354 312 424 104 440
internal_value=-0.00073492 -0.00161115 -0.00230317 -0.0032811 -0.0115436 -0.0172985 -0.000904332 0.00624011 -0.00401037 -0.00713248 0.00790446 0.00626932 -0.00509169 0.0202063
internal_weight=315.976 304.154 298.044 280.895 58.4426 44.5461 222.452 65.8773 156.575 121.273 19.6234 35.3019 19.1048 20.8398
internal_count=9420 9250 9121 8737 1845 1574 6892 1961 4931 4037 666 894 528 544
is_linear=0
shrinkage=0.035


Tree=190
num_leaves=15
num_cat=0
split_feature=63 116 117 91 143 119 89 106 84 98 21 145 45 65
split_gain=3.25455 4.30874 5.18523 6.2096 5.78661 5.4876 8.43434 4.99878 4.54856 4.46641 4.59077 4.57154 4.34216 4.32979
threshold=0.39642857142857152 0.084039548022598873 0.39339826839826847 2640.6775888285802 0.080015540015540038 2.510465975790916 783.75000000000011 911.53928571428582 680.50000000000011 1.491935483870968 1.5000000000000002 0.14145009996719207 0.069366479550922219 1.2928571428571431
decision_type=2 2 2 10 10 10 8 10 8 2 2 8 2 10
left_child=-1 7 -3 8 5 6 -5 13 -4 11 -11 -8 -7 -2
right_child=1 2 3 4 -6 12 9 -9 -10 10 -12 -13 -14 -15
leaf_value=-0.010735949533132703 0.0027983603901591322 -0.013537784346496754 0.013854509187014537 -0.011493419186303203 -0.010397233706350336 0.011788925127984356 -0.015285541258648018 -0.0020658715410736541 -0.008134106854491379 -0.0058274970945735079 0.037968360108605916 0.015723957296110647 -0.0041541498944480454 0.03247236098055719
leaf_weight=21.206861451966688 10.960122692631559 24.288448634324595 8.7912819409975764 7.2873819912783793 17.502260740846395 31.702881135279313 3.3720337925478843 17.414114833576605 76.305225851479918 1.9570214222185338 18.783018389251083 18.609348704107106 44.47707337490283 11.897073383908717
leaf_count=871 450 1422 167 543 452 471 86 592 1941 59 460 404 1195 287
internal_value=0.00111594 0.00213831 0.000352276 0.00208486 0.0064408 0.00908348 0.0175335 0.0120837 -0.00521967 0.0231703 0.0335066 0.0090159 0.00279813 0.0212997
internal_weight=314.554 293.347 253.076 228.788 143.691 126.189 50.0088 40.2713 85.0965 42.7214 20.74 21.9814 76.18 22.8572
internal_count=9400 8529 7200 5778 3670 3218 1552 1329 2108 1009 519 490 1666 737
is_linear=0
shrinkage=0.035


Tree=191
num_leaves=15
num_cat=0
split_feature=55 15 51 98 65 117 97 59 9 55 11 109 44 46
split_gain=4.14629 6.14145 7.97805 5.24844 5.23189 9.46762 5.95368 5.56434 5.12211 4.95921 4.80767 4.76683 4.74161 4.36936
threshold=0.92450142450142458 2.5000000000000004 0.016461184121392771 0.93541666666666679 2.5590277777777781 0.90098039215686287 7.2110234230332626 0.72673160173160178 3.5000000000000004 0.68237250554323736 6.5000000000000009 8663.5000000000018 0.7947368421052633 0.1526806526806527
decision_type=8 2 2 2 10 2 2 2 2 10 2 10 2 2
left_child=4 3 8 12 5 7 9 13 -3 -6 -9 -10 -2 -1
right_child=1 2 -4 -5 6 -7 -8 10 11 -11 -12 -13 -14 -15
leaf_value=-0.02246332386890151 -0.023495206573763406 -0.0099273418648951634 -0.0083332708838594702 0.0040900418051205006 0.014236723979432367 0.016378117661114296 -0.0096399909900778871 -0.010301132946291298 0.029722811671085828 -0.004346594965516217 0.012473534512659668 -0.0047753488937020243 0.011901234551480379 0.0077703579835588761
leaf_weight=46.306977360276505 13.840059788897635 3.1272159798536441 11.88566118001472 51.197717230999842 46.602902655722573 12.022900431416927 28.778737456537783 25.17052735388279 29.348595810588449 23.787995832506567 13.286863752058705 4.2511492960620663 2.7474880593363187 4.1480762215796849
leaf_count=2244 415 123 320 1531 1265 194 566 1000 552 492 448 111 56 154
internal_value=0.000103707 0.00522884 0.0140893 -0.00165687 -0.00293229 -0.00835724 0.00272536 -0.0123959 0.0214748 0.00808488 -0.00190276 0.0253048 -0.0162337 -0.0195012
internal_weight=316.503 116.398 48.6126 67.7853 200.105 100.935 99.1696 88.9124 36.727 70.3909 38.4574 33.5997 16.5875 50.4551
internal_count=9471 3108 1106 2002 6363 4040 2323 3846 786 1757 1448 663 471 2398
is_linear=0
shrinkage=0.035


Tree=192
num_leaves=15
num_cat=0
split_feature=88 50 118 42 117 98 42 47 110 47 93 69 26 109
split_gain=4.34336 3.9803 4.88055 5.92655 5.72419 5.5892 8.94463 5.54043 4.95529 4.85135 4.81325 3.98173 5.56357 5.23819
threshold=1077.5000000000002 0.10050505050505053 0.67156862745098056 1.0000000180025095e-35 0.69113355780022456 1.6381818181818184 5.5000000000000009 0.040956108470785575 131.25000000000003 0.082988980716253449 13580.500000000002 1.7500000000000002 24.500000000000004 4919.5000000000009
decision_type=10 2 2 10 2 2 10 2 10 2 2 8 2 10
left_child=1 2 3 -1 5 8 -7 -8 -4 -5 -3 -6 13 -13
right_child=-2 10 4 9 11 6 7 -9 -10 -11 -12 12 -14 -15
leaf_value=-0.0089237576094468255 0.019695187595138035 0.017770353819121645 -0.016536451339413345 0.023895149673218145 0.01481418431874851 -0.0079636548606433731 -0.005362050937524029 0.043198231617973773 0.010023587942319393 -0.010529563524563138 -0.011671758310303459 -0.0047845164669088475 -0.014466746525006657 0.011581997662890801
leaf_weight=8.8586677259299886 9.7406608907040191 3.3132599848322561 50.393399837543257 27.00910574360751 28.393974150298163 17.491081948741343 2.746208516531623 4.1918193351011723 6.7412904475349924 3.0130807324312618 46.937372917192988 38.193761924514547 18.206945688929409 50.778078597504646
leaf_count=413 142 102 2311 707 505 825 138 165 234 106 2136 624 271 711
internal_value=0.00113737 0.000240259 0.00204299 0.0126893 -0.000106066 -0.00718426 0.00599487 0.0297817 -0.0128482 0.0194302 -0.00829802 0.00425641 0.000923805 0.00467545
internal_weight=316.009 306.268 256.017 38.8809 217.137 81.5638 24.4291 6.93803 57.1347 30.0222 50.2506 135.573 107.179 88.9718
internal_count=9390 9248 7010 1226 5784 3673 1128 303 2545 813 2238 2111 1606 1335
is_linear=0
shrinkage=0.035


Tree=193
num_leaves=15
num_cat=0
split_feature=145 51 0 86 113 11 69 94 96 32 23 101 115 97
split_gain=3.33084 3.21802 4.40658 5.14687 4.13846 7.084 5.30508 4.9497 4.44426 4.35397 4.48333 4.11208 3.90708 3.91266
threshold=0.46044219482443399 0.04210992907801419 139.62027199074078 291.98707181710796 0.02339261285909713 9.5000000000000018 3.7500000000000004 82532.000000000015 1.1680790960451979 2.5000000000000004 1.5000000000000002 0.83974358974358987 0.05594679186228483 6.4590887093572382
decision_type=10 2 2 8 2 2 10 2 2 2 2 2 2 2
left_child=1 4 3 -3 5 9 7 8 -6 -1 -11 -10 -7 -14
right_child=-2 2 -4 -5 6 12 -8 -9 11 10 -12 -13 13 -15
leaf_value=-0.002292869486546775 -0.011600412799391379 0.01582287635439206 0.013590797010639503 -0.018174638787701189 0.014552684295451368 -7.2882385316997748e-05 0.013601207614952746 0.017812542923149877 -0.014307406733278712 0.018298335228616874 -0.0082733729658255682 0.01120698490665565 0.036809040634592158 0.007192532585693274
leaf_weight=94.878024447592907 23.694197656819597 2.5656277602538493 5.0503018274903289 27.54336397361476 4.4464320708066216 10.118764896760693 13.834951833123339 4.4264403153210869 65.710505214752629 24.189748987788338 7.2989184199832371 4.9929448233451685 11.467654303414749 12.729161883238701
leaf_count=3260 745 159 232 1055 146 220 218 118 1880 500 221 213 219 185
internal_value=-0.00022087 0.000892565 -0.00834582 -0.0134368 0.00230728 0.00564899 -0.00343594 -0.00702695 -0.00950996 0.00154806 0.0118494 -0.0118844 0.0186332 0.0251286
internal_weight=312.947 289.253 35.1593 30.109 254.094 160.682 93.4113 79.5763 75.1499 126.367 31.4887 70.7035 34.3156 24.1968
internal_count=9371 8626 1446 1214 7180 4605 2575 2357 2239 3981 721 2093 624 404
is_linear=0
shrinkage=0.035


Tree=194
num_leaves=15
num_cat=0
split_feature=113 30 59 110 63 50 57 84 92 94 98 10 45 94
split_gain=4.50144 3.9083 4.84359 3.76766 3.55576 3.45458 3.88375 4.2265 4.25051 6.15852 3.39049 3.85729 3.37402 3.34709
threshold=0.11451990632318503 1.0000000180025095e-35 0.61167800453514753 1098.5000000000002 0.72456896551724148 0.20416666666666669 0.50925925925925941 1124.2500000000002 43343.000000000007 33128.000000000007 0.67231638418079098 2.5000000000000004 0.052982456140350888 82532.000000000015
decision_type=2 2 2 10 2 2 8 8 2 2 2 2 2 2
left_child=1 3 -3 5 -2 6 7 -1 9 12 -8 -12 -9 -10
right_child=4 2 -4 -5 -6 -7 10 8 13 -11 11 -13 -14 -15
leaf_value=0.01588190438468548 -0.018888968195808997 0.0063949356066418514 -0.015942440057604101 -0.016843071443540147 0.0048598568483554996 -0.013112664377802936 -0.0087917317372020135 0.0089500917978683567 -0.008361512158840791 0.016492856891623497 0.017898598771325824 -0.0056501350232977315 -0.0098952105224360265 0.011171248791778823
leaf_weight=19.96848685760051 18.310087555320937 16.402966597815976 24.266734005766921 5.4827411381993434 8.9902411315124464 8.0165016426471976 5.1192744656000277 13.933668721700085 63.808724706294015 31.671435731928796 53.790618100319989 7.5677185761742285 26.013591915601864 8.2700276863761228
leaf_count=1101 788 448 795 293 284 395 186 245 1689 802 1317 219 655 185
internal_value=0.000883919 0.00225422 -0.0072195 0.00394898 -0.0115266 0.00476413 0.00565241 0.00258993 0.00027093 0.00610019 0.0124836 0.0147873 -0.00305754 -0.00554111
internal_weight=311.613 284.312 40.6697 243.643 27.3003 238.16 230.144 163.666 143.697 71.6187 66.4776 61.3583 39.9473 72.0788
internal_count=9402 8330 1243 7087 1072 6794 6399 4677 3576 1702 1722 1536 900 1874
is_linear=0
shrinkage=0.035


Tree=195
num_leaves=15
num_cat=0
split_feature=10 84 38 88 11 21 115 54 21 59 145 73 66 93
split_gain=3.77556 3.38635 3.43103 4.30724 3.2933 4.38953 4.5306 4.17592 4.1346 4.78985 4.09867 3.92018 4.34863 4.63727
threshold=3.5000000000000004 1165.2500000000002 22.500000000000004 1077.5000000000002 9.5000000000000018 11.500000000000002 0.21380952380952384 0.086067019400352746 7.5000000000000009 0.74868421052631595 0.29927686832700395 18.500000000000004 1.3420501978246824 14956.000000000002
decision_type=2 10 2 10 2 2 2 10 2 2 10 10 10 2
left_child=1 2 3 4 8 -6 7 -7 11 -10 -11 12 13 -1
right_child=-2 -3 -4 -5 5 6 -8 -9 9 10 -12 -13 -14 -15
leaf_value=0.022061042363027118 -0.013223744566877397 -0.016030505849968946 -0.014354369349173441 0.02306558842538841 0.019313141780170306 0.0097478904634867442 0.014315674679559274 -0.016273977566990071 -0.016638278122871653 -0.0072358918821196364 0.023177340095555058 0.011773466962978782 -0.009278522714045466 0.00069452738720209039
leaf_weight=9.7421933470759523 15.852216893224975 7.1261762223439282 8.6946008775848878 8.4533795246388745 25.219538829056546 7.6731074783019748 14.181517014978452 16.138502629473805 26.492329498752952 8.7528003240004164 4.4827941379044196 40.241126469103619 39.07910981378518 82.10881185985636
leaf_count=221 1230 662 177 97 435 135 206 274 596 209 97 1098 984 3026
internal_value=0.00121237 0.00218461 0.0028933 0.00366438 0.00266358 0.00934957 0.00125892 -0.00765217 0.000489476 -0.00902582 0.00659546 0.00289141 -0.000171128 0.00398269
internal_weight=314.238 298.386 291.26 282.565 274.112 63.2127 37.9931 23.8116 210.899 39.7279 13.2356 171.171 130.93 91.851
internal_count=9447 8217 7555 7378 7281 1050 615 409 6231 902 306 5329 4231 3247
is_linear=0
shrinkage=0.035


Tree=196
num_leaves=15
num_cat=0
split_feature=100 66 66 50 1 110 41 92 11 94 1 73 60 72
split_gain=3.85841 6.9735 5.61915 8.14212 6.56833 5.85088 5.40173 4.93293 4.09099 5.31602 4.37658 4.15945 3.62028 3.54395
threshold=0.063164893617021281 1.9500635676244293 1.4010953360514657 0.077422577422577438 13.500000000000002 82.250000000000014 6.5000000000000009 46298.500000000007 6.5000000000000009 77134.000000000015 15.500000000000002 10.500000000000002 0.93492377188029374 9.5000000000000018
decision_type=2 10 10 2 2 8 8 2 2 2 2 8 2 10
left_child=1 6 3 4 5 7 8 -2 9 11 -10 -1 -6 -4
right_child=2 -3 13 -5 12 -7 -8 -9 10 -11 -12 -13 -14 -15
leaf_value=0.014301533653102758 0.036449624903389585 0.013105131846289317 -0.015203469982312853 -0.016275254821787131 0.0070213211584276196 -0.0082873620190618558 -0.016248288458183793 0.004932803282889104 0.026089379691235912 0.013934656073528983 -0.0066063013961373115 -0.0093369652521945162 -0.018701507522544507 -7.4075046108769226e-05
leaf_weight=6.1844192639691746 14.213601348456001 60.275375773198903 47.551817384897731 13.74467428261414 10.422695772256704 5.344678468653 18.573429869604297 11.525917397579176 10.284209536854176 16.723860699916258 4.9590367279015473 54.785425304085948 7.4406370844226322 29.753612520638853
leaf_count=229 243 1043 1362 697 253 247 767 294 213 625 123 2350 263 691
internal_value=0.000552302 0.00401521 -0.00368883 0.00393948 0.0105982 0.0192915 -0.00124976 0.0254346 0.00242419 -0.00115542 0.0164481 -0.006037 -0.00543976 -0.00973866
internal_weight=311.783 171.786 139.998 62.6922 48.9475 31.0842 111.51 25.7395 92.937 77.6937 15.2432 60.9698 17.8633 77.3054
internal_count=9400 5350 4050 1997 1300 784 4307 537 3540 3204 336 2579 516 2053
is_linear=0
shrinkage=0.035


Tree=197
num_leaves=15
num_cat=0
split_feature=10 54 70 59 100 107 14 92 116 117 70 119 65 106
split_gain=3.64911 3.64454 5.66555 5.32137 6.2017 4.9885 4.43469 3.71634 4.06962 3.43224 7.59378 4.49496 4.3473 7.81761
threshold=3.5000000000000004 0.16954022988505749 14.509259259259261 0.75171232876712335 0.067816091954023008 2290.2951663612307 7.5000000000000009 56545.500000000007 0.73431372549019625 0.73401360544217698 15.020000000000001 1.6894052814176788 1.9772727272727275 122.84523809523812
decision_type=2 8 8 2 2 10 2 2 2 2 10 8 10 10
left_child=1 2 3 4 7 -6 -4 8 -1 11 -11 12 -3 -14
right_child=-2 9 6 -5 5 -7 -8 -9 -10 10 -12 -13 13 -15
leaf_value=-0.0096979919966872722 -0.01315984487878152 -0.0074016412109019518 0.02314616696888306 0.018082872258301758 -0.017350216485522089 0.011443869151186455 -0.0081043647116295064 0.021272567904699228 0.016488208839710528 0.010959844816635485 -0.014392152861619182 -0.010912833009454359 -0.013518645339932508 0.01992277833645683
leaf_weight=16.553636461496357 15.8162303926656 26.306127782328986 26.753917550900955 13.989919871324672 30.259233326651156 5.5921871506143352 4.1248293924145392 9.9733663559891266 5.9850797280669203 53.994238364510238 14.497000199044122 60.048068870208226 8.2475758665241319 22.992886004503816
leaf_count=294 1246 1270 506 297 622 145 49 147 94 851 228 2769 379 564
internal_value=0.00104194 0.00199626 0.00680443 0.00164243 -0.00272507 -0.0120079 0.018424 0.00774735 -0.00101322 -0.00103097 0.00497969 -0.00459211 0.00234849 0.0104471
internal_weight=315.134 299.318 113.232 82.3534 68.3635 35.8514 30.8787 32.5121 22.5387 186.086 68.4912 117.595 57.5466 31.2405
internal_count=9461 8215 2154 1599 1302 767 555 535 388 6061 1079 4982 2213 943
is_linear=0
shrinkage=0.035


Tree=198
num_leaves=15
num_cat=0
split_feature=63 55 29 54 123 120 126 84 95 71 56 69 116 93
split_gain=3.89358 3.94695 3.92816 6.19596 4.60901 4.46228 3.75448 4.81279 5.11352 5.88836 5.29069 6.26635 4.25901 4.18886
threshold=0.39642857142857152 0.83130081300813019 15.500000000000002 0.16954022988505749 1.0000000180025095e-35 0.020942982456140354 1.0000000180025095e-35 1158.2500000000002 26003.000000000004 1.0068968775248519 0.39379699248120309 2.7500000000000004 0.52419984387197516 80449.500000000015
decision_type=2 8 2 10 2 2 2 8 2 8 10 10 2 2
left_child=-1 6 3 -3 -5 -4 7 -2 9 -9 -11 -12 -13 -10
right_child=1 2 5 4 -6 -7 -8 8 13 10 11 12 -14 -15
leaf_value=-0.012504597793245005 0.016321633523046674 0.022998666784576887 -0.014593165080459618 0.0086992872979754811 -0.0091669209505538113 0.011204418639068223 -0.0088669342061206847 0.018864636982459042 0.028441139897705837 -0.016225853763689894 -0.0084155295097387214 0.02718968215553183 -0.0083840939520752351 -0.0083913881172384287
leaf_weight=21.496298598125577 17.568814304308034 23.845310768345371 16.795112060848627 55.277285652351566 20.420996949309483 8.6743240021169168 57.540697578224353 6.659870905801653 6.2714565251953882 38.356968843378127 24.025405409745872 9.0471659626346064 3.1198148918338111 2.9292219774797559
leaf_count=871 1019 318 317 1715 676 135 1950 148 177 856 915 188 50 109
internal_value=0.000354769 0.00150169 0.0060755 0.00913247 0.0036102 -0.00541024 -0.00202966 0.00184502 -0.00167605 -0.00480167 -0.00796873 0.00168955 0.0182828 0.017889
internal_weight=312.029 290.532 125.013 99.5436 75.6983 25.4694 165.519 107.979 90.4099 81.2092 74.5494 36.1924 12.167 9.20068
internal_count=9444 8573 3161 2709 2391 452 5412 3462 2443 2157 2009 1153 238 286
is_linear=0
shrinkage=0.035


Tree=199
num_leaves=15
num_cat=0
split_feature=88 80 92 73 55 101 107 116 65 110 40 98 145 96
split_gain=4.48754 3.26783 5.13018 4.8074 4.11776 4.64543 6.3087 4.72504 4.62547 5.20515 5.92729 4.99641 4.47568 3.87713
threshold=1079.5000000000002 604.62500000000011 67753.500000000015 18.500000000000004 0.81698564593301448 0.12250000000000001 2559.2216247094343 0.24190177638453506 1.5634920634920637 141.25000000000003 35.500000000000007 1.7090053763440862 0.07543848180304373 1.9915254237288138
decision_type=10 10 2 10 8 2 8 2 8 10 2 2 8 2
left_child=1 4 13 -4 5 -1 8 -8 11 10 -10 -7 -6 -3
right_child=-2 2 3 -5 12 6 7 -9 9 -11 -12 -13 -14 -15
leaf_value=0.0056485401823252379 0.020164568689847263 -0.023767903548669492 -0.006861794303459361 0.027889790903202705 -0.01083340566892056 -0.0097973146308763595 -0.009213698981905348 0.022478901555497647 -0.019845869482115485 0.01251632562222642 0.011690984140447514 0.024075073126596572 0.0082778129128581179 0.0035888374548182418
leaf_weight=48.806418768363073 8.6091330051422101 19.120688363909725 8.7493860111571831 3.0220659477636209 12.990976753178982 7.312900379765777 5.9614656670019022 9.5288384500890952 61.124838619958609 4.6542243317235252 4.9278078586794427 4.9186821673065424 104.67647368693724 7.0067914030514649
leaf_count=963 63 2075 597 175 281 214 220 247 1724 97 90 170 2237 264
internal_value=0.000502072 -0.000375441 -0.00934334 0.00771479 0.00105689 -0.0028096 -0.00707393 0.0110099 -0.0108854 -0.0142048 -0.016836 0.00685716 0.00581228 -0.0170334
internal_weight=311.411 302.802 37.8989 11.7715 264.903 147.235 98.4288 15.4903 82.9385 70.7069 66.0526 12.2316 117.667 26.1275
internal_count=9417 9354 3111 772 6243 3725 2762 467 2295 1911 1814 384 2518 2339
is_linear=0
shrinkage=0.035


Tree=200
num_leaves=15
num_cat=0
split_feature=10 98 110 118 11 4 72 103 117 91 91 2 45 93
split_gain=4.01349 4.47453 4.81297 4.48122 4.22808 4.66761 4.7478 4.58505 4.66031 4.25255 4.70395 4.51452 5.87378 5.48816
threshold=3.5000000000000004 0.84731934731934744 16.250000000000004 0.75235849056603787 6.5000000000000009 4.5000000000000009 8.5000000000000018 0.64495798319327746 0.50362318840579723 6204.866419976529 5803.9471686479301 4.5000000000000009 0.20638945233265724 71033.500000000015
decision_type=2 2 8 2 2 2 8 2 2 10 8 2 2 2
left_child=1 2 -1 -4 9 -6 -7 8 -8 10 11 -3 13 -13
right_child=-2 4 3 -5 5 6 7 -9 -10 -11 -12 12 -14 -15
leaf_value=0.012114533518938415 -0.014248041801085904 -0.0048289018930125754 0.0066670197674594221 -0.022532351301899463 0.019671379702252464 -0.0031424838239457195 -0.004996377312402666 -0.010347912049194129 0.022426898193060096 -0.017596532070103314 0.023788682976347598 0.0010196252580396967 -0.014482137077592962 0.028528624891391578
leaf_weight=6.00528395990841 15.26051558437757 88.014262528973632 6.1046126012224731 19.989080314990133 27.132106988457963 51.7365837325342 7.7950388686731449 5.9845482567325226 27.959673533914611 11.266780350357292 5.5527505618520072 18.007070312392901 6.389605668373405 13.310634035849942
leaf_count=120 1239 3008 283 518 406 1060 262 98 409 548 232 605 313 330
internal_value=0.000847932 0.00185248 -0.00958798 -0.0157276 0.00340075 0.00808369 0.00389226 0.0120153 0.0165687 -0.000701294 0.00134119 -0.00052223 0.00891861 0.0150295
internal_weight=310.509 295.248 32.099 26.0937 263.149 120.608 93.4758 41.7393 35.7547 142.541 131.274 125.722 37.7073 31.3177
internal_count=9431 8192 921 801 7271 2235 1829 769 671 5036 4488 4256 1248 935
is_linear=0
shrinkage=0.035


Tree=201
num_leaves=15
num_cat=0
split_feature=44 27 116 117 98 119 143 69 40 110 55 98 45 123
split_gain=3.17345 5.15363 4.53263 4.3716 4.23102 6.18275 6.80361 3.98667 5.27022 3.8987 3.80995 5.42028 3.96173 6.35032
threshold=0.26975051975051983 4.5000000000000009 0.084039548022598873 0.3816526610644258 1.491935483870968 2.624600670607006 0.065513096529139322 3.7500000000000004 5.5000000000000009 774.50000000000011 0.94782214156079869 0.90238095238095251 0.07634032634032635 1.0000000180025095e-35
decision_type=2 2 2 2 2 8 8 8 2 10 10 2 2 2
left_child=1 -1 9 -4 7 6 -6 10 -9 -2 12 -12 13 -5
right_child=2 -3 3 4 5 -7 -8 8 -10 -11 11 -13 -14 -15
leaf_value=-0.013441890342467219 0.017799651532149623 0.0072022011845020066 -0.013764346961127829 -0.010269452304124618 0.025314636724963858 -0.0042115328161728104 -0.0085519481632184095 0.017997078642984211 -0.0095321605225194336 -0.0094308778830111892 -0.011477875397809929 0.011449299405656312 -0.017033131307866121 0.015614642999397115
leaf_weight=37.210650133434683 29.495659110369161 18.916890217689797 18.813604497699998 27.255959611618891 26.946125061251223 21.683522772742435 6.7013750998303285 20.564350917469714 8.973597313044591 4.6038178417365989 14.722162176622076 31.052055323496461 32.072711263550445 13.159052022732793
leaf_count=1505 860 866 1082 576 801 690 244 354 167 180 305 574 999 227
internal_value=0.000727992 -0.00646414 0.0023982 0.000452079 0.00206781 0.00988308 0.0183359 -0.00108561 0.00946452 0.0133873 -0.00399771 0.0036712 -0.00876485 -0.0010504
internal_weight=312.172 56.1275 256.044 221.945 203.131 55.331 33.6475 147.8 29.5379 34.0995 118.262 45.7742 72.4877 40.415
internal_count=9430 2371 7059 6019 4937 1735 1045 3202 521 1040 2681 879 1802 803
is_linear=0
shrinkage=0.035


Tree=202
num_leaves=15
num_cat=0
split_feature=54 23 72 4 108 110 11 98 117 94 106 57 91 1
split_gain=3.96379 4.48325 3.99627 3.43049 2.88183 4.39918 3.72621 5.37811 4.67105 4.6247 4.53366 5.65422 4.34443 3.94705
threshold=0.096006144393241177 4.5000000000000009 9.5000000000000018 7.5000000000000009 117.50000000000001 1098.5000000000002 5.5000000000000009 0.87867647058823539 0.73105625717566025 78751.750000000015 627.62500000000011 0.48683298683298687 4346.1728478968143 7.5000000000000009
decision_type=8 2 10 2 10 10 2 2 2 2 10 10 8 2
left_child=2 4 3 -1 6 -6 8 -8 9 -2 13 -12 -11 -10
right_child=1 -3 -4 -5 5 -7 7 -9 10 12 11 -13 -14 -15
leaf_value=0.010067679803066174 -0.014584762873593907 -0.017802481381086858 0.024752010778597316 -0.011994810820421432 0.019921387962645542 -0.013247582514330555 -0.014530103881806125 0.0053211297746247974 0.010616116199678619 -0.007292705505685896 0.034884539701521458 -0.0055780672976664227 0.024632944225202152 -0.011203702058914539
leaf_weight=16.542159638949673 63.958797891158611 15.146526886848731 9.2686444250866753 9.4560170157346857 12.525133887771515 2.8585114115849128 14.654815522953866 110.48978794226423 11.180416645715011 8.9490429868455941 4.9004505986813438 5.318930103443563 3.7578071285970518 23.193630212452263
leaf_count=450 3399 571 196 380 195 137 200 2421 224 433 72 90 155 494
internal_value=-0.00042894 -0.00188952 0.00985079 0.00140274 -0.000652437 0.0120204 -0.00166696 0.00252757 -0.00592457 -0.0109194 0.00289783 0.018911 0.00643843 -0.00365977
internal_weight=312.201 276.934 35.2668 25.9982 261.787 15.3836 246.404 125.145 121.259 76.6656 44.5934 10.2194 12.7069 34.374
internal_count=9417 8391 1026 830 7820 332 7488 2621 4867 3987 880 162 588 718
is_linear=0
shrinkage=0.035


Tree=203
num_leaves=15
num_cat=0
split_feature=88 86 82 0 56 94 4 54 48 75 97 96 76 0
split_gain=4.74627 3.45718 3.36501 3.36666 4.55014 5.94674 3.50254 4.36992 3.40895 3.61986 3.45158 3.27935 4.95804 3.64513
threshold=1079.5000000000002 303.99371850685986 8.5000000000000018 4.0473495370370385 0.20611577964519143 36854.500000000007 6.5000000000000009 0.20416666666666669 0.036530442035029198 1.7537878787878791 8.6611028217211494 1.2875939849624063 0.51998804968410772 1.6951041666666669
decision_type=10 10 8 2 8 2 2 8 2 8 2 2 8 2
left_child=1 2 -1 11 5 -5 7 8 9 -6 -10 -4 13 -13
right_child=-2 -3 3 4 6 -7 -8 -9 10 -11 -12 12 -14 -15
leaf_value=0.019298358594965467 0.02026393737636803 -0.015418826050253413 0.013767465607142789 -0.011642647777624242 0.011939836489659374 0.01669352565794845 -0.017844704356429313 -0.0087366341221436702 0.0263082430461841 -0.0079544438775358845 -0.0087458110026809709 -0.013824121141156899 0.0084218741468173371 0.0083393505424918437
leaf_weight=5.4295923088211557 8.1480736844241601 14.639249369036405 25.280545363901183 9.5485301567241567 12.316802354762329 21.442542118718848 22.197423140984029 76.286891012336127 7.6753849419765157 26.840405455557629 1.9602860412560401 28.983456627000123 38.684493747074157 8.6268875130917859
leaf_count=133 60 1689 594 135 274 325 823 3275 197 761 33 419 618 126
internal_value=-0.000331744 -0.00121441 -0.000232448 -0.000943491 -0.00380528 0.00755843 -0.00636617 -0.00372151 0.0042028 -0.00105335 0.0186253 0.00402194 0.000144576 -0.00835835
internal_weight=308.061 299.912 285.273 279.844 178.268 30.9911 147.277 125.08 48.7929 39.1572 9.63567 101.575 76.2948 37.6103
internal_count=9462 9402 7713 7580 5823 460 5363 4540 1265 1035 230 1757 1163 545
is_linear=0
shrinkage=0.035


Tree=204
num_leaves=15
num_cat=0
split_feature=88 0 0 14 106 95 115 76 116 92 106 0 79 119
split_gain=3.97633 3.859 4.74373 4.60128 5.12013 4.38473 3.7246 4.02449 3.62155 6.65055 5.7917 4.48765 4.31708 4.9353
threshold=1079.5000000000002 4.7096238425925927 2.0223495370370377 3.5000000000000004 1098.9166666666667 1693.5000000000002 0.26939799331103681 0.9093766034416223 0.40129870129870138 61613.500000000007 627.62500000000011 49.476562500000007 1.7500000000000002 0.78582996308391106
decision_type=10 2 2 2 10 2 2 10 2 2 10 2 8 10
left_child=1 2 3 4 -1 -4 7 -5 9 12 -10 -12 13 -3
right_child=-2 8 5 6 -6 -7 -8 -9 10 -11 11 -13 -14 -15
leaf_value=0.012860424982806928 0.018730034272756116 0.026571952536575627 -0.0067634295861734306 -0.01875318558085038 -0.0096398474301417226 0.024770611376169552 0.0086926036181979929 0.011780919138646805 -0.0047948225904051204 0.0037956584189167389 -0.0078446439858675318 0.019382297797631377 -0.018414662192586775 -0.010069586496577977
leaf_weight=39.071082623675466 8.4511132352054101 2.3035721040796471 4.8335845242254463 24.491431286092851 13.074465694371609 16.06499661761336 8.0893158467952144 2.891464843414723 62.769301479682326 34.07865174417384 6.9947608970105675 22.798126063775271 52.447868497460149 7.207202697172761
leaf_count=806 63 79 111 437 319 301 135 48 1479 1636 184 616 2815 395
internal_value=0.00011206 -0.000718723 0.00441798 0.000499131 0.00686909 0.0175795 -0.00855672 -0.0142078 -0.00371205 -0.00829798 0.00122748 0.0127813 -0.0147365 0.00490316
internal_weight=305.567 297.116 108.516 87.6178 52.1455 20.8986 35.4722 27.3829 188.599 96.0373 92.5622 29.7929 61.9586 9.51077
internal_count=9424 9361 2157 1745 1125 412 620 485 7204 4925 2279 800 3289 474
is_linear=0
shrinkage=0.035


Tree=205
num_leaves=15
num_cat=0
split_feature=55 98 11 59 32 74 76 45 119 97 115 90 110 110
split_gain=2.73718 4.50115 5.55079 4.89089 4.81099 3.85024 3.61169 4.14971 5.37889 4.37269 4.23509 4.04812 3.54206 5.95422
threshold=0.59761904761904772 1.589572192513369 5.5000000000000009 0.74868421052631595 1.5000000000000002 9.7500000000000018 0.40931981564896242 0.066120218579234988 2.6468839837495177 3.465009029033955 0.1991379310344828 17613.500000000004 182.75000000000003 61.250000000000007
decision_type=8 2 2 2 2 10 10 2 10 2 2 2 8 10
left_child=6 12 3 -3 -5 -4 11 9 10 -8 -9 -1 13 -2
right_child=1 2 5 4 -6 -7 7 8 -10 -11 -12 -13 -14 -15
leaf_value=0.011139670535778461 0.00081804671367391511 -0.0094056628990840645 -0.0084343000674929579 -0.0020306805792460318 0.031788517696629486 0.025970996829809929 -0.0094874847302911895 -0.0057917456104920242 -0.019626593715184475 0.020882488231346214 0.021837347645851792 -0.018757274425455786 0.011255707154472728 -0.016743451699593011
leaf_weight=3.3456657113274586 118.83870404819027 20.232290685293265 2.2555438091512796 10.023609805153681 4.5210620258003464 21.461327008553781 5.0224456461146501 13.756701573845932 14.279156596749088 13.40166811889503 6.0460171296726903 24.359862628392875 21.508956212899648 24.40006121865008
leaf_count=111 2220 839 59 368 112 473 190 701 673 321 219 961 699 1443
internal_value=0.00049901 0.00248983 0.0104082 0.000875529 0.0139246 0.0218001 -0.00486273 0.000754396 -0.00628942 0.0123456 0.00534545 -0.0139959 -0.000545372 -0.00263732
internal_weight=303.453 223.242 58.4938 34.777 14.5447 23.7169 80.2115 52.506 34.0819 18.4241 19.8027 27.7055 164.748 143.239
internal_count=9389 6213 1851 1319 480 532 3176 2104 1593 511 920 1072 4362 3663
is_linear=0
shrinkage=0.035


Tree=206
num_leaves=15
num_cat=0
split_feature=69 109 59 29 109 60 98 42 118 107 109 90 40 145
split_gain=3.29371 4.64116 4.48903 4.24079 3.53979 3.61057 3.38003 6.34829 4.55739 5.09366 3.99196 4.50582 3.88148 3.44872
threshold=3.2500000000000004 8156.5000000000009 0.64670014347202309 15.500000000000002 8371.5000000000018 0.91977011494252892 1.5270467836257311 6.5000000000000009 0.70135135135135152 1817.8094299498894 8156.5000000000009 73351.807142857157 23.500000000000004 0.28748712076900379
decision_type=8 8 2 2 8 2 2 10 2 10 10 2 2 10
left_child=4 2 3 -2 6 -6 8 13 9 -1 11 -10 -9 -8
right_child=1 -3 -4 -5 5 -7 7 12 10 -11 -12 -13 -14 -15
leaf_value=0.024212368015791148 0.020866050640264547 0.021732525424722156 -0.0048548398432317419 -0.0094152070350900612 -0.021831890861493938 -0.00094564536758833851 0.0057905619506077284 0.027694189601840991 -0.011745917635613686 -0.0066838068545443958 0.015155159750421594 0.0039974637293986523 -0.0085914609157385635 -0.011717068361765129
leaf_weight=9.6110484483651835 15.544981366954746 13.786339099053292 41.585306696943007 4.5057117859832934 14.764365930925122 21.797922114026733 34.345868973643519 14.44948450359516 76.984646936762147 8.7353120621992257 5.7216292493976644 27.707854012958705 1.995138122467323 16.219169571413659
leaf_count=211 277 358 1041 55 584 765 1251 426 2246 413 161 764 150 699
internal_value=0.000365887 0.00648209 0.00169623 0.0135403 -0.00171435 -0.0109916 0.000248856 0.00635675 -0.00304862 0.0112208 -0.005803 -0.00758699 0.0223151 -0.000374188
internal_weight=307.755 75.4223 61.636 20.0507 232.332 36.5623 195.77 67.0097 128.76 18.3464 110.414 104.693 16.4446 50.565
internal_count=9401 1731 1373 332 7670 1349 6321 2526 3795 624 3171 3010 576 1950
is_linear=0
shrinkage=0.035


Tree=207
num_leaves=15
num_cat=0
split_feature=90 110 94 97 84 96 55 108 54 88 46 47 97 66
split_gain=3.5225 3.79444 5.80048 6.76405 6.26017 4.97829 5.17271 4.89379 4.51476 4.35021 3.89924 3.69136 3.54332 3.51714
threshold=14675.741666666669 61.250000000000007 29966.750000000004 3.0563731430810956 317.25000000000006 1.3090185676392576 0.82247899159663873 117.50000000000001 0.18898809523809526 669.50000000000011 0.24404761904761907 0.082988980716253449 11.711245475846985 2.1389687229263359
decision_type=2 10 2 2 10 2 10 10 10 10 2 2 2 8
left_child=-1 2 11 9 5 13 -7 10 -8 -4 -3 -2 -6 -5
right_child=1 7 3 4 12 6 8 -9 -10 -11 -12 -13 -14 -15
leaf_value=0.010755543295542727 -0.017365215850910835 -0.013194700746378279 0.020948921003323004 0.030096846068558399 0.021258864444287016 -0.01145321388265725 0.013142945238857178 0.010188697699702964 -0.0071959906754798554 -0.008234282991218294 0.013955393634543402 0.0085194131149611638 -0.0086379599131161545 -0.0072321283734132699
leaf_weight=32.366249914746732 22.254026229726154 60.652124735992402 32.104588130488992 3.990559807047247 17.959552811807956 60.506214110413566 23.153137535788119 12.500824074493719 21.015727228485048 4.7369712087092912 3.1339054577983907 5.5955233043059698 3.2132873635273418 2.277356518432498
leaf_count=788 570 3468 747 116 940 1291 221 291 327 301 140 94 92 66
internal_value=0.000673937 -0.000692801 0.00189178 0.00439635 0.000493409 -0.00301436 -0.00517392 -0.0070668 0.00371793 0.016661 -0.0109433 -0.0116594 0.0159382 0.0193431
internal_weight=305.46 273.094 196.807 168.957 132.116 110.943 104.675 76.2869 44.1689 36.8416 63.786 27.8495 21.1728 6.26792
internal_count=9452 8664 4765 4101 3053 2021 1839 3899 548 1048 3608 664 1032 182
is_linear=0
shrinkage=0.035


Tree=208
num_leaves=15
num_cat=0
split_feature=87 87 116 101 110 61 98 21 49 118 66 100 55 119
split_gain=4.37498 3.93717 4.93128 3.27794 4.01833 4.25591 3.87461 6.41817 4.53747 5.02343 4.53547 6.35523 4.52335 5.06997
threshold=1.5000000000000002 118.50000000000001 0.66397849462365599 0.54692082111436957 36.250000000000007 0.97162977867203237 1.3956521739130436 1.5000000000000002 0.013072453861927548 0.96693989071038267 1.4010953360514657 0.17902930402930406 0.88516483516483524 3.0498548758656763
decision_type=8 8 2 2 8 2 2 2 2 2 10 2 8 10
left_child=-1 2 -2 6 5 -5 8 -8 9 12 -9 -12 13 -3
right_child=1 3 -4 4 -6 -7 7 10 -10 -11 11 -13 -14 -15
leaf_value=0.018842531301046624 -0.021442576130287994 -0.0085702735210616467 0.012126164263720015 -0.0125779411813678 -0.014341614637187488 0.015820865183714502 -0.016050242355778597 0.019825204300345737 -0.014917099308635632 -0.0098666142558075671 0.015059638154626779 -0.010618616592455216 0.012923826970268931 0.011914432927995813
leaf_weight=10.703673998359589 15.202852106071079 36.640825969981961 3.6481943610124281 6.1032258016057321 28.164119015098549 11.308190596755594 7.1337058094795784 36.925340841757134 18.213604187127203 29.472859793575481 18.987826105207205 18.436664074659348 46.961305629694834 18.013276271289214
leaf_count=167 1934 1010 155 153 1333 224 276 955 305 797 399 441 1061 235
internal_value=0.000841226 -0.000114408 -0.0137659 0.00104487 -0.00706415 0.00528097 0.00276208 0.00865844 -0.00063223 0.00182768 0.0118912 0.00264901 0.00552318 -0.00138604
internal_weight=305.916 295.212 18.851 276.361 45.5755 17.4114 230.785 81.4835 149.302 131.088 74.3498 37.4245 101.615 54.6541
internal_count=9445 9278 2089 7189 1710 377 5479 2071 3408 3103 1795 840 2306 1245
is_linear=0
shrinkage=0.035


Tree=209
num_leaves=15
num_cat=0
split_feature=82 56 100 65 66 50 11 98 42 93 40 45 4 69
split_gain=4.83964 5.2327 3.312 8.78348 5.90337 6.38262 4.08776 4.4147 3.82296 4.00533 3.80921 4.36905 3.92497 4.78652
threshold=8.5000000000000018 0.19098277608915909 0.063164893617021281 2.2052631578947373 1.3792679969468657 0.072949002217294903 4.5000000000000009 1.652586206896552 2.5000000000000004 81146.000000000015 19.500000000000004 0.030457637600494747 4.5000000000000009 3.2500000000000004
decision_type=8 10 2 8 10 2 2 2 10 2 2 2 2 10
left_child=1 -1 3 6 5 8 -2 -8 -4 -10 12 -12 -5 -14
right_child=2 -3 4 10 -6 -7 7 -9 9 -11 11 -13 13 -15
leaf_value=-0.013977141496862123 -0.015198492898872998 0.028460257119697133 -0.0050161147043408577 0.009731167379122491 -0.010549480154226906 -0.013349466351719123 -0.0069493888112131183 0.019898456246921867 0.020772792463968355 -0.0065317425588708846 -0.0074981278631406538 0.030508091490209572 -0.014542960702107968 0.012650506221895213
leaf_weight=1.4234263149555761 31.4805550937308 8.8955973153933865 12.371710168546995 67.888926375773735 73.697068585315719 14.891445169690995 16.203087234636772 6.7466086414642623 27.205886145704426 5.7444703248329452 2.6056305523961774 11.40636504627764 17.455512076616291 7.6834348058328024
leaf_count=30 1829 254 412 1760 1985 731 603 279 609 205 23 186 407 148
internal_value=0.00077323 0.019955 -0.000217886 0.00311538 -0.00420462 0.00377448 -0.00787576 0.00309094 0.0101683 0.0157792 0.00880647 0.0233273 0.00554104 -0.00551173
internal_weight=305.7 10.319 295.381 161.47 133.911 60.2135 54.4303 22.9497 45.3221 32.9504 107.04 14.012 93.0279 25.1389
internal_count=9461 284 9177 5235 3942 1957 2711 882 1226 814 2524 209 2315 555
is_linear=0
shrinkage=0.035


Tree=210
num_leaves=15
num_cat=0
split_feature=49 114 69 21 91 47 75 116 56 106 98 143 21 11
split_gain=4.70704 3.78158 5.74704 4.9191 4.91372 4.58399 3.92507 5.01429 4.81286 4.73924 4.04505 4.30941 6.91886 4.48663
threshold=0.059411764705882358 0.087228260869565227 2.7500000000000004 1.5000000000000002 2971.7318681620136 0.08631332481907196 1.6715686274509807 0.084039548022598873 0.17684288905435594 598.94134897360721 1.7912885662431945 0.043745143745143752 7.5000000000000009 9.5000000000000018
decision_type=2 2 8 2 10 2 8 2 10 10 2 8 2 2
left_child=1 3 5 -1 -4 -3 9 -8 -9 -5 11 13 -13 -10
right_child=-2 2 4 6 -6 -7 7 8 10 -11 -12 12 -14 -15
leaf_value=-0.010585918014328113 0.015702141157126648 -0.017413128291506964 -0.0092552690889286544 0.023661029604542194 0.013006055755218692 0.0069066715333457734 0.014532241885448148 0.015082248378048233 -0.020192662238837443 -0.0010844228294109638 0.0096849140567881655 0.016587977150287345 -0.012923015985878998 0.0014388371700284396
leaf_weight=27.269121795194224 17.741312799043953 46.054989359690808 16.926784622948617 19.17851916491054 22.812168424716219 8.8037210917100293 23.124987767660059 12.38459384231828 34.273868056479841 14.904805797734296 14.876501172315328 14.932950355927462 14.13161178329028 15.856950815301387
leaf_count=1336 420 1828 382 419 406 282 655 184 1182 500 632 467 355 404
internal_value=0.000372678 -0.000833647 -0.00637466 0.00200425 0.00354922 -0.0132594 0.0043536 0.00136568 -0.00201804 0.0140854 -0.00491686 -0.008072 0.00244856 -0.0138404
internal_weight=303.273 285.532 94.5977 190.934 39.739 54.8587 163.665 129.581 106.456 34.0833 94.0719 79.1954 29.0646 50.1308
internal_count=9452 9032 2898 6134 788 2110 4798 3879 3224 919 3040 2408 822 1586
is_linear=0
shrinkage=0.035


Tree=211
num_leaves=15
num_cat=0
split_feature=54 91 116 48 107 118 10 32 100 116 74 21 92 65
split_gain=3.5571 4.51677 3.49966 3.58453 3.49593 3.63387 3.42965 3.37696 5.32987 6.6947 6.35737 5.6614 5.16143 5.39539
threshold=0.093386627906976757 6401.6746088137779 0.57307060755336625 0.047247023809523815 1788.988126313536 0.79772727272727284 2.5000000000000004 8.5000000000000018 0.36939571150097467 0.21525096525096529 9.7500000000000018 1.5000000000000002 54181.500000000007 2.7029411764705888
decision_type=8 10 2 2 10 2 2 2 2 2 8 2 2 10
left_child=4 7 3 -3 6 -6 -1 8 9 11 -11 -2 13 -12
right_child=1 2 -4 -5 5 -7 -8 -9 -10 10 12 -13 -14 -15
leaf_value=0.012428411841167959 -0.004642228546373319 -0.019841297078273368 0.0060884088641213205 0.0064719607483475034 -0.0076213960949156308 0.030104402848338402 -0.011550409187895953 0.010432738727025033 -0.013867983578598536 -0.021632813916167715 -0.016795033639865193 0.018627071450775762 0.0082701278000143624 0.0044062084324121139
leaf_weight=10.509220870677387 15.874812572612425 26.228839508141395 9.828048085793851 5.3773089578608042 1.789052064763381 9.6209562866715697 8.8623083172133175 41.572625380707905 24.317271526088007 13.138044655788688 25.390668302308768 37.670724286348559 51.198913530795835 25.296097840648144
leaf_count=156 808 1125 98 198 81 301 398 840 800 380 1024 1311 1430 452
internal_value=0.00138471 3.74787e-05 -0.00995344 -0.015092 0.0117673 0.0236693 0.00133925 0.00197406 -6.65663e-05 0.00226652 -0.00253722 0.0119211 0.000821914 -0.0067686
internal_weight=306.675 275.893 41.4342 31.6061 30.7815 11.41 19.3715 234.459 192.887 168.569 115.024 53.5455 101.886 50.6868
internal_count=9402 8466 1421 1323 936 382 554 7045 6205 5405 3286 2119 2906 1476
is_linear=0
shrinkage=0.035


Tree=212
num_leaves=15
num_cat=0
split_feature=86 145 145 50 145 24 54 115 81 11 41 0 143 95
split_gain=3.42448 3.07877 4.63025 3.65315 5.05089 4.11988 9.02411 3.62695 4.6956 3.37081 4.70417 4.19442 3.47203 4.49474
threshold=303.99371850685986 0.25529966493361106 0.23913220603414559 0.096464019851116647 0.33847850552296571 7.5000000000000009 0.17752100840336138 0.21483516483516488 215.38032678903286 9.5000000000000018 6.5000000000000009 123.49386574074076 0.013918951418951419 9269.0000000000018
decision_type=10 10 10 2 10 2 8 2 10 2 8 2 10 2
left_child=1 2 9 4 7 6 -6 8 -3 10 11 -1 13 -11
right_child=-2 3 -4 -5 5 -7 -8 -9 -10 12 -12 -13 -14 -15
leaf_value=0.0060334218919829647 -0.01263755039968173 -0.018696162786749845 0.022532475724752261 -0.014764894357938225 0.032056655877622048 -0.0048037895682542875 -0.00095128145228860945 0.0054886574967417893 0.014966995342969362 0.016403140077207921 -0.013172582189468332 -0.01222917102702426 0.020898240924185359 -0.013504440966503368
leaf_weight=93.86201964924112 16.374751580413431 26.744131028186533 11.480449333786963 18.747736447956413 13.137496082810683 19.936084783170372 22.397955513792112 13.738204746739937 2.192840921576134 5.8868184338789424 21.191999533679336 13.469266261323353 17.336992928758264 9.174726795172317
leaf_count=2593 1696 633 264 778 234 420 621 273 144 65 670 595 304 172
internal_value=0.000910062 0.00187856 0.00479645 -0.00244512 0.000509817 0.007203 0.0137007 -0.00803333 -0.0143159 0.00289025 0.000191698 0.00329928 0.0121384 -0.000640218
internal_weight=305.671 289.297 172.402 116.894 98.1467 55.4715 35.5355 42.6752 28.937 160.922 128.523 107.331 32.3985 15.0615
internal_count=9462 7766 4663 3103 2325 1275 855 1050 777 4399 3858 3188 541 237
is_linear=0
shrinkage=0.035


Tree=213
num_leaves=15
num_cat=0
split_feature=11 105 118 99 128 1 114 66 47 45 32 63 75 106
split_gain=3.50876 4.06507 3.30947 3.45366 2.80566 6.67191 5.03207 4.81336 6.45097 5.71129 4.90308 4.81654 4.47801 3.93166
threshold=2.5000000000000004 1.0000000180025095e-35 0.61721611721611735 0.96875000000000011 0.10263157894736843 12.500000000000002 0.083920187793427234 1.8274183903950487 0.03478523895946764 0.025978407557354928 31.500000000000004 0.65978723404255335 2.5419580419580421 1581.2900000000002
decision_type=2 2 2 2 2 2 2 10 2 2 2 2 10 10
left_child=1 -1 3 -2 5 6 12 -6 9 -9 11 -11 13 -4
right_child=2 -3 4 -5 7 -7 -8 8 -10 10 -12 -13 -14 -15
leaf_value=-0.014312070191843981 0.024915882409282164 0.0074409197536420522 0.025799208599518238 -0.0005159397658465603 -0.01440359153607762 -0.0040894731482229779 -0.00086329791419583444 -0.010289146970686773 -0.010351530599138618 0.019818907546057869 -0.011699295376919895 -0.0063321122786885115 -0.0095372865913413828 -0.0078066068483440016
leaf_weight=28.977488154894672 10.52651101956144 11.550465420237741 33.49089854338672 10.959923104150221 25.789276013849303 50.324037472601049 22.362604663474485 14.058545519248581 33.926132264896296 42.873505837633274 5.758028440643101 8.0255844269413483 3.2444385404232881 2.5465184436179689
leaf_count=1648 198 562 1088 326 726 1717 736 207 866 779 84 203 101 112
internal_value=0.00103115 -0.00797614 0.00253709 0.014295 0.00122703 0.00517767 0.0124822 -0.00223034 0.00128982 0.00718958 0.0120093 0.0154979 0.0193193 0.0227627
internal_weight=304.414 40.528 263.886 21.4864 242.4 111.968 61.6445 130.431 104.642 70.7157 56.6571 50.8991 39.2819 36.0374
internal_count=9353 2210 7143 524 6619 3754 2037 2865 2139 1273 1066 982 1301 1200
is_linear=0
shrinkage=0.035


Tree=214
num_leaves=15
num_cat=0
split_feature=118 2 116 23 97 56 60 57 104 63 15 65 43 118
split_gain=3.47673 5.66487 4.43494 4.23926 4.50758 4.11663 3.85406 7.06335 4.60851 4.39438 4.36608 4.06653 4.9355 4.763
threshold=0.89512961508248245 4.5000000000000009 0.88501602564102566 1.5000000000000002 4.6219027594541631 0.2991228070175439 0.89528508771929838 0.30638852672750988 0.1012820512820513 0.40312500000000007 1.5000000000000002 1.607692307692308 0.35948717948717951 0.74801587301587313
decision_type=2 2 2 2 2 10 2 10 2 2 2 8 2 2
left_child=6 2 -2 4 -3 -6 7 -1 9 -8 -11 13 -13 -10
right_child=1 3 -4 -5 5 -7 8 -9 11 10 -12 12 -14 -15
leaf_value=0.01100308169564177 -0.012527377207929144 -0.0080397221143338714 0.0065877847939096526 -0.0060493732699745143 -0.0010169514678312821 0.031600475759455134 -0.0092567873031349484 -0.014443480400695666 -0.0075999879729732453 -0.008081296304960699 0.020606294139769939 -0.011544899098742033 0.0080164390028462252 0.02601083418306515
leaf_weight=16.719048073748127 78.539685481460765 5.4996325087267932 14.788836598396299 18.165087092667818 6.3498977902345386 10.731181940180248 5.946187669876962 31.128771096351556 5.4645167984999707 4.8604468433186403 40.408973107696511 36.321167472982779 21.168255962664261 8.4039719681022671
leaf_count=684 2174 240 256 488 75 219 225 1237 301 172 1102 1348 608 313
internal_value=-0.000586278 -0.00471076 -0.00931742 0.00570593 0.0145448 0.0219903 0.00270033 -0.00535214 0.00593026 0.0134251 0.0170288 2.41731e-05 -0.00427708 0.0142628
internal_weight=304.496 134.074 93.3285 40.7458 22.5807 17.0811 170.421 47.8478 122.574 51.2156 45.2694 71.3579 57.4894 13.8685
internal_count=9442 3452 2430 1022 534 294 5990 1921 4069 1499 1274 2570 1956 614
is_linear=0
shrinkage=0.035


Tree=215
num_leaves=15
num_cat=0
split_feature=84 117 97 68 117 93 35 97 60 86 101 143 38 114
split_gain=2.98459 3.1326 6.33791 4.13077 3.91351 4.57755 6.65627 5.33415 6.34454 5.20901 4.72289 4.80677 6.56824 4.9622
threshold=1165.2500000000002 0.21498599439775914 3.465009029033955 5.5000000000000009 0.39339826839826847 51405.000000000007 9.5000000000000018 2.5949206877225417 0.98095065312046448 201.58255398729457 0.54692082111436957 0.023396300669027946 15.500000000000002 0.087228260869565227
decision_type=10 2 2 8 2 2 2 2 2 10 2 10 2 2
left_child=1 2 3 -1 -3 6 -6 9 10 -7 11 12 13 -9
right_child=-2 4 -4 -5 5 7 -8 8 -10 -11 -12 -13 -14 -15
leaf_value=-0.0097632628829283034 -0.016826439652807029 -0.012733244258663418 0.026365212118271759 0.012758586139699024 -0.011866722507382492 0.024392364820638432 0.0072639543819538292 0.027439328227004279 -0.011158678582035087 -0.012586910881697042 -0.011793054224226449 -0.00095595162745441961 -0.014959353548037074 0.0024945765962256579
leaf_weight=18.178330816095698 6.594609872205182 22.618607649579644 12.36716921511106 12.514438129728658 55.691365437582135 20.2180353559088 31.017682254314423 28.470637248829007 29.922951427055523 2.4705896191298953 11.024747676681725 33.753873617271893 3.9725374657427883 15.321234847884623
leaf_count=624 708 1465 220 362 1538 488 617 553 811 197 492 846 94 408
internal_value=0.000614488 0.00127274 0.00946844 -7.94746e-05 -0.000269751 0.0011892 -0.00500034 0.00492996 0.00171936 0.0188199 0.0062419 0.00922157 0.0158228 0.019862
internal_weight=304.137 297.542 43.0599 30.6928 254.482 231.864 86.709 145.155 122.466 22.6886 92.543 81.5183 47.7644 43.7919
internal_count=9423 8715 1206 986 7509 6044 2155 3889 3204 685 2393 1901 1055 961
is_linear=0
shrinkage=0.035


Tree=216
num_leaves=15
num_cat=0
split_feature=97 50 49 100 66 26 65 32 63 98 74 109 92 67
split_gain=3.18381 3.20202 3.50849 2.89922 7.73839 6.32175 4.63157 5.70801 6.11745 4.30335 4.72825 4.1112 4.07487 3.50921
threshold=15.178355765055761 0.20416666666666669 0.062019230769230778 0.087595907928388769 0.95430841948384015 8.5000000000000018 2.2426470588235299 18.500000000000004 0.60544848035581922 0.94590643274853814 11.750000000000002 6411.5000000000009 73885.500000000015 2.5000000000000004
decision_type=2 2 2 2 10 2 8 2 2 2 10 8 2 10
left_child=1 3 -3 6 5 -5 12 8 9 -8 -11 -10 -1 -12
right_child=-2 2 -4 4 -6 -7 7 -9 11 10 13 -13 -14 -15
leaf_value=-0.0068277869916326134 -0.014298373034238553 -0.020295222600801258 0.013748306991523405 -0.0024687434481088064 -0.007672647282794205 0.022839302064202666 0.0014096902032333049 -0.014200150876780651 -0.0061736938480298383 0.003866599310760296 0.034003253904115981 0.013104083497069314 0.014567262297535754 -0.0025445856856966946
leaf_weight=45.674676251364872 10.370790680637581 9.496502638445234 1.1144484805408854 22.830056671402417 77.494137966888957 18.772667552344501 13.695473578874951 7.0326172579079858 27.387084117159247 12.409564789035356 27.763905907282609 18.464042589650489 8.9882263047620636 2.8300470120739183
leaf_count=2179 176 575 27 829 2421 376 242 109 665 286 551 503 430 68
internal_value=0.00127257 0.00205187 -0.0134615 0.00285618 -0.00127886 0.0101764 0.00580377 0.00981376 0.0120442 0.0192519 0.0241955 0.00211454 -0.00238382 0.0307399
internal_weight=304.324 293.953 10.611 283.342 119.097 41.6027 164.246 109.583 102.55 56.699 43.0035 45.8511 54.6629 30.594
internal_count=9437 9261 602 8659 3626 1205 5033 2424 2315 1147 905 1168 2609 619
is_linear=0
shrinkage=0.035


Tree=217
num_leaves=15
num_cat=0
split_feature=119 11 69 47 65 72 98 74 63 113 75 59 2 32
split_gain=2.91615 3.89604 4.12298 3.99583 6.61602 4.63602 4.04483 4.29442 6.31407 3.95198 3.86754 3.74278 3.58287 3.47873
threshold=0.77303240518350214 4.5000000000000009 1.2500000000000002 0.025158227848101272 2.2565789473684217 8.5000000000000018 0.84731934731934744 12.250000000000002 0.64906659236556152 0.10300618921308578 2.3956521739130436 0.77681992337164762 5.5000000000000009 21.500000000000004
decision_type=8 2 8 2 10 8 2 10 2 2 10 2 2 2
left_child=-1 10 9 4 -4 11 -6 -8 13 12 -2 -5 -3 -9
right_child=1 2 3 5 6 -7 7 8 -10 -11 -12 -13 -14 -15
leaf_value=0.0083292021457218798 -0.010431179635962122 0.021433010474014649 -0.012551910117863658 -0.018724183026180834 -0.0091030665951845561 0.0033259363935347333 -0.001742899445421216 0.028790425414867007 -0.0048855824767183639 -0.01103661921076781 0.0083170064823912555 0.0088948375183607962 -0.0067155443639598141 -0.0031377494832095848
leaf_weight=43.286522572860122 67.934232926229015 23.957654555328194 17.918311797315255 31.041080518625677 9.0171661970671249 27.777304841554724 17.532523114001378 27.052173885982487 9.5058858600677905 4.0735899719875297 12.5908822780475 4.12844972196035 4.3652014869730911 3.7478320766240349
leaf_count=930 3268 865 619 945 144 648 344 467 186 176 512 120 159 60
internal_value=0.000422837 -0.00102228 0.00185247 -0.000750983 0.00412077 -0.00713247 0.00915178 0.0124956 0.018198 0.0122369 -0.00718487 -0.0147785 0.016738 0.0250097
internal_weight=303.929 260.642 180.117 147.721 84.7739 62.9468 66.8556 57.8384 40.3059 32.3964 80.5251 35.1695 28.3229 30.8
internal_count=9443 8513 4733 3533 1820 1713 1201 1057 713 1200 3780 1065 1024 527
is_linear=0
shrinkage=0.035


Tree=218
num_leaves=15
num_cat=0
split_feature=96 21 74 106 116 9 93 118 44 107 1 32 9 13
split_gain=3.22018 3.59142 3.89858 4.61512 3.78976 4.33169 3.72624 3.35028 5.65604 4.1633 3.99026 3.79906 3.3313 4.41987
threshold=3.3229166666666674 7.5000000000000009 14.750000000000002 823.81944444444457 0.45857843137254906 6.5000000000000009 51987.500000000007 0.89591666666666681 0.22767145135566189 30.510266071674039 19.500000000000004 2.5000000000000004 18.500000000000004 6.5000000000000009
decision_type=2 2 10 10 2 2 2 2 2 10 2 2 2 2
left_child=1 2 3 7 5 -5 -6 8 -1 11 -10 -9 -3 -14
right_child=-2 12 -4 4 6 -7 -8 9 10 -11 -12 -13 13 -15
leaf_value=-0.010946590320888752 0.016573743585224669 -0.0089474721284054908 0.010187115694548013 -0.02018960937019974 -0.012678144846831736 0.0038694032366796819 0.017880537021125353 -0.00082542441408652663 0.024441167229882255 -0.0091703875358511051 -0.007895835794982797 0.027252365693481651 0.019077196706796463 -0.0044469514937922807
leaf_weight=6.2719823982333791 10.461787251755593 71.420553013100289 58.372842430369928 26.141375544364564 3.5800063125789148 10.989786472404374 7.56675880192779 14.997050217934886 21.516141497297216 28.377834772225469 3.1842572817113242 4.4438560830894849 9.7465890002204087 25.070214694715105
leaf_count=353 192 1660 1882 1230 76 446 149 460 689 1057 120 71 207 852
internal_value=0.00100796 0.000179746 0.00309541 -0.000424714 -0.00846391 -0.0134547 0.00717926 0.00471229 0.0127896 -0.00123491 0.019645 0.00985485 -0.00482004 0.00370705
internal_weight=302.141 291.679 185.442 127.069 48.2779 37.1312 11.1468 78.7911 30.9724 47.8187 24.7004 19.4409 106.237 34.8168
internal_count=9444 9252 6533 4651 1901 1676 225 2750 1162 1588 809 531 2719 1059
is_linear=0
shrinkage=0.035


Tree=219
num_leaves=15
num_cat=0
split_feature=96 97 83 54 130 70 100 59 107 123 92 116 55 80
split_gain=3.12195 4.50058 3.61011 3.47427 4.18274 3.99319 3.6846 5.03594 7.70731 3.49634 3.49172 3.20648 2.894 4.3327
threshold=3.3229166666666674 14.373687214145104 863.50000000000011 0.16954022988505749 21.500000000000004 14.509259259259261 0.043717152412804598 0.737171052631579 2528.0874742446567 1.0000000180025095e-35 13984.500000000002 0.35767590618336892 0.75093984962406024 604.62500000000011
decision_type=2 2 8 8 2 10 2 2 10 2 2 2 8 10
left_child=1 2 -1 4 5 6 -4 8 -8 12 -11 -9 -5 -14
right_child=-2 -3 3 9 -6 -7 7 11 -10 10 -12 -13 13 -15
leaf_value=0.016786395965784101 0.016220938743516242 -0.019230359026061516 0.012502833613300802 -0.0058846341627209128 -0.013092773479516744 0.017569045289023123 -0.017297546109379218 0.025716868210249773 0.021543255480675844 0.0070406230857331742 -0.014162810630689056 -0.0016593314490008101 0.0084530654720347161 -0.01313821179259141
leaf_weight=11.874957318883387 10.581324037164448 9.0168709732824919 22.814265247900039 47.36634300078731 9.4302617309149337 26.833427922101691 28.064035169314597 4.6101286858320227 3.2487120621372005 8.6591293315868807 41.96770067687612 10.299583342741242 59.577132223639637 9.1755841579288226
leaf_count=161 200 129 469 1879 629 526 751 155 75 263 1692 176 1546 755
internal_value=0.000954737 0.000140335 0.00107767 0.000101394 0.00494686 0.00728236 0.00236761 -0.00336702 -0.0108563 -0.00301346 -0.0102293 0.011138 0.000425004 0.0048762
internal_weight=303.519 292.938 283.921 272.046 105.3 95.8702 69.0367 46.2225 31.3127 166.746 50.6268 14.9097 116.119 68.7527
internal_count=9406 9206 9077 8916 2781 2152 1626 1157 826 6135 1955 331 4180 2301
is_linear=0
shrinkage=0.035


Tree=220
num_leaves=15
num_cat=0
split_feature=44 92 73 0 47 111 69 100 116 49 145 56 45 0
split_gain=3.16365 4.04174 4.90527 3.75809 3.62563 4.48262 8.72672 4.70198 4.33841 4.11519 3.50482 4.28375 4.52491 3.66546
threshold=0.5131670131670133 46559.500000000007 17.500000000000004 120.54197916666668 0.15590277777777781 0.040956108470785575 2.2500000000000004 0.21525096525096529 0.83558558558558571 0.059411764705882358 0.20559576403352089 0.27842377260981915 0.1180340557275542 2.4328125000000003
decision_type=2 2 8 2 2 2 10 2 2 2 8 10 2 2
left_child=4 -2 -3 -4 5 8 -7 -8 9 10 11 -1 13 -13
right_child=1 2 3 -5 -6 6 7 -9 -10 -11 -12 12 -14 -15
leaf_value=-0.012803049779493305 -0.0032591485758428295 -0.0004336351541025947 0.030966062484046829 -0.0049099835148126566 0.014154379742905444 -0.0060034113905395713 0.031537019791923381 -0.0058522852141945289 0.011061013170472594 0.010319245136565812 -0.01148712319820199 -0.0037702986600941474 -0.0083410344881649466 0.022265495680332557
leaf_weight=17.904447378590703 25.383528367616236 15.761213661637155 13.863652117550375 2.8887587219942352 11.414907481288536 24.508039781707339 12.496293602278458 3.5808389806188634 14.18299796245992 12.000293016433714 113.47697113547474 7.925193055765706 13.339267428731544 15.364317697240038
leaf_count=304 621 419 290 82 334 1033 231 109 259 283 4287 153 613 501
internal_value=-6.71063e-05 0.00695377 0.0142987 0.0250731 -0.00182375 -0.00287956 0.00711667 0.0237966 -0.0050949 -0.00663235 -0.00810637 -0.000697517 0.00604681 0.0143053
internal_weight=304.091 57.8972 32.5136 16.7524 246.194 234.779 40.5852 16.0771 194.193 180.01 168.01 54.5332 36.6288 23.2895
internal_count=9519 1412 791 372 8107 7773 1373 340 6400 6141 5858 1571 1267 654
is_linear=0
shrinkage=0.035


Tree=221
num_leaves=15
num_cat=0
split_feature=113 55 98 42 49 145 60 20 55 44 128 61 143 117
split_gain=2.61477 3.23877 3.80181 8.21191 5.96494 4.83018 4.82776 4.4761 3.83099 3.82646 4.04863 4.47862 4.0422 4.65946
threshold=0.133974358974359 0.43875000000000003 1.5694980694980696 6.5000000000000009 0.016807909604519777 0.28748712076900379 0.81678321678321686 2.5000000000000004 0.5447860962566845 0.44136745607333844 0.29520697167755999 0.90990259740259749 0.044369029663147319 0.74862637362637374
decision_type=2 8 2 10 2 10 2 2 10 2 2 2 10 2
left_child=1 -1 4 5 9 6 -4 -5 -8 10 11 -3 -13 -14
right_child=-2 2 3 7 -6 -7 8 -9 -10 -11 -12 12 13 -15
leaf_value=-0.012286882785239114 -0.01046824492176365 0.0078901350731793423 -0.014432378924782798 0.03427668043958592 -0.015126950758287561 -0.01247709407932163 -0.0088324248106473307 -0.00067359360800539245 0.016491264679532328 0.0068300628426286739 0.0087700589179622937 -0.018825398847722313 -0.013331589504233738 0.01941957197018037
leaf_weight=15.603357944404705 21.025655808392912 12.715926891192792 6.0115243401378384 13.052610969753006 24.583518243860453 16.78363000229001 5.7438149811932808 5.7218244302785015 32.20604584866669 85.486253089620732 19.167539658490568 32.564841002924368 5.9369077966548485 5.5382014694623649
leaf_count=1038 832 485 245 249 508 654 236 242 985 2111 357 1161 300 63
internal_value=0.000155783 0.00111944 0.00211983 0.00827648 -0.000660138 0.00133793 0.0073478 0.0257235 0.0120764 0.00193154 -0.0036652 -0.00823486 -0.0132205 0.00357151
internal_weight=302.142 281.116 265.513 79.5195 185.993 60.745 43.9614 18.7744 37.9499 161.41 75.9234 56.7559 44.04 11.4751
internal_count=9466 8634 7596 2611 4985 2120 1466 491 1221 4477 2366 2009 1524 363
is_linear=0
shrinkage=0.035


Tree=222
num_leaves=15
num_cat=0
split_feature=87 100 65 43 101 119 75 70 1 96 110 55 26 98
split_gain=4.50723 3.38542 4.57684 7.95471 5.39967 4.17802 3.95818 5.31689 3.76825 3.44931 3.43448 3.26674 3.4799 3.25911
threshold=1.5000000000000002 0.072751322751322761 2.2426470588235299 0.3024785801713587 0.7947368421052633 0.5699973352604083 1.7165178571428574 12.449494949494952 15.500000000000002 2.4045454545454548 88.250000000000014 0.95916666666666683 7.5000000000000009 1.320714285714286
decision_type=8 2 8 2 2 8 8 10 2 2 8 10 2 2
left_child=-1 2 4 -4 5 -2 7 -3 -5 -10 -6 -8 -13 -14
right_child=1 6 3 8 10 -7 11 -9 9 -11 -12 12 13 -15
leaf_value=0.018502797850638752 0.011109563014488446 -0.004148013564142689 -0.0040553798094819966 0.0062630662456267831 0.024572102838305836 -0.014259425978927008 -0.011634467012774517 0.024154997287204015 0.02908528893696621 -0.0021624900617610307 -0.0074263630655469169 -0.0078235514341166504 -0.0041230489982170071 0.02584030818903783
leaf_weight=11.120525592938064 5.7951439272146663 19.743349773692902 46.082163306302391 38.868151362985373 6.0156412118812996 39.683267628890462 71.540938137564808 7.5809187646955243 20.149230222217742 4.4306958261877289 3.6176072353264326 14.905911756097341 5.6500124079175276 5.5184298856183887
leaf_count=171 143 572 1347 826 298 2096 2519 184 387 68 246 412 89 106
internal_value=0.000488365 -0.000505737 0.00275947 0.00679882 -0.00516619 -0.0102465 -0.00474915 0.00622617 0.0144026 0.0240392 0.014124 -0.00797502 0.00232198 0.0140947
internal_weight=300.702 289.581 164.642 109.53 55.1117 45.4784 124.94 27.3243 63.4481 24.5799 9.63325 97.6153 26.0744 11.1684
internal_count=9464 9293 5411 2628 2783 2239 3882 756 1281 455 544 3126 607 195
is_linear=0
shrinkage=0.035


Tree=223
num_leaves=15
num_cat=0
split_feature=130 11 21 40 87 83 119 75 2 70 107 46 55 69
split_gain=3.47053 4.31948 4.47222 4.08086 3.47555 3.48641 3.97715 4.82122 5.4133 4.30434 6.51196 4.58062 4.59272 3.8025
threshold=21.500000000000004 9.5000000000000018 10.500000000000002 27.500000000000004 1.5000000000000002 1330.5000000000002 2.1737093994614267 1.7399355877616749 3.5000000000000004 14.310096153846155 30.510266071674039 0.073350071736011491 0.59761904761904772 1.7500000000000002
decision_type=2 2 2 2 8 10 8 10 2 10 10 2 10 8
left_child=1 4 -3 -4 -1 6 9 8 -8 13 -11 12 -12 -6
right_child=-2 2 3 -5 5 -7 7 -9 -10 10 11 -13 -14 -15
leaf_value=0.017686283144843509 -0.01397642313176293 0.019976654583664301 -0.0044855002493425942 0.016988374696329637 -0.012090285731878392 -0.016662515479806159 0.015727315907933311 -0.01142047308659869 -0.010168577862078114 -0.012893098423139555 -0.0035726755031190828 -0.0015171647629380061 0.032345800134732962 0.0040031946260157139
leaf_weight=6.5996325644664457 14.184142907266503 22.462871320312843 33.565670026582666 10.136873923707752 21.881503871409222 13.183654968626795 17.654064273461703 59.330452546011657 13.037798499688504 6.3682544212788335 4.2449307062197539 9.4077783511020225 17.873582653235644 49.660849842010066
leaf_count=75 780 506 664 153 831 2043 413 1422 325 112 145 244 447 1204
internal_value=0.000450524 0.0013958 0.00889169 0.00172813 -0.00101421 -0.00198758 -0.000633858 -0.00591246 0.00484337 0.0037769 0.0125518 0.018753 0.0260647 -0.0013873
internal_weight=299.592 285.408 66.1654 43.7025 219.243 212.643 199.459 90.0223 30.6919 109.437 37.8945 31.5263 22.1185 71.5424
internal_count=9364 8584 1323 817 7261 7186 5143 2160 738 2983 948 836 592 2035
is_linear=0
shrinkage=0.035


Tree=224
num_leaves=15
num_cat=0
split_feature=110 117 110 98 97 68 20 42 62 21 118 0 117 84
split_gain=3.0118 5.18942 3.77776 5.79042 4.97341 4.89283 4.92822 4.60418 4.59072 4.48806 4.80967 4.44453 5.04495 3.5688
threshold=1098.5000000000002 0.10357142857142858 92.250000000000014 1.320714285714286 3.6833717716634351 6.5000000000000009 2.5000000000000004 5.5000000000000009 0.34021276595744687 26.500000000000004 0.67156862745098056 72.162094907407422 0.68496240601503777 1139.2500000000002
decision_type=8 2 10 2 2 10 2 10 2 2 2 2 2 10
left_child=1 -1 3 9 -4 6 7 -5 -9 10 -3 -7 -13 -12
right_child=-2 2 4 5 -6 11 -8 8 -10 -11 13 12 -14 -15
leaf_value=0.01419243500528428 -0.01561626558401533 0.01704815394296709 -0.021381152284095858 0.0068384414917681876 0.0072035617253381114 -0.014226484472505496 -0.010654971940202936 0.032685032232737513 -0.0045258078692992851 0.014437607887207467 -0.010168904935062515 0.027222412057289674 -0.0071818218520009556 0.014774039613903086
leaf_weight=25.453634500969201 9.9209290170110744 4.9890034017153075 17.514676155289639 59.755787039641291 8.1321066471282375 20.03839154378511 8.8748246385948715 15.211075448896738 3.6930629126727572 8.6963658418972027 103.61156098044012 4.3251677596708751 8.3228437099605781 3.1971614601789033
leaf_count=507 586 135 1174 1915 470 536 491 400 119 150 2319 181 221 209
internal_value=-0.00027612 0.000499681 -0.0010462 0.000418752 -0.012621 0.00573555 0.00990168 0.0127192 0.0259895 -0.00490317 -0.00696128 -0.00525487 0.00896255 -0.00879498
internal_weight=301.737 291.816 266.362 240.715 25.6468 120.221 87.5348 78.6599 18.9041 120.494 111.798 32.6864 12.648 106.809
internal_count=9413 8827 8320 6676 1644 3863 2925 2434 519 2813 2663 938 402 2528
is_linear=0
shrinkage=0.035


Tree=225
num_leaves=15
num_cat=0
split_feature=87 94 38 42 45 98 95 44 61 145 91 10 43 86
split_gain=2.95265 2.9159 2.84073 2.98909 3.16947 5.8267 4.98101 4.83191 4.41693 4.218 4.03474 3.88876 3.51026 3.46903
threshold=1.5000000000000002 27420.750000000004 22.500000000000004 1.0000000180025095e-35 0.075235849056603785 1.4472222222222224 19436.000000000004 0.38408851422550055 0.97162977867203237 0.28748712076900379 3037.2679186588725 1.5000000000000002 0.407785336356765 207.01394811129668
decision_type=8 2 2 10 2 2 2 2 2 10 10 2 2 8
left_child=1 -1 3 -2 -5 6 12 8 11 -10 -9 -7 13 -6
right_child=2 -3 -4 4 5 7 -8 10 9 -11 -12 -13 -14 -15
leaf_value=-0.0067370722717555341 -0.0085119547023312873 0.023626601783427337 -0.01474028014606971 0.0066134654827585898 0.00851911199965809 0.010912936839681307 0.0081271002959955266 -0.001762724290485149 0.015674063172255944 -0.0086192621554082114 0.029871175280762382 -0.014965454828254239 0.005070460980961285 -0.020936501640950036
leaf_weight=2.9206299856305113 29.294305790797807 8.0191258857958001 9.3466230168705788 116.22898020222783 2.8484367330092928 5.5093907713890102 12.665433991583994 6.6865561665035811 22.439141026698056 9.0448860703036171 9.5060045087011513 23.153840468963608 7.5844602106371886 35.596808042027988
leaf_count=40 1419 134 280 2678 35 175 466 204 737 395 261 1109 182 1280
internal_value=0.0012816 0.0159498 0.000467045 0.00122289 0.00250179 -0.00114703 -0.00903861 0.00510317 3.65259e-05 0.00847018 0.0194743 -0.00910925 -0.0140954 -0.0180248
internal_weight=300.845 10.9398 289.905 280.558 251.264 135.035 58.6951 76.3398 60.1473 31.484 16.1926 28.6632 46.0297 38.4452
internal_count=9395 174 9221 8941 7522 4844 1963 2881 2416 1132 465 1284 1497 1315
is_linear=0
shrinkage=0.035


Tree=226
num_leaves=15
num_cat=0
split_feature=50 72 76 125 75 84 47 30 118 106 95 40 107 110
split_gain=4.65136 3.87533 3.65084 4.62044 3.67832 3.65564 3.60401 3.84079 3.18172 3.1298 3.93063 3.44694 4.22229 6.57844
threshold=0.10050505050505053 8.5000000000000018 0.76280251157727752 1.5000000000000002 2.2247474747474754 778.50000000000011 0.081238214959145211 13.500000000000002 0.68857758620689669 157.31547619047623 233.50000000000003 12.500000000000002 306.56962779297868 86.250000000000014
decision_type=2 10 10 2 10 8 2 2 2 8 2 2 10 10
left_child=2 -2 4 -4 9 -6 7 -5 -7 10 -1 12 -11 -14
right_child=1 -3 3 6 5 8 -8 -9 -10 11 -12 -13 13 -15
leaf_value=0.0073178307050206859 -0.017845332106799852 0.00086920756865737541 -0.0020046585622413831 0.030440715972352848 0.013746447538123938 0.0088779025169066703 -0.0073671084821669685 -0.0074455893214686146 -0.015988852536489708 0.018181320519133896 -0.012580462618745505 0.015530830081986568 0.0045842371733691833 -0.016421657476863558
leaf_weight=16.592634667642415 20.609185906359926 27.861417426378466 15.157662500627337 17.432056286488667 3.8849825527286148 4.3663097344106054 2.4702006897423407 1.8323026635916893 28.625608213944361 13.234812818700446 24.110860193613917 30.611667694756761 75.122321714181453 18.655998741509393
leaf_count=502 1077 1184 414 459 97 121 80 59 764 392 652 854 1806 923
internal_value=0.0014104 -0.00801265 0.00334275 0.0128075 0.00146626 -0.00793623 0.0215804 0.0260455 -0.0119626 0.00357405 -0.00455582 0.00605393 0.00277076 -0.000214328
internal_weight=300.568 48.4706 252.097 36.8922 215.205 36.8769 21.7346 19.2644 32.9919 178.328 40.7035 137.625 107.013 93.7783
internal_count=9384 2261 7123 1012 6111 982 598 518 885 5129 1154 3975 3121 2729
is_linear=0
shrinkage=0.035


Tree=227
num_leaves=15
num_cat=0
split_feature=82 82 54 107 10 86 11 23 50 115 50 2 118 2
split_gain=3.44865 4.70212 2.97775 3.02139 2.94616 2.87072 2.73379 2.7149 2.29741 3.57263 5.04036 3.15835 4.64286 4.52352
threshold=8.5000000000000018 125.50000000000001 0.093386627906976757 1788.988126313536 3.5000000000000004 229.28384716316165 14.500000000000002 4.5000000000000009 0.1023024594453166 0.036375661375661381 0.21132376395534294 5.5000000000000009 0.91537359751730729 4.5000000000000009
decision_type=8 8 8 10 2 10 2 2 2 2 2 2 2 2
left_child=5 -2 3 6 7 -1 -3 8 11 10 -10 13 -13 -4
right_child=1 2 4 -5 -6 -7 -8 -9 9 -11 -12 12 -14 -15
leaf_value=-0.0068654812864949776 -0.018601443124541615 -0.012679690698006537 0.001741244222035877 0.021672362280834724 -0.01682333847399671 0.024279667702638636 0.0097557101522348713 -0.013803056603148034 0.016745815071176087 -0.014104025452553268 -0.015113244022386389 -0.016732282663791464 0.0089552521589863002 0.016348714914673396
leaf_weight=2.5481996373273414 11.480405980022622 6.5221281896811041 138.82536536606494 10.64701385446824 8.1005730007309449 7.5208940884331241 10.750032349256797 10.877604682347735 11.017532503698023 22.178359352867119 5.119944989681243 17.384647765080448 9.9977027934510243 27.398462189361453
leaf_count=30 1482 163 3264 272 579 261 217 311 407 810 281 491 218 642
internal_value=0.000407893 -0.000432182 0.000630458 0.0105307 -0.000655441 0.016735 0.000339245 0.000212543 0.00114733 -0.0061881 0.00545389 0.0027183 -0.0074188 0.00455607
internal_weight=300.369 290.3 278.819 27.9192 250.9 10.0691 17.2722 242.8 231.922 38.3158 16.1375 193.606 27.3824 166.224
internal_count=9428 9137 7655 652 7003 291 380 6424 6113 1498 688 4615 709 3906
is_linear=0
shrinkage=0.035


Tree=228
num_leaves=15
num_cat=0
split_feature=50 98 75 97 115 57 110 104 98 143 93 11 23 90
split_gain=3.00963 3.1022 3.95587 4.67057 5.08228 4.11359 3.73964 3.64777 4.17519 4.55023 3.64401 3.30107 5.16621 3.33074
threshold=0.20416666666666669 0.90238095238095251 1.7165178571428574 3.3023610398535825 0.26365441906653431 0.25320512820512825 16.250000000000004 0.80413469735720389 1.8480769230769234 0.0054210495386965993 81758.500000000015 14.500000000000002 1.5000000000000002 15697.982954545458
decision_type=2 2 8 2 2 10 8 2 2 10 2 2 2 2
left_child=1 6 3 10 5 -5 -1 8 9 -7 -3 12 -4 -14
right_child=-2 2 11 4 -6 7 -8 -9 -10 -11 -12 -13 13 -15
leaf_value=0.012030277133744237 -0.013208867221051008 -0.0119677898869388 0.005123632287422966 -0.0041505150043149395 -0.0063202289378406946 0.047280886699529553 -0.010605413848419802 0.0036159781104829788 0.00052695933234995042 -0.00013604882358410182 0.01558500540418091 0.013022936556381755 0.010671089218820639 -0.0092507773143298225
leaf_weight=7.1332681667990974 10.367140759131869 12.141569957719186 99.161341662053019 4.3940227174898636 6.4407978581730267 12.83346218487714 33.624924303498119 7.3843638093676409 3.8941613954957566 2.8461849604500449 4.0629475887399158 22.49718573782593 7.6959168014582238 67.785321135306731
leaf_count=135 608 500 2865 187 165 239 948 207 99 68 130 563 216 2556
internal_value=0.00196468 0.00271696 0.0041787 0.0121426 0.0182339 0.0234537 -0.00576218 0.0278984 0.0344595 0.0407219 -0.00301354 0.00175095 -2.31411e-05 -0.00668282
internal_weight=302.263 291.895 251.137 53.9975 37.793 31.3522 40.7582 26.9582 19.5738 15.6796 16.2045 197.14 174.643 75.4812
internal_count=9486 8878 7795 1595 965 800 1083 613 406 307 630 6200 5637 2772
is_linear=0
shrinkage=0.035


Tree=229
num_leaves=15
num_cat=0
split_feature=82 110 74 97 97 117 75 109 87 98 55 0 98 114
split_gain=4.2279 3.86156 4.51125 5.60688 4.41933 6.08072 4.19085 5.61908 3.73876 3.6954 5.85136 3.30664 3.15356 5.09037
threshold=8.5000000000000018 61.250000000000007 11.750000000000002 3.6309763515620772 3.4194799594464658 0.21498599439775914 1.8867521367521369 8333.5000000000018 216.50000000000003 1.012820512820513 0.63438086303939978 0.94059027777777782 1.5270467836257311 0.066228070175438608
decision_type=8 10 8 2 2 2 10 8 10 2 10 2 2 2
left_child=8 2 3 -2 -3 -6 9 12 -1 -4 -11 -7 13 -8
right_child=1 4 6 -5 5 11 7 -9 -10 10 -12 -13 -14 -15
leaf_value=0.027395539839319971 0.010471436078812346 -0.012296779556514911 -0.00011821569682298104 -0.013207580196697731 0.020016601150269719 0.013199148029119806 -0.0098908857421675048 -0.015073264461035185 -0.010024576111211082 9.9668624711663316e-07 0.028147499532596622 -0.013836769394889177 0.013398371714535907 0.009204209302448833
leaf_weight=7.3937250815797579 13.245385694783179 50.312106402940117 18.638670534593984 35.561844000592828 11.201455311616884 3.1045852678362307 28.382062098942697 16.655116844573058 1.5491546934936193 13.634206639952025 21.899067368358374 16.434532916988246 28.065138917649165 30.067323628463782
leaf_count=260 410 2561 456 828 232 110 637 473 23 393 365 1211 811 640
internal_value=0.000821195 -9.09717e-05 0.00245747 -0.00640562 -0.00633884 0.00376846 0.0053194 0.00100947 0.019643 0.0127487 0.01868 -0.00772689 0.00475999 -0.000116805
internal_weight=296.144 287.201 206.149 48.8072 81.0527 30.7406 157.342 103.17 8.94288 54.1719 35.5333 19.5391 86.5145 58.4494
internal_count=9410 9127 5013 1238 4114 1553 3775 2561 283 1214 758 1321 2088 1277
is_linear=0
shrinkage=0.035


Tree=230
num_leaves=15
num_cat=1
split_feature=132 76 87 49 45 86 15 55 110 68 57 76 30 11
split_gain=2.90528 4.35394 4.95914 2.48498 2.69833 4.60408 4.59905 7.50885 4.66744 3.81512 3.38475 5.18944 4.75883 4.56472
threshold=0 0.54163275951997569 1.0000000180025095e-35 0.062019230769230778 0.069366479550922219 287.39754870672448 2.5000000000000004 0.88516483516483524 44.750000000000007 10.500000000000002 0.4527629233511587 0.50508743797847233 1.0000000180025095e-35 9.5000000000000018
decision_type=1 8 10 2 2 8 2 8 10 8 8 10 2 2
left_child=1 -1 -3 4 10 9 -7 -8 -9 -6 13 -12 -13 -2
right_child=3 2 -4 -5 5 6 7 8 -10 -11 11 12 -14 -15
leaf_value=-0.002130477393281652 -0.012381484611932633 0.02631510855578445 -0.0026803602129061841 0.010983047247003972 0.021467108637867958 -0.014478666845954734 -0.0083139207328796969 0.026042694166853758 -0.0037349866294998243 -0.010668698247297598 0.0011675658740898434 0.030708797852134494 -0.0073409169382379763 0.008238435620097101
leaf_weight=22.108796243672259 27.487439925665967 18.08475563488901 9.2730135821038839 16.546896474203095 9.0515332351205835 49.950718642096035 47.101111998199485 11.463097659405323 8.7753547598840651 3.0573571596760312 45.045688430778682 11.633351120864971 3.132716924767009 17.66018576733768
leaf_count=651 794 315 617 352 415 1724 1984 146 420 80 1309 250 63 321
internal_value=0.00133044 0.00793382 0.0175915 -0.000395585 -0.00142815 -0.00473069 -0.00696282 -0.000772356 0.0149491 0.0126066 0.00267337 0.00786154 0.0228214 -0.00429847
internal_weight=300.372 49.4666 27.3578 250.905 234.359 129.399 117.29 67.3396 20.2385 12.1089 104.959 59.8118 14.7661 45.1476
internal_count=9441 1583 932 7858 7506 4769 4274 2550 566 495 2737 1622 313 1115
cat_boundaries=0 1
cat_threshold=52
is_linear=0
shrinkage=0.035


Tree=231
num_leaves=15
num_cat=0
split_feature=112 120 76 69 96 71 66 71 114 75 118 34 119 68
split_gain=2.44036 3.43776 2.94247 5.11208 5.09419 4.53953 3.71944 3.72395 3.15919 2.98845 5.03635 2.95077 3.1756 3.73546
threshold=0.089220563847429532 0.09449404761904763 0.51998804968410772 1.2500000000000002 1.283482142857143 3.7328679409976391 1.4161750273926359 5.7749457069056236 0.10063291139240509 2.2247474747474754 0.68857758620689669 3.5000000000000004 3.3129698172875295 3.5000000000000004
decision_type=2 2 10 10 2 8 10 10 2 10 2 2 10 10
left_child=2 -2 9 4 -4 -5 -7 -8 -6 11 -11 12 13 -1
right_child=1 -3 3 5 8 6 7 -9 -10 10 -12 -13 -14 -15
leaf_value=0.0030583461669565306 -0.014783905959521945 0.0075235503533063767 -0.0030436298081178469 0.01166470451485601 0.036894673434672891 -0.015871624000477161 -0.0035663458331495947 0.019763867510053008 0.0012726195775605465 0.014903930504551797 -0.019571329074310213 0.01448010179816275 0.011215688030258781 -0.0091440793222072794
leaf_weight=61.400036191334948 19.223872938891876 9.2100518194492889 7.166547846049073 33.329199841013178 10.430553568992762 15.62140619009733 28.527998912613839 6.2722285736817858 4.2590812279377124 2.9017091956920948 15.414550765301099 13.488553293864241 18.973445312585682 53.057229464873672
leaf_count=2411 798 348 399 886 313 559 726 154 150 94 421 442 297 1397
internal_value=0.0014555 -0.00751373 0.00251625 0.00693511 0.0202582 0.00251281 -0.00404327 0.00259321 0.0295124 -0.000428725 -0.0120848 0.00137434 -0.000425678 -0.00274412
internal_weight=299.276 28.4339 270.843 105.607 21.8562 83.7508 50.4216 34.8002 14.6896 165.236 18.3163 146.919 133.431 114.457
internal_count=9395 1146 8249 3187 862 2325 1439 880 463 5062 515 4547 4105 3808
is_linear=0
shrinkage=0.035


Tree=232
num_leaves=15
num_cat=0
split_feature=145 85 0 59 70 110 0 68 127 143 51 89 55 65
split_gain=3.49679 6.25431 4.55271 3.86326 4.17345 2.94549 3.19384 3.02668 4.82739 3.78479 2.8132 3.58188 3.62837 4.70401
threshold=0.28868712953673431 580.32051282051293 175.93972800925928 0.75582655826558276 12.953463203463206 260.25000000000006 178.40922453703709 6.5000000000000009 1.0000000180025095e-35 0.017141355376649497 0.03883861236802414 575.25000000000011 0.96922348484848497 3.6282894736842111
decision_type=10 10 2 2 10 10 2 10 2 8 2 10 8 10
left_child=2 3 10 5 -5 6 7 -2 -9 -10 11 12 -1 -14
right_child=1 -3 -4 4 -6 -7 -8 8 9 -11 -12 -13 13 -15
leaf_value=0.0032893713678245973 -0.020332277181196297 0.020156492455790809 -0.014407455227459573 0.019482793351084542 -0.010724044191773204 0.010574363989372575 0.0086092989276108887 -0.014647449103794587 0.022179852140511457 -0.0077096052215088135 -0.0054670027881757056 -0.0083252359268594766 0.018851057782981077 -0.0035756152881568008
leaf_weight=92.027975816978142 36.749946595868096 6.5659600521903476 11.577064175391568 8.2905204917769861 5.4991769384359932 3.9786002461332819 5.1800603335723272 18.732530230423439 6.5214358323719326 5.9293574118055412 24.581504430621862 14.319920630659906 48.630404155468568 12.757275767857207
leaf_count=2477 1510 331 494 234 160 96 171 420 123 149 986 710 1373 182
internal_value=0.000790319 -0.00452086 0.00337616 -0.00726188 0.00778846 -0.0102644 -0.0120026 -0.0140568 -0.00487347 0.00981518 0.00478465 0.00640178 0.00799579 0.0142722
internal_weight=301.342 97.4476 203.894 90.8816 13.7897 77.0919 73.1133 67.9333 31.1833 12.4508 192.317 167.736 153.416 61.3877
internal_count=9416 3194 6222 2863 394 2469 2373 2202 692 272 5728 4742 4032 1555
is_linear=0
shrinkage=0.035


Tree=233
num_leaves=15
num_cat=0
split_feature=92 119 91 115 114 82 10 90 71 0 110 109 56 70
split_gain=2.94908 5.01232 5.42605 4.31491 6.26354 3.88085 4.74758 4.76607 5.50526 3.84689 3.70731 4.74545 3.54267 3.82595
threshold=57284.500000000007 0.77303240518350214 3037.2679186588725 0.20864427860696519 0.20662287903667217 303.50000000000006 1.5000000000000002 70424.458108108127 0.71496962310323353 87.100636574074102 86.250000000000014 88.500000000000014 0.50454545454545463 12.080128205128206
decision_type=2 8 10 2 2 8 2 2 8 2 8 10 10 10
left_child=1 -1 -3 -4 12 -2 10 9 -9 -8 11 -7 13 -5
right_child=5 2 3 4 -6 6 7 8 -10 -11 -12 -13 -14 -15
leaf_value=0.010829647502477986 0.020141145438508409 -0.013696606131989284 -0.004650969955590536 -0.0033346058001455202 -0.013311854626350619 -0.0062236811433483575 0.020073059324636624 0.017595092674537807 -0.012423045554960823 -0.0088140569658991183 -0.0055082806856175063 0.023568441118610905 -0.0036863650572604464 0.030387580062681181
leaf_weight=25.279238412971608 12.154104106011799 49.590281050885096 75.154263378353789 4.070079260272915 6.9138851690804577 6.3164517385885146 11.043240972561764 4.2548904889263204 47.217358002439141 5.1804659512126809 9.610221447539514 21.767991787055507 5.9924832929391405 14.3755311362911
leaf_count=527 898 1804 2762 88 212 162 274 79 1232 167 444 393 205 258
internal_value=0.000456543 -0.00232418 -0.0047244 -0.000120019 0.009887 0.00466706 0.00205108 -0.00348785 -0.00860348 0.0109456 0.011242 0.01694 0.0175965 0.0238224
internal_weight=298.92 181.376 156.097 106.506 31.352 117.545 105.391 67.696 51.4722 16.2237 37.6947 28.0844 24.4381 18.4456
internal_count=9505 5856 5329 3525 763 3649 2751 1752 1311 441 999 555 551 346
is_linear=0
shrinkage=0.035


Tree=234
num_leaves=15
num_cat=0
split_feature=98 54 20 100 49 65 47 86 59 51 113 98 69 100
split_gain=4.03138 6.37562 4.37156 4.3067 3.75711 3.88364 4.53256 4.07167 3.5836 3.16283 3.9797 4.41703 3.69858 3.00038
threshold=1.4472222222222224 0.43650793650793657 2.5000000000000004 0.45643939393939398 0.01739261947973382 3.0606617647058827 0.038711288711288719 175.17588490727806 0.76417112299465251 0.096006144393241177 0.053812741312741323 1.6858552631578949 1.2500000000000002 0.23973727422003285
decision_type=2 10 2 2 2 8 2 8 2 2 2 2 8 2
left_child=4 2 3 9 5 13 7 -7 -5 10 -2 12 -12 -1
right_child=1 -3 -4 8 -6 6 -8 -9 -10 -11 11 -13 -14 -15
leaf_value=-0.0084075603111607913 0.022410048590868592 -0.013886543983724046 -0.0071233797964621905 -0.010547777057886202 -0.01540196858630523 -0.011605778077655872 -0.011947545664429078 0.01174922168318247 0.013315928286187358 -0.007647123904438103 -0.0097383853623598596 -0.012291895855863709 0.024971571388451366 0.0089358229522897709
leaf_weight=73.89108341676183 44.924009782145731 14.014908464043399 15.692154071992261 15.309381766826847 20.682692486210726 6.6526282958220682 11.799716528854331 55.517581049352884 7.4823631749022743 4.0498811821453264 2.3485941507387915 8.635295727173796 6.7244161191629255 10.236024385900235
leaf_count=2770 1410 740 836 468 464 96 247 1133 172 175 84 348 155 314
internal_value=0.000317309 0.00518396 0.0082403 0.0111692 -0.00297975 -0.000932291 0.00474967 0.0085722 -0.0017273 0.0153902 0.017335 0.00236081 0.015719 -0.00591442
internal_weight=297.961 119.181 105.166 89.4739 178.78 158.097 73.9699 62.1702 22.7917 66.6822 62.6323 17.7083 9.07301 84.1271
internal_count=9412 4388 3648 2812 5024 4560 1476 1229 640 2172 1997 587 239 3084
is_linear=0
shrinkage=0.035


Tree=235
num_leaves=15
num_cat=0
split_feature=119 76 43 91 115 59 115 74 50 92 110 118 119 60
split_gain=4.18916 3.98953 5.22176 4.31457 5.9103 6.45348 4.73672 5.94561 4.18209 4.1017 3.76335 5.94567 3.72141 3.47273
threshold=0.77303240518350214 0.83162985446573878 0.28490259740259744 858.19158567593433 0.21483516483516488 0.68377192982456159 0.093178294573643419 11.250000000000002 0.11451990632318503 61613.500000000007 49.250000000000007 0.89512961508248245 3.1672703079384221 0.88203668564199889
decision_type=10 10 2 10 2 2 2 10 2 2 10 2 10 2
left_child=-1 3 -3 -2 5 -5 9 -8 12 -7 11 -6 -4 -11
right_child=1 2 8 4 10 6 7 -9 -10 13 -12 -13 -14 -15
leaf_value=0.0084268176792521715 -0.016465571967076872 -0.0097781918709408909 0.028092437496421506 -0.011916848526682282 0.021503883644647559 0.0010833441154002763 0.011725085416190904 -0.017750612585583591 -0.010839008810506713 -0.0062448267625035648 -0.012733280960800465 -0.0019509393302545833 -0.0045186123136284062 0.030941202602778391
leaf_weight=52.36700588860549 23.723981658462435 9.4685555429896358 15.769050155184237 78.536130647989921 24.235336265293881 23.052188860834576 9.0566340386867541 17.54880172770936 2.6499881839845321 2.0544486220460376 5.3620490689063436 22.800798313342966 3.8278509473893783 9.1669694666052219
leaf_count=1437 1024 318 496 2493 517 892 284 653 122 88 334 412 90 301
internal_value=-0.000112014 -0.00205168 0.00869304 -0.00379397 -0.00184822 -0.00558285 0.00287253 -0.00744935 0.0169063 0.0108134 0.00770918 0.0110392 0.0220989 0.0243067
internal_weight=299.62 247.253 31.7154 215.537 191.813 139.415 60.879 26.6054 22.2469 34.2736 52.3982 47.0361 19.5969 11.2214
internal_count=9461 8024 1026 6998 5974 4711 2218 937 708 1281 1263 929 586 389
is_linear=0
shrinkage=0.035


Tree=236
num_leaves=15
num_cat=0
split_feature=142 82 117 106 118 4 54 70 61 74 65 74 112 46
split_gain=3.14749 2.81467 3.82286 5.69059 4.19344 3.86372 4.33065 3.74082 3.65529 3.56737 3.4047 3.36289 3.28419 3.19447
threshold=3.5000000000000004 8.5000000000000018 0.65419580419580436 621.25739130434795 0.89512961508248245 4.5000000000000009 0.43650793650793657 15.020000000000001 0.96638418079096056 17.750000000000004 2.2426470588235299 10.250000000000002 0.014547185780787137 0.048003072196620589
decision_type=2 8 2 10 2 2 8 10 2 10 10 8 2 2
left_child=1 12 5 7 11 6 10 8 -4 -7 -3 -5 -1 -10
right_child=-2 2 3 4 -6 9 -8 -9 13 -11 -12 -13 -14 -15
leaf_value=0.028098502509424785 -0.012048908690914576 -0.0012012972654232743 -0.0042606683062244716 -0.0045981101376859354 -0.010063604027929567 -0.013715663358839317 -0.0080519236585393783 -0.011575859653161089 0.016418170248877564 0.010356691263539532 0.017064563412622562 0.021384013516291222 -0.0050882908911105895 -0.0012408638616163599
leaf_weight=4.9930153684690577 16.671476126415655 23.236215652315877 38.43152288265992 5.3371780654415479 4.4115043391939244 44.85063899087254 28.904993355623446 21.209392819320783 27.036379414610565 5.1283281102078027 20.597180336830206 35.319815976778045 3.6871762038208544 19.545893692527898
leaf_count=140 519 1136 740 98 88 2449 1544 374 589 164 533 630 128 305
internal_value=0.000833042 0.00178895 0.000996659 0.00465176 0.0143794 -0.00351522 0.00167079 6.36293e-05 0.00344917 -0.0105284 0.00825019 0.0178432 0.017294 0.00960641
internal_weight=299.361 282.689 274.009 151.292 45.0685 122.717 72.7384 106.223 85.0138 49.979 43.8334 40.657 8.68019 46.5823
internal_count=9437 8918 8650 2824 816 5826 3213 2008 1634 2613 1669 728 268 894
is_linear=0
shrinkage=0.035


Tree=237
num_leaves=15
num_cat=0
split_feature=87 94 84 49 49 11 93 90 106 2 32 1 100 118
split_gain=2.67433 3.84681 3.05027 3.04813 3.61184 3.98639 3.58327 3.7151 3.43677 3.62678 3.49357 3.07833 2.90712 2.77417
threshold=1.5000000000000002 27420.750000000004 1165.2500000000002 0.062019230769230778 0.022474747474747477 9.5000000000000018 81758.500000000015 78553.572981366466 144.44285714285715 1.5000000000000002 18.500000000000004 17.500000000000004 0.31698564593301443 0.79772727272727284
decision_type=8 2 10 2 2 2 2 2 10 2 2 2 2 2
left_child=1 -1 3 4 5 -2 8 -8 -7 -10 -11 12 -6 -5
right_child=2 -3 -4 13 11 6 7 -9 9 10 -12 -13 -14 -15
leaf_value=-0.0092015023459088886 -0.0014158388350490698 0.024538474762758833 -0.018129964345901625 -0.0058790175657170551 -0.025067571622760375 -0.0084417204075189212 -0.017021324713733198 0.013348406256266767 9.2762779473043135e-05 0.027573743907817687 -0.00023096378480091327 0.0059443843934994037 0.0039220814665651338 0.020008523999927388
leaf_weight=3.0137826371937972 184.39037259225734 7.5697903181426227 5.7569855861365786 4.5029760710895088 12.362589301774284 5.0964691126719108 8.0788924548542109 3.4146183545235536 12.844939696835352 22.222299075918276 6.8450165451504281 5.9551555896177879 3.9997569031547746 12.496140673989428
leaf_count=39 6188 121 711 116 373 82 267 87 268 524 134 158 118 245
internal_value=0.000938661 0.015061 0.000171438 0.000853905 -0.000181172 0.00115318 0.00872427 -0.00668738 0.012773 0.0159775 0.0219532 -0.0122566 -0.0187217 0.0133734
internal_weight=298.55 10.5836 287.966 282.209 265.21 242.893 58.5022 11.4935 47.0087 41.9123 29.0673 22.3175 16.3623 16.9991
internal_count=9431 160 9271 8560 8199 7550 1362 354 1008 926 658 649 491 361
is_linear=0
shrinkage=0.035


Tree=238
num_leaves=15
num_cat=1
split_feature=76 131 43 60 122 117 70 96 100 73 65 9 57 118
split_gain=3.23312 3.83818 3.74084 5.1075 5.41409 6.82876 5.38041 4.74417 3.89601 4.70591 3.35058 3.15113 3.41004 3.90653
threshold=0.51998804968410772 0 0.21089696071163827 0.94269293924466346 6.5000000000000009 0.39339826839826847 10.279220779220781 2.0987804878048784 0.096006144393241177 18.500000000000004 2.3405797101449282 17.500000000000004 0.86607142857142871 0.60263157894736852
decision_type=10 1 2 2 2 2 10 2 2 10 10 2 10 2
left_child=11 2 -2 4 5 -4 -7 -8 9 -5 -10 12 13 -1
right_child=1 -3 3 8 -6 6 7 -9 10 -11 -12 -13 -14 -15
leaf_value=0.007126206453593297 -0.0088843753014826964 -0.0057533212879267602 -0.0071174013635815648 -0.006905560367936334 -0.0086840564704036404 -0.0070725647901219808 0.037972254322618228 0.00010704996933614297 0.0050482333970088685 0.02094045753168099 -0.022856887610790719 0.0080093541133295174 0.0032181129494807162 -0.010348138418984194
leaf_weight=14.778870652779004 10.074887720402328 26.748546365648508 5.9691467124503097 10.056556396302769 5.3440309851430348 2.9699774490436566 23.738493134267632 4.7519148362334809 6.6552703329361957 11.559943764470516 7.2078281526919454 22.666379899252206 43.772540355683304 100.40546810638625
leaf_count=524 325 945 315 336 178 87 670 83 211 289 215 572 1563 3122
internal_value=-0.000181422 0.0043016 0.00732342 0.010698 0.0181699 0.0225755 0.0284128 0.0326156 0.000558415 0.00912212 -0.0116733 -0.00306102 -0.0048357 -0.00790288
internal_weight=296.7 115.077 88.328 78.2532 42.7736 37.4295 31.4604 28.4904 35.4796 21.6165 13.8631 181.623 158.957 115.184
internal_count=9435 3654 2709 2384 1333 1155 840 753 1051 625 426 5781 5209 3646
cat_boundaries=0 1
cat_threshold=37
is_linear=0
shrinkage=0.035


Tree=239
num_leaves=15
num_cat=0
split_feature=98 115 113 111 69 112 143 25 114 82 43 63 141 50
split_gain=3.36848 3.3861 2.60649 2.91258 5.05158 3.91946 4.17751 3.62266 3.00391 2.91729 3.06535 3.83007 3.78493 6.61632
threshold=0.9104278074866311 0.50423728813559332 0.133974358974359 0.044949494949494954 2.7500000000000004 0.029198635976129584 0.037062474562474572 1.5000000000000002 0.095413165266106451 3.5000000000000004 0.42179392142327654 0.38675213675213682 1.0000000180025095e-35 0.070692347735554412
decision_type=2 2 2 2 10 2 10 2 2 8 2 2 2 2
left_child=1 -1 3 5 8 7 -7 9 -5 -2 12 -12 -11 -14
right_child=2 -3 -4 4 -6 6 -8 -9 -10 10 11 -13 13 -15
leaf_value=-0.011341846037605151 0.020948719379204572 0.013372527158908234 -0.0092535709978842327 0.012656946195645155 0.028019772079607586 -0.017178915849148373 0.0076842842820573085 0.011679835516331508 -0.010307650619791671 -0.0076732023040053847 -0.0079132326132122337 0.014198629156000401 -0.0059247699402760643 0.025548292406147137
leaf_weight=36.714146408136003 3.291218092897906 3.7644848325289777 16.612447692663409 8.0784039086429456 10.189381891628726 19.113483849447224 9.0506874362472427 47.207598202978261 9.9665033728815597 71.596405634423718 10.171880090259945 25.540418367483653 17.155295736622069 8.5129186888225359
leaf_count=1013 53 95 715 300 179 652 304 1202 383 2746 390 725 382 305
internal_value=0.000986719 -0.00782592 0.00250058 0.00348693 0.013145 0.00192482 -0.00923509 0.00383746 0.000488749 0.000803374 -0.0004363 0.00770218 -0.00365496 0.00697683
internal_weight=296.965 40.4786 256.487 239.874 28.2343 211.64 28.1642 183.476 18.0449 136.268 132.977 35.7123 97.2646 25.6682
internal_count=9444 1108 8336 7621 862 6759 956 5803 683 4601 4548 1115 3433 687
is_linear=0
shrinkage=0.035


Tree=240
num_leaves=15
num_cat=0
split_feature=92 0 44 145 0 11 98 96 70 116 115 44 45 42
split_gain=2.16479 4.50633 3.49898 5.92582 4.33817 4.50984 3.80942 6.1539 4.29919 3.31712 5.16069 3.88486 3.5307 3.30241
threshold=57284.500000000007 5.8279629629629639 0.47673160173160178 0.10006122337686098 91.184843750000013 5.5000000000000009 1.2952069716775603 1.7703296703296705 14.509259259259261 0.10147058823529413 0.060915275200989494 0.33166666666666672 0.051836094939543227 6.5000000000000009
decision_type=2 2 2 8 2 2 2 2 10 2 2 2 2 10
left_child=1 9 3 -2 5 -4 -5 8 -8 -1 11 -11 -12 -3
right_child=2 13 4 6 -6 -7 7 -9 -10 10 12 -13 -14 -15
leaf_value=0.0193125504718221 0.019166153904252994 -0.010439196393859672 0.0045400594077678845 -0.014216041596318256 -0.0057350099771796637 0.031593622243770741 -0.014565923800669111 0.01795869619534907 0.0099733373213832001 0.0069955951135023875 0.016947955832152417 -0.025631554447498591 -0.001451815847269251 0.0017552516939863068
leaf_weight=10.501264944672583 10.73673492670059 71.598332841414958 17.924284421605993 24.625835152692162 10.224076372105626 11.188579742098225 21.290571379126053 13.639124781824647 8.907535285339689 4.1442875172942859 17.331312844995409 7.9899772231001407 28.191500060958788 40.211407224996947
leaf_count=208 286 3167 479 739 320 169 1014 290 332 106 265 197 595 1270
internal_value=0.000459848 -0.00194412 0.00404063 -0.000345095 0.0119138 0.018044 -0.00450117 0.00185294 -0.00693906 0.00492996 0.000978319 -0.0156986 0.00653729 -0.00616616
internal_weight=298.505 179.968 118.537 79.1998 39.3369 29.1129 68.4631 43.8372 30.1981 68.1583 57.6571 12.1343 45.5228 111.81
internal_count=9437 5808 3629 2661 968 648 2375 1636 1346 1371 1163 303 860 4437
is_linear=0
shrinkage=0.035


Tree=241
num_leaves=15
num_cat=0
split_feature=32 106 85 98 117 112 66 49 98 27 145 96 116 66
split_gain=2.88765 5.09665 5.03299 4.14175 4.79397 5.12874 4.06349 3.70703 3.7629 4.19701 5.36522 3.7793 4.74866 5.4743
threshold=4.5000000000000009 157.31547619047623 336.91666666666669 1.4677083333333336 0.70540019286403099 0.018019480519480522 3.2716663693169612 0.022474747474747477 1.7817460317460319 3.5000000000000004 0.24873483153593917 1.1129326047358836 0.37567204301075274 1.8274183903950487
decision_type=2 8 8 2 2 2 10 2 2 2 10 2 2 8
left_child=1 2 -1 4 -2 -6 -4 8 11 -10 -11 -3 -13 -14
right_child=3 7 6 -5 5 -7 -8 -9 9 10 -12 12 13 -15
leaf_value=0.016251013172836729 -0.014745785013826652 0.016558736900512024 -0.018379834584905653 0.014214661626764814 0.018207223710430397 -0.0099230675248076789 0.0084866233323992145 -0.010677343983772685 -0.018841184367132377 0.018122545376416256 -0.014763419042582821 -0.0072496692869432784 -0.005404850725871861 0.014785269288652451
leaf_weight=3.1937905821250743 15.082898836699313 25.391141421627253 39.425967875751667 33.439969160477631 14.701091051567348 9.1828464075224456 5.14974641194567 23.186706480802968 13.474224898964168 9.2048823662335035 5.8859896591166025 35.990307473111898 22.241986950277351 41.321261718287133
leaf_count=84 580 881 1490 841 144 104 93 759 608 406 405 1745 550 715
internal_value=0.000206628 -0.00176873 -0.011318 0.00604905 -0.00177801 0.00754623 -0.0147331 0.00105332 0.00310608 -0.00748879 0.00481384 0.00572325 0.00229994 0.00784142
internal_weight=296.873 224.466 47.7695 72.4068 38.9668 23.8839 44.5757 176.697 153.51 28.5651 15.0909 124.945 99.5536 63.5632
internal_count=9405 7736 1667 1669 828 248 1583 6069 5310 1419 811 3891 3010 1265
is_linear=0
shrinkage=0.035


Tree=242
num_leaves=15
num_cat=0
split_feature=84 98 40 110 106 114 110 49 0 70 98 55 75 44
split_gain=2.74897 2.77568 5.0998 5.18442 7.21763 4.44444 3.87366 4.27008 5.89116 5.19682 4.01153 4.12052 3.65405 3.5091
threshold=1178.5000000000002 1.3956521739130436 27.500000000000004 164.75000000000003 1159.3809523809525 0.082903780068728533 61.250000000000007 0.011906449326718641 2.0223495370370377 15.414285714285716 0.72804314329738073 0.82807881773399028 1.8768939393939397 0.35032467532467537
decision_type=10 2 2 10 10 2 10 2 2 10 2 8 8 2
left_child=1 2 3 6 -5 -4 7 8 -1 10 -10 12 -12 -3
right_child=-2 13 5 4 -6 -7 -8 -9 9 -11 11 -13 -14 -15
leaf_value=-0.012469845121042277 -0.017257471974127692 0.00027396826449356846 0.024125158640464276 0.026442525762144804 -0.010550767606646073 -0.0067714246119389499 -0.019167877534326326 -0.0186439355987955 -0.012870493231817335 -0.012734714974885895 0.01335806506169173 0.021395399167950642 -0.0097013228726230312 0.012199019106400057
leaf_weight=29.383826648583636 5.6336047386284909 82.128489295835607 10.61070208088495 9.8461622439790535 7.7265031982678911 6.1828549243509761 20.565935650607571 14.532242154469712 4.5139099662192157 11.381824762094764 11.214615375269206 25.434472891967744 12.595577941276131 43.05342398758512
leaf_count=474 647 3174 190 182 315 120 1279 237 163 273 245 543 361 1239
internal_value=0.000229388 0.0008576 -0.00211727 -0.00432788 0.0114429 0.0138062 -0.00681147 -0.00374317 -0.000630745 0.00521791 0.00977907 0.0128502 0.00159303 0.00468633
internal_weight=294.804 289.171 163.989 147.195 17.5727 16.7936 129.622 109.056 94.5242 65.1404 53.7586 49.2447 23.8102 125.182
internal_count=9442 8795 4382 4072 497 310 3575 2296 2059 1585 1312 1149 606 4413
is_linear=0
shrinkage=0.035


Tree=243
num_leaves=15
num_cat=0
split_feature=100 69 1 65 46 75 56 118 106 45 98 73 44 82
split_gain=2.58395 5.84111 5.10665 3.78276 5.38035 4.26437 4.2008 3.74463 3.61647 3.57945 4.42074 3.43096 5.30187 3.27736
threshold=0.077935222672064791 1.2500000000000002 13.500000000000002 2.2426470588235299 0.082903780068728533 2.2279220779220785 0.43705985915492962 0.68237250554323736 791.3939393939396 0.30217391304347835 0.80277777777777792 11.500000000000002 0.59687500000000016 1.0000000180025095e-35
decision_type=2 8 2 8 2 10 10 2 10 2 2 10 2 8
left_child=3 2 7 13 5 9 -7 -2 -6 10 -5 -12 -13 -1
right_child=1 -3 -4 4 8 6 -8 -9 -10 -11 11 12 -14 -15
leaf_value=0.019133420285763314 -0.0094983800632121758 -0.0079025357063663305 -0.0072388972666660601 -0.002766703183200811 -0.013891119330112134 -0.014702099262666576 0.012583898444896109 0.024786234975148608 0.0081797795852912719 -0.0082119210944138332 0.0015943743001771654 0.027934571998324092 -0.010306381971055477 -0.0068531753889232976
leaf_weight=1.7798751059453923 2.0627993288217175 96.886834147037007 11.433162698056547 10.657586056040598 18.951134367263879 11.249194887932392 7.2479225490242234 14.673836842644958 10.511164534371344 4.9125188646139568 10.300100579857824 38.259353233501315 2.4200957522261879 54.463455360499211
leaf_count=18 77 2856 458 275 416 185 155 526 273 238 341 762 45 2811
internal_value=-0.000134067 -0.00387191 0.00909252 0.00263574 0.00620061 0.0105152 -0.0036077 0.0193478 -0.00597262 0.0144184 0.0167029 0.0206567 0.0247804 -0.00453586
internal_weight=295.809 125.057 28.1698 170.752 114.509 85.0468 18.4971 16.7366 29.4623 66.5497 61.6371 50.9795 40.6794 56.2433
internal_count=9436 3917 1061 5519 2690 2001 340 603 689 1661 1423 1148 807 2829
is_linear=0
shrinkage=0.035


Tree=244
num_leaves=15
num_cat=0
split_feature=88 98 117 65 94 82 109 11 65 26 90 74 41 92
split_gain=3.70663 3.8456 3.63013 5.81466 5.10805 4.98101 5.33494 6.06381 3.95882 3.88464 3.73781 3.73625 3.67602 4.4885
threshold=1079.5000000000002 0.72804314329738073 0.70320320320320329 1.8944444444444446 78170.500000000015 3.5000000000000004 1406.5000000000002 5.5000000000000009 2.5590277777777781 6.5000000000000009 83440.404761904778 10.250000000000002 13.500000000000002 41399.000000000007
decision_type=10 2 2 10 2 10 8 2 10 2 2 10 10 2
left_child=1 -1 4 -4 5 6 11 -8 -9 10 -6 -3 13 -10
right_child=-2 2 3 -5 9 -7 7 8 12 -11 -12 -13 -14 -15
leaf_value=-0.014538858827123566 0.019355502170871397 0.025083539061495876 0.018028630770447161 0.0011332931586474429 0.026784767213450387 -0.02017548951736441 -0.016517385125623337 -0.0067782228274902052 0.029023358017682459 -0.0085829080316481895 -0.0058974426700627251 -0.0014821230319239528 -0.010376000731511381 -0.0024389938416741752
leaf_weight=15.314674001769161 7.8814836516976348 8.2249752571806329 28.348407454090193 102.16370848822407 11.408725490095096 18.190412713680416 33.070585898589343 25.157778288470581 10.033485605614265 5.4018853106535962 3.6973137407330787 11.700197717174886 3.8778958066832265 7.66796865989454
leaf_count=528 64 250 588 1684 495 2040 1533 918 189 225 162 399 148 194
internal_value=0.000991951 0.000157024 0.00124395 0.00533291 -0.00266261 -0.0055387 -0.00203334 -0.00613075 0.00210472 0.0117192 0.0193082 0.012316 0.0117877 0.017859
internal_weight=292.139 284.258 268.943 130.512 138.431 117.923 99.7329 79.8077 46.7371 20.5079 15.106 19.9252 21.5794 17.7015
internal_count=9417 9353 8825 2272 6553 5671 3631 2982 1449 882 657 649 531 383
is_linear=0
shrinkage=0.035


Tree=245
num_leaves=15
num_cat=0
split_feature=84 10 11 50 65 117 40 118 1 104 96 56 76 74
split_gain=2.35837 2.37267 5.1056 2.58532 2.36101 6.23729 4.89797 4.59446 4.38457 4.40735 4.70506 4.02526 4.42011 3.95245
threshold=1165.2500000000002 3.5000000000000004 16.500000000000004 0.072949002217294903 2.4258241758241761 0.65733855185909984 7.5000000000000009 0.60263157894736852 22.500000000000004 0.53972257250945788 3.2583333333333337 0.37590579710144933 0.56783899408841021 10.750000000000002
decision_type=10 2 2 2 8 2 2 2 2 2 2 8 8 10
left_child=1 4 -3 -4 5 11 -7 -6 9 10 -9 12 -1 -11
right_child=-2 2 3 -5 7 6 -8 8 -10 13 -12 -13 -14 -15
leaf_value=-0.0066395489142759027 -0.015217576094043433 -0.020280735715982236 -0.0077501599338454311 0.027776656073704425 0.013953452966589517 0.019233012424784181 -0.0071076414223522301 -0.011457660806114376 0.01832807089120838 -0.011034059770753698 0.014404908067346607 -0.0095707369612079568 0.017997013586300459 0.0083370762600331674
leaf_weight=12.632751613506118 6.297821460524573 11.041048152255824 1.3823151040123769 1.1068308810936285 17.702093697153032 39.717880312819034 7.9577454897807902 81.338537539821118 6.2244070360902688 13.087550650467163 5.3140385262668124 32.123855141340755 14.706344287376849 41.546753480681218
leaf_count=532 709 984 109 77 424 742 197 1581 137 342 107 2136 498 818
internal_value=0.000482763 0.00108426 -0.0110717 0.016045 0.00187687 0.00579854 0.014579 -0.000761902 -0.00292738 -0.00445823 -0.0091723 -0.00182618 0.00734658 0.00316068
internal_weight=292.18 285.882 13.5302 2.48915 272.352 107.139 47.6756 165.213 147.511 141.287 86.6526 59.463 27.3391 54.6343
internal_count=9393 8684 1170 186 7514 4105 939 3409 2985 2848 1688 3166 1030 1160
is_linear=0
shrinkage=0.035


Tree=246
num_leaves=15
num_cat=0
split_feature=110 110 110 97 128 106 66 1 114 86 96 119 41 47
split_gain=2.57742 3.89287 3.68902 4.28013 3.32236 4.5468 4.50335 4.9099 3.91878 3.62378 3.53409 3.88572 4.4024 3.50304
threshold=1098.5000000000002 260.25000000000006 82.250000000000014 1.9120967008228373 0.093073593073593086 422.30952380952385 1.864579661458843 18.500000000000004 0.062019230769230778 280.30398663008413 2.8805704099821754 2.5936777278593222 3.5000000000000004 0.057831661092530663
decision_type=10 10 8 2 2 10 10 2 2 10 2 8 10 2
left_child=1 2 4 -4 5 -1 13 10 -9 -7 11 12 -8 -6
right_child=-2 -3 3 -5 6 9 7 8 -10 -11 -12 -13 -14 -15
leaf_value=-0.0020549058288765951 -0.016040998088946948 0.015501447794237589 0.0081795829121375438 -0.014978288376818428 -0.020557001728570116 0.014882920823031527 -0.012846853632286062 -0.0031597374516661621 0.023900248629666859 -0.0093637201207757131 0.012459665605639283 -0.01239596250079782 0.012576015429485674 0.0045188974586078037
leaf_weight=45.897989864228293 6.2063333811238399 16.220130053814501 9.7747222763719019 31.05385141982697 18.486506514949728 53.973822991247289 8.2241933135082963 8.6910695405676979 12.903239804320036 5.2342608142644158 10.594168305397032 39.585902853868902 18.384032041532919 7.4294623684836543
leaf_count=1551 364 292 536 1894 522 1420 200 209 245 532 166 770 472 199
internal_value=0.000440362 0.00106651 -6.57765e-05 -0.00914656 0.00171102 0.00615117 -0.00213623 0.00145511 0.0144629 0.0121772 -0.00286347 -0.00601871 0.003929 -0.0138001
internal_weight=292.66 286.453 270.233 40.8286 229.405 105.106 124.299 98.3826 21.5943 59.2081 76.7883 66.1941 26.6082 25.916
internal_count=9372 9008 8716 2430 6286 3503 2783 2062 454 1952 1608 1442 672 721
is_linear=0
shrinkage=0.035


Tree=247
num_leaves=15
num_cat=0
split_feature=54 107 117 41 118 75 16 119 51 97 54 96 129 104
split_gain=2.85743 3.51789 3.48602 3.24222 3.11506 2.97412 2.93128 2.80313 3.03682 2.78386 2.63484 2.40639 2.3985 3.36457
threshold=0.093386627906976757 1788.988126313536 0.88273491214667688 9.5000000000000018 0.79772727272727284 1.6201923076923079 37.500000000000007 3.8204425374077253 0.026491228070175444 15.178355765055761 0.1126984126984127 1.8585714285714288 9.5000000000000018 0.18274582560296851
decision_type=8 10 2 8 2 10 2 10 2 2 8 2 2 2
left_child=1 2 -1 9 -3 -5 11 8 -7 12 -10 -6 -2 -14
right_child=3 4 -4 5 6 7 -8 -9 10 -11 -12 -13 13 -15
leaf_value=-0.010330982747493639 0.00078470040704437015 -0.0074192279528844073 0.014854732930376254 0.0080735131892371564 0.040369088168062638 -0.022772046111272547 -0.0047156872718927016 0.004392878708627296 0.015560953025250854 -0.016856641934477373 -0.011335607938079917 0.0011808234217843376 0.022338161310572101 -0.003024864191340652
leaf_weight=12.017192479572264 196.81667657627258 1.7187785202404473 6.1423827367834738 7.132849919027648 5.8950352277606708 20.818389915861193 1.706427703029475 7.4578060591593376 3.1694248561980176 4.9457579129375508 4.8640369722852492 2.7051816296298057 10.588638555142099 9.0831820487510395
leaf_count=423 5910 78 131 209 159 695 92 117 101 70 213 77 516 662
internal_value=0.000778332 0.0101509 -0.000444188 -0.000458034 0.0215823 -0.008669 0.0272624 -0.0125371 -0.0169157 0.0013087 0.00117461 0.0330084 0.00209486 0.0123875
internal_weight=295.062 30.185 18.1596 264.877 12.0254 43.4425 10.3066 36.3097 28.8519 221.434 8.03346 8.60022 216.488 19.6718
internal_count=9453 960 554 8493 406 1335 328 1126 1009 7158 314 236 7088 1178
is_linear=0
shrinkage=0.035


Tree=248
num_leaves=15
num_cat=0
split_feature=91 9 91 48 75 116 23 44 1 96 66 63 26 70
split_gain=3.49144 4.09871 3.7888 4.16434 4.16268 4.38315 3.43461 3.5543 3.31874 3.19812 3.95503 3.68917 3.58864 3.30961
threshold=6401.6746088137779 18.500000000000004 5405.7997409266509 0.038098693759071121 2.0571895424836604 0.17712418300653598 4.5000000000000009 0.43364779874213844 4.5000000000000009 1.3015151515151517 1.3420501978246824 0.39642857142857152 1.5000000000000002 15.486842105263159
decision_type=8 2 10 2 8 2 2 2 2 2 8 2 2 10
left_child=2 8 9 4 5 -4 -3 -8 -2 10 11 -1 -12 -11
right_child=1 6 3 -5 -6 -7 7 -9 -10 13 12 -13 -14 -15
leaf_value=-0.0097523354827315934 0.0046875993504833201 0.016271918895380055 -0.0065432683614604654 -0.0092758878400288937 -0.0027819780100058564 0.036344436871158681 -0.014650884585599197 0.014152762832876259 -0.018801941506102537 -0.00030161976578433361 0.0081351373807565883 0.021667137535738165 -0.010148880745112162 -0.013325745894046092
leaf_weight=2.6044515704270479 7.1658959734486407 8.9584070259006712 1.9478189187357262 4.4614650729345149 5.8238853025250128 9.8293244882952404 11.654855800210496 3.109046932659111 29.639255524612963 119.73495851166081 23.397109154961072 19.025163510697894 19.497402811422944 24.938613701495342
leaf_count=199 298 241 96 126 158 244 496 92 1180 3049 965 901 701 639
internal_value=-0.000433074 -0.00757498 0.00155692 0.01388 0.0205031 0.0294151 0.00340805 -0.00653934 -0.0142149 -3.63606e-05 0.00616748 0.0167631 -0.000367617 -0.00291686
internal_weight=291.788 60.5275 231.26 22.0625 17.601 11.7771 23.7223 14.7639 36.8052 209.198 64.5241 21.6296 42.8945 144.674
internal_count=9385 2307 7078 624 498 340 829 588 1478 6454 2766 1100 1666 3688
is_linear=0
shrinkage=0.035


Tree=249
num_leaves=15
num_cat=0
split_feature=94 47 65 55 108 112 98 117 69 96 110 90 92 66
split_gain=2.12566 4.32078 3.3684 4.79792 3.51111 2.74061 2.54384 2.45117 6.27675 3.55989 3.44886 4.75704 4.32422 4.24947
threshold=80648.250000000015 0.060475444096133764 3.9354166666666672 0.52419984387197516 47.500000000000007 0.16869918699186995 0.82843137254901966 0.83827375762859646 1.7500000000000002 1.4767316017316021 61.250000000000007 18627.950000000004 74741.000000000015 2.7060745684538294
decision_type=2 2 10 8 10 2 2 2 10 2 8 2 2 10
left_child=5 2 3 -2 6 7 -5 9 -9 10 13 -12 -13 -1
right_child=1 -3 -4 4 -6 -7 -8 8 -10 -11 11 12 -14 -15
leaf_value=0.01487809216059335 -0.0077219437895920317 -0.01198469225490449 -0.0048729287927391941 -0.0029439589404824289 -0.0056118719218373426 -0.017494051980444177 0.037168231804099637 0.021815406493028867 -0.0003606958638033971 -0.0071186329137796558 0.014106761970159974 -0.0093152792351652719 0.016918245151636736 -0.011130114831698415
leaf_weight=33.499263842124492 3.50971808435862 5.402843866031616 5.9550501618068656 1.4020327101461578 1.8332892467733461 5.5026776349404818 11.762043653987346 16.977849449729547 53.629168149200268 73.636320293531753 12.862257460481485 55.705169524881057 4.1705659397412083 5.7332982742227605
leaf_count=1187 160 177 94 71 67 293 342 290 697 2221 426 3085 188 168
internal_value=0.00111881 0.00923709 0.0151627 0.0212748 0.0282948 3.66178e-05 0.0332617 0.000740776 0.00606172 -0.00138929 0.00252179 -0.00203706 -0.00632495 0.0102488
internal_weight=291.582 29.865 24.4621 18.5071 14.9974 261.717 13.1641 256.214 70.607 185.607 111.971 72.738 59.8757 39.2326
internal_count=9466 911 734 640 480 8555 413 8262 987 7275 5054 3699 3273 1355
is_linear=0
shrinkage=0.035


Tree=250
num_leaves=15
num_cat=0
split_feature=11 32 35 90 27 47 130 47 65 107 96 60 55 110
split_gain=3.24702 2.83845 2.93715 2.78507 2.67965 4.6342 4.06912 3.68718 4.81048 4.5104 4.25963 4.02327 3.98207 3.86078
threshold=2.5000000000000004 4.5000000000000009 5.5000000000000009 82457.964285714304 2.5000000000000004 0.03478523895946764 15.500000000000002 0.057831661092530663 2.6733333333333338 2513.701614508384 1.2320512820512823 0.91058102345415792 0.65733855185909984 82.250000000000014
decision_type=2 2 2 2 2 2 2 2 10 10 2 2 10 10
left_child=1 3 -3 -1 7 6 -6 9 13 11 -11 12 -2 -9
right_child=4 2 -4 -5 5 -7 -8 8 -10 10 -12 -13 -14 -15
leaf_value=-0.016543572528528117 -0.013450910974229274 0.022773216844845106 -0.0094392436079224346 0.0069718030364741921 0.011389258788501519 -0.006201192421737666 -0.0070578947014477188 0.017386403357870037 -0.0096878465959714891 -0.011726324023434438 0.018075195703708129 -0.01619312068822908 0.0098703148824584655 -0.011600404566126956
leaf_weight=29.942569849197753 10.108241610927509 2.2103069475851944 2.7510425529908389 4.5721873835427678 77.52810733160004 33.226205663057044 14.254765302757731 25.401207764400173 13.287530529312788 5.0094499650876996 11.20214475202374 44.917460435768589 17.0820123818703 3.2456855126656583
leaf_count=1816 404 94 132 204 1968 1278 633 431 297 209 282 1178 388 149
internal_value=-0.000719513 -0.00945005 0.00913911 -0.0129405 0.000786265 0.00436114 0.00830763 -0.00267906 0.00544904 -0.00662349 0.00827297 -0.0102919 0.000457803 0.0128664
internal_weight=294.739 39.4761 4.96135 34.5148 255.263 125.009 91.7829 130.254 41.9344 88.3193 16.2116 72.1077 27.1903 28.6469
internal_count=9463 2246 226 2020 7217 3879 2601 3338 877 2461 491 1970 792 580
is_linear=0
shrinkage=0.035


Tree=251
num_leaves=15
num_cat=0
split_feature=87 50 27 93 71 51 114 145 108 73 65 117 64 16
split_gain=2.9178 3.02011 3.85552 3.95804 3.03629 3.05657 3.05253 2.9018 2.94481 2.74681 2.7058 2.62915 2.62483 3.53733
threshold=1.5000000000000002 0.079595736122284808 19.500000000000004 13580.500000000002 5.6419189967520653 0.045804195804195813 0.17362318840579713 0.20559576403352089 31.500000000000004 13.500000000000002 1.9772727272727275 0.57002801120448188 0.87627551020408168 30.500000000000004
decision_type=8 2 2 2 10 2 2 8 10 8 10 2 2 2
left_child=-1 4 3 -3 5 12 -6 10 -9 -7 -5 -4 13 -2
right_child=1 2 11 7 6 9 -8 8 -10 -11 -12 -13 -14 -15
leaf_value=0.015130708898811003 0.0050105599132328985 0.013378827901712893 -0.010548241966905359 -0.014413657329103546 0.019019882115465889 0.0090098713972412755 -0.010719401048516269 -0.022001907143024923 0.0034166894256287559 -0.016439843154658063 0.0083532427105366645 0.018563593932279163 -0.0073166373876119954 -0.015795341561775676
leaf_weight=11.004221979528664 146.70962497033179 3.9046571388607836 1.7725552836200202 5.4778794085141298 15.244756458210761 3.3365002708742422 1.8886071915039782 28.887853901134804 5.2160974895814425 16.383440814213827 11.430392154026775 6.9055595837999135 26.845248113153502 5.896093047456815
leaf_count=178 3289 116 215 290 431 137 64 1491 260 728 375 246 1457 182
internal_value=0.000595515 -0.000231451 -0.00664428 -0.0101029 0.00176148 0.000385035 0.0140607 -0.0129341 -0.0181744 -0.0111825 -0.000628873 0.0109351 0.00192486 0.0037311
internal_weight=290.903 279.899 63.595 54.9169 216.304 199.171 17.1334 51.0122 34.104 19.7199 16.9083 8.67811 179.451 152.606
internal_count=9459 9281 2993 2532 6288 5793 495 2416 1751 865 665 461 4928 3471
is_linear=0
shrinkage=0.035


Tree=252
num_leaves=15
num_cat=0
split_feature=45 82 54 110 41 57 55 98 26 91 122 145 54 100
split_gain=2.57946 3.85677 3.87757 3.66171 3.523 3.31441 3.27692 5.11841 4.64001 4.42802 3.67224 5.0393 3.52675 3.71701
threshold=0.075235849056603785 125.50000000000001 0.28991596638655465 28.250000000000004 1.0000000180025095e-35 0.59629629629629644 0.95119047619047625 1.4472222222222224 5.5000000000000009 6401.6746088137779 2.5000000000000004 0.35366542335351586 0.42261904761904767 0.44097222222222227
decision_type=2 8 8 10 8 10 10 2 2 10 2 8 10 2
left_child=1 -1 3 5 -4 -3 7 -2 9 12 -10 -12 13 -9
right_child=6 2 4 -5 -6 -7 -8 8 10 -11 11 -13 -14 -15
leaf_value=-0.013531570004741511 -0.014579332226472029 0.0070051063901636909 0.0142460618367526 0.016022866390025172 -0.0065083364921767568 -0.01386442700634086 0.0053974614087156907 0.025684196999822495 -0.015002224648885547 -0.010138783706371968 -0.010473145537744095 0.025791053447652427 -0.0083902141983385175 -0.0059021489505728256
leaf_weight=8.7150087280897406 38.836121074622497 30.490905240410939 8.0547895340714586 50.198857759125531 38.811221027397551 7.6965643810108295 46.550466227461584 18.463913194485947 22.021381556289274 7.2302154583157963 5.9831179659813616 3.6875825186725715 3.5579080067109308 3.642672754242084
leaf_count=587 1456 355 271 990 1447 64 1531 825 754 477 232 104 191 206
internal_value=0.00124078 0.00451298 0.00611663 0.0102481 -0.00191183 0.00168074 -0.00194464 -0.00534582 0.00085494 0.00939021 -0.00807659 0.0074321 0.015648 0.0203508
internal_weight=293.941 143.967 135.252 88.3863 46.866 38.1875 149.973 103.423 64.5868 32.8947 31.6921 9.6707 25.6645 22.1066
internal_count=9490 3714 3127 1409 1718 419 5776 4245 2789 1699 1090 336 1222 1031
is_linear=0
shrinkage=0.035


Tree=253
num_leaves=15
num_cat=0
split_feature=88 63 54 112 63 59 75 2 25 55 92 23 91 46
split_gain=2.90391 3.09973 3.01905 2.89146 4.54463 5.41699 4.55552 3.81992 4.63029 4.01112 4.73879 3.58068 3.86446 3.51996
threshold=1079.5000000000002 0.39642857142857152 0.81666666666666676 0.090230664857530549 0.59275647328744685 0.6906926406926408 1.4058823529411766 2.5000000000000004 1.5000000000000002 0.53640862495581498 24075.500000000004 1.5000000000000002 2597.7835363952322 0.13100686498855837
decision_type=10 2 10 2 2 2 8 2 2 8 2 2 10 2
left_child=1 2 -1 4 6 13 -3 9 11 -7 -11 12 -9 -6
right_child=-2 3 -4 -5 5 7 -8 8 -10 10 -12 -13 -14 -15
leaf_value=-0.01970594756399361 0.015431479589706058 -0.015178500110795917 0.0070839170451662313 -0.010567542631803706 -0.017368491401546091 -0.010269136218695248 0.0086292346672675498 -0.011235571003292181 0.0086936002309275732 -0.0069692001001147265 0.018986995720182028 -0.022229551736484467 0.011944190388945881 0.0090236310515341665
leaf_weight=14.528450363548474 8.1250331494957191 6.3710324612911782 4.1044616493163621 25.039728793315589 32.922317288932391 7.6469690892845383 93.813827724661678 16.531328410725113 17.955442877486348 8.6331723582698014 28.868881625123322 14.299455085420048 10.004245452117173 4.1797176114050663
leaf_count=632 66 197 236 1031 1137 377 2718 484 532 236 796 605 276 125
internal_value=-0.000687659 -0.00140558 -0.0135545 -0.000321257 0.000935318 -0.00307989 0.00646569 0.00115685 -0.00457993 0.0083388 0.0128948 -0.0107281 -0.00198833 -0.0136768
internal_weight=293.024 284.899 18.6329 266.266 241.226 141.042 100.185 103.939 58.7905 45.149 37.5021 40.835 26.5356 37.102
internal_count=9448 9382 868 8514 7483 4568 2915 3306 1897 1409 1032 1365 760 1262
is_linear=0
shrinkage=0.035


Tree=254
num_leaves=15
num_cat=0
split_feature=92 49 117 115 97 69 47 114 107 44 55 88 110 109
split_gain=2.69261 3.79146 4.14389 4.86662 4.43789 4.18046 5.44376 3.95202 4.17406 3.78268 4.5338 4.47054 3.98328 4.86307
threshold=57284.500000000007 0.081666666666666679 0.17028985507246377 0.21483516483516488 1.9644910455513627 1.2500000000000002 0.057831661092530663 0.20662287903667217 1380.7679566660261 0.17712418300653598 0.95419580419580441 889.50000000000011 86.250000000000014 83.500000000000014
decision_type=2 2 2 2 2 10 2 2 10 2 8 10 10 8
left_child=1 2 4 5 -1 6 -4 8 -5 -2 11 -11 13 -12
right_child=9 -3 3 7 -6 -7 -8 -9 -10 10 12 -13 -14 -15
leaf_value=-0.0071625447099891671 -0.011536522189056391 0.018646160885437229 -0.0087570098576023811 -0.0042450774296580885 0.020228684185598329 -0.012843811420683367 0.019076885375843188 -0.01007587991601701 0.018597567738813534 -0.0021761262233836662 -0.0038307947729028912 0.019584541065501414 -0.0048237276230406927 0.027922919918017888
leaf_weight=8.6311767704319227 10.055169357568955 5.9434678340330711 16.530818243976686 13.374997317441737 13.369151578051968 76.024029239779338 9.4640718441223708 12.331868903012944 20.51501635578461 59.790744011872448 6.0908623409923193 9.1275305571034533 6.7209393614903084 22.952878447482362
leaf_count=345 535 151 1007 291 278 2526 255 449 465 1520 139 598 314 495
internal_value=0.0013183 -0.00139852 -0.00261037 -0.00477284 0.0101462 -0.00890752 0.0028193 0.00433174 0.0101958 0.00537427 0.00745046 0.00183565 0.0167179 0.0216791
internal_weight=290.923 176.185 170.241 148.241 22.0003 102.019 25.9949 46.2219 33.89 114.738 104.683 68.9183 35.7647 29.0437
internal_count=9368 5767 5616 4993 623 3788 1262 1205 756 3601 3066 2118 948 634
is_linear=0
shrinkage=0.035


Tree=255
num_leaves=15
num_cat=0
split_feature=49 50 100 46 57 54 27 54 20 98 49 76 76 112
split_gain=2.65114 3.641 3.70256 5.25143 4.54747 4.76372 4.06918 3.67645 3.63083 3.06928 2.93154 2.85422 5.83257 2.8633
threshold=0.062019230769230778 0.20416666666666669 0.077935222672064791 0.082903780068728533 0.48683298683298687 0.22474747474747478 1.5000000000000002 0.39230769230769241 1.5000000000000002 1.320714285714286 0.01739261947973382 0.40458561829460077 0.49247907349461006 0.013072453861927548
decision_type=2 2 2 2 10 10 2 10 2 2 2 10 10 2
left_child=1 2 3 10 11 8 -5 -7 -6 -2 -1 -4 -13 -14
right_child=9 -3 4 6 5 7 -8 -9 -10 -11 -12 12 13 -15
leaf_value=0.0087905113129748847 -0.0087292164280160511 -0.018596901229496147 -0.019805307726470541 -0.016309806592389557 0.020096801514955489 -0.018278156488320228 0.0038039520288637124 0.0091263511482393891 -0.0090017566482097477 0.017834039819615819 -0.010824467088546206 0.014257790485019741 -0.0016116087974346837 -0.018728247766927591
leaf_weight=103.49807783972938 3.9589137823786613 8.8576925300294516 19.334746949956752 20.221808301750571 17.464975318289365 10.049856291967446 21.103422381798737 6.0304417541483408 3.6843202130403361 13.838379273307508 6.0094387235585591 10.81815466401167 25.051939363242127 19.909156244364567
leaf_count=3339 92 584 614 590 280 361 727 228 121 327 152 391 801 833
internal_value=-0.000169291 -0.00111059 -0.000186304 0.00335305 -0.00487865 0.00470959 -0.00673643 -0.00827388 0.0142757 0.0113066 0.00728845 -0.00962831 -0.00476157 -0.0103068
internal_weight=289.831 272.034 263.176 150.833 112.344 37.2296 41.3252 16.0803 21.1493 17.7973 109.508 75.114 55.7793 44.9611
internal_count=9440 9021 8437 4808 3629 990 1317 589 401 419 3491 2639 2025 1634
is_linear=0
shrinkage=0.035


Tree=256
num_leaves=15
num_cat=0
split_feature=107 90 106 117 65 117 107 54 122 119 1 122 46 73
split_gain=2.52384 6.31027 4.43857 4.98639 5.03114 3.96115 5.45413 3.76622 4.39059 3.42285 4.09954 4.71289 4.70625 5.38233
threshold=2095.2858590069841 77636.077380952396 621.25739130434795 0.65733855185909984 2.2426470588235299 0.21498599439775914 81.391134454052704 0.13423423423423428 5.5000000000000009 3.0498548758656763 16.500000000000004 2.5000000000000004 0.073350071736011491 16.500000000000004
decision_type=8 2 10 2 10 2 10 8 2 10 2 2 2 8
left_child=2 7 5 4 -4 6 -1 8 -2 10 11 12 13 -7
right_child=1 -3 3 -5 -6 9 -8 -9 -10 -11 -12 -13 -14 -15
leaf_value=-0.011019502752988375 0.017216604914418728 0.013826157603271185 -0.012637066213181622 0.022691619739921495 0.013527340214596778 0.026296713713394509 0.026135673687890812 -0.011809726834827224 -0.014504371638293639 0.0040930872178024181 -0.017517739267795946 -0.013772092533579078 -0.0094273578225343244 -0.0019733435496308181
leaf_weight=3.9015862867236129 9.6120577327674237 14.885286197764797 12.740815166733229 20.4238381794421 13.293264914886093 12.437717054621318 9.3576521301874873 62.038496118155308 3.8671197150833896 59.360174022964202 23.345433514448814 18.613072051433846 13.103913993341846 14.430888357572256
leaf_count=119 340 489 761 386 452 491 174 2581 164 1159 839 521 475 513
internal_value=0.000589523 -0.00412787 0.00275985 0.0116634 0.000749736 -0.0001982 0.0151789 -0.00830561 0.00665387 -0.00211071 -0.00658235 -0.00118993 0.00554869 0.0131857
internal_weight=291.411 90.403 201.008 46.4579 26.0341 154.55 13.2592 75.5177 13.4792 141.291 81.931 58.5856 39.9725 26.8686
internal_count=9464 3574 5890 1599 1213 4291 293 3085 504 3998 2839 2000 1479 1004
is_linear=0
shrinkage=0.035


Tree=257
num_leaves=15
num_cat=0
split_feature=54 23 76 50 114 69 110 98 32 107 100 62 107 86
split_gain=3.15248 2.85469 2.85776 3.77303 3.67685 3.18547 3.98509 3.39184 2.9227 2.79247 2.97742 2.69878 2.6615 2.56351
threshold=0.093386627906976757 4.5000000000000009 0.51998804968410772 0.079595736122284808 0.086067019400352746 1.2500000000000002 88.250000000000014 1.1967741935483873 8.5000000000000018 1788.988126313536 0.077935222672064791 0.29449472096530926 1469.054807692025 287.39754870672448
decision_type=8 2 10 2 2 10 8 2 2 10 2 2 8 8
left_child=9 2 -2 4 5 6 7 -4 13 10 -1 -6 -7 -5
right_child=1 -3 3 8 11 12 -8 -9 -10 -11 -12 -13 -14 -15
leaf_value=0.013372621606744102 -0.0020579964592690137 -0.013431113508930826 -0.0012091007288219028 0.011234189562615174 0.010666013414538661 0.016036853534123718 -0.0032555894111614379 0.043980217996753716 0.011699016669297268 0.021300559323313772 -0.0097044421985601498 -0.010363302100358402 -0.0014148742425449958 -0.015992953718377213
leaf_weight=7.649915491580038 155.91656235780101 13.482698092935605 2.1684976188698748 1.5099908823613137 7.5639112577773657 16.322391778579913 3.0998876410303646 6.1565396956866607 4.4967188101727507 11.849806709098628 9.97518330614548 13.768067303462884 20.013580966740847 16.754868264426477
leaf_count=171 5091 584 80 116 204 349 137 137 155 390 368 393 522 727
internal_value=0.00115424 -0.000155515 0.000818277 0.00555475 0.00947042 0.014446 0.0277401 0.0361725 -0.0058962 0.0111022 0.00105355 -0.00229729 0.00741613 -0.0118114
internal_weight=290.729 261.254 247.771 91.8545 69.0929 47.7609 11.4249 8.32504 22.7616 29.4749 17.6251 21.332 36.336 18.2649
internal_count=9424 8495 7911 2820 1822 1225 354 217 998 929 539 597 871 843
is_linear=0
shrinkage=0.035


Tree=258
num_leaves=15
num_cat=0
split_feature=111 69 94 16 143 114 50 143 74 119 95 38 93 38
split_gain=3.28748 5.34066 4.77508 5.05699 4.00682 3.62959 3.43886 3.33112 4.90945 3.46025 3.26229 3.15452 3.08077 2.96891
threshold=0.040270270270270282 2.7500000000000004 81082.000000000015 16.500000000000004 1.0000000180025095e-35 0.066987179487179499 0.12632978723404256 0.045346320346320357 14.750000000000002 2.2816092112595929 31993.500000000004 15.500000000000002 13580.500000000002 3.5000000000000004
decision_type=2 10 2 2 10 2 2 10 10 8 2 2 2 2
left_child=4 2 3 -2 6 -3 11 10 13 -10 -6 -1 -8 -9
right_child=1 5 -4 -5 7 -7 12 8 9 -11 -12 -13 -14 -15
leaf_value=0.0047997035495676585 -0.015224938182579549 -0.0068360522120452126 0.022406385005918364 0.013037009572058628 -0.01763900689975675 0.024916142473989933 0.013689483026881312 -0.010660378558135493 0.026568643596517883 -0.0050855610647753697 0.0041546329422972898 -0.01601093584452308 -0.016076016518635688 0.01053660043635497
leaf_weight=113.09873285738286 22.469078119844205 3.2901698962086838 2.8785024631069964 6.4815144313033661 41.746754468069412 15.506228401791303 1.2752968244021783 37.245709354174323 6.0335824838839445 4.647669936181047 8.220239896560086 4.7966158940689629 16.65968504245393 5.7822582199005401
leaf_count=3421 963 63 84 268 1243 287 45 1334 181 128 300 115 834 177
internal_value=-0.00119388 0.00651253 -0.00249807 -0.00790945 -0.00292268 0.0190896 0.00104871 -0.00793462 -0.00157834 0.0155653 -0.0140019 0.00333606 -0.0114365 -0.00701148
internal_weight=290.132 50.6255 31.8291 28.9506 239.507 18.7964 135.83 103.676 53.7092 10.6813 49.967 117.895 17.935 43.028
internal_count=9443 1665 1315 1231 7778 350 4415 3363 1820 309 1543 3536 879 1511
is_linear=0
shrinkage=0.035


Tree=259
num_leaves=15
num_cat=0
split_feature=30 50 82 71 27 70 106 70 70 43 70 120 71 119
split_gain=3.2218 4.10831 2.87914 2.71559 3.48597 3.48821 3.46613 3.38809 3.20564 4.20356 3.94551 2.94698 3.55852 3.38623
threshold=1.0000000180025095e-35 0.20416666666666669 1.0000000180025095e-35 5.7749457069056236 1.5000000000000002 10.605555555555556 56.527777777777786 10.605555555555556 11.754310344827589 0.46720430107526884 12.116531165311654 0.040956108470785575 1.5275252316519472 1.8578455039374504
decision_type=2 2 8 8 2 10 10 10 10 2 10 2 10 8
left_child=1 2 -1 7 5 6 -5 -4 9 -9 -10 13 -13 -12
right_child=-2 -3 3 4 -6 -7 -8 8 10 -11 11 12 -14 -15
leaf_value=0.019758046845516995 -0.0088111548913232945 -0.017702993236000365 -0.012888790924493146 -0.0062649756155505375 0.017614110736593976 -0.0080125321863477351 0.01982381334412112 0.017929850340862547 -0.019054333274894631 -0.014222809233215205 0.0077630696011897135 -0.011183793906712166 0.018477813933784761 -0.0052796679283395875
leaf_weight=6.2687071966938666 38.954567697830498 8.0836850646883232 19.155408961814828 7.0095200564246651 21.003037360031158 20.825386891374364 11.361887203762306 18.902460648445416 8.3819151230854896 2.318634752300567 29.794672034215182 2.8872487256303456 15.06836194754578 77.178669547312893
leaf_count=60 1405 515 625 205 837 667 316 560 307 98 964 100 409 2317
internal_value=-6.51895e-05 0.00145413 0.00244686 0.00157905 0.00767194 0.000954569 0.010659 -0.00068832 0.00118058 0.0123746 -0.000984276 0.000914711 0.0123112 -0.00146251
internal_weight=287.194 248.24 240.156 233.887 60.1998 39.1968 18.3714 173.687 154.532 21.2211 133.311 124.929 17.9556 106.973
internal_count=9385 7980 7465 7405 2025 1188 521 5380 4755 658 4097 3790 509 3281
is_linear=0
shrinkage=0.035


Tree=260
num_leaves=15
num_cat=0
split_feature=63 38 143 43 66 100 0 66 115 110 1 43 71 71
split_gain=3.23658 3.33302 4.53288 3.01155 2.90475 6.22108 3.5764 3.89129 5.43267 5.62606 5.09854 3.81096 3.94946 3.64283
threshold=0.39642857142857152 15.500000000000002 0.033425160697887979 0.44342189500640211 2.6027078587014922 0.063164893617021281 0.89696759259259273 1.9621583887337055 0.083920187793427234 93.250000000000014 15.500000000000002 0.23117408906882594 1.0000000180025095e-35 3.62833599707723
decision_type=2 2 8 2 10 2 2 10 2 10 2 2 8 10
left_child=-1 3 -3 4 6 -6 -2 8 9 10 -8 13 -13 -10
right_child=1 2 -4 -5 5 -7 7 -9 11 -11 -12 12 -14 -15
leaf_value=-0.011761480088101722 0.0127608236759788 -0.022189665993496078 0.0098322459412236579 0.011627099429421986 0.0057840309763431868 -0.018507836269402535 0.021074316033398689 0.012196958559542195 -0.0061936908726941469 -0.0075026802322519428 -0.0047222007840758903 0.014293368448893673 -0.018299528020148493 0.017107182521791581
leaf_weight=19.192916680127382 31.857516028918326 10.412856257171367 4.8037349497899422 33.81019447860308 22.247019953327253 20.81221216369886 24.662801600759849 23.66377525345888 22.471788395079788 21.782098399009556 11.432789436075835 1.4491457694675762 35.178734640241601 6.7413202045718199
leaf_count=860 626 292 139 913 412 524 896 683 812 1059 446 51 1506 208
internal_value=0.000524937 0.00159114 -0.0121491 0.00262452 0.00102964 -0.00666117 0.00300786 0.000550162 -0.00206478 0.00551208 0.0133232 -0.00864419 -0.0154481 0.000897584
internal_weight=290.519 271.326 15.2166 256.109 222.299 43.0592 179.24 147.382 123.719 57.8777 36.0956 65.841 36.6279 29.2131
internal_count=9427 8567 431 8136 7223 936 6287 5661 4978 2401 1342 2577 1557 1020
is_linear=0
shrinkage=0.035


Tree=261
num_leaves=15
num_cat=0
split_feature=115 74 119 70 99 75 54 109 143 55 43 118 110 21
split_gain=3.01588 4.31846 4.10924 4.08271 4.00264 3.71363 4.83595 4.03559 3.77074 3.79787 3.69404 3.78545 3.44047 4.23003
threshold=0.20710681244743484 14.750000000000002 2.1507980959511692 15.387500000000001 0.68496240601503777 1.7165178571428574 0.22474747474747478 50.500000000000007 0.0054210495386965993 0.56736587333602262 0.14459930313588851 0.48333333333333339 92.250000000000014 7.5000000000000009
decision_type=2 10 8 10 2 10 8 8 10 10 2 2 10 2
left_child=1 5 12 4 -4 6 8 -7 9 -1 -9 -12 13 -3
right_child=-2 2 3 -5 -6 7 -8 10 -10 -11 11 -13 -14 -15
leaf_value=-0.0071201602523369607 0.0054986288180305489 0.026114456024366274 0.018880602944353054 -0.015052579752910583 -0.0081738222550957126 0.015566061907907101 -0.0072969642160363342 0.010039346314283997 -0.0077786670576127466 0.024549984770099398 0.0094072110773336659 -0.016098021551289043 -0.0012547754340043447 -0.0072521658288077677
leaf_weight=3.572657496086328 81.514566471101716 17.106861273292456 9.1329420061083528 14.876456853351554 8.700514971977098 2.8223606827668837 32.758609681157395 5.1239997119409955 6.2716532411286599 15.155635607312432 4.6478994545759624 70.236661093658768 13.619158748770131 3.5574270671932018
leaf_count=140 2182 513 202 463 316 54 1353 187 201 256 138 2792 509 104
internal_value=-1.07493e-05 -0.00225264 0.00482748 -0.00382762 0.00678184 -0.00567637 0.00112463 -0.0102128 0.0115368 0.0182812 -0.0119842 -0.0140253 0.0125215 0.0200765
internal_weight=289.097 207.583 66.9934 32.7099 17.8335 140.589 57.7586 82.8309 24.9999 18.7283 80.0086 74.8846 34.2834 20.6643
internal_count=9410 7228 2107 981 518 5121 1950 3171 597 396 3117 2930 1126 617
is_linear=0
shrinkage=0.035


Tree=262
num_leaves=15
num_cat=0
split_feature=88 10 115 88 70 106 93 40 122 54 70 1 4 65
split_gain=3.57212 2.92136 2.49847 4.05981 3.99152 3.2946 2.83591 2.79793 3.68679 5.20495 4.81627 4.53337 3.39674 4.39912
threshold=1079.5000000000002 3.5000000000000004 0.20864427860696519 669.50000000000011 14.804761904761907 35.045454545454554 8591.0000000000018 26.500000000000004 5.5000000000000009 0.12660256410256412 10.738636363636365 14.500000000000002 4.5000000000000009 1.2928571428571431
decision_type=10 2 2 10 10 10 2 2 2 8 10 2 2 8
left_child=1 2 3 7 6 -4 -5 8 9 11 -10 -1 13 -11
right_child=-2 -3 5 4 -6 -7 -8 -9 10 12 -12 -13 -14 -15
leaf_value=0.027114604882327514 0.019608969102082319 -0.013947127533233343 -0.008005686067562896 0.010862143504010923 0.0062060051069874524 0.0093359082449310654 -0.022973088894336934 0.014918664357408117 0.013366598709313069 -0.012755291866209875 -0.021271907034351358 -0.0058559893029953066 -0.0083113237575690203 0.006976893452285483
leaf_weight=10.776215533260258 6.4265282656997433 13.134186520997899 12.863168004201723 0.52560701582115754 7.2885926696471861 59.019307110924274 18.872446279041469 10.329069316852836 2.8055984061211374 12.510431694332508 14.556500493548809 5.3141642715781918 46.884737619431689 63.881558402325027
leaf_count=181 57 1217 260 32 480 1475 1549 117 42 543 274 119 1231 1748
internal_value=0.000427505 -0.000352429 0.000565036 -0.00151831 -0.0130068 0.00591385 -0.0200182 0.000641547 -0.000731505 0.00133939 -0.0139374 0.0174187 -0.00135646 0.00316037
internal_weight=285.188 278.762 265.627 193.745 26.6866 71.8825 19.3981 167.058 156.729 139.367 17.3621 16.0904 123.277 76.392
internal_count=9325 9268 8051 6316 2061 1735 1581 4255 4138 3822 316 300 3522 2291
is_linear=0
shrinkage=0.035


Tree=263
num_leaves=15
num_cat=0
split_feature=92 91 61 57 91 56 87 55 3 66 11 119 74 126
split_gain=2.79915 2.79638 5.97994 3.84603 3.49606 5.61934 2.68087 2.6309 4.09174 4.22052 4.50244 3.8578 4.2054 4.26851
threshold=7336.5000000000009 6525.2344754630913 0.9261982570806101 0.29289215686274517 5803.9471686479301 0.52086956521739147 1.5000000000000002 0.95916666666666683 3.5000000000000004 1.3420501978246824 9.5000000000000018 1.000162128780518 15.750000000000002 1.0000000180025095e-35
decision_type=2 8 2 8 8 10 8 10 2 10 2 10 10 2
left_child=-1 4 3 -3 6 -6 -2 11 -9 -10 -11 12 13 -8
right_child=1 2 -4 -5 5 -7 7 8 9 10 -12 -13 -14 -15
leaf_value=0.010597895997399426 0.015994313917910442 0.024343922578786762 -0.013731439699606135 -0.0072415602245894392 0.026502629112893826 -0.011569420155214999 0.019510630695365346 -0.013431835935518043 0.014773220902437316 -0.0097227635566486895 0.014876904262691613 -0.0079220812584968221 -0.013568578803150096 -0.0091391536548316044
leaf_weight=24.055498983478174 6.6345923459157339 5.6872893116669703 40.466543429240119 5.2773511708946907 9.5081926699494925 3.6375719140050924 17.844081352464862 9.7184338429942709 33.730552687542513 23.611574637587182 8.4448933366220427 90.51794393255841 5.9119169166078782 5.4383335892343885
leaf_count=650 88 235 1554 252 235 175 518 487 1123 494 90 3255 162 164
internal_value=0.000277078 -0.000832831 -0.00777185 0.0116349 0.000966008 0.0156826 -0.000348334 -0.0012893 0.00368067 0.00697882 -0.00210935 -0.00444588 0.0059146 0.012386
internal_weight=290.485 266.429 51.4312 10.9646 214.998 13.1458 201.852 195.218 75.5055 65.787 32.0565 119.712 29.1943 23.2824
internal_count=9482 8832 2041 487 6791 410 6381 6293 2194 1707 584 4099 844 682
is_linear=0
shrinkage=0.035


Tree=264
num_leaves=15
num_cat=0
split_feature=117 65 110 106 128 110 98 123 107 119 115 43 100 20
split_gain=2.66032 4.87072 3.93842 3.60391 3.19399 4.68315 4.3612 4.25749 5.33416 5.02063 3.6609 3.64422 3.61902 3.49352
threshold=0.21498599439775914 1.6306818181818186 95.250000000000014 1306.788888888889 0.093073593073593086 17.250000000000004 1.320714285714286 1.0000000180025095e-35 2586.7177786518037 2.510465975790916 0.26713615023474185 0.23562458691341706 0.087595907928388769 2.5000000000000004
decision_type=2 8 10 8 2 10 2 2 10 10 2 2 2 2
left_child=1 -1 4 -3 6 12 -2 8 -7 11 13 -9 -6 -8
right_child=2 3 -4 -5 5 7 10 9 -10 -11 -12 -13 -14 -15
leaf_value=-0.010949011702495031 -0.0039449958930715826 0.021990815403880874 -0.015837315969862063 -0.0012728984067844936 0.018562309695826677 -0.018276605332158552 0.016752354558666038 -0.010372647132140825 0.010120432190261335 -0.0069512268805870829 -0.0048149968437790217 0.020454657795864733 -0.0060466051838509961 -0.0079832252286835288
leaf_weight=8.7021349803544563 44.403224751818925 18.87995542911813 15.928106038016265 11.597257671412079 13.379457543836908 42.099124321131967 46.092745501664467 2.8707727381261092 6.4357973522273815 37.310073837637901 14.0323423249647 13.459348948788827 8.9657279265811649 5.087091381661593
leaf_count=422 1544 408 1358 449 226 953 1558 118 157 920 413 419 131 338
internal_value=8.45502e-05 0.00801253 -0.0012903 0.0142067 9.76483e-06 -0.00375636 0.00426522 -0.00693486 -0.0139176 3.12413e-05 0.00973842 0.0138742 0.00938812 0.013802
internal_weight=289.243 39.1793 250.064 30.4772 234.136 124.52 109.615 102.175 48.5349 53.6402 65.2122 16.3301 22.3452 51.1798
internal_count=9414 1279 8135 857 6777 2924 3853 2567 1110 1457 2309 537 357 1896
is_linear=0
shrinkage=0.035


Tree=265
num_leaves=15
num_cat=0
split_feature=63 116 106 56 94 65 74 26 109 76 60 98 93 116
split_gain=4.27789 2.42663 4.69832 3.33981 4.39755 5.45511 3.72841 3.45109 4.5644 6.03742 4.54396 4.01133 3.64642 3.39728
threshold=0.39642857142857152 0.084039548022598873 911.53928571428582 0.65030120481927722 58072.500000000007 1.4580419580419581 15.250000000000002 10.500000000000002 2282.5000000000005 0.70863401676464233 0.84877072612921689 0.90238095238095251 66514.000000000015 0.15075757575757578
decision_type=2 2 8 10 2 8 8 2 10 10 2 2 2 2
left_child=-1 2 -2 4 5 6 -3 8 12 10 -10 -12 -6 -13
right_child=1 3 -4 -5 7 -7 -8 -9 9 -11 11 13 -14 -15
leaf_value=-0.013128873627373845 0.019244852315258677 0.023294796605104501 -0.003366779059830531 -0.0078568907720281897 0.015771321629736212 -0.0050907317494440765 -0.010644321442363595 -0.0018684623028192753 -0.0054029725769936974 -0.0086512075679519729 -0.0021335067058638369 -0.0048992633038224941 -0.01210749421560447 0.034034398053980508
leaf_weight=19.213481302023865 21.163359810598195 10.336609648307782 17.506037213723175 39.87339531944599 3.9260241494048378 94.179242989281192 2.0877138291252786 26.455579693662003 4.3790377059485754 6.1449615864548823 4.3642042810097328 1.7334509621141503 11.480113631929269 26.658514511887915
leaf_count=886 631 320 698 2111 89 2407 104 647 148 217 98 72 331 697
internal_value=0.000998595 0.00222307 0.00979489 0.000778664 0.00272846 -0.00199882 0.0161739 0.00842991 0.0128546 0.0181735 0.0231122 0.0271349 -0.00287941 0.0312797
internal_weight=289.502 270.288 38.6694 231.619 191.745 106.604 12.4243 85.1419 58.6863 43.2802 37.1352 32.7562 15.4061 28.392
internal_count=9456 8570 1329 7241 5130 2831 424 2299 1652 1232 1015 867 420 769
is_linear=0
shrinkage=0.035


Tree=266
num_leaves=15
num_cat=1
split_feature=30 116 63 113 2 66 111 131 98 71 68 90 76 61
split_gain=2.73602 3.49922 2.88034 3.26567 2.37368 2.69685 2.33784 3.36634 7.77668 3.641 2.93203 3.39591 3.3084 3.31467
threshold=1.0000000180025095e-35 0.91010101010101019 0.37171052631578955 0.13487525987525992 4.5000000000000009 1.644856438606314 0.045663052543786498 0 1.890873015873016 4.9003966044253024 14.500000000000002 48828.76315789474 0.57412181628104608 0.93231791113147056
decision_type=2 2 2 2 2 8 2 1 2 10 8 2 8 2
left_child=2 4 -1 6 5 -2 7 8 10 -10 11 12 -4 -14
right_child=1 -3 3 -5 -6 -7 -8 -9 9 -11 -12 -13 13 -15
leaf_value=-0.012368572920006343 -3.7363452581210577e-06 0.016831237988698788 -0.0074389314496549758 -0.010585419612018573 0.002667430129752246 -0.022058283597506837 0.012493344186363515 -0.0022402384825711444 0.029154139930175856 -0.006553720155239029 0.014666409668892192 -0.0094325389705104054 0.029054530869893666 0.00074438505602051762
leaf_weight=12.615995069965718 9.5768675947329047 1.8129127616994072 9.7242605215869862 17.150088558206335 9.9953371854498965 18.37091648846399 26.053865892696194 103.50132243608823 16.653284572414126 2.2512163635110474 10.477443256997502 31.461644949857146 5.1351451782975337 10.673460242222061
leaf_count=654 440 47 303 649 402 518 780 3534 507 86 246 866 109 224
internal_value=-9.40804e-05 -0.0080639 0.00133061 0.00231629 -0.0110746 -0.0156483 0.00355737 0.00204214 0.00654431 0.0244205 0.00109944 -0.00237633 0.00643917 0.0147121
internal_weight=285.454 39.756 245.698 233.082 37.9431 27.9478 215.932 189.878 86.3765 18.9045 67.472 56.9945 25.5329 15.8086
internal_count=9365 1407 7958 7304 1360 958 6655 5875 2341 593 1748 1502 636 333
cat_boundaries=0 1
cat_threshold=35
is_linear=0
shrinkage=0.035


Tree=267
num_leaves=15
num_cat=0
split_feature=82 41 82 129 119 2 66 119 81 20 56 24 75 143
split_gain=2.95962 4.00944 3.37079 2.94007 3.42968 2.57918 4.60616 3.53079 3.14647 3.0585 3.05445 2.98832 2.85604 3.45131
threshold=8.5000000000000018 9.5000000000000018 125.50000000000001 10.500000000000002 2.0972612570647944 5.5000000000000009 3.2489309982789938 0.59099750612234125 185.75823001011639 1.5000000000000002 0.25866188769414583 6.5000000000000009 1.6961538461538463 0.0054210495386965993
decision_type=8 8 8 2 10 2 10 10 10 2 10 2 8 10
left_child=1 -1 -2 5 -5 8 7 -7 9 12 11 -11 13 -4
right_child=2 -3 3 4 -6 6 -8 -9 -10 10 -12 -13 -14 -15
leaf_value=0.026078226587683825 -0.015800791685930647 -0.0098387856476321953 0.01700206802489887 -0.0096601836001796795 0.020005389741297633 0.0088969941169992073 0.014298436496293821 -0.017481931384393853 -0.014004744551604222 -0.01222241811973135 -0.011971759393595295 0.013206335795983567 0.0019203104160512771 -0.0074340179096170972
leaf_weight=6.7356366456951919 10.706264661683234 2.4907404867699379 30.175143529428169 3.1032025406602797 13.108738234208429 4.4215283677913275 5.0444581648334852 27.524615771253593 10.375666839187032 3.9081864901818326 26.683707667747512 12.075861795805393 128.98231301363558 5.8133226060308507
leaf_count=167 1464 124 648 173 324 152 72 863 846 111 1018 235 3130 124
internal_value=0.00075623 0.016332 -2.92339e-05 0.000868099 0.0133884 -0.000170037 -0.00812443 -0.013121 0.00133148 0.00240912 -0.00551064 0.00555803 0.00455932 0.0126295
internal_weight=291.149 9.22638 281.923 271.217 16.2119 255.005 36.9906 31.9461 218.014 207.639 42.6678 15.984 164.971 35.9885
internal_count=9451 291 9160 7696 497 7199 1087 1015 6112 5266 1364 346 3902 772
is_linear=0
shrinkage=0.035


Tree=268
num_leaves=15
num_cat=0
split_feature=76 23 60 115 30 27 54 23 47 73 32 115 41 0
split_gain=3.47939 4.5704 4.09904 4.19494 3.59304 4.80478 4.89563 9.27848 4.70725 3.67468 4.69768 3.57616 3.35866 3.25951
threshold=0.51998804968410772 5.5000000000000009 0.92511682242990667 0.23483455882352944 1.0000000180025095e-35 3.5000000000000004 0.16954022988505749 4.5000000000000009 0.053812741312741323 13.500000000000002 4.5000000000000009 0.077350427350427367 2.5000000000000004 102.8497164351852
decision_type=8 2 2 2 2 2 8 2 2 10 2 2 8 2
left_child=1 2 13 11 5 6 7 -2 -7 -8 -11 -4 -6 -1
right_child=4 -3 3 -5 12 8 9 -9 -10 10 -12 -13 -14 -15
leaf_value=-0.017565978550945719 0.020533351890895505 0.014650186166722871 0.0036812862844743978 0.013701864695258477 0.0076477711132519662 0.018423987317776374 0.0041107705579272354 -0.017962261544514253 -0.0064192676738684742 -0.020980852981474743 0.0024243746663592954 -0.014034018761987422 -0.016675112251588211 0.0032215560362650608
leaf_weight=38.636502165929414 24.43471583281644 9.5548005503369478 24.853150679555256 14.500585909234358 7.2418097483459887 41.042481665383093 30.877105464693159 6.0892976967152199 9.0262372494908032 19.90778636734467 16.548581375507638 22.701974757947028 14.207466761465183 9.9610272526042518
leaf_count=1149 500 318 775 349 289 1408 1067 285 422 822 403 673 563 394
internal_value=0.000329818 -0.00412727 -0.00631195 -0.000174148 0.00352071 0.0054967 0.000800547 0.0114065 0.0137691 -0.00446352 -0.0113455 -0.00530628 -0.00856977 -0.0134021
internal_weight=289.584 120.208 110.653 62.0557 169.375 147.926 97.8575 30.524 50.0687 67.3335 36.4564 47.5551 21.4493 48.5975
internal_count=9417 3658 3340 1797 5759 4907 3077 785 1830 2292 1225 1448 852 1543
is_linear=0
shrinkage=0.035


Tree=269
num_leaves=15
num_cat=0
split_feature=109 2 29 73 109 126 119 65 59 71 2 62 50 109
split_gain=2.24933 2.22968 5.27049 6.26857 4.15612 3.38805 3.15941 3.03527 3.52434 5.31293 3.96141 3.35536 3.94542 3.61425
threshold=8410.5000000000018 4.5000000000000009 6.5000000000000009 21.500000000000004 8054.5000000000009 1.5000000000000002 1.9496701057283898 4.0871212121212128 0.68027777777777787 3.9168229702494171 3.5000000000000004 0.39173060528559256 0.03468323977546111 281.50000000000006
decision_type=8 2 2 10 10 2 10 8 2 8 2 2 2 10
left_child=1 4 5 6 7 -3 -4 8 9 11 -10 12 -1 -13
right_child=-2 2 3 -5 -6 -7 -8 -9 10 -11 -12 13 -14 -15
leaf_value=-0.017568764967416797 -0.0055233254469496821 0.017413941705715093 0.0044922100115360125 0.021052139599144162 0.016092274181357384 -0.0092628835985190273 -0.019613361636276288 -0.0095715366728443101 0.011894030153870061 -0.014509162982495702 -0.0088553175206683259 -0.0073885276601471685 0.0088144700519123109 0.017761070485249966
leaf_weight=10.503892912878657 42.089453435211908 41.303831402794458 7.6803274402627784 4.551592778414487 14.133782402845098 3.5163340421859166 14.690657061408272 34.889320688089356 46.085703305783682 27.24155026988592 10.509591835318131 6.6136328628053915 8.4094567608553898 19.201108098961413
leaf_count=273 1593 1322 257 100 445 110 511 802 1467 1178 339 224 327 552
internal_value=0.00154383 0.00282196 0.00780908 -0.00401458 0.000648572 0.0146014 -0.0120287 -0.00112484 0.00143988 -0.00361123 0.00763488 0.00381762 -0.00644774 0.0111645
internal_weight=291.42 249.331 71.7427 26.9226 177.588 44.8202 22.371 163.454 128.565 71.9696 56.5953 44.7281 18.9133 25.8147
internal_count=9500 7907 2300 868 5607 1432 768 5162 4360 2554 1806 1376 600 776
is_linear=0
shrinkage=0.035


Tree=270
num_leaves=15
num_cat=0
split_feature=55 128 65 60 119 89 120 26 76 45 119 65 128 109
split_gain=2.47595 3.44678 4.74274 6.04344 4.28129 3.34782 3.96525 3.14281 5.121 4.69941 4.20762 5.01957 4.79204 5.06696
threshold=0.88516483516483524 0.18898809523809526 1.5147058823529413 0.63068181818181823 3.6421758810362039 543.75000000000011 0.034190531852717719 2.5000000000000004 1.3590098249693237 0.067231638418079109 3.1086914497846494 3.5751879699248126 0.24025974025974028 3331.5000000000005
decision_type=8 2 10 2 10 10 2 2 10 2 8 8 2 10
left_child=7 2 3 -2 5 6 -3 10 9 -9 12 -12 13 -1
right_child=1 4 -4 -5 -6 -7 -8 8 -10 -11 11 -13 -14 -15
leaf_value=0.0056464873159738785 0.026749065341886615 -0.020051873549569488 0.014652700538149072 -0.0085630874840254435 0.013308930002917241 0.012009190844343598 0.0073417592683786437 0.0010379049226234708 0.020771091846673907 -0.016452913594974073 0.024187827119449088 -0.003923295879487739 0.0091099874020834012 -0.016912244475600996
leaf_weight=15.700109169352798 2.2584570941980955 22.2984451269731 43.843084927881137 28.321552010136656 8.1179035280365479 3.2709479563636696 5.6258765092352396 28.819186210166663 2.5396942889783523 46.32516873255372 12.981464707525449 11.586788619402794 21.533329037716612 29.776813882228453
leaf_count=708 89 398 1203 1280 111 98 83 706 53 1776 390 211 597 1701
internal_value=-0.000289549 0.00361343 0.00786301 -0.00256263 -0.00441087 -0.0102236 -0.0142561 -0.00294059 -0.00789439 -0.0100986 0.00145275 0.0125086 -0.00318778 -0.00933637
internal_weight=282.999 113.736 74.4231 30.58 39.3132 31.1953 27.9243 169.263 77.684 75.1444 91.5785 24.5683 67.0103 45.4769
internal_count=9404 3262 2572 1369 690 579 481 6142 2535 2482 3607 601 3006 2409
is_linear=0
shrinkage=0.035


Tree=271
num_leaves=15
num_cat=0
split_feature=11 98 126 111 116 69 107 96 74 41 34 58 114 145
split_gain=2.91989 2.61963 4.85085 3.68034 4.65392 4.5118 4.59078 3.71748 3.57447 3.50941 3.08329 2.91482 2.82842 2.66434
threshold=2.5000000000000004 1.5270467836257311 1.0000000180025095e-35 0.040270270270270282 0.83558558558558571 2.7500000000000004 1134.8934033828418 1.0513157894736844 16.250000000000004 2.5000000000000004 10.500000000000002 0.38799283154121872 0.20204081632653065 0.5209929897326574
decision_type=2 2 2 2 2 8 10 2 10 10 2 2 2 10
left_child=-1 3 9 4 7 -5 -7 -2 -4 -3 12 -9 13 -11
right_child=1 2 8 5 -6 6 -8 11 -10 10 -12 -13 -14 -15
leaf_value=-0.0078497638785373081 0.010594570439547838 -0.001798473611640602 -0.013155304600427129 -0.0031949366753764776 0.013170723952801094 -0.0065912329648406855 0.030062257793332367 0.015333947146638228 0.014383550226706487 0.02255579720703757 -0.0082671477505023936 -0.0087804230467898002 -0.0074121820570995367 -0.0072042015159585011
leaf_weight=38.236450284719467 11.157480538007801 17.12165657710284 17.21768282412086 16.024059561081234 13.87661795504391 3.6452121644979334 10.199573546880854 2.0471270190901114 3.2732378848595536 38.898438826086931 3.0962497909786171 104.98101883102208 2.4016968171345061 1.7493296709144477
leaf_count=2207 274 536 786 612 214 81 139 52 95 1239 140 2842 90 72
internal_value=0.000561539 0.00200104 0.00683517 -0.000629235 -0.00319431 0.00954377 0.0212234 -0.00557239 -0.00679779 0.0114251 0.0160276 -0.00765539 0.0184534 0.0206262
internal_weight=283.926 245.689 83.7583 161.931 132.062 29.8688 13.8448 118.186 20.4909 63.2674 46.1457 107.028 43.0495 40.6478
internal_count=9379 7172 2958 4214 3382 832 220 3168 881 2077 1541 2894 1401 1311
is_linear=0
shrinkage=0.035


Tree=272
num_leaves=15
num_cat=0
split_feature=38 11 82 114 143 45 76 123 63 81 66 11 56 109
split_gain=3.01008 2.88412 3.84758 3.45264 3.75065 4.5721 3.17734 2.97015 3.37038 2.95163 2.72392 2.86251 2.61756 2.56174
threshold=22.500000000000004 9.5000000000000018 3.5000000000000004 0.079077644606565925 0.075254745254745278 0.12556306306306309 0.40458561829460077 1.0000000180025095e-35 0.39642857142857152 254.34767271043299 2.4858696874009341 2.5000000000000004 0.61152570480928703 7364.5000000000009
decision_type=2 2 8 2 10 2 10 2 2 8 10 2 10 10
left_child=1 2 -1 4 5 6 -3 8 -4 -9 11 -10 -13 -5
right_child=-2 3 7 13 -6 -7 -8 9 10 -11 -12 12 -14 -15
leaf_value=0.01981101470023577 -0.015426106112117876 0.0021661850016814199 -0.012770184530733118 0.0068721610630541894 -0.0084981050231436924 -0.003577596028189356 0.029821488201208602 0.012508854059795673 -0.0044373438113045087 -0.0098017722699864536 -0.0083689198836382241 0.0049373400705713319 0.021211494050239876 -0.011496304930156905
leaf_weight=5.464820538647472 9.0775941768079047 7.5546108239796039 13.872142476728184 14.554526492371226 5.3024912774562827 8.5936966709559766 18.512325027841143 3.8480799426324657 24.940110175637528 62.618705073953606 16.866252244333737 67.691654965397902 11.375201197573913 12.969327370868994
leaf_count=89 290 119 757 331 116 312 390 41 1338 2565 367 1791 447 409
internal_value=0.000372711 0.00116273 -0.000923064 0.00717349 0.0131704 0.0171388 0.0234451 -0.00195289 0.00106904 -0.00772532 0.00310149 0.00526013 0.008401 -0.00221988
internal_weight=283.242 274.164 206.677 67.487 39.9631 34.6606 26.0669 201.212 134.745 66.4668 120.873 104.007 79.0669 27.5239
internal_count=9362 9072 7395 1677 937 821 509 7306 4700 2606 3943 3576 2238 740
is_linear=0
shrinkage=0.035


Tree=273
num_leaves=15
num_cat=0
split_feature=106 74 116 44 76 34 84 107 55 27 47 11 16 70
split_gain=2.52695 5.07867 2.73339 4.46765 3.23626 3.33704 4.50812 4.37145 3.6661 3.9692 4.76318 3.67829 4.07824 3.61273
threshold=1159.3809523809525 14.750000000000002 0.21525096525096529 0.35032467532467537 0.3896352499341208 5.5000000000000009 1148.2500000000002 2278.3679506903604 0.81698564593301448 43.500000000000007 0.10948202054794522 6.5000000000000009 19.500000000000004 12.24404761904762
decision_type=10 10 2 2 8 2 8 8 10 2 2 2 2 10
left_child=2 -2 3 -1 -4 6 -6 8 9 10 -8 -10 13 -13
right_child=1 -3 4 -5 5 -7 7 -9 11 -11 -12 12 -14 -15
leaf_value=-0.0037303143622297568 -0.014657215918378682 0.006899521271268849 -0.0077165353020910953 0.016229648671358565 0.017849801335114344 -0.011393153695679311 -0.014376414895498728 0.017059460632714428 -0.0040857397326517697 0.016692838399767915 0.0098406433740189075 -0.0025861416859378158 -0.0061952769824516812 0.031272601706835927
leaf_weight=19.982190544775221 29.750156247406267 17.955914575140923 46.860443589277565 30.123921261401847 19.627345683285967 14.074919715174472 44.487082434119657 13.046094307559541 20.751460924628191 3.2205748086562371 8.6859598056180385 4.2361975300591466 5.7988940998911849 9.9693764636758697
leaf_count=1037 1471 650 1192 1062 899 421 1420 295 523 77 148 72 74 101
internal_value=0.000301226 -0.00665873 0.00178711 0.00865344 -0.000191413 0.00243598 0.0043022 0.00121917 -0.00163891 -0.00715943 -0.0099147 0.00594741 0.015091 0.0231311
internal_weight=288.571 47.7061 240.864 50.1061 190.758 143.898 129.823 110.196 97.1495 56.3936 53.173 40.7559 20.0045 14.2056
internal_count=9442 2121 7321 2099 5222 4030 3609 2710 2415 1645 1568 770 247 173
is_linear=0
shrinkage=0.035


end of trees

feature_importances:
gap_median=162
gap_le_60=141
top_share_item_id=116
items_per_view=109
unique_item_location=104
pointer_x_std=100
top_share_item_category=97
search_page_mean=92
gap_cv=86
unique_item_category=82
cookie_age_days=77
top_share_item_location=74
events_per_active_minute=71
share_favorite_add=69
pointer_y_max=68
gap_le_30=68
pointer_x_max=66
pointer_y_min=66
gap_le_300=66
share_photo_swipe=61
search_page_std=60
search_page_median=60
events_per_span_hour=60
contact_per_item=58
gap_mean=58
share_contact_phone_show=52
count_platform_norm_desktop=50
query_length_mean=48
gap_std=48
gap_min=45
gap_max=44
count_browser_other=43
second_of_day_max=43
pointer_x_min=42
fraction_filled_seller_type=41
query_words_std=40
share_item_view=38
share_contact_message_sent=36
pointer_y_std=36
second_of_day_min=36
second_of_day_median=36
share_seller_page_view=35
gap_le_5=34
query_length_cv=33
photo_per_item=32
fraction_filled_item_id=31
query_length_median=31
query_words_mean=31
second_of_day_std=31
search_page_max=29
gap_le_10=28
query_digit_share=26
count_seller_type_pro=25
span_seconds=25
share_search_results_view=24
top_share_search_query=24
query_length_std=24
second_of_day_mean=24
gap_le_2=24
unique_item_id=23
count_seller_type_private=23
count_event_name_item_view=22
count_platform_norm_android=21
fraction_filled_item_category=21
n_events=20
count_event_name_favorite_add=19
created_weekday=18
count_event_name_photo_swipe=18
count_browser_chrome=18
created_hour=17
query_length_min=17
queries_per_search=15
gap_le_1=15
transition_item_view_to_photo_swipe=15
pointer_x_median=14
unique_minute=13
count_os_windows=13
share_login=13
query_length_max=12
same_item_in_row=12
count_browser_firefox=11
unique_search_page=10
unique_event_name=9
count_browser_yandex=9
count_os_mac=9
fraction_filled_item_location=9
business_hours_share=9
deep_search_share=9
unique_hour=8
share_contact_chat_open=8
transition_item_view_to_item_view=8
pointer_unique_x=8
unique_search_query=7
gap_le_0=7
pointer_unique_y=7
pointer_y_mean=6
duplicate_event_share=6
transition_search_results_view_to_item_view=6
unique_user_agent=5
count_event_name_search_results_view=5
count_event_name_seller_page_view=5
transition_search_results_view_to_search_results_view=5
pointer_x_mean=4
pointer_y_median=4
ua_changes=4
unique_browser=3
count_event_name_contact_phone_show=3
count_os_android=3
fraction_filled_search_query=3
fraction_filled_pointer_x=3
late_night_share=3
mode_platform_norm=3
count_platform_norm_ios=2
page_step_one=2
mode_browser=2
ua_avito_app_share=2
unique_os=1
unique_seller_type=1
count_os_ios=1
top_share_user_agent=1
search_page_min=1
query_words_min=1
query_words_max=1
query_words_median=1
weekend=1
mode_os=1

parameters:
[boosting: gbdt]
[objective: binary]
[metric: binary_logloss]
[tree_learner: serial]
[device_type: cpu]
[data_sample_strategy: bagging]
[data: ]
[valid: ]
[num_iterations: 274]
[learning_rate: 0.035]
[num_leaves: 15]
[num_threads: 4]
[seed: 2026]
[deterministic: 0]
[force_col_wise: 0]
[force_row_wise: 0]
[histogram_pool_size: -1]
[max_depth: -1]
[min_data_in_leaf: 45]
[min_sum_hessian_in_leaf: 0.001]
[bagging_fraction: 0.85]
[pos_bagging_fraction: 1]
[neg_bagging_fraction: 1]
[bagging_freq: 1]
[bagging_seed: 26038]
[bagging_by_query: 0]
[feature_fraction: 0.85]
[feature_fraction_bynode: 1]
[feature_fraction_seed: 28694]
[extra_trees: 0]
[extra_seed: 4728]
[early_stopping_round: 0]
[early_stopping_min_delta: 0]
[first_metric_only: 0]
[max_delta_step: 0]
[lambda_l1: 0]
[lambda_l2: 5]
[linear_lambda: 0]
[min_gain_to_split: 0]
[drop_rate: 0.1]
[max_drop: 50]
[skip_drop: 0.5]
[xgboost_dart_mode: 0]
[uniform_drop: 0]
[drop_seed: 5409]
[top_rate: 0.2]
[other_rate: 0.1]
[min_data_per_group: 100]
[max_cat_threshold: 32]
[cat_l2: 10]
[cat_smooth: 10]
[max_cat_to_onehot: 4]
[top_k: 20]
[monotone_constraints: ]
[monotone_constraints_method: basic]
[monotone_penalty: 0]
[feature_contri: ]
[forcedsplits_filename: ]
[refit_decay_rate: 0.9]
[cegb_tradeoff: 1]
[cegb_penalty_split: 0]
[cegb_penalty_feature_lazy: ]
[cegb_penalty_feature_coupled: ]
[path_smooth: 0]
[interaction_constraints: ]
[verbosity: -1]
[saved_feature_importance_type: 0]
[use_quantized_grad: 0]
[num_grad_quant_bins: 4]
[quant_train_renew_leaf: 0]
[stochastic_rounding: 1]
[linear_tree: 0]
[max_bin: 255]
[max_bin_by_feature: ]
[min_data_in_bin: 3]
[bin_construct_sample_cnt: 200000]
[data_random_seed: 6654]
[is_enable_sparse: 1]
[enable_bundle: 1]
[use_missing: 1]
[zero_as_missing: 0]
[feature_pre_filter: 1]
[pre_partition: 0]
[two_round: 0]
[header: 0]
[label_column: ]
[weight_column: ]
[group_column: ]
[ignore_column: ]
[categorical_feature: 131,132,133]
[forcedbins_filename: ]
[precise_float_parser: 0]
[parser_config_file: ]
[objective_seed: 199]
[num_class: 1]
[is_unbalance: 0]
[scale_pos_weight: 1]
[sigmoid: 1]
[boost_from_average: 1]
[reg_sqrt: 0]
[alpha: 0.9]
[fair_c: 1]
[poisson_max_delta_step: 0.7]
[tweedie_variance_power: 1.5]
[lambdarank_truncation_level: 30]
[lambdarank_norm: 1]
[label_gain: ]
[lambdarank_position_bias_regularization: 0]
[eval_at: ]
[multi_error_top_k: 1]
[auc_mu_weights: ]
[num_machines: 1]
[local_listen_port: 12400]
[time_out: 120]
[machine_list_filename: ]
[machines: ]
[gpu_platform_id: -1]
[gpu_device_id: -1]
[gpu_device_id_list: ]
[gpu_use_dp: 0]
[num_gpu: 1]

end of parameters

pandas_categorical:[["other", "yandex", "chrome", "firefox", "safari", "headless"], ["android", "windows", "mac", "ios", "linux", "other"], ["android", "desktop", "ios"]]
